Price,Adj Close,Close,Dividends,High,Low,Open,Stock Splits,Volume
Ticker,BBVA.MC,BBVA.MC,BBVA.MC,BBVA.MC,BBVA.MC,BBVA.MC,BBVA.MC,BBVA.MC
Date,,,,,,,,
2000-01-03,4.040034294128418,13.6233491897583,0.0,13.757854461669922,13.594527244567871,13.69060230255127,0.0,8244257
2000-01-04,3.934619665145874,13.267873764038086,0.0,13.536882400512695,13.219837188720703,13.45041561126709,0.0,8522096
2000-01-05,3.846296548843384,12.970044136047363,0.0,13.210229873657227,12.912399291992188,13.142976760864258,0.0,12159826
2000-01-06,3.846296548843384,12.970044136047363,0.0,12.970044136047363,12.970044136047363,12.970044136047363,0.0,0
2000-01-07,3.8947293758392334,13.133370399475098,0.0,13.248659133911133,12.998866081237793,13.248659133911133,0.0,62261944
2000-01-10,3.8320491313934326,12.922005653381348,0.0,13.277482032775879,12.902791023254395,13.277482032775879,0.0,58740351
2000-01-11,3.7551233768463135,12.662605285644531,0.0,12.893183708190918,12.53770923614502,12.873969078063965,0.0,6761292
2000-01-12,3.742859363555908,12.51849365234375,0.103088,12.643390655517578,12.393596649169922,12.643390655517578,0.0,8266754
2000-01-13,3.650939702987671,12.211055755615234,0.0,12.53770923614502,12.105374336242676,12.48967170715332,0.0,9372669
2000-01-14,3.722749948501587,12.451242446899414,0.0,12.480064392089844,12.230271339416504,12.29752254486084,0.0,8538333
2000-01-17,3.6882803440093994,12.335951805114746,0.0,12.53770923614502,12.307129859924316,12.53770923614502,0.0,6825078
2000-01-18,3.6107237339019775,12.076552391052246,0.0,12.326345443725586,11.942047119140625,12.307129859924316,0.0,9698972
2000-01-19,3.6049795150756836,12.057336807250977,0.0,12.057336807250977,11.817151069641113,11.85558032989502,0.0,13027455
2000-01-20,3.599233865737915,12.038122177124023,0.0,12.163019180297852,11.922833442687988,12.105374336242676,0.0,9459285
2000-01-21,3.524547576904297,11.788328170776367,0.0,12.009300231933594,11.749898910522461,11.942047119140625,0.0,6786146
2000-01-24,3.541783571243286,11.845973014831543,0.0,12.047728538513184,11.817151069641113,12.047728538513184,0.0,5863878
2000-01-25,3.6193413734436035,12.105374336242676,0.0,12.259093284606934,11.79793643951416,11.836365699768066,0.0,9429700
2000-01-26,3.731368064880371,12.480064392089844,0.0,12.53770923614502,12.153410911560059,12.29752254486084,0.0,9120798
2000-01-27,3.8778672218322754,12.970044136047363,0.0,13.114154815673828,12.54731559753418,12.614567756652832,0.0,13662088
2000-01-28,3.863501787185669,12.922005653381348,0.0,13.171799659729004,12.585745811462402,13.171799659729004,0.0,16119882
2000-01-31,3.8060529232025146,12.7298583984375,0.0,12.97965145111084,12.585745811462402,12.93161392211914,0.0,9868382
2000-02-01,3.857758045196533,12.902791023254395,0.0,13.00847339630127,12.691428184509277,12.902791023254395,0.0,9530743
2000-02-02,3.8462700843811035,12.864361763000488,0.0,12.93161392211914,12.672212600708008,12.93161392211914,0.0,7648463
2000-02-03,3.8778672218322754,12.970044136047363,0.0,13.114154815673828,12.691428184509277,12.893183708190918,0.0,7766488
2000-02-04,3.820415496826172,12.777894973754883,0.0,13.114154815673828,12.7298583984375,13.114154815673828,0.0,10516943
2000-02-07,3.7486040592193604,12.53770923614502,0.0,12.854754447937012,12.508886337280273,12.806716918945312,0.0,8135156
2000-02-08,3.892226219177246,13.018080711364746,0.0,13.018080711364746,12.383990287780762,12.528100967407227,0.0,13714517
2000-02-09,3.7974352836608887,12.701034545898438,0.0,13.066118240356445,12.652997970581055,13.066118240356445,0.0,9070278
2000-02-10,3.7399868965148926,12.508886337280273,0.0,12.681819915771484,12.48967170715332,12.585745811462402,0.0,8404876
2000-02-11,4.027235984802246,13.469630241394043,0.0,13.6233491897583,12.29752254486084,12.528100967407227,0.0,24338356
2000-02-14,4.495450973510742,15.035642623901367,0.0,16.17892837524414,14.026862144470215,14.411160469055176,0.0,59647471
2000-02-15,4.380552291870117,14.651346206665039,0.0,15.275829315185547,14.593701362609863,15.275829315185547,0.0,23093519
2000-02-16,4.397787094116211,14.708990097045898,0.0,14.939569473266602,14.564879417419434,14.699382781982422,0.0,19374515
2000-02-17,4.397787094116211,14.708990097045898,0.0,14.843494415283203,14.574485778808594,14.574485778808594,0.0,10019217
2000-02-18,4.403530597686768,14.728204727172852,0.0,14.795456886291504,14.526449203491211,14.6609525680542,0.0,13772503
2000-02-21,4.377681255340576,14.641737937927246,0.0,14.699382781982422,14.411160469055176,14.411160469055176,0.0,10726790
2000-02-22,4.317355632781982,14.439982414245605,0.0,14.603307723999023,14.411160469055176,14.411160469055176,0.0,14620960
2000-02-23,4.4351325035095215,14.833887100219727,0.0,14.87231731414795,14.439982414245605,14.449588775634766,0.0,14342436
2000-02-24,4.501194477081299,15.054858207702637,0.0,15.2950439453125,14.795456886291504,14.891531944274902,0.0,17306014
2000-02-25,4.509815692901611,15.083680152893066,0.0,15.256613731384277,15.026036262512207,15.083680152893066,0.0,10362673
2000-02-28,4.409276008605957,14.747420310974121,0.0,14.891531944274902,14.58409309387207,14.85310173034668,0.0,7457895
2000-02-29,4.33746337890625,14.507233619689941,0.0,14.862709045410156,14.507233619689941,14.824278831481934,0.0,8498634
2000-03-01,4.380552291870117,14.651346206665039,0.0,14.689775466918945,14.420766830444336,14.55527114868164,0.0,9312142
2000-03-02,4.363317012786865,14.593701362609863,0.0,14.680168151855469,14.315085411071777,14.651346206665039,0.0,7597565
2000-03-03,4.380552291870117,14.651346206665039,0.0,14.651346206665039,14.372730255126953,14.651346206665039,0.0,7755245
2000-03-06,4.392040729522705,14.689775466918945,0.0,15.083680152893066,14.459197044372559,14.891531944274902,0.0,11462949
2000-03-07,4.389168739318848,14.680168151855469,0.0,14.814672470092773,14.516840934753418,14.622523307800293,0.0,9774752
2000-03-08,4.423640251159668,14.795456886291504,0.0,14.843494415283203,14.468804359436035,14.593701362609863,0.0,8594927
2000-03-09,4.403530597686768,14.728204727172852,0.0,14.795456886291504,14.536055564880371,14.795456886291504,0.0,9151090
2000-03-10,4.317355632781982,14.439982414245605,0.0,14.833887100219727,14.343907356262207,14.728204727172852,0.0,11147673
2000-03-13,4.314484596252441,14.430374145507812,0.0,14.430374145507812,14.430374145507812,14.430374145507812,0.0,0
2000-03-14,4.24554443359375,14.199795722961426,0.0,14.199795722961426,13.95000171661377,14.199795722961426,0.0,6665918
2000-03-15,4.173732280731201,13.959609985351562,0.0,14.170973777770996,13.959609985351562,14.170973777770996,0.0,5468445
2000-03-16,4.386295318603516,14.670559883117676,0.0,14.699382781982422,14.065292358398438,14.180581092834473,0.0,12188949
2000-03-17,4.412149906158447,14.757026672363281,0.0,14.88192367553711,14.516840934753418,14.795456886291504,0.0,9163603
2000-03-20,4.377681255340576,14.641737937927246,0.0,14.708990097045898,14.478411674499512,14.612915992736816,0.0,16836160
2000-03-21,4.426513671875,14.805065155029297,0.0,14.833887100219727,14.468804359436035,14.58409309387207,0.0,7230397
2000-03-22,4.446619033813477,14.87231731414795,0.0,14.920353889465332,14.651346206665039,14.805065155029297,0.0,11605370
2000-03-23,4.415022373199463,14.766634941101074,0.0,14.939569473266602,14.55527114868164,14.939569473266602,0.0,5621286
2000-03-24,4.406404972076416,14.737812042236328,0.0,14.824278831481934,14.593701362609863,14.766634941101074,0.0,3848057
2000-03-27,4.4207682609558105,14.785849571228027,0.0,14.85310173034668,14.507233619689941,14.689775466918945,0.0,4186207
2000-03-28,4.426513671875,14.805065155029297,0.0,14.920353889465332,14.728204727172852,14.891531944274902,0.0,10406762
2000-03-29,4.3518266677856445,14.55527114868164,0.0,14.85310173034668,14.391944885253906,14.795456886291504,0.0,9968320
2000-03-30,4.305867671966553,14.401552200317383,0.0,14.55527114868164,14.3054780960083,14.430374145507812,0.0,9376775
2000-03-31,4.412149906158447,14.757026672363281,0.0,14.757026672363281,14.276655197143555,14.478411674499512,0.0,18359604
2000-04-03,4.423640251159668,14.795456886291504,0.0,14.814672470092773,14.526449203491211,14.526449203491211,0.0,19424675
2000-04-04,4.532793998718262,15.160539627075195,0.0,15.189361572265625,14.747420310974121,14.795456886291504,0.0,14535557
2000-04-05,4.495450973510742,15.035642623901367,0.0,15.218184471130371,14.622523307800293,14.901139259338379,0.0,11364317
2000-04-06,4.524177074432373,15.131717681884766,0.0,15.2950439453125,14.824278831481934,15.064464569091797,0.0,10826369
2000-04-07,4.561519622802734,15.256613731384277,0.0,15.362296104431152,15.006820678710938,15.09328842163086,0.0,10040715
2000-04-10,4.567263603210449,15.275829315185547,0.0,15.333474159240723,15.09328842163086,15.208577156066895,0.0,10332321
2000-04-11,4.538538932800293,15.179755210876465,0.0,15.333474159240723,15.016427993774414,15.016427993774414,0.0,7834289
2000-04-12,4.4810895919799805,14.987606048583984,0.0,15.371904373168945,14.88192367553711,15.227791786193848,0.0,12323261
2000-04-13,4.532793998718262,15.160539627075195,0.0,15.160539627075195,14.795456886291504,14.87231731414795,0.0,8297541
2000-04-14,4.4351325035095215,14.833887100219727,0.0,15.227791786193848,14.699382781982422,15.04525089263916,0.0,9983813
2000-04-17,4.308740615844727,14.411160469055176,0.0,14.593701362609863,14.103720664978027,14.170973777770996,0.0,15947213
2000-04-18,4.311612606048584,14.420766830444336,0.0,14.6609525680542,14.324692726135254,14.603307723999023,0.0,7676434
2000-04-19,4.33746337890625,14.507233619689941,0.0,14.63213062286377,14.228617668151855,14.488018989562988,0.0,10201237
2000-04-20,4.3949151039123535,14.699382781982422,0.0,14.785849571228027,14.411160469055176,14.545663833618164,0.0,6203518
2000-04-21,4.3949151039123535,14.699382781982422,0.0,14.699382781982422,14.699382781982422,14.699382781982422,0.0,0
2000-04-24,4.3949151039123535,14.699382781982422,0.0,14.699382781982422,14.699382781982422,14.699382781982422,0.0,0
2000-04-25,4.311283588409424,14.36312198638916,0.057645,14.507233619689941,14.33430004119873,14.411160469055176,0.0,9512168
2000-04-26,4.3026323318481445,14.33430004119873,0.0,14.507233619689941,14.267047882080078,14.507233619689941,0.0,7606384
2000-04-27,4.273794174194336,14.238225936889648,0.0,14.391944885253906,14.14215087890625,14.372730255126953,0.0,12146086
2000-04-28,4.325703144073486,14.411160469055176,0.0,14.411160469055176,14.3054780960083,14.382336616516113,0.0,9495124
2000-05-01,4.325703144073486,14.411160469055176,0.0,14.411160469055176,14.411160469055176,14.411160469055176,0.0,0
2000-05-02,4.360307216644287,14.526449203491211,0.0,14.526449203491211,14.170973777770996,14.411160469055176,0.0,5774332
2000-05-03,4.3141679763793945,14.372730255126953,0.0,14.507233619689941,14.315085411071777,14.411160469055176,0.0,5706284
2000-05-04,4.227653503417969,14.08450698852539,0.0,14.36312198638916,13.998040199279785,14.315085411071777,0.0,10509407
2000-05-05,4.198815822601318,13.988431930541992,0.0,14.16136646270752,13.882749557495117,14.08450698852539,0.0,7124675
2000-05-08,4.120952129364014,13.72903060913086,0.0,14.046076774597168,13.69060230255127,13.959609985351562,0.0,7791861
2000-05-09,4.120952129364014,13.72903060913086,0.0,13.72903060913086,13.72903060913086,13.72903060913086,0.0,0
2000-05-10,4.100766658782959,13.661779403686523,0.0,13.901965141296387,13.6233491897583,13.67138671875,0.0,9253142
2000-05-11,4.14402437210083,13.805891036987305,0.0,13.92117977142334,13.556097030639648,13.7194242477417,0.0,6564364
2000-05-12,4.120952129364014,13.72903060913086,0.0,13.92117977142334,13.604134559631348,13.92117977142334,0.0,5131932
2000-05-15,4.100766658782959,13.661779403686523,0.0,13.863534927368164,13.604134559631348,13.757854461669922,0.0,4599949
2000-05-16,4.129605770111084,13.757854461669922,0.0,13.834712982177734,13.642563819885254,13.642563819885254,0.0,7211563
2000-05-17,4.167093276977539,13.882749557495117,0.0,14.08450698852539,13.661779403686523,13.786676406860352,0.0,16425166
2000-05-18,4.18151330947876,13.930788040161133,0.0,14.122936248779297,13.786676406860352,13.873143196105957,0.0,10110041
2000-05-19,4.100766658782959,13.661779403686523,0.0,13.873143196105957,13.6233491897583,13.844321250915527,0.0,8766080
2000-05-22,3.991182565689087,13.296695709228516,0.0,13.69060230255127,13.296695709228516,13.661779403686523,0.0,7744073
2000-05-23,4.089230537414551,13.6233491897583,0.0,13.69060230255127,13.296695709228516,13.296695709228516,0.0,21755098
2000-05-24,4.083464622497559,13.604134559631348,0.0,13.613741874694824,13.306303977966309,13.315911293029785,0.0,24928409
2000-05-25,4.2564897537231445,14.180581092834473,0.0,14.180581092834473,13.594527244567871,13.594527244567871,0.0,26905304
2000-05-26,4.345887660980225,14.478411674499512,0.0,14.612915992736816,13.901965141296387,13.998040199279785,0.0,16111263
2000-05-29,4.265144348144531,14.209403038024902,0.0,14.430374145507812,14.055684089660645,14.267047882080078,0.0,6952794
2000-05-30,4.285328388214111,14.276655197143555,0.0,14.411160469055176,14.132543563842773,14.170973777770996,0.0,11112939
2000-05-31,4.325703144073486,14.411160469055176,0.0,14.603307723999023,14.295869827270508,14.33430004119873,0.0,12910296
2000-06-01,4.417984485626221,14.718598365783691,0.0,14.805065155029297,14.315085411071777,14.315085411071777,0.0,12272155
2000-06-02,4.562175273895264,15.198969841003418,0.0,15.256613731384277,14.55527114868164,14.55527114868164,0.0,28725352
2000-06-05,4.504499912261963,15.006820678710938,0.0,15.131717681884766,14.85310173034668,15.083680152893066,0.0,7919177
2000-06-06,4.527570724487305,15.083680152893066,0.0,15.198969841003418,14.949175834655762,14.997213363647461,0.0,14311877
2000-06-07,4.478545188903809,14.920353889465332,0.0,15.083680152893066,14.747420310974121,15.04525089263916,0.0,7450882
2000-06-08,4.487196445465088,14.949175834655762,0.0,15.07407283782959,14.814672470092773,14.939569473266602,0.0,6917595
2000-06-09,4.4987311363220215,14.987606048583984,0.0,15.083680152893066,14.833887100219727,14.891531944274902,0.0,7565188
2000-06-12,4.464125633239746,14.87231731414795,0.0,15.026036262512207,14.747420310974121,14.910745620727539,0.0,5286434
2000-06-13,4.530454158782959,15.09328842163086,0.0,15.131717681884766,14.843494415283203,14.891531944274902,0.0,9721675
2000-06-14,4.576592922210693,15.247007369995117,0.0,15.32386589050293,15.016427993774414,15.09328842163086,0.0,13022688
2000-06-15,4.599664688110352,15.32386589050293,0.0,15.333474159240723,15.160539627075195,15.160539627075195,0.0,8911804
2000-06-16,4.570826053619385,15.227791786193848,0.0,15.314258575439453,14.814672470092773,15.275829315185547,0.0,21951633
2000-06-19,4.3141679763793945,14.372730255126953,0.0,14.372730255126953,14.372730255126953,14.372730255126953,0.0,0
2000-06-20,4.469892978668213,14.891531944274902,0.0,15.170146942138672,14.891531944274902,15.04525089263916,0.0,5481020
2000-06-21,4.432404518127441,14.766634941101074,0.0,14.968391418457031,14.757026672363281,14.814672470092773,0.0,6693045
2000-06-22,4.37184476852417,14.564879417419434,0.0,14.843494415283203,14.564879417419434,14.805065155029297,0.0,8578725
2000-06-23,4.400681018829346,14.6609525680542,0.0,14.766634941101074,14.36312198638916,14.622523307800293,0.0,5574946
2000-06-26,4.469892978668213,14.891531944274902,0.0,14.920353889465332,14.55527114868164,14.718598365783691,0.0,10936867
2000-06-27,4.432404518127441,14.766634941101074,0.0,14.977997779846191,14.766634941101074,14.843494415283203,0.0,5010676
2000-06-28,4.429520130157471,14.757026672363281,0.0,14.88192367553711,14.63213062286377,14.757026672363281,0.0,5381187
2000-06-29,4.400681018829346,14.6609525680542,0.0,14.87231731414795,14.526449203491211,14.757026672363281,0.0,13539652
2000-06-30,4.513149261474609,15.035642623901367,0.0,15.035642623901367,14.622523307800293,14.718598365783691,0.0,9757447
2000-07-03,4.539103984832764,15.122110366821289,0.0,15.122110366821289,14.757026672363281,14.910745620727539,0.0,5928882
2000-07-04,4.53333854675293,15.10289478302002,0.0,15.170146942138672,14.987606048583984,15.016427993774414,0.0,6093242
2000-07-05,4.504499912261963,15.006820678710938,0.0,15.256613731384277,14.949175834655762,15.064464569091797,0.0,12962100
2000-07-06,4.527570724487305,15.083680152893066,0.0,15.275829315185547,14.891531944274902,14.891531944274902,0.0,13565018
2000-07-07,4.3141679763793945,14.372730255126953,0.0,14.372730255126953,14.372730255126953,14.372730255126953,0.0,0
2000-07-10,4.547022342681885,15.083680152893066,0.061488,15.160539627075195,14.910745620727539,15.141324996948242,0.0,4982375
2000-07-11,4.489097595214844,14.891531944274902,0.0,15.035642623901367,14.718598365783691,14.987606048583984,0.0,6756736
2000-07-12,4.434070110321045,14.708990097045898,0.0,15.016427993774414,14.6609525680542,14.795456886291504,0.0,7657677
2000-07-13,4.416694164276123,14.651346206665039,0.0,14.891531944274902,14.593701362609863,14.699382781982422,0.0,7010023
2000-07-14,4.454342365264893,14.77624225616455,0.0,14.87231731414795,14.6609525680542,14.718598365783691,0.0,4756411
2000-07-17,4.425381183624268,14.680168151855469,0.0,14.87231731414795,14.622523307800293,14.747420310974121,0.0,6038450
2000-07-18,4.445654392242432,14.747420310974121,0.0,14.87231731414795,14.651346206665039,14.699382781982422,0.0,5617574
2000-07-19,4.506475925445557,14.949175834655762,0.0,15.09328842163086,14.708990097045898,15.054858207702637,0.0,8182450
2000-07-20,4.558605670928955,15.122110366821289,0.0,15.122110366821289,14.85310173034668,14.88192367553711,0.0,6213613
2000-07-21,4.5006818771362305,14.929961204528809,0.0,15.131717681884766,14.805065155029297,15.112503051757812,0.0,7598170
2000-07-24,4.332705497741699,14.372730255126953,0.0,14.372730255126953,14.372730255126953,14.372730255126953,0.0,0
2000-07-25,4.5238542556762695,15.006820678710938,0.0,15.131717681884766,14.891531944274902,15.083680152893066,0.0,6918120
2000-07-26,4.486201763153076,14.88192367553711,0.0,15.083680152893066,14.843494415283203,15.083680152893066,0.0,8161574
2000-07-27,4.332705497741699,14.372730255126953,0.0,14.372730255126953,14.372730255126953,14.372730255126953,0.0,0
2000-07-28,4.463034152984619,14.805065155029297,0.0,14.968391418457031,14.737812042236328,14.968391418457031,0.0,6266739
2000-07-31,4.51806116104126,14.987606048583984,0.0,14.987606048583984,14.747420310974121,14.891531944274902,0.0,6424718
2000-08-01,4.51806116104126,14.987606048583984,0.0,15.006820678710938,14.85310173034668,14.939569473266602,0.0,6669318
2000-08-02,4.547022342681885,15.083680152893066,0.0,15.09328842163086,14.862709045410156,14.958784103393555,0.0,7806258
2000-08-03,4.532541275024414,15.035642623901367,0.0,15.064464569091797,14.891531944274902,15.006820678710938,0.0,6416727
2000-08-04,4.547022342681885,15.083680152893066,0.0,15.131717681884766,14.968391418457031,15.054858207702637,0.0,7047369
2000-08-07,4.633906364440918,15.371904373168945,0.0,15.371904373168945,14.997213363647461,15.006820678710938,0.0,12672782
2000-08-08,4.729482173919678,15.688948631286621,0.0,15.861883163452148,15.3430814743042,15.3430814743042,0.0,19397591
2000-08-09,4.796093940734863,15.909919738769531,0.0,16.03481674194336,15.621697425842285,15.660126686096191,0.0,14661200
2000-08-10,4.793198585510254,15.900313377380371,0.0,15.948349952697754,15.746594429016113,15.823452949523926,0.0,13929360
2000-08-11,4.8221611976623535,15.996386528015137,0.0,16.00599479675293,15.785022735595703,15.833061218261719,0.0,5781988
2000-08-14,4.854018688201904,16.102069854736328,0.0,16.159713745117188,15.948349952697754,15.95795726776123,0.0,7314279
2000-08-15,4.9090471267700195,16.284610748291016,0.0,16.313432693481445,16.09246253967285,16.140499114990234,0.0,6233865
2000-08-16,4.920631408691406,16.323040008544922,0.0,16.467151641845703,16.226966857910156,16.284610748291016,0.0,12155808
2000-08-17,4.885876178741455,16.20775032043457,0.0,16.342254638671875,15.314258575439453,16.3326473236084,0.0,8344340
2000-08-18,4.981451034545898,16.524795532226562,0.0,16.582441329956055,16.217357635498047,16.236572265625,0.0,12148959
2000-08-21,4.984347343444824,16.534404754638672,0.0,16.544010162353516,16.380685806274414,16.409507751464844,0.0,9240744
2000-08-22,4.929319381713867,16.35186195373535,0.0,16.495973587036133,16.35186195373535,16.457544326782227,0.0,4505760
2000-08-23,4.9090471267700195,16.284610748291016,0.0,16.486366271972656,16.03481674194336,16.486366271972656,0.0,6081647
2000-08-24,4.836641788482666,16.044424057006836,0.0,16.294218063354492,15.948349952697754,16.188535690307617,0.0,5956502
2000-08-25,4.894566059112549,16.236572265625,0.0,16.323040008544922,16.015602111816406,16.03481674194336,0.0,4090553
2000-08-28,4.91483736038208,16.30382537841797,0.0,16.313432693481445,16.111675262451172,16.20775032043457,0.0,3747533
2000-08-29,4.923527717590332,16.3326473236084,0.0,16.3326473236084,16.159713745117188,16.24618148803711,0.0,5142117
2000-08-30,4.871395587921143,16.159713745117188,0.0,16.323040008544922,16.15010643005371,16.24618148803711,0.0,8412576
2000-08-31,4.83953857421875,16.054031372070312,0.0,16.226966857910156,15.9291353225708,16.226966857910156,0.0,8512028
2000-09-01,4.880085468292236,16.188535690307617,0.0,16.236572265625,15.852275848388672,16.169321060180664,0.0,6230128
2000-09-04,4.827952861785889,16.015602111816406,0.0,16.17892837524414,15.909919738769531,16.12128448486328,0.0,4903282
2000-09-05,4.894566059112549,16.236572265625,0.0,16.27500343322754,15.9291353225708,15.948349952697754,0.0,7425168
2000-09-06,4.929319381713867,16.35186195373535,0.0,16.409507751464844,16.15010643005371,16.15010643005371,0.0,8253669
2000-09-07,4.894566059112549,16.236572265625,0.0,16.342254638671875,16.226966857910156,16.323040008544922,0.0,7397994
2000-09-08,4.894566059112549,16.236572265625,0.0,16.35186195373535,16.159713745117188,16.323040008544922,0.0,6594423
2000-09-11,4.981451034545898,16.524795532226562,0.0,16.524795532226562,16.24618148803711,16.27500343322754,0.0,12483106
2000-09-12,4.975658893585205,16.50558090209961,0.0,16.534404754638672,16.380685806274414,16.47675895690918,0.0,8464220
2000-09-13,4.9669694900512695,16.47675895690918,0.0,16.50558090209961,16.294218063354492,16.438329696655273,0.0,7069379
2000-09-14,5.02778959274292,16.67851448059082,0.0,16.67851448059082,16.361469268798828,16.47675895690918,0.0,9996804
2000-09-15,5.053856372833252,16.764982223510742,0.0,16.764982223510742,16.380685806274414,16.62087059020996,0.0,29229659
2000-09-18,4.897461891174316,16.24618148803711,0.0,16.630477905273438,16.24618148803711,16.572834014892578,0.0,8407327
2000-09-19,4.874290943145752,16.169321060180664,0.0,16.284610748291016,16.054031372070312,16.24618148803711,0.0,11348101
2000-09-20,4.793198585510254,15.900313377380371,0.0,16.188535690307617,15.861883163452148,16.188535690307617,0.0,11191597
2000-09-21,4.72658634185791,15.679342269897461,0.0,16.169321060180664,15.640912055969238,15.861883163452148,0.0,9459812
2000-09-22,4.865602970123291,16.140499114990234,0.0,16.140499114990234,15.419940948486328,15.573659896850586,0.0,2678951
2000-09-25,4.911940574645996,16.294218063354492,0.0,16.30382537841797,16.015602111816406,16.102069854736328,0.0,10260148
2000-09-26,4.830847263336182,16.025209426879883,0.0,16.313432693481445,15.986780166625977,16.284610748291016,0.0,5073258
2000-09-27,4.83374547958374,16.03481674194336,0.0,16.17892837524414,15.9291353225708,15.996386528015137,0.0,5110551
2000-09-28,5.0046186447143555,16.601655960083008,0.0,16.601655960083008,16.054031372070312,16.226966857910156,0.0,9771309
2000-09-29,4.9582839012146,16.44793701171875,0.0,16.755374908447266,16.390291213989258,16.755374908447266,0.0,7846656
2000-10-02,5.053856372833252,16.764982223510742,0.0,16.764982223510742,16.342254638671875,16.371076583862305,0.0,7837358
2000-10-03,5.056751251220703,16.77458953857422,0.0,16.77458953857422,16.630477905273438,16.67851448059082,0.0,6301161
2000-10-04,5.010412216186523,16.62087059020996,0.0,16.71694564819336,16.409507751464844,16.668907165527344,0.0,7140786
2000-10-05,4.969865322113037,16.486366271972656,0.0,16.64969253540039,16.342254638671875,16.534404754638672,0.0,10267476
2000-10-06,4.929319381713867,16.35186195373535,0.0,16.534404754638672,16.255788803100586,16.428722381591797,0.0,12337219
2000-10-09,4.772923946380615,15.833061218261719,0.0,16.3326473236084,15.765809059143066,16.236572265625,0.0,8209921
2000-10-10,4.870035171508789,16.09246253967285,0.061488,16.140499114990234,15.852275848388672,15.9291353225708,0.0,6374768
2000-10-11,4.637436389923096,15.32386589050293,0.0,15.948349952697754,15.32386589050293,15.919528007507324,0.0,12560630
2000-10-12,4.349593639373779,14.372730255126953,0.0,14.372730255126953,14.372730255126953,14.372730255126953,0.0,0
2000-10-13,4.55311918258667,15.04525089263916,0.0,15.10289478302002,14.824278831481934,14.843494415283203,0.0,15916498
2000-10-16,4.730476379394531,15.631303787231445,0.0,15.70816421508789,15.141324996948242,15.275829315185547,0.0,10889404
2000-10-17,4.739197254180908,15.660126686096191,0.0,16.025209426879883,15.448762893676758,15.448762893676758,0.0,9549242
2000-10-18,4.579285144805908,15.131717681884766,0.0,15.756200790405273,14.843494415283203,15.51601505279541,0.0,11022853
2000-10-19,4.718845844268799,15.592874526977539,0.0,15.631303787231445,15.170146942138672,15.32386589050293,0.0,9714675
2000-10-20,4.811885833740234,15.900313377380371,0.0,16.03481674194336,15.352688789367676,15.660126686096191,0.0,15498655
2000-10-23,4.811885833740234,15.900313377380371,0.0,15.900313377380371,15.419940948486328,15.833061218261719,0.0,8634795
2000-10-24,4.986332893371582,16.47675895690918,0.0,16.47675895690918,15.756200790405273,15.881097793579102,0.0,10715757
2000-10-25,4.779904365539551,15.794631004333496,0.0,16.380685806274414,15.631303787231445,16.27500343322754,0.0,11115635
2000-10-26,4.506599426269531,14.891531944274902,0.0,15.756200790405273,14.891531944274902,15.756200790405273,0.0,17610466
2000-10-27,4.375760555267334,14.459197044372559,0.0,15.064464569091797,14.430374145507812,15.064464569091797,0.0,21600134
2000-10-30,4.44844913482666,14.699382781982422,0.0,14.939569473266602,14.564879417419434,14.737812042236328,0.0,10876206
2000-10-31,4.349593639373779,14.372730255126953,0.0,14.372730255126953,14.372730255126953,14.372730255126953,0.0,0
2000-11-01,4.349593639373779,14.372730255126953,0.0,14.372730255126953,14.372730255126953,14.372730255126953,0.0,0
2000-11-02,4.710123062133789,15.564051628112793,0.0,15.602481842041016,15.189361572265625,15.227791786193848,0.0,12998353
2000-11-03,4.724663257598877,15.612090110778809,0.0,15.81384563446045,15.448762893676758,15.592874526977539,0.0,7612767
2000-11-06,4.7886271476745605,15.823452949523926,0.0,15.823452949523926,15.506407737731934,15.535229682922363,0.0,8198623
2000-11-07,4.7566423416137695,15.71777057647705,0.0,15.852275848388672,15.525623321533203,15.727378845214844,0.0,6238007
2000-11-08,4.6287150382995605,15.2950439453125,0.0,15.785022735595703,15.189361572265625,15.660126686096191,0.0,8721670
2000-11-09,4.5502119064331055,15.035642623901367,0.0,15.275829315185547,14.958784103393555,15.198969841003418,0.0,9852539
2000-11-10,4.462986469268799,14.747420310974121,0.0,15.26622200012207,14.747420310974121,15.083680152893066,0.0,9353445
2000-11-13,4.4775238037109375,14.795456886291504,0.0,14.87231731414795,14.459197044372559,14.55527114868164,0.0,9918026
2000-11-14,4.617084503173828,15.256613731384277,0.0,15.256613731384277,14.6609525680542,14.910745620727539,0.0,11114188
2000-11-15,4.651974201202393,15.371904373168945,0.0,15.48719310760498,14.958784103393555,15.218184471130371,0.0,8737815
2000-11-16,4.617084503173828,15.256613731384277,0.0,15.410332679748535,15.10289478302002,15.371904373168945,0.0,6435714
2000-11-17,4.4658942222595215,14.757026672363281,0.0,15.170146942138672,14.718598365783691,14.987606048583984,0.0,13734283
2000-11-20,4.30307674407959,14.219011306762695,0.0,14.843494415283203,14.151759147644043,14.843494415283203,0.0,11837815
2000-11-21,4.431005001068115,14.641737937927246,0.0,14.641737937927246,14.219011306762695,14.219011306762695,0.0,13408160
2000-11-22,4.215850353240967,13.930788040161133,0.0,14.593701362609863,13.89235782623291,14.593701362609863,0.0,20525613
2000-11-23,4.401930332183838,14.545663833618164,0.0,14.63213062286377,14.08450698852539,14.16136646270752,0.0,12316163
2000-11-24,4.558933734893799,15.064464569091797,0.0,15.131717681884766,14.507233619689941,14.507233619689941,0.0,10576855
2000-11-27,4.529860019683838,14.968391418457031,0.0,15.381510734558105,14.910745620727539,15.083680152893066,0.0,8638342
2000-11-28,4.5211381912231445,14.939569473266602,0.0,15.189361572265625,14.747420310974121,15.006820678710938,0.0,7127332
2000-11-29,4.567658424377441,15.09328842163086,0.0,15.10289478302002,14.699382781982422,15.016427993774414,0.0,8609705
2000-11-30,4.480432510375977,14.805065155029297,0.0,14.968391418457031,14.622523307800293,14.949175834655762,0.0,12336782
2000-12-01,4.433912754058838,14.651346206665039,0.0,14.929961204528809,14.612915992736816,14.785849571228027,0.0,7456222
2000-12-04,4.288538455963135,14.170973777770996,0.0,14.651346206665039,14.103720664978027,14.651346206665039,0.0,8428534
2000-12-05,4.492063522338867,14.843494415283203,0.0,14.87231731414795,14.286263465881348,14.36312198638916,0.0,10106361
2000-12-06,4.492063522338867,14.843494415283203,0.0,14.843494415283203,14.843494415283203,14.843494415283203,0.0,0
2000-12-07,4.5502119064331055,15.035642623901367,0.0,15.3430814743042,14.77624225616455,14.88192367553711,0.0,16823836
2000-12-08,4.5502119064331055,15.035642623901367,0.0,15.035642623901367,15.035642623901367,15.035642623901367,0.0,0
2000-12-11,4.675236225128174,15.448762893676758,0.0,15.602481842041016,15.150932312011719,15.256613731384277,0.0,13706533
2000-12-12,4.678142547607422,15.458370208740234,0.0,15.660126686096191,15.2950439453125,15.371904373168945,0.0,16430204
2000-12-13,4.651974201202393,15.371904373168945,0.0,15.650519371032715,15.3430814743042,15.506407737731934,0.0,14881144
2000-12-14,4.622898101806641,15.275829315185547,0.0,15.371904373168945,14.920353889465332,15.371904373168945,0.0,14022726
2000-12-15,4.483340263366699,14.814672470092773,0.0,15.122110366821289,14.699382781982422,14.987606048583984,0.0,48893180
2000-12-18,4.384485721588135,14.488018989562988,0.0,15.131717681884766,14.488018989562988,14.968391418457031,0.0,67520577
2000-12-19,4.4775238037109375,14.795456886291504,0.0,14.88192367553711,14.401552200317383,14.545663833618164,0.0,27804763
2000-12-20,4.274001598358154,14.122936248779297,0.0,14.728204727172852,14.094114303588867,14.603307723999023,0.0,8514570
2000-12-21,4.343780994415283,14.353514671325684,0.0,14.536055564880371,14.026862144470215,14.122936248779297,0.0,20592905
2000-12-22,4.419373989105225,14.603307723999023,0.0,14.757026672363281,14.228617668151855,14.228617668151855,0.0,23585533
2000-12-25,4.419373989105225,14.603307723999023,0.0,14.603307723999023,14.603307723999023,14.603307723999023,0.0,0
2000-12-26,4.419373989105225,14.603307723999023,0.0,14.603307723999023,14.603307723999023,14.603307723999023,0.0,0
2000-12-27,4.4775238037109375,14.795456886291504,0.0,14.85310173034668,14.439982414245605,14.439982414245605,0.0,6412802
2000-12-28,4.535674095153809,14.987606048583984,0.0,15.035642623901367,14.708990097045898,14.88192367553711,0.0,6362803
2000-12-29,4.60836124420166,15.227791786193848,0.0,15.26622200012207,14.920353889465332,14.987606048583984,0.0,10850611
2001-01-01,4.60836124420166,15.227791786193848,0.0,15.227791786193848,15.227791786193848,15.227791786193848,0.0,0
2001-01-02,4.500784397125244,14.87231731414795,0.0,15.275829315185547,14.651346206665039,15.275829315185547,0.0,9011148
2001-01-03,4.431005001068115,14.641737937927246,0.0,15.083680152893066,14.468804359436035,14.516840934753418,0.0,11042161
2001-01-04,4.7624592781066895,15.73698616027832,0.0,15.833061218261719,14.747420310974121,15.227791786193848,0.0,23483102
2001-01-05,4.811885833740234,15.900313377380371,0.0,16.025209426879883,15.679342269897461,15.679342269897461,0.0,21568825
2001-01-08,4.87584924697876,16.111675262451172,0.0,16.12128448486328,15.573659896850586,15.785022735595703,0.0,19866259
2001-01-09,4.867126941680908,16.082853317260742,0.0,16.284610748291016,15.765809059143066,15.996386528015137,0.0,14464352
2001-01-10,4.798248291015625,15.794631004333496,0.061488,16.188535690307617,15.785022735595703,16.0732479095459,0.0,14595428
2001-01-11,4.839108943939209,15.9291353225708,0.0,15.938741683959961,15.564051628112793,15.564051628112793,0.0,11430037
2001-01-12,4.932504177093506,16.236572265625,0.0,16.294218063354492,15.9291353225708,15.948349952697754,0.0,11502595
2001-01-15,4.894564151763916,16.111675262451172,0.0,16.188535690307617,15.967564582824707,16.102069854736328,0.0,13104656
2001-01-16,4.818678855895996,15.861883163452148,0.0,16.102069854736328,15.804238319396973,16.015602111816406,0.0,9260876
2001-01-17,4.932504177093506,16.236572265625,0.0,16.457544326782227,15.871489524841309,15.871489524841309,0.0,23074887
2001-01-18,5.020064353942871,16.524795532226562,0.0,16.544010162353516,16.15010643005371,16.198143005371094,0.0,14545935
2001-01-19,5.005469799041748,16.47675895690918,0.0,16.62087059020996,16.236572265625,16.572834014892578,0.0,20213251
2001-01-22,4.938343048095703,16.255788803100586,0.0,16.50558090209961,16.159713745117188,16.159713745117188,0.0,12546921
2001-01-23,4.976285934448242,16.380685806274414,0.0,16.495973587036133,15.977171897888184,16.159713745117188,0.0,11371478
2001-01-24,4.976285934448242,16.380685806274414,0.0,16.380685806274414,16.380685806274414,16.380685806274414,0.0,0
2001-01-25,4.98212194442749,16.399900436401367,0.0,16.47675895690918,16.20775032043457,16.20775032043457,0.0,9849794
2001-01-26,4.98212194442749,16.399900436401367,0.0,16.399900436401367,16.399900436401367,16.399900436401367,0.0,0
2001-01-29,4.818678855895996,15.861883163452148,0.0,16.236572265625,15.852275848388672,16.198143005371094,0.0,12111592
2001-01-30,4.903319358825684,16.140499114990234,0.0,16.140499114990234,15.948349952697754,16.044424057006836,0.0,8011948
2001-01-31,5.020064353942871,16.524795532226562,0.0,16.524795532226562,16.06363868713379,16.140499114990234,0.0,14491758
2001-02-01,5.020064353942871,16.524795532226562,0.0,16.62087059020996,16.3326473236084,16.428722381591797,0.0,14299834
2001-02-02,4.877051830291748,16.054031372070312,0.0,16.524795532226562,16.044424057006836,16.524795532226562,0.0,12947330
2001-02-05,4.914995193481445,16.17892837524414,0.0,16.236572265625,15.900313377380371,15.948349952697754,0.0,7112795
2001-02-06,4.89164400100708,16.102069854736328,0.0,16.236572265625,15.986780166625977,16.17892837524414,0.0,8552871
2001-02-07,4.903319358825684,16.140499114990234,0.0,16.188535690307617,15.852275848388672,16.044424057006836,0.0,7227034
2001-02-08,4.929588317871094,16.226966857910156,0.0,16.323040008544922,15.948349952697754,16.198143005371094,0.0,6058692
2001-02-09,4.8682942390441895,16.025209426879883,0.0,16.198143005371094,15.890705108642578,16.198143005371094,0.0,9182834
2001-02-12,4.947096824645996,16.284610748291016,0.0,16.323040008544922,15.852275848388672,15.852275848388672,0.0,7360118
2001-02-13,4.9792046546936035,16.390291213989258,0.0,16.467151641845703,16.09246253967285,16.313432693481445,0.0,23131833
2001-02-14,4.874131202697754,16.044424057006836,0.0,16.371076583862305,15.948349952697754,16.236572265625,0.0,9311935
2001-02-15,4.917913436889648,16.188535690307617,0.0,16.3326473236084,16.044424057006836,16.09246253967285,0.0,23396346
2001-02-16,4.847864627838135,15.95795726776123,0.0,16.188535690307617,15.765809059143066,16.140499114990234,0.0,24436207
2001-02-19,4.885806560516357,16.082853317260742,0.0,16.102069854736328,15.861883163452148,15.861883163452148,0.0,6399815
2001-02-20,4.807003021240234,15.823452949523926,0.0,16.111675262451172,15.823452949523926,16.082853317260742,0.0,18292281
2001-02-21,4.766141414642334,15.688948631286621,0.0,15.996386528015137,15.467977523803711,15.852275848388672,0.0,24855195
2001-02-22,4.675663471221924,15.391118049621582,0.0,15.554445266723633,15.237399101257324,15.381510734558105,0.0,16942754
2001-02-23,4.623129844665527,15.218184471130371,0.0,15.54483699798584,14.987606048583984,15.535229682922363,0.0,14590327
2001-02-26,4.684421539306641,15.419940948486328,0.0,15.54483699798584,15.218184471130371,15.218184471130371,0.0,9637315
2001-02-27,4.742794990539551,15.612090110778809,0.0,15.70816421508789,15.439155578613281,15.70816421508789,0.0,30103534
2001-02-28,4.722363471984863,15.54483699798584,0.0,15.852275848388672,15.477584838867188,15.477584838867188,0.0,15903955
2001-03-01,4.687341213226318,15.429548263549805,0.0,15.564051628112793,15.179755210876465,15.54483699798584,0.0,12549773
2001-03-02,4.675663471221924,15.391118049621582,0.0,15.592874526977539,15.227791786193848,15.381510734558105,0.0,7153355
2001-03-05,4.684421539306641,15.419940948486328,0.0,15.602481842041016,15.3430814743042,15.3430814743042,0.0,6982471
2001-03-06,4.801167011260986,15.804238319396973,0.0,15.852275848388672,15.467977523803711,15.51601505279541,0.0,9057622
2001-03-07,4.836190223693848,15.919528007507324,0.0,15.919528007507324,15.592874526977539,15.631303787231445,0.0,7218339
2001-03-08,4.865377426147461,16.015602111816406,0.0,16.12128448486328,15.938741683959961,15.986780166625977,0.0,8045476
2001-03-09,4.786573886871338,15.756200790405273,0.0,16.082853317260742,15.746594429016113,15.986780166625977,0.0,10379956
2001-03-12,4.637722969055176,15.26622200012207,0.0,15.650519371032715,15.247007369995117,15.612090110778809,0.0,27873189
2001-03-13,4.64647912979126,15.2950439453125,0.0,15.371904373168945,15.006820678710938,15.198969841003418,0.0,12326259
2001-03-14,4.64647912979126,15.2950439453125,0.0,15.2950439453125,15.2950439453125,15.2950439453125,0.0,0
2001-03-15,4.63188362121582,15.247007369995117,0.0,15.352688789367676,14.901139259338379,15.131717681884766,0.0,12084769
2001-03-16,4.5122199058532715,14.85310173034668,0.0,15.218184471130371,14.747420310974121,15.218184471130371,0.0,17088267
2001-03-19,4.450928211212158,14.651346206665039,0.0,14.997213363647461,14.564879417419434,14.997213363647461,0.0,11708176
2001-03-20,4.398393630981445,14.478411674499512,0.0,14.88192367553711,14.411160469055176,14.680168151855469,0.0,32409216
2001-03-21,4.191169738769531,13.796282768249512,0.0,14.516840934753418,13.796282768249512,14.516840934753418,0.0,32359171
2001-03-22,4.062749862670898,13.373556137084961,0.0,13.7194242477417,13.306303977966309,13.652172088623047,0.0,30763699
2001-03-23,4.126958847045898,13.584919929504395,0.0,13.853927612304688,13.508060455322266,13.508060455322266,0.0,14923382
2001-03-26,4.290404319763184,14.122936248779297,0.0,14.247833251953125,13.69060230255127,13.834712982177734,0.0,29702116
2001-03-27,4.450928211212158,14.651346206665039,0.0,14.651346206665039,13.94039535522461,14.199795722961426,0.0,16762280
2001-03-28,4.439254283905029,14.612915992736816,0.0,14.824278831481934,14.411160469055176,14.651346206665039,0.0,17603399
2001-03-29,4.450928211212158,14.651346206665039,0.0,14.651346206665039,14.219011306762695,14.420766830444336,0.0,17665527
2001-03-30,4.509302139282227,14.843494415283203,0.0,14.949175834655762,14.488018989562988,14.574485778808594,0.0,21245722
2001-04-02,4.477198600769043,14.737812042236328,0.0,15.083680152893066,14.459197044372559,15.083680152893066,0.0,23561947
2001-04-03,4.30499792098999,14.170973777770996,0.0,14.651346206665039,14.170973777770996,14.526449203491211,0.0,19328124
2001-04-04,4.392554759979248,14.459197044372559,0.0,14.516840934753418,13.748246192932129,14.094114303588867,0.0,15685021
2001-04-05,4.427579879760742,14.574485778808594,0.0,14.757026672363281,14.439982414245605,14.439982414245605,0.0,25812026
2001-04-06,4.392554759979248,14.459197044372559,0.0,14.862709045410156,14.19018840789795,14.843494415283203,0.0,8375955
2001-04-09,4.453848361968994,14.6609525680542,0.0,14.680168151855469,14.247833251953125,14.353514671325684,0.0,10014127
2001-04-10,4.527644157409668,14.795456886291504,0.106643,14.891531944274902,14.612915992736816,14.737812042236328,0.0,15520940
2001-04-11,4.527644157409668,14.795456886291504,0.0,15.026036262512207,14.680168151855469,14.843494415283203,0.0,14885141
2001-04-12,4.601141929626465,15.035642623901367,0.0,15.189361572265625,14.737812042236328,14.785849571228027,0.0,7384286
2001-04-13,4.601141929626465,15.035642623901367,0.0,15.035642623901367,15.035642623901367,15.035642623901367,0.0,0
2001-04-16,4.601141929626465,15.035642623901367,0.0,15.035642623901367,15.035642623901367,15.035642623901367,0.0,0
2001-04-17,4.554102897644043,14.88192367553711,0.0,14.968391418457031,14.680168151855469,14.901139259338379,0.0,9684843
2001-04-18,4.689343452453613,15.32386589050293,0.0,15.621697425842285,14.987606048583984,14.987606048583984,0.0,15382974
2001-04-19,4.665823459625244,15.247007369995117,0.0,15.51601505279541,15.179755210876465,15.477584838867188,0.0,12822042
2001-04-20,4.465903282165527,14.593701362609863,0.0,15.3430814743042,14.55527114868164,15.179755210876465,0.0,14614205
2001-04-23,4.398282051086426,14.372730255126953,0.0,14.55527114868164,14.324692726135254,14.526449203491211,0.0,14251892
2001-04-24,4.495302677154541,14.689775466918945,0.0,14.708990097045898,14.295869827270508,14.372730255126953,0.0,14402202
2001-04-25,4.442380428314209,14.516840934753418,0.0,14.699382781982422,14.276655197143555,14.612915992736816,0.0,9408295
2001-04-26,4.557041168212891,14.891531944274902,0.0,15.131717681884766,14.622523307800293,14.699382781982422,0.0,15339944
2001-04-27,4.630543231964111,15.131717681884766,0.0,15.314258575439453,14.805065155029297,14.891531944274902,0.0,11321350
2001-04-30,4.709925174713135,15.391118049621582,0.0,15.467977523803711,15.112503051757812,15.131717681884766,0.0,7000415
2001-05-01,4.709925174713135,15.391118049621582,0.0,15.391118049621582,15.391118049621582,15.391118049621582,0.0,0
2001-05-02,4.6099629402160645,15.064464569091797,0.0,15.54483699798584,15.04525089263916,15.496800422668457,0.0,4470627
2001-05-03,4.554102897644043,14.88192367553711,0.0,15.256613731384277,14.757026672363281,15.131717681884766,0.0,7704009
2001-05-04,4.583504676818848,14.977997779846191,0.0,15.07407283782959,14.6609525680542,14.958784103393555,0.0,21194813
2001-05-07,4.583504676818848,14.977997779846191,0.0,14.977997779846191,14.977997779846191,14.977997779846191,0.0,0
2001-05-08,4.630543231964111,15.131717681884766,0.0,15.3430814743042,15.035642623901367,15.150932312011719,0.0,8352785
2001-05-09,4.64230489730835,15.170146942138672,0.0,15.227791786193848,14.805065155029297,15.035642623901367,0.0,11362464
2001-05-10,4.774604797363281,15.602481842041016,0.0,15.73698616027832,15.131717681884766,15.131717681884766,0.0,14205698
2001-05-11,4.709925174713135,15.391118049621582,0.0,15.71777057647705,15.304651260375977,15.458370208740234,0.0,9881833
2001-05-14,4.695225238800049,15.3430814743042,0.0,15.391118049621582,15.09328842163086,15.314258575439453,0.0,10314972
2001-05-15,4.7216877937316895,15.429548263549805,0.0,15.458370208740234,15.150932312011719,15.371904373168945,0.0,5711447
2001-05-16,4.7216877937316895,15.429548263549805,0.0,15.429548263549805,15.035642623901367,15.314258575439453,0.0,13166993
2001-05-17,4.80694580078125,15.70816421508789,0.0,15.852275848388672,15.602481842041016,15.612090110778809,0.0,14779264
2001-05-18,4.842225551605225,15.823452949523926,0.0,15.842667579650879,15.583267211914062,15.660126686096191,0.0,11028223
2001-05-21,4.789305686950684,15.650519371032715,0.0,15.727378845214844,15.439155578613281,15.669734001159668,0.0,7378711
2001-05-22,4.7305073738098145,15.458370208740234,0.0,15.746594429016113,15.448762893676758,15.698555946350098,0.0,10133752
2001-05-23,4.715804576873779,15.410332679748535,0.0,15.698555946350098,15.362296104431152,15.429548263549805,0.0,7066693
2001-05-24,4.718745708465576,15.419940948486328,0.0,15.583267211914062,15.381510734558105,15.391118049621582,0.0,5008184
2001-05-25,4.630543231964111,15.131717681884766,0.0,15.506407737731934,15.016427993774414,15.448762893676758,0.0,8522777
2001-05-28,4.692283630371094,15.333474159240723,0.0,15.419940948486328,15.141324996948242,15.218184471130371,0.0,4905810
2001-05-29,4.704046249389648,15.371904373168945,0.0,15.400726318359375,15.198969841003418,15.333474159240723,0.0,5765425
2001-05-30,4.706984043121338,15.381510734558105,0.0,15.583267211914062,15.198969841003418,15.285436630249023,0.0,10466346
2001-05-31,4.733444690704346,15.467977523803711,0.0,15.535229682922363,15.256613731384277,15.314258575439453,0.0,10133176
2001-06-01,4.698163986206055,15.352688789367676,0.0,15.439155578613281,15.247007369995117,15.439155578613281,0.0,10064417
2001-06-04,4.756964206695557,15.54483699798584,0.0,15.583267211914062,15.352688789367676,15.352688789367676,0.0,4423429
2001-06-05,4.759904861450195,15.554445266723633,0.0,15.564051628112793,15.2950439453125,15.564051628112793,0.0,7759214
2001-06-06,4.75108528137207,15.525623321533203,0.0,15.640912055969238,15.48719310760498,15.564051628112793,0.0,6179453
2001-06-07,4.724625110626221,15.439155578613281,0.0,15.650519371032715,15.439155578613281,15.525623321533203,0.0,9832308
2001-06-08,4.762845993041992,15.564051628112793,0.0,15.679342269897461,15.467977523803711,15.51601505279541,0.0,9124002
2001-06-11,4.745205879211426,15.506407737731934,0.0,15.602481842041016,15.429548263549805,15.439155578613281,0.0,11396282
2001-06-12,4.645244598388672,15.179755210876465,0.0,15.554445266723633,15.179755210876465,15.554445266723633,0.0,9813030
2001-06-13,4.715804576873779,15.410332679748535,0.0,15.448762893676758,15.247007369995117,15.333474159240723,0.0,7376362
2001-06-14,4.704046249389648,15.371904373168945,0.0,15.371904373168945,15.227791786193848,15.32386589050293,0.0,6166622
2001-06-15,4.671703338623047,15.26622200012207,0.0,15.410332679748535,15.04525089263916,15.314258575439453,0.0,12275392
2001-06-18,4.533524513244629,14.814672470092773,0.0,15.122110366821289,14.766634941101074,15.083680152893066,0.0,12892997
2001-06-19,4.583504676818848,14.977997779846191,0.0,15.035642623901367,14.843494415283203,14.901139259338379,0.0,29515500
2001-06-20,4.601141929626465,15.035642623901367,0.0,15.112503051757812,14.536055564880371,14.987606048583984,0.0,9548628
2001-06-21,4.58644437789917,14.987606048583984,0.0,15.131717681884766,14.939569473266602,15.10289478302002,0.0,13237490
2001-06-22,4.54528284072876,14.85310173034668,0.0,15.179755210876465,14.651346206665039,14.987606048583984,0.0,11572198
2001-06-25,4.536463260650635,14.824278831481934,0.0,15.054858207702637,14.718598365783691,14.824278831481934,0.0,10165850
2001-06-26,4.395341396331787,14.36312198638916,0.0,14.795456886291504,14.3054780960083,14.785849571228027,0.0,17405385
2001-06-27,4.4041619300842285,14.391944885253906,0.0,14.564879417419434,14.382336616516113,14.507233619689941,0.0,16727348
2001-06-28,4.442380428314209,14.516840934753418,0.0,14.526449203491211,14.180581092834473,14.439982414245605,0.0,28072722
2001-06-29,4.492363929748535,14.680168151855469,0.0,14.689775466918945,14.343907356262207,14.641737937927246,0.0,22566625
2001-07-02,4.636424541473389,15.150932312011719,0.0,15.160539627075195,14.536055564880371,14.622523307800293,0.0,14779285
2001-07-03,4.58644437789917,14.987606048583984,0.0,15.198969841003418,14.795456886291504,15.150932312011719,0.0,16567025
2001-07-04,4.445322513580322,14.526449203491211,0.0,14.843494415283203,14.439982414245605,14.795456886291504,0.0,17536950
2001-07-05,4.36299991607666,14.257439613342285,0.0,14.488018989562988,14.228617668151855,14.372730255126953,0.0,26094349
2001-07-06,4.218940734863281,13.786676406860352,0.0,14.170973777770996,13.508060455322266,14.170973777770996,0.0,25558785
2001-07-09,4.248340606689453,13.882749557495117,0.0,14.219011306762695,13.604134559631348,14.219011306762695,0.0,19800477
2001-07-10,4.181798458099365,13.584919929504395,0.081663,14.017253875732422,13.508060455322266,13.91157341003418,0.0,11639416
2001-07-11,4.063500881195068,13.200621604919434,0.0,13.584919929504395,13.046902656555176,13.584919929504395,0.0,24046322
2001-07-12,4.007309913635254,13.018080711364746,0.0,13.632957458496094,12.873969078063965,13.363948822021484,0.0,24036767
2001-07-13,4.007309913635254,13.018080711364746,0.0,13.018080711364746,13.018080711364746,13.018080711364746,0.0,0
2001-07-16,4.202499866485596,13.652172088623047,0.0,13.786676406860352,13.469630241394043,13.546489715576172,0.0,11613447
2001-07-17,4.205456256866455,13.661779403686523,0.0,13.661779403686523,13.431200981140137,13.508060455322266,0.0,15455272
2001-07-18,4.110820770263672,13.354340553283691,0.0,13.748246192932129,13.18140697479248,13.738638877868652,0.0,21115156
2001-07-19,4.169968605041504,13.546489715576172,0.0,13.546489715576172,13.191015243530273,13.306303977966309,0.0,12514280
2001-07-20,4.096032619476318,13.306303977966309,0.0,13.508060455322266,13.248659133911133,13.45041561126709,0.0,13491148
2001-07-23,4.164052963256836,13.527275085449219,0.0,13.642563819885254,13.210229873657227,13.248659133911133,0.0,11093870
2001-07-24,4.199541091918945,13.642563819885254,0.0,13.642563819885254,13.373556137084961,13.45041561126709,0.0,8044230
2001-07-25,4.01914119720459,13.056509971618652,0.0,13.594527244567871,13.027688026428223,13.546489715576172,0.0,17351292
2001-07-26,4.022096633911133,13.066118240356445,0.0,13.219837188720703,12.998866081237793,13.075724601745605,0.0,13871738
2001-07-27,3.9511196613311768,12.835538864135742,0.0,13.162192344665527,12.749072074890137,13.075724601745605,0.0,11011840
2001-07-30,4.030970096588135,13.094940185546875,0.0,13.248659133911133,12.96043586730957,12.97965145111084,0.0,13772087
2001-07-31,4.137438774108887,13.440808296203613,0.0,13.440808296203613,12.998866081237793,13.094940185546875,0.0,15318024
2001-08-01,4.214330196380615,13.69060230255127,0.0,13.748246192932129,13.354340553283691,13.440808296203613,0.0,16215193
2001-08-02,4.205456256866455,13.661779403686523,0.0,13.72903060913086,13.411986351013184,13.45041561126709,0.0,13395264
2001-08-03,4.158137321472168,13.508060455322266,0.0,13.7194242477417,13.508060455322266,13.7194242477417,0.0,5992336
2001-08-06,4.243905544281006,13.786676406860352,0.0,13.786676406860352,13.47923755645752,13.517667770385742,0.0,12846658
2001-08-07,4.202499866485596,13.652172088623047,0.0,13.7194242477417,13.498453140258789,13.70020866394043,0.0,6151015
2001-08-08,4.128565788269043,13.411986351013184,0.0,13.661779403686523,13.315911293029785,13.652172088623047,0.0,10294708
2001-08-09,4.045757293701172,13.142976760864258,0.0,13.344734191894531,13.085332870483398,13.287089347839355,0.0,11110129
2001-08-10,4.022096633911133,13.066118240356445,0.0,13.392770767211914,12.970044136047363,13.162192344665527,0.0,11806069
2001-08-13,4.042799949645996,13.133370399475098,0.0,13.219837188720703,12.97965145111084,13.219837188720703,0.0,9175744
2001-08-14,4.169968605041504,13.546489715576172,0.0,13.604134559631348,13.219837188720703,13.258267402648926,0.0,15467127
2001-08-15,4.169968605041504,13.546489715576172,0.0,13.546489715576172,13.546489715576172,13.546489715576172,0.0,0
2001-08-16,4.0664591789245605,13.210229873657227,0.0,13.411986351013184,13.114154815673828,13.40237808227539,0.0,13353765
2001-08-17,3.9659066200256348,12.883577346801758,0.0,13.335125923156738,12.78750228881836,13.296695709228516,0.0,24444191
2001-08-20,3.962949514389038,12.873969078063965,0.0,12.941221237182617,12.643390655517578,12.78750228881836,0.0,7829332
2001-08-21,3.992523193359375,12.970044136047363,0.0,13.085332870483398,12.835538864135742,12.922005653381348,0.0,9272204
2001-08-22,4.087161540985107,13.277482032775879,0.0,13.45041561126709,12.922005653381348,13.066118240356445,0.0,17058560
2001-08-23,4.140393257141113,13.45041561126709,0.0,13.469630241394043,13.239051818847656,13.40237808227539,0.0,11028338
2001-08-24,4.199541091918945,13.642563819885254,0.0,13.67138671875,13.45041561126709,13.469630241394043,0.0,13426875
2001-08-27,4.217288970947266,13.70020866394043,0.0,14.007646560668945,13.632957458496094,13.69060230255127,0.0,6677689
2001-08-28,4.140393257141113,13.45041561126709,0.0,13.89235782623291,13.383163452148438,13.786676406860352,0.0,10122190
2001-08-29,4.184756755828857,13.594527244567871,0.0,13.777068138122559,13.258267402648926,13.373556137084961,0.0,10902717
2001-08-30,4.0694169998168945,13.219837188720703,0.0,13.72903060913086,13.219837188720703,13.556097030639648,0.0,7206232
2001-08-31,4.199541091918945,13.642563819885254,0.0,13.642563819885254,13.094940185546875,13.248659133911133,0.0,11372582
2001-09-03,4.075331687927246,13.239051818847656,0.0,13.642563819885254,13.200621604919434,13.642563819885254,0.0,7857258
2001-09-04,4.155182838439941,13.498453140258789,0.0,13.536882400512695,13.210229873657227,13.344734191894531,0.0,10226088
2001-09-05,4.051671028137207,13.162192344665527,0.0,13.517667770385742,13.123763084411621,13.344734191894531,0.0,10754842
2001-09-06,3.948162078857422,12.825931549072266,0.0,13.306303977966309,12.681819915771484,13.296695709228516,0.0,14801830
2001-09-07,3.844651460647583,12.48967170715332,0.0,12.941221237182617,12.432026863098145,12.845147132873535,0.0,21955297
2001-09-10,3.8121185302734375,12.383990287780762,0.0,12.633783340454102,11.961261749267578,12.499279022216797,0.0,16901526
2001-09-11,3.6790361404418945,11.951655387878418,0.0,12.54731559753418,11.432852745056152,12.441634178161621,0.0,24006998
2001-09-12,3.605100393295288,11.711468696594238,0.0,12.018906593322754,11.202275276184082,11.951655387878418,0.0,22178842
2001-09-13,3.5725693702697754,11.60578727722168,0.0,11.759506225585938,11.4136381149292,11.63460922241211,0.0,20507845
2001-09-14,3.2975289821624756,10.712294578552246,0.0,11.77872085571289,10.61622142791748,11.519319534301758,0.0,19750630
2001-09-17,3.401038646697998,11.048556327819824,0.0,11.067770004272461,10.107026100158691,10.568183898925781,0.0,18926998
2001-09-18,3.371464729309082,10.952481269836426,0.0,10.952481269836426,10.385642051696777,10.808369636535645,0.0,22012721
2001-09-19,3.217676877975464,10.45289421081543,0.0,10.971695899963379,10.327998161315918,10.827584266662598,0.0,31663106
2001-09-20,3.037276268005371,9.866840362548828,0.0,10.61622142791748,9.780372619628906,10.472108840942383,0.0,26542710
2001-09-21,2.8095531463623047,9.127067565917969,0.0,9.722728729248047,8.819628715515137,9.674692153930664,0.0,43598856
2001-09-24,3.120081663131714,10.135848999023438,0.0,10.135848999023438,9.27117919921875,9.27117919921875,0.0,31465832
2001-09-25,3.194019079208374,10.3760347366333,0.0,10.539361000061035,9.934091567993164,10.212708473205566,0.0,48509894
2001-09-26,3.2383782863616943,10.520146369934082,0.0,10.827584266662598,10.193492889404297,10.308782577514648,0.0,31794005
2001-09-27,3.312314987182617,10.760332107543945,0.0,10.760332107543945,10.337605476379395,10.472108840942383,0.0,41841208
2001-09-28,3.312314987182617,10.760332107543945,0.0,10.760332107543945,10.760332107543945,10.760332107543945,0.0,0
2001-10-01,3.2679543495178223,10.61622142791748,0.0,10.914051055908203,10.385642051696777,10.914051055908203,0.0,25050752
2001-10-02,3.3478035926818848,10.875621795654297,0.0,10.914051055908203,10.43367862701416,10.62582778930664,0.0,26045897
2001-10-03,3.341888427734375,10.856407165527344,0.0,11.019733428955078,10.577791213989258,10.808369636535645,0.0,30659488
2001-10-04,3.54890775680542,11.52892780303955,0.0,11.52892780303955,10.923659324645996,10.990910530090332,0.0,36409261
2001-10-05,3.371464729309082,10.952481269836426,0.0,11.33677864074707,10.837191581726074,11.279133796691895,0.0,34215451
2001-10-08,3.3271026611328125,10.808369636535645,0.0,10.875621795654297,10.443286895751953,10.856407165527344,0.0,24734861
2001-10-09,3.389209747314453,11.010126113891602,0.0,11.144630432128906,10.606613159179688,10.779546737670898,0.0,17597070
2001-10-10,3.6052234172821045,11.625001907348633,0.081663,11.625001907348633,10.827584266662598,10.837191581726074,0.0,25853952
2001-10-11,3.673753499984741,11.845973014831543,0.0,12.230271339416504,11.663432121276855,11.721076011657715,0.0,26935416
2001-10-12,3.673753499984741,11.845973014831543,0.0,11.845973014831543,11.845973014831543,11.845973014831543,0.0,0
2001-10-15,3.572448492050171,11.519319534301758,0.0,11.942047119140625,11.39442253112793,11.759506225585938,0.0,25295625
2001-10-16,3.572448492050171,11.519319534301758,0.0,11.519319534301758,11.519319534301758,11.519319534301758,0.0,0
2001-10-17,3.8733813762664795,12.48967170715332,0.0,12.56653118133545,12.018906593322754,12.038122177124023,0.0,27227180
2001-10-18,3.8495442867279053,12.412812232971191,0.0,12.48967170715332,12.114980697631836,12.172625541687012,0.0,17760860
2001-10-19,3.6797127723693848,11.865187644958496,0.0,12.499279022216797,11.836365699768066,12.403204917907715,0.0,19659368
2001-10-22,3.798893928527832,12.249485969543457,0.0,12.278307914733887,11.894009590148926,11.9996919631958,0.0,13663442
2001-10-23,3.974684715270996,12.816324234008789,0.0,12.816324234008789,12.345560073852539,12.432026863098145,0.0,22093762
2001-10-24,4.046193599700928,13.046902656555176,0.0,13.229443550109863,12.604961395263672,12.643390655517578,0.0,21046532
2001-10-25,3.9091365337371826,12.604961395263672,0.0,13.162192344665527,12.508886337280273,13.15258502960205,0.0,18915434
2001-10-26,3.9091365337371826,12.604961395263672,0.0,12.604961395263672,12.604961395263672,12.604961395263672,0.0,0
2001-10-29,3.772077798843384,12.163019180297852,0.0,12.652997970581055,12.124588966369629,12.652997970581055,0.0,25101025
2001-10-30,3.629059314727783,11.701861381530762,0.0,11.865187644958496,11.55774974822998,11.817151069641113,0.0,26051820
2001-10-31,3.7035470008850098,11.942047119140625,0.0,12.066944122314453,11.57696533203125,11.721076011657715,0.0,25357941
2001-11-01,3.7542009353637695,12.105374336242676,0.0,12.153410911560059,11.701861381530762,11.913225173950195,0.0,9776141
2001-11-02,3.7124850749969482,11.970870018005371,0.0,12.249485969543457,11.817151069641113,12.105374336242676,0.0,16674920
2001-11-05,3.8376262187957764,12.374382019042969,0.0,12.460848808288574,12.02851390838623,12.038122177124023,0.0,16619859
2001-11-06,3.9180750846862793,12.633783340454102,0.0,12.76828670501709,12.499279022216797,12.53770923614502,0.0,24040399
2001-11-07,3.95084810256958,12.73946475982666,0.0,12.73946475982666,12.422418594360352,12.681819915771484,0.0,24277518
2001-11-08,4.0402326583862305,13.027688026428223,0.0,13.200621604919434,12.604961395263672,12.75868034362793,0.0,20619259
2001-11-09,3.9478673934936523,12.7298583984375,0.0,12.902791023254395,12.624176025390625,12.816324234008789,0.0,10841441
2001-11-12,3.8674228191375732,12.470457077026367,0.0,12.777894973754883,12.009300231933594,12.73946475982666,0.0,12617242
2001-11-13,4.052152156829834,13.066118240356445,0.0,13.18140697479248,12.633783340454102,12.633783340454102,0.0,15214864
2001-11-14,4.1087646484375,13.248659133911133,0.0,13.488844871520996,13.075724601745605,13.114154815673828,0.0,21499004
2001-11-15,4.171331882476807,13.45041561126709,0.0,13.632957458496094,13.210229873657227,13.258267402648926,0.0,24880113
2001-11-16,4.18325138092041,13.488844871520996,0.0,13.488844871520996,13.171799659729004,13.315911293029785,0.0,12939274
2001-11-19,4.275617599487305,13.786676406860352,0.0,13.815498352050781,13.277482032775879,13.45041561126709,0.0,13483820
2001-11-20,4.192192077636719,13.517667770385742,0.0,13.767460823059082,13.210229873657227,13.748246192932129,0.0,16201027
2001-11-21,4.141538619995117,13.354340553283691,0.0,13.40237808227539,13.162192344665527,13.18140697479248,0.0,14038099
2001-11-22,4.114722728729248,13.267873764038086,0.0,13.440808296203613,13.219837188720703,13.363948822021484,0.0,10148039
2001-11-23,4.177293300628662,13.469630241394043,0.0,13.469630241394043,13.258267402648926,13.325518608093262,0.0,16303292
2001-11-26,4.171331882476807,13.45041561126709,0.0,13.6233491897583,13.440808296203613,13.546489715576172,0.0,14980098
2001-11-27,4.11174201965332,13.258267402648926,0.0,13.680994033813477,13.258267402648926,13.527275085449219,0.0,26086980
2001-11-28,4.055131912231445,13.075724601745605,0.0,13.45041561126709,13.018080711364746,13.210229873657227,0.0,18285703
2001-11-29,3.998520851135254,12.893183708190918,0.0,13.191015243530273,12.825931549072266,13.00847339630127,0.0,20558515
2001-11-30,4.093865394592285,13.200621604919434,0.0,13.200621604919434,12.902791023254395,12.970044136047363,0.0,26467539
2001-12-03,4.049172878265381,13.056509971618652,0.0,13.056509971618652,12.777894973754883,12.902791023254395,0.0,13949366
2001-12-04,4.171331882476807,13.45041561126709,0.0,13.45041561126709,13.123763084411621,13.162192344665527,0.0,23032441
2001-12-05,4.409697532653809,14.219011306762695,0.0,14.219011306762695,13.47923755645752,13.47923755645752,0.0,22132774
2001-12-06,4.409697532653809,14.219011306762695,0.0,14.219011306762695,14.219011306762695,14.219011306762695,0.0,0
2001-12-07,4.3381853103637695,13.988431930541992,0.0,14.391944885253906,13.882749557495117,14.219011306762695,0.0,37993554
2001-12-10,4.216026306152344,13.594527244567871,0.0,13.853927612304688,13.556097030639648,13.834712982177734,0.0,18759961
2001-12-11,4.275617599487305,13.786676406860352,0.0,13.815498352050781,13.383163452148438,13.498453140258789,0.0,18270892
2001-12-12,4.2666778564453125,13.757854461669922,0.0,13.94039535522461,13.527275085449219,13.834712982177734,0.0,18612096
2001-12-13,4.141538619995117,13.354340553283691,0.0,13.863534927368164,13.344734191894531,13.834712982177734,0.0,22417386
2001-12-14,4.0819478034973145,13.162192344665527,0.0,13.421592712402344,13.123763084411621,13.315911293029785,0.0,21430703
2001-12-17,4.2577385902404785,13.72903060913086,0.0,13.853927612304688,13.027688026428223,13.114154815673828,0.0,21696050
2001-12-18,4.227944850921631,13.632957458496094,0.0,13.853927612304688,13.45041561126709,13.72903060913086,0.0,28683228
2001-12-19,4.099826335906982,13.219837188720703,0.0,13.709815979003906,12.97965145111084,13.45041561126709,0.0,42355591
2001-12-20,4.0402326583862305,13.027688026428223,0.0,13.104548454284668,12.806716918945312,12.835538864135742,0.0,41216224
2001-12-21,4.052152156829834,13.066118240356445,0.0,13.210229873657227,12.691428184509277,12.873969078063965,0.0,35824902
2001-12-24,4.052152156829834,13.066118240356445,0.0,13.066118240356445,13.066118240356445,13.066118240356445,0.0,0
2001-12-25,4.052152156829834,13.066118240356445,0.0,13.066118240356445,13.066118240356445,13.066118240356445,0.0,0
2001-12-26,4.052152156829834,13.066118240356445,0.0,13.066118240356445,13.066118240356445,13.066118240356445,0.0,0
2001-12-27,4.1623945236206055,13.421592712402344,0.0,13.47923755645752,12.97965145111084,12.97965145111084,0.0,42365624
2001-12-28,4.141538619995117,13.354340553283691,0.0,13.6233491897583,13.306303977966309,13.45041561126709,0.0,53121039
2001-12-31,4.141538619995117,13.354340553283691,0.0,13.354340553283691,13.354340553283691,13.354340553283691,0.0,0
2002-01-01,4.141538619995117,13.354340553283691,0.0,13.354340553283691,13.354340553283691,13.354340553283691,0.0,0
2002-01-02,4.171331882476807,13.45041561126709,0.0,13.460022926330566,12.9892578125,13.45041561126709,0.0,19310802
2002-01-03,4.233901500701904,13.652172088623047,0.0,13.652172088623047,13.315911293029785,13.652172088623047,0.0,50450600
2002-01-04,4.126640319824219,13.306303977966309,0.0,13.652172088623047,13.267873764038086,13.306303977966309,0.0,31947692
2002-01-07,3.992563247680664,12.873969078063965,0.0,13.469630241394043,12.777894973754883,12.873969078063965,0.0,60053025
2002-01-08,3.9895832538604736,12.864361763000488,0.0,13.00847339630127,12.691428184509277,12.864361763000488,0.0,31422764
2002-01-09,3.8942363262176514,12.556923866271973,0.0,12.941221237182617,12.470457077026367,12.556923866271973,0.0,27368558
2002-01-10,3.8387556076049805,12.29752254486084,0.081663,12.451242446899414,11.913225173950195,12.29752254486084,0.0,46366724
2002-01-11,3.832756757736206,12.278307914733887,0.0,12.57613754272461,12.095766067504883,12.278307914733887,0.0,30928796
2002-01-14,3.676809549331665,11.77872085571289,0.0,12.239877700805664,11.730684280395508,11.77872085571289,0.0,44327263
2002-01-15,3.868746519088745,12.393596649169922,0.0,12.441634178161621,11.730684280395508,12.393596649169922,0.0,31904786
2002-01-16,3.778775930404663,12.105374336242676,0.0,12.422418594360352,12.02851390838623,12.105374336242676,0.0,27198025
2002-01-17,3.8867413997650146,12.451242446899414,0.0,12.460848808288574,12.201448440551758,12.451242446899414,0.0,19574525
2002-01-18,3.8867413997650146,12.451242446899414,0.0,12.48967170715332,12.143803596496582,12.451242446899414,0.0,20691266
2002-01-21,3.8087666034698486,12.201448440551758,0.0,12.53770923614502,12.182232856750488,12.201448440551758,0.0,9050863
2002-01-22,3.97370982170105,12.7298583984375,0.0,12.7298583984375,12.066944122314453,12.7298583984375,0.0,21332991
2002-01-23,4.018698215484619,12.873969078063965,0.0,12.873969078063965,12.412812232971191,12.873969078063965,0.0,20934900
2002-01-24,4.03369140625,12.922005653381348,0.0,13.066118240356445,12.720250129699707,12.922005653381348,0.0,17267566
2002-01-25,4.0396904945373535,12.941221237182617,0.0,12.941221237182617,12.7298583984375,12.941221237182617,0.0,14235130
2002-01-28,4.0816779136657715,13.075724601745605,0.0,13.142976760864258,12.883577346801758,13.075724601745605,0.0,20156624
2002-01-29,4.021696090698242,12.883577346801758,0.0,13.123763084411621,12.806716918945312,12.883577346801758,0.0,26105672
2002-01-30,3.9587152004241943,12.681819915771484,0.0,12.7298583984375,12.499279022216797,12.681819915771484,0.0,23912540
2002-01-31,3.9587152004241943,12.681819915771484,0.0,12.893183708190918,12.57613754272461,12.681819915771484,0.0,13461465
2002-02-01,4.060682773590088,13.00847339630127,0.0,13.00847339630127,12.701034545898438,13.00847339630127,0.0,12598586
2002-02-04,3.9107327461242676,12.528100967407227,0.0,12.864361763000488,12.499279022216797,12.528100967407227,0.0,19204872
2002-02-05,3.784773111343384,12.124588966369629,0.0,12.460848808288574,12.038122177124023,12.124588966369629,0.0,17746130
2002-02-06,3.7517833709716797,12.018906593322754,0.0,12.278307914733887,11.874794960021973,12.018906593322754,0.0,17141964
2002-02-07,3.9047350883483887,12.508886337280273,0.0,12.51849365234375,11.874794960021973,12.508886337280273,0.0,20659209
2002-02-08,3.814764976501465,12.220663070678711,0.0,12.48967170715332,12.211055755615234,12.220663070678711,0.0,41525446
2002-02-11,3.787771701812744,12.134196281433105,0.0,12.480064392089844,12.066944122314453,12.134196281433105,0.0,43132684
2002-02-12,3.745786190032959,11.9996919631958,0.0,12.307129859924316,11.865187644958496,11.9996919631958,0.0,23061879
2002-02-13,3.826760768890381,12.259093284606934,0.0,12.355167388916016,11.913225173950195,12.259093284606934,0.0,23058179
2002-02-14,3.949719190597534,12.652997970581055,0.0,12.652997970581055,12.239877700805664,12.652997970581055,0.0,52590650
2002-02-15,3.853750705718994,12.345560073852539,0.0,12.662605285644531,12.345560073852539,12.345560073852539,0.0,21810399
2002-02-18,3.8087666034698486,12.201448440551758,0.0,12.48967170715332,12.201448440551758,12.201448440551758,0.0,12356858
2002-02-19,3.724792957305908,11.932439804077148,0.0,12.191841125488281,11.922833442687988,11.932439804077148,0.0,22172091
2002-02-20,3.745786190032959,11.9996919631958,0.0,12.114980697631836,11.769113540649414,11.9996919631958,0.0,29660379
2002-02-21,3.745786190032959,11.9996919631958,0.0,12.220663070678711,11.942047119140625,11.9996919631958,0.0,22893236
2002-02-22,3.7037999629974365,11.865187644958496,0.0,12.009300231933594,11.82675838470459,11.865187644958496,0.0,15296425
2002-02-25,3.787771701812744,12.134196281433105,0.0,12.134196281433105,11.865187644958496,12.134196281433105,0.0,15528918
2002-02-26,3.847752571105957,12.326345443725586,0.0,12.441634178161621,12.172625541687012,12.326345443725586,0.0,31721751
2002-02-27,4.003701210021973,12.825931549072266,0.0,12.825931549072266,12.364774703979492,12.825931549072266,0.0,19153714
2002-02-28,4.00070333480835,12.816324234008789,0.0,13.018080711364746,12.528100967407227,12.816324234008789,0.0,22142123
2002-03-01,4.0396904945373535,12.941221237182617,0.0,12.970044136047363,12.691428184509277,12.75868034362793,0.0,16097722
2002-03-04,4.138657093048096,13.258267402648926,0.0,13.277482032775879,13.075724601745605,13.075724601745605,0.0,24608366
2002-03-05,4.111667633056641,13.171799659729004,0.0,13.40237808227539,13.027688026428223,13.306303977966309,0.0,20904725
2002-03-06,4.138657093048096,13.258267402648926,0.0,13.267873764038086,13.027688026428223,13.114154815673828,0.0,16580327
2002-03-07,4.195640563964844,13.440808296203613,0.0,13.440808296203613,13.133370399475098,13.306303977966309,0.0,18908002
2002-03-08,4.201636791229248,13.460022926330566,0.0,13.469630241394043,13.296695709228516,13.354340553283691,0.0,16148318
2002-03-11,4.129662036895752,13.229443550109863,0.0,13.45041561126709,13.066118240356445,13.45041561126709,0.0,13183782
2002-03-12,4.078677654266357,13.066118240356445,0.0,13.15258502960205,12.893183708190918,13.15258502960205,0.0,25056362
2002-03-13,4.138657093048096,13.258267402648926,0.0,13.421592712402344,13.114154815673828,13.142976760864258,0.0,13358823
2002-03-14,4.132660865783691,13.239051818847656,0.0,13.383163452148438,13.114154815673828,13.162192344665527,0.0,11909270
2002-03-15,4.168649196624756,13.354340553283691,0.0,13.354340553283691,13.056509971618652,13.219837188720703,0.0,34097897
2002-03-18,4.19863748550415,13.45041561126709,0.0,13.45041561126709,13.315911293029785,13.354340553283691,0.0,15036804
2002-03-19,4.246624946594238,13.604134559631348,0.0,13.604134559631348,13.421592712402344,13.421592712402344,0.0,30516214
2002-03-20,4.168649196624756,13.354340553283691,0.0,13.584919929504395,13.354340553283691,13.527275085449219,0.0,20537645
2002-03-21,4.11466646194458,13.18140697479248,0.0,13.354340553283691,13.18140697479248,13.335125923156738,0.0,16206460
2002-03-22,4.147655010223389,13.287089347839355,0.0,13.315911293029785,13.18140697479248,13.219837188720703,0.0,12888802
2002-03-25,4.03369140625,12.922005653381348,0.0,13.191015243530273,12.893183708190918,13.114154815673828,0.0,17972134
2002-03-26,3.97370982170105,12.7298583984375,0.0,12.873969078063965,12.701034545898438,12.873969078063965,0.0,20588366
2002-03-27,3.976710319519043,12.73946475982666,0.0,12.78750228881836,12.556923866271973,12.76828670501709,0.0,50163373
2002-03-28,3.976710319519043,12.73946475982666,0.0,12.73946475982666,12.73946475982666,12.73946475982666,0.0,0
2002-03-29,3.976710319519043,12.73946475982666,0.0,12.73946475982666,12.73946475982666,12.73946475982666,0.0,0
2002-04-01,3.976710319519043,12.73946475982666,0.0,12.73946475982666,12.73946475982666,12.73946475982666,0.0,0
2002-04-02,4.0936737060546875,13.114154815673828,0.0,13.114154815673828,12.893183708190918,13.114154815673828,0.0,59115148
2002-04-03,4.138657093048096,13.258267402648926,0.0,13.344734191894531,12.912399291992188,13.258267402648926,0.0,18113999
2002-04-04,4.108666896820068,13.162192344665527,0.0,13.306303977966309,13.027688026428223,13.162192344665527,0.0,72494258
2002-04-05,4.036691665649414,12.93161392211914,0.0,13.162192344665527,12.854754447937012,12.93161392211914,0.0,48370108
2002-04-08,3.8357558250427246,12.287915229797363,0.0,12.7298583984375,12.211055755615234,12.287915229797363,0.0,57821255
2002-04-09,3.883739948272705,12.441634178161621,0.0,12.53770923614502,12.374382019042969,12.441634178161621,0.0,38248857
2002-04-10,3.995205879211426,12.672212600708008,0.122975,12.672212600708008,12.259093284606934,12.672212600708008,0.0,29580912
2002-04-11,3.8952505588531494,12.355167388916016,0.0,12.691428184509277,12.355167388916016,12.355167388916016,0.0,57172029
2002-04-12,3.9376566410064697,12.48967170715332,0.0,12.643390655517578,12.345560073852539,12.48967170715332,0.0,17994699
2002-04-15,4.007320880889893,12.71064281463623,0.0,12.71064281463623,12.383990287780762,12.71064281463623,0.0,28237799
2002-04-16,4.183002948760986,13.267873764038086,0.0,13.267873764038086,12.604961395263672,13.267873764038086,0.0,28143301
2002-04-17,4.210263729095459,13.354340553283691,0.0,13.440808296203613,13.162192344665527,13.354340553283691,0.0,22366928
2002-04-18,4.1799726486206055,13.258267402648926,0.0,13.440808296203613,13.123763084411621,13.258267402648926,0.0,15956586
2002-04-19,4.198147773742676,13.315911293029785,0.0,13.373556137084961,13.094940185546875,13.315911293029785,0.0,26110616
2002-04-22,4.113336086273193,13.046902656555176,0.0,13.210229873657227,12.950828552246094,13.046902656555176,0.0,18881587
2002-04-23,4.089105129241943,12.970044136047363,0.0,13.171799659729004,12.970044136047363,12.970044136047363,0.0,15085705
2002-04-24,4.049729347229004,12.845147132873535,0.0,12.941221237182617,12.73946475982666,12.845147132873535,0.0,17283179
2002-04-25,3.949772834777832,12.528100967407227,0.0,12.854754447937012,12.480064392089844,12.528100967407227,0.0,17167627
2002-04-26,3.9618887901306152,12.56653118133545,0.0,12.681819915771484,12.383990287780762,12.56653118133545,0.0,31286769
2002-04-29,3.861933469772339,12.249485969543457,0.0,12.480064392089844,12.249485969543457,12.249485969543457,0.0,16329239
2002-04-30,3.919482469558716,12.432026863098145,0.0,12.53770923614502,12.201448440551758,12.432026863098145,0.0,18641688
2002-05-01,3.919482469558716,12.432026863098145,0.0,12.432026863098145,12.432026863098145,12.432026863098145,0.0,0
2002-05-02,3.9891488552093506,12.652997970581055,0.0,12.883577346801758,12.499279022216797,12.652997970581055,0.0,21295772
2002-05-03,4.034583568572998,12.797109603881836,0.0,12.9892578125,12.556923866271973,12.797109603881836,0.0,21981687
2002-05-06,3.9830923080444336,12.633783340454102,0.0,12.873969078063965,12.614567756652832,12.633783340454102,0.0,10423619
2002-05-07,3.9891488552093506,12.652997970581055,0.0,12.835538864135742,12.374382019042969,12.652997970581055,0.0,25625785
2002-05-08,4.164830207824707,13.210229873657227,0.0,13.258267402648926,12.75868034362793,13.210229873657227,0.0,28250534
2002-05-09,4.125453472137451,13.085332870483398,0.0,13.248659133911133,12.97965145111084,13.085332870483398,0.0,19060009
2002-05-10,4.043669700622559,12.825931549072266,0.0,13.066118240356445,12.749072074890137,12.825931549072266,0.0,11275064
2002-05-13,4.064873695373535,12.893183708190918,0.0,12.950828552246094,12.624176025390625,12.893183708190918,0.0,34145220
2002-05-14,4.104248523712158,13.018080711364746,0.0,13.114154815673828,12.806716918945312,13.018080711364746,0.0,40366903
2002-05-15,4.134539604187012,13.114154815673828,0.0,13.123763084411621,12.7298583984375,13.114154815673828,0.0,35160325
2002-05-16,4.064873695373535,12.893183708190918,0.0,13.066118240356445,12.777894973754883,12.893183708190918,0.0,14658045
2002-05-17,4.107276916503906,13.027688026428223,0.0,13.114154815673828,12.845147132873535,13.027688026428223,0.0,14042505
2002-05-20,4.019440174102783,12.749072074890137,0.0,13.046902656555176,12.749072074890137,12.749072074890137,0.0,28022557
2002-05-21,3.980062484741211,12.624176025390625,0.0,12.893183708190918,12.624176025390625,12.624176025390625,0.0,16096451
2002-05-22,3.871019124984741,12.278307914733887,0.0,12.652997970581055,12.278307914733887,12.278307914733887,0.0,22774528
2002-05-23,3.9225101470947266,12.441634178161621,0.0,12.528100967407227,12.31673812866211,12.441634178161621,0.0,17501738
2002-05-24,3.95280122756958,12.53770923614502,0.0,12.652997970581055,12.480064392089844,12.53770923614502,0.0,11443225
2002-05-27,3.9861209392547607,12.643390655517578,0.0,12.7298583984375,12.528100967407227,12.643390655517578,0.0,5219743
2002-05-28,3.916452646255493,12.422418594360352,0.0,12.73946475982666,12.326345443725586,12.422418594360352,0.0,10182703
2002-05-29,3.977034330368042,12.614567756652832,0.0,12.75868034362793,12.364774703979492,12.614567756652832,0.0,20002552
2002-05-30,3.916452646255493,12.422418594360352,0.0,12.7298583984375,12.326345443725586,12.422418594360352,0.0,16598519
2002-05-31,3.9103965759277344,12.403204917907715,0.0,12.585745811462402,12.383990287780762,12.403204917907715,0.0,12489364
2002-06-03,3.934628486633301,12.480064392089844,0.0,12.681819915771484,12.422418594360352,12.480064392089844,0.0,13903617
2002-06-04,3.8164989948272705,12.105374336242676,0.0,12.403204917907715,12.057336807250977,12.105374336242676,0.0,16307844
2002-06-05,3.7740910053253174,11.970870018005371,0.0,12.211055755615234,11.913225173950195,11.970870018005371,0.0,12603332
2002-06-06,3.7952945232391357,12.038122177124023,0.0,12.239877700805664,11.874794960021973,12.038122177124023,0.0,16812595
2002-06-07,3.7286577224731445,11.82675838470459,0.0,11.82675838470459,11.60578727722168,11.82675838470459,0.0,38081919
2002-06-10,3.7256295680999756,11.817151069641113,0.0,11.961261749267578,11.788328170776367,11.817151069641113,0.0,9712988
2002-06-11,3.7952945232391357,12.038122177124023,0.0,12.066944122314453,11.730684280395508,12.038122177124023,0.0,13881247
2002-06-12,3.710484027862549,11.769113540649414,0.0,11.874794960021973,11.692254066467285,11.769113540649414,0.0,30619748
2002-06-13,3.65596342086792,11.596179962158203,0.0,11.942047119140625,11.538535118103027,11.596179962158203,0.0,14833813
2002-06-14,3.531775951385498,11.202275276184082,0.0,11.625001907348633,11.086984634399414,11.202275276184082,0.0,19700979
2002-06-17,3.6771657466888428,11.663432121276855,0.0,11.673039436340332,11.192667007446289,11.663432121276855,0.0,16037245
2002-06-18,3.737745523452759,11.85558032989502,0.0,11.85558032989502,11.60578727722168,11.85558032989502,0.0,18838431
2002-06-19,3.671107292175293,11.644216537475586,0.0,11.644216537475586,11.3656005859375,11.644216537475586,0.0,22749621
2002-06-20,3.5590362548828125,11.288742065429688,0.0,11.596179962158203,11.269527435302734,11.288742065429688,0.0,19876329
2002-06-21,3.459080696105957,10.971695899963379,0.0,11.4136381149292,10.914051055908203,10.971695899963379,0.0,36730742
2002-06-24,3.383354425430298,10.731510162353516,0.0,11.086984634399414,10.472108840942383,10.731510162353516,0.0,33849362
2002-06-25,3.3863837718963623,10.741116523742676,0.0,11.067770004272461,10.693079948425293,10.741116523742676,0.0,16277087
2002-06-26,3.3106589317321777,10.500930786132812,0.0,10.635436058044434,10.001344680786133,10.500930786132812,0.0,23705707
2002-06-27,3.368211269378662,10.683472633361816,0.0,10.808369636535645,10.43367862701416,10.683472633361816,0.0,39401755
2002-06-28,3.468165159225464,11.000517845153809,0.0,11.11580753326416,10.817976951599121,11.000517845153809,0.0,41450026
2002-07-01,3.4227311611175537,10.856407165527344,0.0,11.144630432128906,10.693079948425293,10.856407165527344,0.0,35951433
2002-07-02,3.283399820327759,10.414463996887207,0.0,10.798762321472168,10.39525032043457,10.414463996887207,0.0,28536338
2002-07-03,3.2076752185821533,10.174278259277344,0.0,10.606613159179688,10.097418785095215,10.174278259277344,0.0,21203150
2002-07-04,3.3076322078704834,10.491324424743652,0.0,10.491324424743652,10.289567947387695,10.491324424743652,0.0,86015979
2002-07-05,3.556007146835327,11.279133796691895,0.0,11.307955741882324,10.577791213989258,11.279133796691895,0.0,34718634
2002-07-08,3.631730556488037,11.519319534301758,0.0,11.538535118103027,11.11580753326416,11.519319534301758,0.0,20036226
2002-07-09,3.516629934310913,11.154236793518066,0.0,11.60578727722168,10.914051055908203,11.154236793518066,0.0,25661345
2002-07-10,3.428103446960449,10.789155006408691,0.086467,11.183059692382812,10.731510162353516,10.789155006408691,0.0,20885980
2002-07-11,3.290735960006714,10.356820106506348,0.0,10.664258003234863,10.23192310333252,10.356820106506348,0.0,20992333
2002-07-12,3.312103271484375,10.424072265625,0.0,10.760332107543945,10.193492889404297,10.424072265625,0.0,35604140
2002-07-15,3.1075780391693115,9.780372619628906,0.0,10.597005844116211,9.71312141418457,9.780372619628906,0.0,18147396
2002-07-16,3.095367670059204,9.741944313049316,0.0,10.145456314086914,9.559402465820312,9.741944313049316,0.0,27706935
2002-07-17,3.241894245147705,10.20310115814209,0.0,10.289567947387695,9.578617095947266,10.20310115814209,0.0,23092973
2002-07-18,3.247997522354126,10.222315788269043,0.0,10.510539054870605,10.049382209777832,10.222315788269043,0.0,102155271
2002-07-19,3.006840944290161,9.46332836151123,0.0,10.15506362915039,9.46332836151123,9.46332836151123,0.0,17220045
2002-07-22,2.9610514640808105,9.319215774536133,0.0,9.597831726074219,9.146282196044922,9.319215774536133,0.0,17706427
2002-07-23,2.9091579914093018,9.155890464782715,0.0,9.626653671264648,8.944525718688965,9.155890464782715,0.0,21571457
2002-07-24,2.823683500289917,8.886881828308105,0.0,9.309609413146973,8.406510353088379,8.886881828308105,0.0,28329103
2002-07-25,2.9488418102264404,9.280787467956543,0.0,9.309609413146973,8.944525718688965,9.280787467956543,0.0,25966005
2002-07-26,2.906104326248169,9.146282196044922,0.0,9.261571884155273,8.781200408935547,9.146282196044922,0.0,20220164
2002-07-29,3.177788496017456,10.001344680786133,0.0,10.001344680786133,8.944525718688965,10.001344680786133,0.0,18499088
2002-07-30,2.9610514640808105,9.319215774536133,0.0,10.126240730285645,9.319215774536133,9.319215774536133,0.0,32638811
2002-07-31,2.9457883834838867,9.27117919921875,0.0,9.741944313049316,9.040600776672363,9.27117919921875,0.0,27038020
2002-08-01,2.7473676204681396,8.646696090698242,0.0,9.357645988464355,8.627481460571289,8.646696090698242,0.0,23625981
2002-08-02,2.759578227996826,8.685125350952148,0.0,8.82923698425293,8.550621032714844,8.685125350952148,0.0,20630373
2002-08-05,2.6557888984680176,8.358471870422363,0.0,8.886881828308105,8.28161334991455,8.358471870422363,0.0,15854080
2002-08-06,2.8267345428466797,8.896489143371582,0.0,9.00217056274414,8.079856872558594,8.896489143371582,0.0,19614228
2002-08-07,2.701578140258789,8.502584457397461,0.0,9.069422721862793,8.416116714477539,8.502584457397461,0.0,19731466
2002-08-08,2.9335777759552,9.232748985290527,0.0,9.30000114440918,8.886881828308105,9.232748985290527,0.0,27661170
2002-08-09,2.9671568870544434,9.338431358337402,0.0,9.540186882019043,9.098244667053223,9.338431358337402,0.0,16926352
2002-08-12,2.8145248889923096,8.85805892944336,0.0,9.396076202392578,8.85805892944336,8.85805892944336,0.0,10700309
2002-08-13,2.8847358226776123,9.07903003692627,0.0,9.07903003692627,8.694732666015625,9.07903003692627,0.0,12339932
2002-08-14,2.759578227996826,8.685125350952148,0.0,8.982955932617188,8.685125350952148,8.685125350952148,0.0,10379257
2002-08-15,2.759578227996826,8.685125350952148,0.0,8.685125350952148,8.685125350952148,8.685125350952148,0.0,0
2002-08-16,2.927473783493042,9.213534355163574,0.0,9.319215774536133,8.906096458435059,9.213534355163574,0.0,20222402
2002-08-19,3.089261293411255,9.722728729248047,0.0,9.7899808883667,9.011777877807617,9.722728729248047,0.0,14616156
2002-08-20,3.0648412704467773,9.645869255065918,0.0,9.876447677612305,9.511364936828613,9.645869255065918,0.0,15899339
2002-08-21,3.14115571975708,9.886054992675781,0.0,10.001344680786133,9.559402465820312,9.886054992675781,0.0,17772509
2002-08-22,3.2052624225616455,10.087812423706055,0.0,10.145456314086914,9.809196472167969,10.087812423706055,0.0,16478961
2002-08-23,3.128945827484131,9.847625732421875,0.0,10.135848999023438,9.780372619628906,9.847625732421875,0.0,14526214
2002-08-26,3.095367670059204,9.741944313049316,0.0,10.039773941040039,9.703514099121094,9.741944313049316,0.0,5318476
2002-08-27,3.2724196910858154,10.299175262451172,0.0,10.366427421569824,9.7899808883667,10.299175262451172,0.0,21503613
2002-08-28,3.1014723777770996,9.76115894317627,0.0,10.087812423706055,9.722728729248047,9.76115894317627,0.0,15490925
2002-08-29,3.046525001525879,9.588225364685059,0.0,9.780372619628906,9.482542991638184,9.588225364685059,0.0,14722697
2002-08-30,3.0556819438934326,9.617047309875488,0.0,9.722728729248047,9.424898147583008,9.617047309875488,0.0,17735282
2002-09-02,3.000735282897949,9.444112777709961,0.0,9.645869255065918,9.444112777709961,9.444112777709961,0.0,8649373
2002-09-03,2.848104476928711,8.963741302490234,0.0,9.367254257202148,8.963741302490234,8.963741302490234,0.0,18178241
2002-09-04,2.8419995307922363,8.944525718688965,0.0,9.127067565917969,8.742770195007324,8.944525718688965,0.0,14689633
2002-09-05,2.7931573390960693,8.790806770324707,0.0,9.107852935791016,8.60826587677002,8.790806770324707,0.0,24980188
2002-09-06,2.9152626991271973,9.175105094909668,0.0,9.175105094909668,8.665909767150879,9.175105094909668,0.0,12121811
2002-09-09,2.808419942855835,8.838844299316406,0.0,9.107852935791016,8.819628715515137,8.838844299316406,0.0,10097738
2002-09-10,2.9213671684265137,9.194319725036621,0.0,9.261571884155273,8.973347663879395,9.194319725036621,0.0,11912984
2002-09-11,3.089261293411255,9.722728729248047,0.0,9.741944313049316,9.146282196044922,9.722728729248047,0.0,18671875
2002-09-12,2.912209987640381,9.165496826171875,0.0,9.578617095947266,9.127067565917969,9.165496826171875,0.0,16800733
2002-09-13,2.8847358226776123,9.07903003692627,0.0,9.165496826171875,8.761984825134277,9.07903003692627,0.0,23879926
2002-09-16,2.808419942855835,8.838844299316406,0.0,9.194319725036621,8.838844299316406,8.838844299316406,0.0,12590365
2002-09-17,2.808419942855835,8.838844299316406,0.0,9.30000114440918,8.790806770324707,8.838844299316406,0.0,18303533
2002-09-18,2.7168407440185547,8.550621032714844,0.0,8.781200408935547,8.53140640258789,8.550621032714844,0.0,23899438
2002-09-19,2.625262498855591,8.262397766113281,0.0,8.694732666015625,8.262397766113281,8.262397766113281,0.0,19483148
2002-09-20,2.5397884845733643,7.993390083312988,0.0,8.406510353088379,7.926137924194336,7.993390083312988,0.0,52797906
2002-09-23,2.396315097808838,7.541840076446533,0.0,8.195145606994629,7.301653861999512,7.541840076446533,0.0,42158772
2002-09-24,2.2650513648986816,7.128719806671143,0.0,7.657128810882568,6.869318962097168,7.128719806671143,0.0,35320713
2002-09-25,2.3077895641326904,7.263224124908447,0.0,7.445765972137451,6.869318962097168,7.263224124908447,0.0,39967396
2002-09-26,2.5214719772338867,7.935744762420654,0.0,7.935744762420654,7.320868968963623,7.935744762420654,0.0,28919514
2002-09-27,2.475682258605957,7.791633129119873,0.0,7.983781814575195,7.64752197265625,7.791633129119873,0.0,30345842
2002-09-30,2.3077895641326904,7.263224124908447,0.0,7.493803024291992,7.138327121734619,7.263224124908447,0.0,37805542
2002-10-01,2.3138937950134277,7.282439231872559,0.0,7.493803024291992,7.147934913635254,7.282439231872559,0.0,36142372
2002-10-02,2.439052104949951,7.67634391784668,0.0,7.753203868865967,7.493803024291992,7.67634391784668,0.0,42667645
2002-10-03,2.396315097808838,7.541840076446533,0.0,7.8300628662109375,7.4553728103637695,7.541840076446533,0.0,22865974
2002-10-04,2.2955782413482666,7.224793910980225,0.0,7.628306865692139,7.224793910980225,7.224793910980225,0.0,134179394
2002-10-07,2.249788761138916,7.08068323135376,0.0,7.263224124908447,6.994215965270996,7.08068323135376,0.0,24738773
2002-10-08,2.2253668308258057,7.0038228034973145,0.0,7.359299182891846,6.965394020080566,7.0038228034973145,0.0,67701643
2002-10-09,2.21010422706604,6.955786228179932,0.0,7.176756858825684,6.878927230834961,6.955786228179932,0.0,39881654
2002-10-10,2.3492016792297363,7.301653861999512,0.086467,7.311261177062988,6.7828521728515625,7.301653861999512,0.0,35846210
2002-10-11,2.5099360942840576,7.801240921020508,0.0,7.820456027984619,7.301653861999512,7.801240921020508,0.0,37330652
2002-10-14,2.4728446006774902,7.685952186584473,0.0,7.954959869384766,7.618699073791504,7.685952186584473,0.0,16467967
2002-10-15,2.717036724090576,8.444938659667969,0.0,8.444938659667969,7.801240921020508,8.444938659667969,0.0,39387279
2002-10-16,2.7324934005737305,8.492976188659668,0.0,8.82923698425293,8.252790451049805,8.492976188659668,0.0,31218368
2002-10-17,2.917956590652466,9.069422721862793,0.0,9.069422721862793,8.656303405761719,9.069422721862793,0.0,31321546
2002-10-18,2.8592264652252197,8.886881828308105,0.0,9.338431358337402,8.675518035888672,8.886881828308105,0.0,111735571
2002-10-21,2.8715908527374268,8.925311088562012,0.0,8.982955932617188,8.675518035888672,8.925311088562012,0.0,15574253
2002-10-22,2.89013671875,8.982955932617188,0.0,9.280787467956543,8.982955932617188,8.982955932617188,0.0,20968976
2002-10-23,2.79431414604187,8.685125350952148,0.0,9.213534355163574,8.63708782196045,8.685125350952148,0.0,19406855
2002-10-24,2.9303195476531982,9.107852935791016,0.0,9.117460250854492,8.790806770324707,9.107852935791016,0.0,19602447
2002-10-25,2.9241387844085693,9.088638305664062,0.0,9.203927040100098,8.771592140197754,9.088638305664062,0.0,21254831
2002-10-28,3.013779640197754,9.367254257202148,0.0,9.482542991638184,9.232748985290527,9.367254257202148,0.0,21386956
2002-10-29,2.896317958831787,9.00217056274414,0.0,9.4345064163208,8.982955932617188,9.00217056274414,0.0,19410956
2002-10-30,2.877772808074951,8.944525718688965,0.0,9.194319725036621,8.781200408935547,8.944525718688965,0.0,20075037
2002-10-31,2.973595142364502,9.24235725402832,0.0,9.4345064163208,8.944525718688965,9.24235725402832,0.0,23018856
2002-11-01,2.973595142364502,9.24235725402832,0.0,9.24235725402832,9.24235725402832,9.24235725402832,0.0,0
2002-11-04,3.149784803390503,9.7899808883667,0.0,9.818802833557129,9.530579566955566,9.7899808883667,0.0,25499113
2002-11-05,3.180695056915283,9.886054992675781,0.0,9.972521781921387,9.607439994812012,9.886054992675781,0.0,40359995
2002-11-06,3.177603244781494,9.876447677612305,0.0,10.126240730285645,9.588225364685059,9.876447677612305,0.0,21560053
2002-11-07,2.964323043823242,9.213534355163574,0.0,9.934091567993164,9.165496826171875,9.213534355163574,0.0,30192892
2002-11-08,2.9426848888397217,9.146282196044922,0.0,9.424898147583008,9.069422721862793,9.146282196044922,0.0,21797448
2002-11-11,2.9426848888397217,9.146282196044922,0.0,9.280787467956543,8.848451614379883,9.146282196044922,0.0,18760795
2002-11-12,2.899409532546997,9.011777877807617,0.0,9.22314167022705,8.886881828308105,9.011777877807617,0.0,22245430
2002-11-13,2.8654088973999023,8.906096458435059,0.0,8.982955932617188,8.63708782196045,8.906096458435059,0.0,21211760
2002-11-14,2.955049991607666,9.184712409973145,0.0,9.357645988464355,8.713948249816895,9.184712409973145,0.0,17209239
2002-11-15,2.964323043823242,9.213534355163574,0.0,9.386467933654785,9.194319725036621,9.213534355163574,0.0,27339030
2002-11-18,3.0601449012756348,9.511364936828613,0.0,9.636261940002441,9.203927040100098,9.511364936828613,0.0,14696367
2002-11-19,3.019960403442383,9.386467933654785,0.0,9.482542991638184,9.338431358337402,9.386467933654785,0.0,14642279
2002-11-20,3.0261428356170654,9.405682563781738,0.0,9.530579566955566,9.155890464782715,9.405682563781738,0.0,14519424
2002-11-21,3.202333927154541,9.953307151794434,0.0,9.953307151794434,9.530579566955566,9.953307151794434,0.0,22005566
2002-11-22,3.202333927154541,9.953307151794434,0.0,10.126240730285645,9.838018417358398,9.953307151794434,0.0,19117406
2002-11-25,3.230151414871216,10.039773941040039,0.0,10.222315788269043,9.972521781921387,10.039773941040039,0.0,18044958
2002-11-26,3.140512228012085,9.76115894317627,0.0,10.116634368896484,9.674692153930664,9.76115894317627,0.0,19969746
2002-11-27,3.2734274864196777,10.174278259277344,0.0,10.174278259277344,9.559402465820312,10.174278259277344,0.0,20082402
2002-11-28,3.2517900466918945,10.107026100158691,0.0,10.318389892578125,10.039773941040039,10.107026100158691,0.0,15124783
2002-11-29,3.2425172328948975,10.078204154968262,0.0,10.289567947387695,10.01095199584961,10.078204154968262,0.0,29430328
2002-12-02,3.2765188217163086,10.18388557434082,0.0,10.45289421081543,9.991737365722656,10.18388557434082,0.0,28041438
2002-12-03,3.1714224815368652,9.857233047485352,0.0,10.414463996887207,9.857233047485352,9.857233047485352,0.0,20762725
2002-12-04,3.137422561645508,9.751550674438477,0.0,9.895663261413574,9.655476570129395,9.751550674438477,0.0,21390189
2002-12-05,3.0477800369262695,9.47293472290039,0.0,10.068596839904785,9.453720092773438,9.47293472290039,0.0,26619805
2002-12-06,3.0477800369262695,9.47293472290039,0.0,9.47293472290039,9.47293472290039,9.47293472290039,0.0,0
2002-12-09,2.976686477661133,9.25196361541748,0.0,9.597831726074219,9.175105094909668,9.25196361541748,0.0,29033155
2002-12-10,3.0106875896453857,9.357645988464355,0.0,9.46332836151123,9.146282196044922,9.357645988464355,0.0,20969432
2002-12-11,3.007596492767334,9.348038673400879,0.0,9.511364936828613,9.155890464782715,9.348038673400879,0.0,17067337
2002-12-12,2.933410882949829,9.117460250854492,0.0,9.415290832519531,9.088638305664062,9.117460250854492,0.0,17354749
2002-12-13,2.8870458602905273,8.973347663879395,0.0,9.25196361541748,8.771592140197754,8.973347663879395,0.0,43813028
2002-12-16,3.013779640197754,9.367254257202148,0.0,9.453720092773438,8.848451614379883,9.367254257202148,0.0,18714077
2002-12-17,3.0539636611938477,9.49215030670166,0.0,9.520973205566406,9.261571884155273,9.49215030670166,0.0,19299288
2002-12-18,2.967414379119873,9.22314167022705,0.0,9.46332836151123,9.194319725036621,9.22314167022705,0.0,18506467
2002-12-19,2.933410882949829,9.117460250854492,0.0,9.405682563781738,8.925311088562012,9.117460250854492,0.0,41427589
2002-12-20,2.951958417892456,9.175105094909668,0.0,9.319215774536133,8.992563247680664,9.175105094909668,0.0,43343458
2002-12-23,2.951958417892456,9.175105094909668,0.0,9.30000114440918,9.069422721862793,9.175105094909668,0.0,26831436
2002-12-24,2.951958417892456,9.175105094909668,0.0,9.175105094909668,9.175105094909668,9.175105094909668,0.0,0
2002-12-25,2.951958417892456,9.175105094909668,0.0,9.175105094909668,9.175105094909668,9.175105094909668,0.0,0
2002-12-26,2.951958417892456,9.175105094909668,0.0,9.175105094909668,9.175105094909668,9.175105094909668,0.0,0
2002-12-27,2.856135845184326,8.877273559570312,0.0,9.175105094909668,8.867667198181152,8.877273559570312,0.0,21400993
2002-12-30,2.8190417289733887,8.761984825134277,0.0,8.867667198181152,8.665909767150879,8.761984825134277,0.0,30431311
2002-12-31,2.8190417289733887,8.761984825134277,0.0,8.761984825134277,8.761984825134277,8.761984825134277,0.0,0
2003-01-01,2.8190417289733887,8.761984825134277,0.0,8.761984825134277,8.761984825134277,8.761984825134277,0.0,0
2003-01-02,2.967414379119873,9.22314167022705,0.0,9.22314167022705,8.761984825134277,9.22314167022705,0.0,39035426
2003-01-03,2.9488673210144043,9.165496826171875,0.0,9.386467933654785,9.136674880981445,9.165496826171875,0.0,61596325
2003-01-06,2.9488673210144043,9.165496826171875,0.0,9.165496826171875,9.165496826171875,9.165496826171875,0.0,0
2003-01-07,2.9983232021331787,9.319215774536133,0.0,9.511364936828613,9.290393829345703,9.319215774536133,0.0,147673836
2003-01-08,3.013779640197754,9.367254257202148,0.0,9.578617095947266,9.280787467956543,9.367254257202148,0.0,26235434
2003-01-09,3.029233694076538,9.415290832519531,0.0,9.453720092773438,9.069422721862793,9.415290832519531,0.0,51974244
2003-01-10,3.060432195663452,9.424898147583008,0.086467,9.501757621765137,9.184712409973145,9.424898147583008,0.0,58256105
2003-01-13,3.1976981163024902,9.847625732421875,0.0,9.847625732421875,9.47293472290039,9.847625732421875,0.0,75819023
2003-01-14,3.163382053375244,9.741944313049316,0.0,9.866840362548828,9.665083885192871,9.741944313049316,0.0,20664522
2003-01-15,3.1976981163024902,9.847625732421875,0.0,9.98213005065918,9.674692153930664,9.847625732421875,0.0,27315234
2003-01-16,3.1976981163024902,9.847625732421875,0.0,9.886054992675781,9.636261940002441,9.847625732421875,0.0,19181005
2003-01-17,3.0042762756347656,9.25196361541748,0.0,9.722728729248047,9.194319725036621,9.25196361541748,0.0,39571644
2003-01-20,2.9356443881988525,9.040600776672363,0.0,9.30000114440918,8.973347663879395,9.040600776672363,0.0,18002319
2003-01-21,2.901326894760132,8.934919357299805,0.0,9.25196361541748,8.790806770324707,8.934919357299805,0.0,103354874
2003-01-22,2.823333501815796,8.694732666015625,0.0,8.963741302490234,8.646696090698242,8.694732666015625,0.0,53368231
2003-01-23,2.820213794708252,8.685125350952148,0.0,8.915703773498535,8.656303405761719,8.685125350952148,0.0,24901272
2003-01-24,2.7172632217407227,8.368080139160156,0.0,8.82923698425293,8.368080139160156,8.368080139160156,0.0,28765694
2003-01-27,2.6361501216888428,8.1182861328125,0.0,8.464154243469238,8.06064224243164,8.1182861328125,0.0,31386546
2003-01-28,2.579996347427368,7.945352077484131,0.0,8.291219711303711,7.8877081871032715,7.945352077484131,0.0,28500262
2003-01-29,2.558159112930298,7.8780999183654785,0.0,7.993390083312988,7.599484920501709,7.8780999183654785,0.0,29208178
2003-01-30,2.6018340587615967,8.012603759765625,0.0,8.022212028503418,7.7339887619018555,8.012603759765625,0.0,34114690
2003-01-31,2.5176033973693848,7.753203868865967,0.0,7.8300628662109375,7.67634391784668,7.753203868865967,0.0,31448271
2003-02-03,2.5706369876861572,7.916530132293701,0.0,7.954959869384766,7.8396711349487305,7.916530132293701,0.0,20289667
2003-02-04,2.4489693641662598,7.541840076446533,0.0,7.89731502532959,7.53223180770874,7.541840076446533,0.0,25213609
2003-02-05,2.548799991607666,7.849277973175049,0.0,7.849277973175049,7.416943073272705,7.849277973175049,0.0,31578297
2003-02-06,2.4489693641662598,7.541840076446533,0.0,7.772418022155762,7.4553728103637695,7.541840076446533,0.0,20204370
2003-02-07,2.411532402038574,7.42655086517334,0.0,7.599484920501709,7.263224124908447,7.42655086517334,0.0,20234226
2003-02-10,2.3803348541259766,7.330475807189941,0.0,7.464980125427246,7.224793910980225,7.330475807189941,0.0,32759752
2003-02-11,2.439610242843628,7.5130181312561035,0.0,7.551446914672852,7.388121128082275,7.5130181312561035,0.0,25797440
2003-02-12,2.3584978580474854,7.263224124908447,0.0,7.416943073272705,7.244009017944336,7.263224124908447,0.0,20690714
2003-02-13,2.3584978580474854,7.263224124908447,0.0,7.368906021118164,7.138327121734619,7.263224124908447,0.0,21979211
2003-02-14,2.4676876068115234,7.599484920501709,0.0,7.705165863037109,7.263224124908447,7.599484920501709,0.0,30353047
2003-02-17,2.533200740814209,7.801240921020508,0.0,7.8300628662109375,7.724380970001221,7.801240921020508,0.0,13099077
2003-02-18,2.5737578868865967,7.926137924194336,0.0,7.974174976348877,7.724380970001221,7.926137924194336,0.0,27030170
2003-02-19,2.4739267826080322,7.618699073791504,0.0,7.86849308013916,7.618699073791504,7.618699073791504,0.0,25567955
2003-02-20,2.458327054977417,7.570662021636963,0.0,7.801240921020508,7.5034098625183105,7.570662021636963,0.0,17729174
2003-02-21,2.520721435546875,7.762811183929443,0.0,7.762811183929443,7.464980125427246,7.762811183929443,0.0,20789821
2003-02-24,2.439610242843628,7.5130181312561035,0.0,7.858884811401367,7.484195232391357,7.5130181312561035,0.0,14860041
2003-02-25,2.3428986072540283,7.215187072753906,0.0,7.436158180236816,7.205580234527588,7.215187072753906,0.0,19825408
2003-02-26,2.333540201187134,7.186365127563477,0.0,7.407336235046387,7.119112968444824,7.186365127563477,0.0,24277730
2003-02-27,2.4021737575531006,7.397727966308594,0.0,7.445765972137451,7.128719806671143,7.397727966308594,0.0,24519969
2003-02-28,2.4676876068115234,7.599484920501709,0.0,7.657128810882568,7.282439231872559,7.599484920501709,0.0,26770419
2003-03-03,2.5113630294799805,7.7339887619018555,0.0,7.964567184448242,7.628306865692139,7.7339887619018555,0.0,27004815
2003-03-04,2.430251121520996,7.484195232391357,0.0,7.637914180755615,7.407336235046387,7.484195232391357,0.0,15697130
2003-03-05,2.417772054672241,7.445765972137451,0.0,7.474587917327881,7.311261177062988,7.445765972137451,0.0,16756287
2003-03-06,2.3397791385650635,7.205580234527588,0.0,7.5130181312561035,7.167150020599365,7.205580234527588,0.0,18771302
2003-03-07,2.264906406402588,6.975000858306885,0.0,7.234402179718018,6.975000858306885,6.975000858306885,0.0,27860651
2003-03-10,2.2087526321411133,6.802066802978516,0.0,7.071074962615967,6.7828521728515625,6.802066802978516,0.0,18614015
2003-03-11,2.2087526321411133,6.802066802978516,0.0,6.946178913116455,6.74442195892334,6.802066802978516,0.0,38564912
2003-03-12,2.149477481842041,6.619525909423828,0.0,6.85971212387085,6.561881065368652,6.619525909423828,0.0,30901359
2003-03-13,2.264906406402588,6.975000858306885,0.0,6.975000858306885,6.6771697998046875,6.975000858306885,0.0,23338133
2003-03-14,2.417772054672241,7.445765972137451,0.0,7.445765972137451,7.023037910461426,7.445765972137451,0.0,36305504
2003-03-17,2.492645263671875,7.67634391784668,0.0,7.705165863037109,7.119112968444824,7.67634391784668,0.0,25715524
2003-03-18,2.498884439468384,7.695559024810791,0.0,7.926137924194336,7.599484920501709,7.695559024810791,0.0,44936619
2003-03-19,2.539440631866455,7.820456027984619,0.0,7.954959869384766,7.618699073791504,7.820456027984619,0.0,20876073
2003-03-20,2.5176033973693848,7.753203868865967,0.0,7.8396711349487305,7.5130181312561035,7.753203868865967,0.0,25420624
2003-03-21,2.645509958267212,8.147109031677246,0.0,8.185538291931152,7.801240921020508,8.147109031677246,0.0,41673169
2003-03-24,2.486405372619629,7.657128810882568,0.0,8.041426658630371,7.637914180755615,7.657128810882568,0.0,34305563
2003-03-25,2.545679807662964,7.8396711349487305,0.0,7.86849308013916,7.407336235046387,7.8396711349487305,0.0,22380421
2003-03-26,2.545679807662964,7.8396711349487305,0.0,8.012603759765625,7.7339887619018555,7.8396711349487305,0.0,37506224
2003-03-27,2.498884439468384,7.695559024810791,0.0,7.791633129119873,7.637914180755615,7.695559024810791,0.0,32848388
2003-03-28,2.5020041465759277,7.705165863037109,0.0,7.772418022155762,7.522624969482422,7.705165863037109,0.0,42572516
2003-03-31,2.3803348541259766,7.330475807189941,0.0,7.493803024291992,7.292046070098877,7.330475807189941,0.0,38173594
2003-04-01,2.427131414413452,7.474587917327881,0.0,7.570662021636963,7.368906021118164,7.474587917327881,0.0,29454006
2003-04-02,2.598714828491211,8.002997398376465,0.0,8.002997398376465,7.618699073791504,8.002997398376465,0.0,54230250
2003-04-03,2.6642277240753174,8.204752922058105,0.0,8.33925724029541,7.954959869384766,8.204752922058105,0.0,36339678
2003-04-04,2.745340585708618,8.454546928405762,0.0,8.560229301452637,8.031819343566895,8.454546928405762,0.0,54584596
2003-04-07,2.8077352046966553,8.646696090698242,0.0,8.963741302490234,8.617873191833496,8.646696090698242,0.0,164538465
2003-04-08,2.742220401763916,8.444938659667969,0.0,8.742770195007324,8.435332298278809,8.444938659667969,0.0,32710801
2003-04-09,2.7921361923217773,8.598657608032227,0.0,8.771592140197754,8.233575820922852,8.598657608032227,0.0,60058400
2003-04-10,2.7694766521453857,8.454546928405762,0.074938,8.617873191833496,8.329649925231934,8.454546928405762,0.0,38971975
2003-04-11,2.797802448272705,8.541013717651367,0.0,8.694732666015625,8.483368873596191,8.541013717651367,0.0,70305829
2003-04-14,2.8166842460632324,8.598657608032227,0.0,8.627481460571289,8.358471870422363,8.598657608032227,0.0,30272492
2003-04-15,2.87333345413208,8.771592140197754,0.0,8.8004150390625,8.589051246643066,8.771592140197754,0.0,24639939
2003-04-16,2.8292722702026367,8.63708782196045,0.0,8.915703773498535,8.63708782196045,8.63708782196045,0.0,26850678
2003-04-17,2.907951831817627,8.877273559570312,0.0,8.886881828308105,8.492976188659668,8.877273559570312,0.0,32239512
2003-04-18,2.907951831817627,8.877273559570312,0.0,8.877273559570312,8.877273559570312,8.877273559570312,0.0,0
2003-04-21,2.907951831817627,8.877273559570312,0.0,8.877273559570312,8.877273559570312,8.877273559570312,0.0,0
2003-04-22,2.9142448902130127,8.896489143371582,0.0,8.973347663879395,8.723554611206055,8.896489143371582,0.0,15983207
2003-04-23,2.945716619491577,8.992563247680664,0.0,9.155890464782715,8.963741302490234,8.992563247680664,0.0,80465888
2003-04-24,2.9110982418060303,8.886881828308105,0.0,9.232748985290527,8.877273559570312,8.886881828308105,0.0,23443535
2003-04-25,2.889068365097046,8.819628715515137,0.0,9.02138614654541,8.713948249816895,8.819628715515137,0.0,16751013
2003-04-28,3.0023651123046875,9.165496826171875,0.0,9.165496826171875,8.713948249816895,9.165496826171875,0.0,22930845
2003-04-29,2.9142448902130127,8.896489143371582,0.0,9.261571884155273,8.896489143371582,8.896489143371582,0.0,30205790
2003-04-30,2.8387134075164795,8.665909767150879,0.0,9.040600776672363,8.60826587677002,8.665909767150879,0.0,76415960
2003-05-01,2.8387134075164795,8.665909767150879,0.0,8.665909767150879,8.665909767150879,8.665909767150879,0.0,0
2003-05-02,2.800947666168213,8.550621032714844,0.0,8.550621032714844,8.233575820922852,8.550621032714844,0.0,37679098
2003-05-05,2.8072421550750732,8.569835662841797,0.0,8.713948249816895,8.464154243469238,8.569835662841797,0.0,20949226
2003-05-06,2.788360357284546,8.512190818786621,0.0,8.656303405761719,8.406510353088379,8.512190818786621,0.0,26575095
2003-05-07,2.662475109100342,8.127894401550293,0.0,8.569835662841797,8.1182861328125,8.127894401550293,0.0,41651370
2003-05-08,2.5712087154388428,7.849277973175049,0.0,8.147109031677246,7.8396711349487305,7.849277973175049,0.0,43553017
2003-05-09,2.64359188079834,8.0702486038208,0.0,8.09907054901123,7.8300628662109375,8.0702486038208,0.0,38309018
2003-05-12,2.64359188079834,8.0702486038208,0.0,8.175930976867676,7.858884811401367,8.0702486038208,0.0,27328516
2003-05-13,2.624708890914917,8.012603759765625,0.0,8.156716346740723,7.974174976348877,8.012603759765625,0.0,25527487
2003-05-14,2.6278560161590576,8.022212028503418,0.0,8.195145606994629,7.983781814575195,8.022212028503418,0.0,21302049
2003-05-15,2.6719160079956055,8.156716346740723,0.0,8.175930976867676,7.983781814575195,8.156716346740723,0.0,17419314
2003-05-16,2.7222695350646973,8.31043529510498,0.0,8.33925724029541,8.08946418762207,8.31043529510498,0.0,22275465
2003-05-19,2.5806498527526855,7.8780999183654785,0.0,8.233575820922852,7.8780999183654785,7.8780999183654785,0.0,27799505
2003-05-20,2.561767339706421,7.820456027984619,0.0,7.974174976348877,7.762811183929443,7.820456027984619,0.0,25340213
2003-05-21,2.498823642730713,7.628306865692139,0.0,7.8780999183654785,7.618699073791504,7.628306865692139,0.0,29207888
2003-05-22,2.5743541717529297,7.858884811401367,0.0,7.86849308013916,7.685952186584473,7.858884811401367,0.0,14564157
2003-05-23,2.6026785373687744,7.945352077484131,0.0,7.993390083312988,7.7339887619018555,7.945352077484131,0.0,22208174
2003-05-26,2.590092182159424,7.906922817230225,0.0,8.022212028503418,7.849277973175049,7.906922817230225,0.0,11176539
2003-05-27,2.590092182159424,7.906922817230225,0.0,7.916530132293701,7.714774131774902,7.906922817230225,0.0,20466165
2003-05-28,2.649886131286621,8.08946418762207,0.0,8.108678817749023,7.974174976348877,8.08946418762207,0.0,22793139
2003-05-29,2.64359188079834,8.0702486038208,0.0,8.1663236618042,7.993390083312988,8.0702486038208,0.0,19409705
2003-05-30,2.64359188079834,8.0702486038208,0.0,8.1663236618042,7.926137924194336,8.0702486038208,0.0,25774270
2003-06-02,2.6876509189605713,8.204752922058105,0.0,8.300827980041504,8.09907054901123,8.204752922058105,0.0,23107947
2003-06-03,2.7002406120300293,8.243183135986328,0.0,8.243183135986328,8.079856872558594,8.243183135986328,0.0,18093535
2003-06-04,2.7065348625183105,8.262397766113281,0.0,8.329649925231934,8.147109031677246,8.262397766113281,0.0,23367352
2003-06-05,2.668768882751465,8.147109031677246,0.0,8.377687454223633,8.079856872558594,8.147109031677246,0.0,24787360
2003-06-06,2.753741502761841,8.406510353088379,0.0,8.464154243469238,8.147109031677246,8.406510353088379,0.0,27369157
2003-06-09,2.715975284576416,8.291219711303711,0.0,8.396902084350586,8.223967552185059,8.291219711303711,0.0,22059826
2003-06-10,2.734858751296997,8.348864555358887,0.0,8.396902084350586,8.214361190795898,8.348864555358887,0.0,16349200
2003-06-11,2.7789175510406494,8.483368873596191,0.0,8.483368873596191,8.300827980041504,8.483368873596191,0.0,21054187
2003-06-12,2.8324201107025146,8.646696090698242,0.0,8.656303405761719,8.502584457397461,8.646696090698242,0.0,34453789
2003-06-13,2.8764805793762207,8.781200408935547,0.0,8.954133987426758,8.589051246643066,8.781200408935547,0.0,33537387
2003-06-16,2.967745780944824,9.059815406799316,0.0,9.059815406799316,8.617873191833496,9.059815406799316,0.0,30056106
2003-06-17,2.967745780944824,9.059815406799316,0.0,9.194319725036621,9.011777877807617,9.059815406799316,0.0,27162990
2003-06-18,3.0055131912231445,9.175105094909668,0.0,9.184712409973145,8.992563247680664,9.175105094909668,0.0,24916075
2003-06-19,2.9236867427825928,8.925311088562012,0.0,9.213534355163574,8.838844299316406,8.925311088562012,0.0,33533218
2003-06-20,3.0464253425598145,9.30000114440918,0.0,9.30000114440918,8.82923698425293,9.30000114440918,0.0,37555731
2003-06-23,2.970893383026123,9.069422721862793,0.0,9.184712409973145,9.00217056274414,9.069422721862793,0.0,34091079
2003-06-24,2.9299819469451904,8.944525718688965,0.0,9.117460250854492,8.867667198181152,8.944525718688965,0.0,28367282
2003-06-25,2.967745780944824,9.059815406799316,0.0,9.098244667053223,8.915703773498535,9.059815406799316,0.0,36691451
2003-06-26,2.9551587104797363,9.02138614654541,0.0,9.117460250854492,8.944525718688965,9.02138614654541,0.0,33463555
2003-06-27,2.958305597305298,9.030993461608887,0.0,9.117460250854492,8.944525718688965,9.030993461608887,0.0,15221649
2003-06-30,2.879627227783203,8.790806770324707,0.0,9.098244667053223,8.723554611206055,8.790806770324707,0.0,88802095
2003-07-01,2.788360357284546,8.512190818786621,0.0,8.896489143371582,8.512190818786621,8.512190818786621,0.0,48959947
2003-07-02,2.8324201107025146,8.646696090698242,0.0,8.781200408935547,8.579442977905273,8.646696090698242,0.0,80559949
2003-07-03,2.8418610095977783,8.675518035888672,0.0,8.781200408935547,8.502584457397461,8.675518035888672,0.0,55886754
2003-07-04,2.8418610095977783,8.675518035888672,0.0,8.704339981079102,8.598657608032227,8.675518035888672,0.0,12575575
2003-07-07,2.980335235595703,9.098244667053223,0.0,9.136674880981445,8.723554611206055,9.098244667053223,0.0,44973520
2003-07-08,3.0432775020599365,9.290393829345703,0.0,9.290393829345703,9.030993461608887,9.290393829345703,0.0,142737095
2003-07-09,2.9834818840026855,9.107852935791016,0.0,9.290393829345703,9.011777877807617,9.107852935791016,0.0,66260110
2003-07-10,2.916759490966797,8.819628715515137,0.086467,9.040600776672363,8.810022354125977,8.819628715515137,0.0,56527932
2003-07-11,3.018432855606079,9.127067565917969,0.0,9.136674880981445,8.742770195007324,9.127067565917969,0.0,31727015
2003-07-14,3.0565600395202637,9.24235725402832,0.0,9.261571884155273,9.059815406799316,9.24235725402832,0.0,34512098
2003-07-15,3.018432855606079,9.127067565917969,0.0,9.213534355163574,9.05020809173584,9.127067565917969,0.0,44353792
2003-07-16,2.9707729816436768,8.982955932617188,0.0,9.232748985290527,8.963741302490234,8.982955932617188,0.0,51978891
2003-07-17,2.9866602420806885,9.030993461608887,0.0,9.040600776672363,8.82923698425293,9.030993461608887,0.0,21837988
2003-07-18,2.9644176959991455,8.963741302490234,0.0,9.07903003692627,8.906096458435059,8.963741302490234,0.0,21731335
2003-07-21,2.8976938724517822,8.761984825134277,0.0,9.059815406799316,8.694732666015625,8.761984825134277,0.0,15285073
2003-07-22,2.904050350189209,8.781200408935547,0.0,8.886881828308105,8.713948249816895,8.781200408935547,0.0,56720379
2003-07-23,2.8690993785858154,8.675518035888672,0.0,8.906096458435059,8.656303405761719,8.675518035888672,0.0,21337299
2003-07-24,2.97712779045105,9.00217056274414,0.0,9.011777877807617,8.713948249816895,9.00217056274414,0.0,28449830
2003-07-25,2.932645797729492,8.867667198181152,0.0,8.973347663879395,8.8004150390625,8.867667198181152,0.0,24816637
2003-07-28,3.024787664413452,9.146282196044922,0.0,9.146282196044922,9.040600776672363,9.146282196044922,0.0,18357668
2003-07-29,2.9707729816436768,8.982955932617188,0.0,9.155890464782715,8.877273559570312,8.982955932617188,0.0,15155945
2003-07-30,3.0057246685028076,9.088638305664062,0.0,9.175105094909668,8.934919357299805,9.088638305664062,0.0,22620079
2003-07-31,3.094686269760132,9.357645988464355,0.0,9.376860618591309,9.05020809173584,9.357645988464355,0.0,31060438
2003-08-01,3.0915110111236572,9.348038673400879,0.0,9.453720092773438,9.24235725402832,9.348038673400879,0.0,20928796
2003-08-04,3.050206422805786,9.22314167022705,0.0,9.405682563781738,9.155890464782715,9.22314167022705,0.0,83174772
2003-08-05,3.0978662967681885,9.367254257202148,0.0,9.424898147583008,9.232748985290527,9.367254257202148,0.0,26568328
2003-08-06,3.047027587890625,9.213534355163574,0.0,9.30000114440918,9.175105094909668,9.213534355163574,0.0,22059045
2003-08-07,3.024787664413452,9.146282196044922,0.0,9.309609413146973,9.069422721862793,9.146282196044922,0.0,18188329
2003-08-08,3.0343196392059326,9.175105094909668,0.0,9.309609413146973,9.107852935791016,9.175105094909668,0.0,13252220
2003-08-11,3.050206422805786,9.22314167022705,0.0,9.25196361541748,9.155890464782715,9.22314167022705,0.0,16967490
2003-08-12,3.0915110111236572,9.348038673400879,0.0,9.367254257202148,9.184712409973145,9.348038673400879,0.0,49602058
2003-08-13,3.07244610786438,9.290393829345703,0.0,9.4345064163208,9.22314167022705,9.290393829345703,0.0,41906788
2003-08-14,3.1391711235046387,9.49215030670166,0.0,9.49215030670166,9.309609413146973,9.49215030670166,0.0,24526387
2003-08-15,3.1391711235046387,9.49215030670166,0.0,9.49215030670166,9.49215030670166,9.49215030670166,0.0,0
2003-08-18,3.1772966384887695,9.607439994812012,0.0,9.607439994812012,9.501757621765137,9.607439994812012,0.0,22158943
2003-08-19,3.1868278980255127,9.636261940002441,0.0,9.71312141418457,9.559402465820312,9.636261940002441,0.0,19059387
2003-08-20,3.1772966384887695,9.607439994812012,0.0,9.674692153930664,9.540186882019043,9.607439994812012,0.0,12317948
2003-08-21,3.2090694904327393,9.703514099121094,0.0,9.741944313049316,9.617047309875488,9.703514099121094,0.0,11222434
2003-08-22,3.183652639389038,9.626653671264648,0.0,9.770766258239746,9.597831726074219,9.626653671264648,0.0,10749065
2003-08-25,3.1455252170562744,9.511364936828613,0.0,9.569009780883789,9.453720092773438,9.511364936828613,0.0,9388275
2003-08-26,3.1296393871307373,9.46332836151123,0.0,9.617047309875488,9.348038673400879,9.46332836151123,0.0,13571976
2003-08-27,3.120107412338257,9.4345064163208,0.0,9.530579566955566,9.328824043273926,9.4345064163208,0.0,12081920
2003-08-28,3.1487019062042236,9.520973205566406,0.0,9.578617095947266,9.386467933654785,9.520973205566406,0.0,15100943
2003-08-29,3.0978662967681885,9.367254257202148,0.0,9.597831726074219,9.357645988464355,9.367254257202148,0.0,31956629
2003-09-01,3.1518797874450684,9.530579566955566,0.0,9.540186882019043,9.424898147583008,9.530579566955566,0.0,35713684
2003-09-02,3.1487019062042236,9.520973205566406,0.0,9.569009780883789,9.47293472290039,9.520973205566406,0.0,13382680
2003-09-03,3.1772966384887695,9.607439994812012,0.0,9.665083885192871,9.578617095947266,9.607439994812012,0.0,21741117
2003-09-04,3.1741199493408203,9.597831726074219,0.0,9.645869255065918,9.540186882019043,9.597831726074219,0.0,11331251
2003-09-05,3.1487019062042236,9.520973205566406,0.0,9.636261940002441,9.47293472290039,9.520973205566406,0.0,9551702
2003-09-08,3.1772966384887695,9.607439994812012,0.0,9.617047309875488,9.511364936828613,9.607439994812012,0.0,23032404
2003-09-09,3.155055284500122,9.540186882019043,0.0,9.655476570129395,9.501757621765137,9.540186882019043,0.0,22519718
2003-09-10,3.0819783210754395,9.319215774536133,0.0,9.549795150756836,9.24235725402832,9.319215774536133,0.0,24574858
2003-09-11,3.0629141330718994,9.261571884155273,0.0,9.376860618591309,9.232748985290527,9.261571884155273,0.0,15961497
2003-09-12,3.002546548843384,9.07903003692627,0.0,9.357645988464355,9.07903003692627,9.07903003692627,0.0,23889654
2003-09-15,3.012077808380127,9.107852935791016,0.0,9.194319725036621,9.05020809173584,9.107852935791016,0.0,39953086
2003-09-16,3.047027587890625,9.213534355163574,0.0,9.213534355163574,9.098244667053223,9.213534355163574,0.0,20700313
2003-09-17,3.0406734943389893,9.194319725036621,0.0,9.319215774536133,9.184712409973145,9.194319725036621,0.0,22809060
2003-09-18,3.0883336067199707,9.338431358337402,0.0,9.348038673400879,9.184712409973145,9.338431358337402,0.0,24894229
2003-09-19,3.047027587890625,9.213534355163574,0.0,9.415290832519531,9.194319725036621,9.213534355163574,0.0,37225446
2003-09-22,2.9803049564361572,9.011777877807617,0.0,9.155890464782715,8.954133987426758,9.011777877807617,0.0,33252013
2003-09-23,2.932645797729492,8.867667198181152,0.0,9.059815406799316,8.82923698425293,8.867667198181152,0.0,65641719
2003-09-24,2.919936180114746,8.82923698425293,0.0,8.992563247680664,8.819628715515137,8.82923698425293,0.0,69847926
2003-09-25,2.904050350189209,8.781200408935547,0.0,8.82923698425293,8.694732666015625,8.781200408935547,0.0,22611209
2003-09-26,2.8563897609710693,8.63708782196045,0.0,8.8004150390625,8.617873191833496,8.63708782196045,0.0,106296303
2003-09-29,2.830972671508789,8.560229301452637,0.0,8.723554611206055,8.53140640258789,8.560229301452637,0.0,26568823
2003-09-30,2.8150851726531982,8.512190818786621,0.0,8.665909767150879,8.444938659667969,8.512190818786621,0.0,109466230
2003-10-01,2.830972671508789,8.560229301452637,0.0,8.617873191833496,8.512190818786621,8.560229301452637,0.0,22193071
2003-10-02,2.859567165374756,8.646696090698242,0.0,8.790806770324707,8.598657608032227,8.646696090698242,0.0,98774399
2003-10-03,2.9485316276550293,8.915703773498535,0.0,8.915703773498535,8.60826587677002,8.915703773498535,0.0,78625806
2003-10-06,2.92629075050354,8.848451614379883,0.0,8.906096458435059,8.810022354125977,8.848451614379883,0.0,54055013
2003-10-07,2.9104037284851074,8.8004150390625,0.0,8.896489143371582,8.752376556396484,8.8004150390625,0.0,58945762
2003-10-08,2.935823678970337,8.877273559570312,0.0,8.992563247680664,8.742770195007324,8.877273559570312,0.0,26482882
2003-10-09,2.9961907863616943,9.059815406799316,0.0,9.059815406799316,8.819628715515137,9.059815406799316,0.0,34065164
2003-10-10,2.980151414871216,8.925311088562012,0.086467,9.02138614654541,8.848451614379883,8.925311088562012,0.0,42582373
2003-10-13,3.0250630378723145,9.059815406799316,0.0,9.07903003692627,8.925311088562012,9.059815406799316,0.0,80461500
2003-10-14,3.0122323036193848,9.02138614654541,0.0,9.098244667053223,8.973347663879395,9.02138614654541,0.0,21396854
2003-10-15,3.0090229511260986,9.011777877807617,0.0,9.117460250854492,8.982955932617188,9.011777877807617,0.0,33576120
2003-10-16,3.0090229511260986,9.011777877807617,0.0,9.107852935791016,8.954133987426758,9.011777877807617,0.0,19385176
2003-10-17,2.9865686893463135,8.944525718688965,0.0,9.07903003692627,8.915703773498535,8.944525718688965,0.0,35204491
2003-10-20,2.9737367630004883,8.906096458435059,0.0,8.982955932617188,8.867667198181152,8.906096458435059,0.0,31566448
2003-10-21,2.992982864379883,8.963741302490234,0.0,9.011777877807617,8.915703773498535,8.963741302490234,0.0,23234457
2003-10-22,2.951280117034912,8.838844299316406,0.0,8.982955932617188,8.810022354125977,8.838844299316406,0.0,19337846
2003-10-23,2.9352405071258545,8.790806770324707,0.0,8.810022354125977,8.656303405761719,8.790806770324707,0.0,21521254
2003-10-24,2.948073148727417,8.82923698425293,0.0,8.82923698425293,8.704339981079102,8.82923698425293,0.0,15717550
2003-10-27,3.0218544006347656,9.05020809173584,0.0,9.05020809173584,8.886881828308105,9.05020809173584,0.0,32300306
2003-10-28,3.0795974731445312,9.22314167022705,0.0,9.22314167022705,9.059815406799316,9.22314167022705,0.0,47381038
2003-10-29,3.0892205238342285,9.25196361541748,0.0,9.309609413146973,9.184712409973145,9.25196361541748,0.0,61414537
2003-10-30,3.159795045852661,9.46332836151123,0.0,9.501757621765137,9.194319725036621,9.46332836151123,0.0,33353013
2003-10-31,3.1662118434906006,9.482542991638184,0.0,9.49215030670166,9.357645988464355,9.482542991638184,0.0,44436699
2003-11-03,3.220745801925659,9.645869255065918,0.0,9.655476570129395,9.501757621765137,9.645869255065918,0.0,26527938
2003-11-04,3.2079131603240967,9.607439994812012,0.0,9.674692153930664,9.578617095947266,9.607439994812012,0.0,42952328
2003-11-05,3.1758346557617188,9.511364936828613,0.0,9.588225364685059,9.47293472290039,9.511364936828613,0.0,38617617
2003-11-06,3.2047061920166016,9.597831726074219,0.0,9.645869255065918,9.444112777709961,9.597831726074219,0.0,32962241
2003-11-07,3.2367844581604004,9.6939058303833,0.0,9.741944313049316,9.636261940002441,9.6939058303833,0.0,43954289
2003-11-10,3.2079131603240967,9.607439994812012,0.0,9.6939058303833,9.559402465820312,9.607439994812012,0.0,18692752
2003-11-11,3.188666343688965,9.549795150756836,0.0,9.549795150756836,9.47293472290039,9.549795150756836,0.0,13380319
2003-11-12,3.2367844581604004,9.6939058303833,0.0,9.703514099121094,9.482542991638184,9.6939058303833,0.0,184954576
2003-11-13,3.2367844581604004,9.6939058303833,0.0,9.799588203430176,9.607439994812012,9.6939058303833,0.0,19849046
2003-11-14,3.2528250217437744,9.741944313049316,0.0,9.799588203430176,9.645869255065918,9.741944313049316,0.0,17498417
2003-11-17,3.143756151199341,9.415290832519531,0.0,9.626653671264648,9.386467933654785,9.415290832519531,0.0,26574762
2003-11-18,3.143756151199341,9.415290832519531,0.0,9.511364936828613,9.328824043273926,9.415290832519531,0.0,20648083
2003-11-19,3.1341309547424316,9.386467933654785,0.0,9.396076202392578,9.232748985290527,9.386467933654785,0.0,23061614
2003-11-20,3.118091106414795,9.338431358337402,0.0,9.4345064163208,9.194319725036621,9.338431358337402,0.0,25038420
2003-11-21,3.1565868854522705,9.453720092773438,0.0,9.453720092773438,9.30000114440918,9.453720092773438,0.0,19054012
2003-11-24,3.2175378799438477,9.636261940002441,0.0,9.655476570129395,9.444112777709961,9.636261940002441,0.0,17598677
2003-11-25,3.2047061920166016,9.597831726074219,0.0,9.68429946899414,9.559402465820312,9.597831726074219,0.0,19482153
2003-11-26,3.172626495361328,9.501757621765137,0.0,9.6939058303833,9.501757621765137,9.501757621765137,0.0,21270771
2003-11-27,3.1982903480529785,9.578617095947266,0.0,9.588225364685059,9.530579566955566,9.578617095947266,0.0,6703334
2003-11-28,3.2079131603240967,9.607439994812012,0.0,9.636261940002441,9.49215030670166,9.607439994812012,0.0,19543074
2003-12-01,3.304152011871338,9.895663261413574,0.0,9.895663261413574,9.645869255065918,9.895663261413574,0.0,25801137
2003-12-02,3.291318893432617,9.857233047485352,0.0,9.905269622802734,9.770766258239746,9.857233047485352,0.0,22303620
2003-12-03,3.313774824142456,9.924485206604004,0.0,9.934091567993164,9.780372619628906,9.924485206604004,0.0,14010666
2003-12-04,3.323399066925049,9.953307151794434,0.0,9.972521781921387,9.809196472167969,9.953307151794434,0.0,19892058
2003-12-05,3.291318893432617,9.857233047485352,0.0,9.962915420532227,9.818802833557129,9.857233047485352,0.0,12585450
2003-12-08,3.291318893432617,9.857233047485352,0.0,9.857233047485352,9.857233047485352,9.857233047485352,0.0,0
2003-12-09,3.291318893432617,9.857233047485352,0.0,9.895663261413574,9.780372619628906,9.857233047485352,0.0,30355959
2003-12-10,3.2720727920532227,9.799588203430176,0.0,9.847625732421875,9.655476570129395,9.799588203430176,0.0,20620681
2003-12-11,3.3073577880859375,9.905269622802734,0.0,9.905269622802734,9.741944313049316,9.905269622802734,0.0,21052367
2003-12-12,3.2977356910705566,9.876447677612305,0.0,9.991737365722656,9.828411102294922,9.876447677612305,0.0,17599306
2003-12-15,3.3105673789978027,9.914877891540527,0.0,10.020559310913086,9.876447677612305,9.914877891540527,0.0,26816896
2003-12-16,3.3394367694854736,10.001344680786133,0.0,10.020559310913086,9.828411102294922,10.001344680786133,0.0,20469765
2003-12-17,3.3458540439605713,10.020559310913086,0.0,10.030166625976562,9.914877891540527,10.020559310913086,0.0,21371349
2003-12-18,3.390765428543091,10.15506362915039,0.0,10.15506362915039,9.953307151794434,10.15506362915039,0.0,20464585
2003-12-19,3.3939738273620605,10.164670944213867,0.0,10.26074504852295,10.087812423706055,10.164670944213867,0.0,93579367
2003-12-22,3.4164278507232666,10.23192310333252,0.0,10.299175262451172,10.097418785095215,10.23192310333252,0.0,29885709
2003-12-23,3.4517149925231934,10.337605476379395,0.0,10.337605476379395,10.212708473205566,10.337605476379395,0.0,53888228
2003-12-24,3.4517149925231934,10.337605476379395,0.0,10.337605476379395,10.337605476379395,10.337605476379395,0.0,0
2003-12-25,3.4517149925231934,10.337605476379395,0.0,10.337605476379395,10.337605476379395,10.337605476379395,0.0,0
2003-12-26,3.4517149925231934,10.337605476379395,0.0,10.337605476379395,10.337605476379395,10.337605476379395,0.0,0
2003-12-29,3.499833822250366,10.481717109680176,0.0,10.481717109680176,10.318389892578125,10.481717109680176,0.0,51296753
2003-12-30,3.512665033340454,10.520146369934082,0.0,10.558575630187988,10.443286895751953,10.520146369934082,0.0,34100309
2003-12-31,3.512665033340454,10.520146369934082,0.0,10.520146369934082,10.520146369934082,10.520146369934082,0.0,0
2004-01-01,3.512665033340454,10.520146369934082,0.0,10.520146369934082,10.520146369934082,10.520146369934082,0.0,0
2004-01-02,3.5832407474517822,10.731510162353516,0.0,10.741116523742676,10.520146369934082,10.731510162353516,0.0,60136835
2004-01-05,3.6153204441070557,10.827584266662598,0.0,10.856407165527344,10.67386531829834,10.827584266662598,0.0,93975835
2004-01-06,3.6153204441070557,10.827584266662598,0.0,10.827584266662598,10.827584266662598,10.827584266662598,0.0,0
2004-01-07,3.6153204441070557,10.827584266662598,0.0,11.019733428955078,10.817976951599121,10.827584266662598,0.0,181955417
2004-01-08,3.602487325668335,10.789155006408691,0.0,10.923659324645996,10.741116523742676,10.789155006408691,0.0,37673831
2004-01-09,3.5992791652679443,10.779546737670898,0.0,10.89483642578125,10.64504337310791,10.779546737670898,0.0,41943206
2004-01-12,3.5669398307800293,10.597005844116211,0.086467,10.62582778930664,10.520146369934082,10.597005844116211,0.0,75457778
2004-01-13,3.560471773147583,10.577791213989258,0.0,10.693079948425293,10.558575630187988,10.577791213989258,0.0,70384360
2004-01-14,3.5475378036499023,10.539361000061035,0.0,10.597005844116211,10.481717109680176,10.539361000061035,0.0,32808677
2004-01-15,3.563706874847412,10.587397575378418,0.0,10.587397575378418,10.443286895751953,10.587397575378418,0.0,18959839
2004-01-16,3.5992791652679443,10.693079948425293,0.0,10.702688217163086,10.597005844116211,10.693079948425293,0.0,18741469
2004-01-19,3.5831103324890137,10.64504337310791,0.0,10.779546737670898,10.61622142791748,10.64504337310791,0.0,15177350
2004-01-20,3.5378353595733643,10.510539054870605,0.0,10.67386531829834,10.510539054870605,10.510539054870605,0.0,50409932
2004-01-21,3.570174217224121,10.606613159179688,0.0,10.606613159179688,10.443286895751953,10.606613159179688,0.0,20184190
2004-01-22,3.6025145053863525,10.702688217163086,0.0,10.760332107543945,10.664258003234863,10.702688217163086,0.0,33749506
2004-01-23,3.6025145053863525,10.702688217163086,0.0,10.789155006408691,10.683472633361816,10.702688217163086,0.0,30228639
2004-01-26,3.5507712364196777,10.548969268798828,0.0,10.712294578552246,10.500930786132812,10.548969268798828,0.0,22027736
2004-01-27,3.5410709381103516,10.520146369934082,0.0,10.721902847290039,10.520146369934082,10.520146369934082,0.0,18007335
2004-01-28,3.570174217224121,10.606613159179688,0.0,10.64504337310791,10.472108840942383,10.606613159179688,0.0,20166350
2004-01-29,3.5087318420410156,10.424072265625,0.0,10.558575630187988,10.3760347366333,10.424072265625,0.0,21524526
2004-01-30,3.4634578227996826,10.289567947387695,0.0,10.500930786132812,10.222315788269043,10.289567947387695,0.0,32843771
2004-02-02,3.4246511459350586,10.174278259277344,0.0,10.385642051696777,10.107026100158691,10.26074504852295,0.0,37601234
2004-02-03,3.3890788555145264,10.068596839904785,0.0,10.222315788269043,9.991737365722656,10.18388557434082,0.0,32523273
2004-02-04,3.31793475151062,9.857233047485352,0.0,9.943699836730957,9.818802833557129,9.905269622802734,0.0,126711069
2004-02-05,3.3049983978271484,9.818802833557129,0.0,10.049382209777832,9.809196472167969,9.857233047485352,0.0,55500705
2004-02-06,3.37614369392395,10.030166625976562,0.0,10.030166625976562,9.828411102294922,9.857233047485352,0.0,257334419
2004-02-09,3.505497455596924,10.414463996887207,0.0,10.414463996887207,10.049382209777832,10.087812423706055,0.0,65983342
2004-02-10,3.5572383403778076,10.568183898925781,0.0,10.587397575378418,10.337605476379395,10.40485668182373,0.0,49091402
2004-02-11,3.5572383403778076,10.568183898925781,0.0,10.587397575378418,10.356820106506348,10.510539054870605,0.0,29323191
2004-02-12,3.5475378036499023,10.539361000061035,0.0,10.606613159179688,10.414463996887207,10.568183898925781,0.0,30073567
2004-02-13,3.534601926803589,10.500930786132812,0.0,10.548969268798828,10.443286895751953,10.500930786132812,0.0,16270151
2004-02-16,3.5313687324523926,10.491324424743652,0.0,10.510539054870605,10.43367862701416,10.45289421081543,0.0,26070316
2004-02-17,3.5281341075897217,10.481717109680176,0.0,10.539361000061035,10.414463996887207,10.481717109680176,0.0,20900572
2004-02-18,3.5507712364196777,10.548969268798828,0.0,10.548969268798828,10.45289421081543,10.529753684997559,0.0,13675318
2004-02-19,3.6186811923980713,10.750724792480469,0.0,10.750724792480469,10.520146369934082,10.548969268798828,0.0,25809872
2004-02-20,3.5669398307800293,10.597005844116211,0.0,10.721902847290039,10.529753684997559,10.65464973449707,0.0,20895503
2004-02-23,3.560471773147583,10.577791213989258,0.0,10.67386531829834,10.548969268798828,10.577791213989258,0.0,11811616
2004-02-24,3.5119640827178955,10.43367862701416,0.0,10.558575630187988,10.318389892578125,10.539361000061035,0.0,21265654
2004-02-25,3.5249006748199463,10.472108840942383,0.0,10.510539054870605,10.347211837768555,10.43367862701416,0.0,44652800
2004-02-26,3.5249006748199463,10.472108840942383,0.0,10.548969268798828,10.327998161315918,10.539361000061035,0.0,16058273
2004-02-27,3.5895779132843018,10.664258003234863,0.0,10.664258003234863,10.491324424743652,10.520146369934082,0.0,35902800
2004-03-01,3.5895779132843018,10.664258003234863,0.0,10.741116523742676,10.587397575378418,10.664258003234863,0.0,18005579
2004-03-02,3.6219162940979004,10.760332107543945,0.0,10.760332107543945,10.635436058044434,10.760332107543945,0.0,20097620
2004-03-03,3.5863425731658936,10.65464973449707,0.0,10.741116523742676,10.606613159179688,10.65464973449707,0.0,18497493
2004-03-04,3.6283838748931885,10.779546737670898,0.0,10.817976951599121,10.635436058044434,10.779546737670898,0.0,16768527
2004-03-05,3.6283838748931885,10.779546737670898,0.0,10.856407165527344,10.664258003234863,10.779546737670898,0.0,22145227
2004-03-08,3.647787570953369,10.837191581726074,0.0,10.856407165527344,10.760332107543945,10.837191581726074,0.0,14014962
2004-03-09,3.5960440635681152,10.683472633361816,0.0,10.789155006408691,10.65464973449707,10.683472633361816,0.0,16403331
2004-03-10,3.5960440635681152,10.683472633361816,0.0,10.712294578552246,10.587397575378418,10.683472633361816,0.0,19344337
2004-03-11,3.505497455596924,10.414463996887207,0.0,10.548969268798828,10.308782577514648,10.414463996887207,0.0,27675409
2004-03-12,3.4796271324157715,10.337605476379395,0.0,10.347211837768555,10.030166625976562,10.337605476379395,0.0,29326530
2004-03-15,3.3049983978271484,9.818802833557129,0.0,10.15506362915039,9.818802833557129,9.818802833557129,0.0,45349920
2004-03-16,3.3535075187683105,9.962915420532227,0.0,10.097418785095215,9.751550674438477,9.962915420532227,0.0,33556354
2004-03-17,3.453756332397461,10.26074504852295,0.0,10.289567947387695,10.001344680786133,10.26074504852295,0.0,57771252
2004-03-18,3.3632073402404785,9.991737365722656,0.0,10.318389892578125,9.934091567993164,9.991737365722656,0.0,24570103
2004-03-19,3.418184280395508,10.15506362915039,0.0,10.18388557434082,9.943699836730957,10.15506362915039,0.0,36368114
2004-03-22,3.3470394611358643,9.943699836730957,0.0,10.030166625976562,9.838018417358398,9.943699836730957,0.0,33399865
2004-03-23,3.3923120498657227,10.078204154968262,0.0,10.20310115814209,9.886054992675781,10.078204154968262,0.0,23085956
2004-03-24,3.414949893951416,10.145456314086914,0.0,10.241531372070312,9.98213005065918,10.145456314086914,0.0,29991927
2004-03-25,3.476393222808838,10.327998161315918,0.0,10.327998161315918,10.193492889404297,10.327998161315918,0.0,28550319
2004-03-26,3.489328622817993,10.366427421569824,0.0,10.414463996887207,10.308782577514648,10.366427421569824,0.0,20046414
2004-03-29,3.515199899673462,10.443286895751953,0.0,10.481717109680176,10.251137733459473,10.443286895751953,0.0,41716861
2004-03-30,3.499030351638794,10.39525032043457,0.0,10.45289421081543,10.327998161315918,10.39525032043457,0.0,18838366
2004-03-31,3.4828598499298096,10.347211837768555,0.0,10.43367862701416,10.279959678649902,10.347211837768555,0.0,48830015
2004-04-01,3.5249006748199463,10.472108840942383,0.0,10.481717109680176,10.337605476379395,10.472108840942383,0.0,117898287
2004-04-02,3.615449905395508,10.741116523742676,0.0,10.760332107543945,10.3760347366333,10.741116523742676,0.0,134006911
2004-04-05,3.6283838748931885,10.779546737670898,0.0,10.837191581726074,10.664258003234863,10.779546737670898,0.0,134123645
2004-04-06,3.6283838748931885,10.779546737670898,0.0,10.875621795654297,10.65464973449707,10.779546737670898,0.0,114855037
2004-04-07,3.6574881076812744,10.866013526916504,0.0,10.866013526916504,10.683472633361816,10.866013526916504,0.0,41890647
2004-04-08,3.686594247817993,10.952481269836426,0.0,11.029340744018555,10.866013526916504,10.952481269836426,0.0,45987309
2004-04-09,3.686594247817993,10.952481269836426,0.0,10.952481269836426,10.952481269836426,10.952481269836426,0.0,0
2004-04-12,3.686594247817993,10.952481269836426,0.0,10.952481269836426,10.952481269836426,10.952481269836426,0.0,0
2004-04-13,3.730363607406616,10.971695899963379,0.109525,11.019733428955078,10.866013526916504,10.971695899963379,0.0,54605230
2004-04-14,3.6519672870635986,10.741116523742676,0.0,10.866013526916504,10.62582778930664,10.741116523742676,0.0,127550914
2004-04-15,3.6225690841674805,10.65464973449707,0.0,10.760332107543945,10.61622142791748,10.65464973449707,0.0,30448612
2004-04-16,3.661768913269043,10.769940376281738,0.0,10.779546737670898,10.65464973449707,10.769940376281738,0.0,23953282
2004-04-19,3.6389026641845703,10.702688217163086,0.0,10.798762321472168,10.62582778930664,10.702688217163086,0.0,75451368
2004-04-20,3.6421685218811035,10.712294578552246,0.0,10.808369636535645,10.712294578552246,10.712294578552246,0.0,15323459
2004-04-21,3.6062355041503906,10.606613159179688,0.0,10.683472633361816,10.577791213989258,10.606613159179688,0.0,17928663
2004-04-22,3.6454343795776367,10.721902847290039,0.0,10.789155006408691,10.529753684997559,10.721902847290039,0.0,35290612
2004-04-23,3.6519672870635986,10.741116523742676,0.0,10.885229110717773,10.721902847290039,10.741116523742676,0.0,47270244
2004-04-26,3.6944327354431152,10.866013526916504,0.0,10.904443740844727,10.760332107543945,10.866013526916504,0.0,22759534
2004-04-27,3.7173001766204834,10.933265686035156,0.0,10.94287395477295,10.817976951599121,10.933265686035156,0.0,24883561
2004-04-28,3.6389026641845703,10.702688217163086,0.0,10.923659324645996,10.693079948425293,10.702688217163086,0.0,17039994
2004-04-29,3.625835418701172,10.664258003234863,0.0,10.721902847290039,10.529753684997559,10.664258003234863,0.0,26505218
2004-04-30,3.5964372158050537,10.577791213989258,0.0,10.664258003234863,10.529753684997559,10.577791213989258,0.0,20001407
2004-05-03,3.6454343795776367,10.721902847290039,0.0,10.721902847290039,10.529753684997559,10.721902847290039,0.0,13195948
2004-05-04,3.658501148223877,10.760332107543945,0.0,10.779546737670898,10.597005844116211,10.760332107543945,0.0,23845727
2004-05-05,3.7140307426452637,10.923659324645996,0.0,10.923659324645996,10.62582778930664,10.923659324645996,0.0,19092032
2004-05-06,3.619302988052368,10.64504337310791,0.0,10.885229110717773,10.64504337310791,10.64504337310791,0.0,79524418
2004-05-07,3.5507073402404785,10.443286895751953,0.0,10.683472633361816,10.3760347366333,10.443286895751953,0.0,53514734
2004-05-10,3.4396438598632812,10.116634368896484,0.0,10.299175262451172,10.039773941040039,10.116634368896484,0.0,34990340
2004-05-11,3.5213065147399902,10.356820106506348,0.0,10.356820106506348,10.126240730285645,10.356820106506348,0.0,24448006
2004-05-12,3.469043016433716,10.20310115814209,0.0,10.414463996887207,10.18388557434082,10.20310115814209,0.0,31406347
2004-05-13,3.4919087886810303,10.270353317260742,0.0,10.308782577514648,10.135848999023438,10.270353317260742,0.0,23736774
2004-05-14,3.465777635574341,10.193492889404297,0.0,10.279959678649902,10.116634368896484,10.193492889404297,0.0,50788534
2004-05-17,3.3971784114837646,9.991737365722656,0.0,10.087812423706055,9.886054992675781,9.991737365722656,0.0,21293659
2004-05-18,3.420044422149658,10.058988571166992,0.0,10.135848999023438,10.020559310913086,10.058988571166992,0.0,24498111
2004-05-19,3.5409064292907715,10.414463996887207,0.0,10.424072265625,10.164670944213867,10.414463996887207,0.0,20584497
2004-05-20,3.4788424968719482,10.23192310333252,0.0,10.318389892578125,10.15506362915039,10.23192310333252,0.0,34217983
2004-05-21,3.465777635574341,10.193492889404297,0.0,10.347211837768555,10.116634368896484,10.193492889404297,0.0,17253471
2004-05-24,3.5278403759002686,10.3760347366333,0.0,10.481717109680176,10.241531372070312,10.3760347366333,0.0,17374397
2004-05-25,3.5180411338806152,10.347211837768555,0.0,10.366427421569824,10.222315788269043,10.347211837768555,0.0,16543287
2004-05-26,3.5572383403778076,10.462501525878906,0.0,10.548969268798828,10.45289421081543,10.462501525878906,0.0,23666062
2004-05-27,3.570305109024048,10.500930786132812,0.0,10.558575630187988,10.43367862701416,10.500930786132812,0.0,17646224
2004-05-28,3.5409064292907715,10.414463996887207,0.0,10.587397575378418,10.414463996887207,10.414463996887207,0.0,16104639
2004-05-31,3.5376405715942383,10.40485668182373,0.0,10.40485668182373,10.337605476379395,10.40485668182373,0.0,11278222
2004-06-01,3.485374927520752,10.251137733459473,0.0,10.3760347366333,10.222315788269043,10.251137733459473,0.0,14425995
2004-06-02,3.5115089416503906,10.327998161315918,0.0,10.40485668182373,10.299175262451172,10.327998161315918,0.0,13549517
2004-06-03,3.524574041366577,10.366427421569824,0.0,10.3760347366333,10.20310115814209,10.366427421569824,0.0,13736004
2004-06-04,3.5833706855773926,10.539361000061035,0.0,10.577791213989258,10.327998161315918,10.539361000061035,0.0,16476289
2004-06-07,3.6356353759765625,10.693079948425293,0.0,10.693079948425293,10.577791213989258,10.693079948425293,0.0,13787792
2004-06-08,3.6356353759765625,10.693079948425293,0.0,10.741116523742676,10.635436058044434,10.693079948425293,0.0,14358590
2004-06-09,3.6095032691955566,10.61622142791748,0.0,10.779546737670898,10.606613159179688,10.61622142791748,0.0,16150408
2004-06-10,3.6127712726593018,10.62582778930664,0.0,10.65464973449707,10.558575630187988,10.62582778930664,0.0,16033500
2004-06-11,3.6062355041503906,10.606613159179688,0.0,10.61622142791748,10.510539054870605,10.606613159179688,0.0,11351321
2004-06-14,3.5409064292907715,10.414463996887207,0.0,10.568183898925781,10.366427421569824,10.414463996887207,0.0,49446100
2004-06-15,3.5833706855773926,10.539361000061035,0.0,10.577791213989258,10.39525032043457,10.539361000061035,0.0,16208142
2004-06-16,3.616037368774414,10.635436058044434,0.0,10.635436058044434,10.548969268798828,10.635436058044434,0.0,12457744
2004-06-17,3.6487014293670654,10.731510162353516,0.0,10.731510162353516,10.597005844116211,10.731510162353516,0.0,18196152
2004-06-18,3.661768913269043,10.769940376281738,0.0,10.808369636535645,10.67386531829834,10.769940376281738,0.0,49903304
2004-06-21,3.6552348136901855,10.750724792480469,0.0,10.866013526916504,10.712294578552246,10.750724792480469,0.0,64310463
2004-06-22,3.6029698848724365,10.597005844116211,0.0,10.721902847290039,10.548969268798828,10.597005844116211,0.0,19137268
2004-06-23,3.6127712726593018,10.62582778930664,0.0,10.683472633361816,10.568183898925781,10.62582778930664,0.0,16079489
2004-06-24,3.6454343795776367,10.721902847290039,0.0,10.779546737670898,10.67386531829834,10.721902847290039,0.0,41532737
2004-06-25,3.6127712726593018,10.62582778930664,0.0,10.779546737670898,10.62582778930664,10.62582778930664,0.0,20819033
2004-06-28,3.6454343795776367,10.721902847290039,0.0,10.750724792480469,10.61622142791748,10.721902847290039,0.0,43020729
2004-06-29,3.6225690841674805,10.65464973449707,0.0,10.712294578552246,10.62582778930664,10.65464973449707,0.0,20268475
2004-06-30,3.586638927459717,10.548969268798828,0.0,10.693079948425293,10.548969268798828,10.548969268798828,0.0,24457095
2004-07-01,3.57357120513916,10.510539054870605,0.0,10.683472633361816,10.45289421081543,10.510539054870605,0.0,61908029
2004-07-02,3.589904546737671,10.558575630187988,0.0,10.558575630187988,10.443286895751953,10.558575630187988,0.0,110240630
2004-07-05,3.5931711196899414,10.568183898925781,0.0,10.61622142791748,10.529753684997559,10.568183898925781,0.0,64759373
2004-07-06,3.5409064292907715,10.414463996887207,0.0,10.606613159179688,10.3760347366333,10.414463996887207,0.0,24002177
2004-07-07,3.5931711196899414,10.568183898925781,0.0,10.64504337310791,10.43367862701416,10.568183898925781,0.0,154419724
2004-07-08,3.619302988052368,10.64504337310791,0.0,10.64504337310791,10.481717109680176,10.64504337310791,0.0,91959564
2004-07-09,3.586638927459717,10.548969268798828,0.0,10.61622142791748,10.443286895751953,10.548969268798828,0.0,32293693
2004-07-12,3.5965263843536377,10.481717109680176,0.096074,10.664258003234863,10.481717109680176,10.481717109680176,0.0,47644023
2004-07-13,3.6261966228485107,10.568183898925781,0.0,10.64504337310791,10.529753684997559,10.568183898925781,0.0,13600753
2004-07-14,3.6261966228485107,10.568183898925781,0.0,10.577791213989258,10.443286895751953,10.568183898925781,0.0,48810530
2004-07-15,3.583341598510742,10.443286895751953,0.0,10.587397575378418,10.443286895751953,10.443286895751953,0.0,88627588
2004-07-16,3.583341598510742,10.443286895751953,0.0,10.520146369934082,10.385642051696777,10.443286895751953,0.0,29877422
2004-07-19,3.570155143737793,10.40485668182373,0.0,10.43367862701416,10.299175262451172,10.40485668182373,0.0,15148020
2004-07-20,3.5899341106414795,10.462501525878906,0.0,10.520146369934082,10.318389892578125,10.462501525878906,0.0,13361653
2004-07-21,3.599823236465454,10.491324424743652,0.0,10.577791213989258,10.424072265625,10.491324424743652,0.0,63751392
2004-07-22,3.5569682121276855,10.366427421569824,0.0,10.424072265625,10.308782577514648,10.366427421569824,0.0,18393732
2004-07-23,3.507521390914917,10.222315788269043,0.0,10.43367862701416,10.145456314086914,10.222315788269043,0.0,53506178
2004-07-26,3.484445810317993,10.15506362915039,0.0,10.18388557434082,10.030166625976562,10.15506362915039,0.0,60547092
2004-07-27,3.570155143737793,10.40485668182373,0.0,10.45289421081543,10.164670944213867,10.40485668182373,0.0,28396097
2004-07-28,3.5569682121276855,10.366427421569824,0.0,10.491324424743652,10.337605476379395,10.366427421569824,0.0,18610655
2004-07-29,3.6196038722991943,10.548969268798828,0.0,10.568183898925781,10.39525032043457,10.548969268798828,0.0,48257333
2004-07-30,3.645975351333618,10.62582778930664,0.0,10.62582778930664,10.520146369934082,10.529753684997559,0.0,27071842
2004-08-02,3.632789373397827,10.587397575378418,0.0,10.635436058044434,10.520146369934082,10.539361000061035,0.0,18585544
2004-08-03,3.6360855102539062,10.597005844116211,0.0,10.65464973449707,10.577791213989258,10.587397575378418,0.0,29018146
2004-08-04,3.609713554382324,10.520146369934082,0.0,10.558575630187988,10.40485668182373,10.529753684997559,0.0,16035343
2004-08-05,3.6261966228485107,10.568183898925781,0.0,10.64504337310791,10.558575630187988,10.520146369934082,0.0,9332564
2004-08-06,3.570155143737793,10.40485668182373,0.0,10.510539054870605,10.3760347366333,10.568183898925781,0.0,109973786
2004-08-09,3.530594825744629,10.289567947387695,0.0,10.424072265625,10.193492889404297,10.385642051696777,0.0,60678338
2004-08-10,3.5338926315307617,10.299175262451172,0.0,10.327998161315918,10.222315788269043,10.289567947387695,0.0,12643558
2004-08-11,3.504223346710205,10.212708473205566,0.0,10.347211837768555,10.068596839904785,10.327998161315918,0.0,33973878
2004-08-12,3.5207059383392334,10.26074504852295,0.0,10.318389892578125,10.145456314086914,10.174278259277344,0.0,15675341
2004-08-13,3.4778525829315186,10.135848999023438,0.0,10.20310115814209,10.116634368896484,10.145456314086914,0.0,13383638
2004-08-16,3.4778525829315186,10.135848999023438,0.0,10.135848999023438,10.135848999023438,10.135848999023438,0.0,0
2004-08-17,3.5371901988983154,10.308782577514648,0.0,10.40485668182373,10.212708473205566,10.279959678649902,0.0,17853340
2004-08-18,3.583341598510742,10.443286895751953,0.0,10.443286895751953,10.270353317260742,10.308782577514648,0.0,20118674
2004-08-19,3.5668585300445557,10.39525032043457,0.0,10.548969268798828,10.385642051696777,10.491324424743652,0.0,17140726
2004-08-20,3.5569682121276855,10.366427421569824,0.0,10.40485668182373,10.318389892578125,10.39525032043457,0.0,10794392
2004-08-23,3.603120803833008,10.500930786132812,0.0,10.548969268798828,10.414463996887207,10.366427421569824,0.0,10617044
2004-08-24,3.599823236465454,10.491324424743652,0.0,10.520146369934082,10.45289421081543,10.500930786132812,0.0,11951550
2004-08-25,3.5734505653381348,10.414463996887207,0.0,10.500930786132812,10.3760347366333,10.472108840942383,0.0,22168860
2004-08-26,3.5965263843536377,10.481717109680176,0.0,10.529753684997559,10.462501525878906,10.500930786132812,0.0,11359467
2004-08-27,3.613009452819824,10.529753684997559,0.0,10.539361000061035,10.45289421081543,10.481717109680176,0.0,22824560
2004-08-30,3.609713554382324,10.520146369934082,0.0,10.597005844116211,10.510539054870605,10.548969268798828,0.0,9916193
2004-08-31,3.603120803833008,10.500930786132812,0.0,10.597005844116211,10.491324424743652,10.500930786132812,0.0,19902013
2004-09-01,3.649272918701172,10.635436058044434,0.0,10.664258003234863,10.568183898925781,10.597005844116211,0.0,13902558
2004-09-02,3.692126989364624,10.760332107543945,0.0,10.769940376281738,10.577791213989258,10.635436058044434,0.0,40160284
2004-09-03,3.738279342651367,10.89483642578125,0.0,10.904443740844727,10.731510162353516,10.741116523742676,0.0,22195309
2004-09-06,3.748167037963867,10.923659324645996,0.0,10.94287395477295,10.856407165527344,10.89483642578125,0.0,17593069
2004-09-07,3.7547607421875,10.94287395477295,0.0,10.94287395477295,10.875621795654297,10.904443740844727,0.0,11767276
2004-09-08,3.738279342651367,10.89483642578125,0.0,10.94287395477295,10.856407165527344,10.933265686035156,0.0,28320374
2004-09-09,3.6987199783325195,10.779546737670898,0.0,10.875621795654297,10.760332107543945,10.84679889678955,0.0,14455328
2004-09-10,3.7119052410125732,10.817976951599121,0.0,10.837191581726074,10.760332107543945,10.789155006408691,0.0,9960860
2004-09-13,3.751466751098633,10.933265686035156,0.0,10.952481269836426,10.84679889678955,10.856407165527344,0.0,16123379
2004-09-14,3.7316842079162598,10.875621795654297,0.0,10.923659324645996,10.837191581726074,10.904443740844727,0.0,16827344
2004-09-15,3.708608627319336,10.808369636535645,0.0,10.875621795654297,10.721902847290039,10.856407165527344,0.0,42043249
2004-09-16,3.715202808380127,10.827584266662598,0.0,10.84679889678955,10.721902847290039,10.808369636535645,0.0,53359246
2004-09-17,3.7119052410125732,10.817976951599121,0.0,10.885229110717773,10.741116523742676,10.798762321472168,0.0,34723516
2004-09-20,3.6888303756713867,10.750724792480469,0.0,10.837191581726074,10.693079948425293,10.817976951599121,0.0,74628346
2004-09-21,3.6987199783325195,10.779546737670898,0.0,10.798762321472168,10.67386531829834,10.67386531829834,0.0,51402433
2004-09-22,3.672348737716675,10.702688217163086,0.0,10.779546737670898,10.683472633361816,10.760332107543945,0.0,105632405
2004-09-23,3.6591603755950928,10.664258003234863,0.0,10.693079948425293,10.597005844116211,10.64504337310791,0.0,34010131
2004-09-24,3.645975351333618,10.62582778930664,0.0,10.683472633361816,10.577791213989258,10.664258003234863,0.0,51790893
2004-09-27,3.606417655944824,10.510539054870605,0.0,10.61622142791748,10.510539054870605,10.62582778930664,0.0,10250703
2004-09-28,3.6360855102539062,10.597005844116211,0.0,10.635436058044434,10.491324424743652,10.510539054870605,0.0,34232590
2004-09-29,3.645975351333618,10.62582778930664,0.0,10.683472633361816,10.577791213989258,10.635436058044434,0.0,50949992
2004-09-30,3.65256929397583,10.64504337310791,0.0,10.741116523742676,10.64504337310791,10.67386531829834,0.0,33124318
2004-10-01,3.7448723316192627,10.914051055908203,0.0,10.914051055908203,10.64504337310791,10.664258003234863,0.0,64781481
2004-10-04,3.830583095550537,11.16384506225586,0.0,11.279133796691895,10.933265686035156,10.914051055908203,0.0,88128683
2004-10-05,3.8239893913269043,11.144630432128906,0.0,11.250311851501465,11.077378273010254,11.16384506225586,0.0,48212624
2004-10-06,3.856954336166382,11.240703582763672,0.0,11.307955741882324,11.077378273010254,11.144630432128906,0.0,79306171
2004-10-07,3.9228835105895996,11.432852745056152,0.0,11.471282958984375,11.231097221374512,11.288742065429688,0.0,89435885
2004-10-08,3.8965134620666504,11.35599422454834,0.0,11.490497589111328,11.288742065429688,11.432852745056152,0.0,56845911
2004-10-11,3.8998374938964844,11.269527435302734,0.096074,11.327171325683594,11.183059692382812,11.259919166564941,0.0,77177362
2004-10-12,3.8998374938964844,11.269527435302734,0.0,11.269527435302734,11.269527435302734,11.269527435302734,0.0,0
2004-10-13,3.9264347553253174,11.346385955810547,0.0,11.404030799865723,11.240703582763672,11.269527435302734,0.0,187661062
2004-10-14,3.90981125831604,11.298349380493164,0.0,11.3656005859375,11.240703582763672,11.346385955810547,0.0,27088516
2004-10-15,3.913135528564453,11.307955741882324,0.0,11.307955741882324,11.173452377319336,11.298349380493164,0.0,69134204
2004-10-18,3.933084487915039,11.3656005859375,0.0,11.423246383666992,11.298349380493164,11.307955741882324,0.0,21820076
2004-10-19,3.992929458618164,11.538535118103027,0.0,11.57696533203125,11.423246383666992,11.3656005859375,0.0,47995328
2004-10-20,3.956355333328247,11.432852745056152,0.0,11.500104904174805,11.39442253112793,11.423246383666992,0.0,31086605
2004-10-21,3.9729807376861572,11.480890274047852,0.0,11.509713172912598,11.39442253112793,11.480890274047852,0.0,55435610
2004-10-22,3.9763031005859375,11.490497589111328,0.0,11.61539363861084,11.442461013793945,11.442461013793945,0.0,46392670
2004-10-25,3.896512269973755,11.259919166564941,0.0,11.327171325683594,11.173452377319336,11.307955741882324,0.0,85160885
2004-10-26,3.9064860343933105,11.288742065429688,0.0,11.346385955810547,11.202275276184082,11.307955741882324,0.0,61259378
2004-10-27,3.9962525367736816,11.548142433166504,0.0,11.548142433166504,11.269527435302734,11.288742065429688,0.0,77505316
2004-10-28,4.089343547821045,11.817151069641113,0.0,11.817151069641113,11.596179962158203,11.596179962158203,0.0,39427745
2004-10-29,4.089343547821045,11.817151069641113,0.0,11.970870018005371,11.730684280395508,11.82675838470459,0.0,38323143
2004-11-01,4.089343547821045,11.817151069641113,0.0,11.817151069641113,11.817151069641113,11.817151069641113,0.0,0
2004-11-02,4.1791090965271,12.076552391052246,0.0,12.076552391052246,11.913225173950195,11.951655387878418,0.0,34109450
2004-11-03,4.1857590675354,12.095766067504883,0.0,12.220663070678711,12.057336807250977,12.076552391052246,0.0,38808306
2004-11-04,4.175784587860107,12.066944122314453,0.0,12.143803596496582,11.932439804077148,12.134196281433105,0.0,38507240
2004-11-05,4.18908166885376,12.105374336242676,0.0,12.230271339416504,12.038122177124023,12.201448440551758,0.0,48056256
2004-11-08,4.182433605194092,12.086158752441406,0.0,12.182232856750488,12.057336807250977,12.076552391052246,0.0,27691372
2004-11-09,4.132564067840576,11.942047119140625,0.0,12.086158752441406,11.942047119140625,12.066944122314453,0.0,34303602
2004-11-10,4.1225905418396,11.913225173950195,0.0,12.038122177124023,11.913225173950195,11.980477333068848,0.0,22662426
2004-11-11,4.082695007324219,11.79793643951416,0.0,11.961261749267578,11.701861381530762,11.913225173950195,0.0,46534668
2004-11-12,4.0494489669799805,11.701861381530762,0.0,11.894009590148926,11.701861381530762,11.894009590148926,0.0,26458494
2004-11-15,4.056097030639648,11.721076011657715,0.0,11.769113540649414,11.63460922241211,11.740290641784668,0.0,26680697
2004-11-16,4.029499530792236,11.644216537475586,0.0,11.788328170776367,11.644216537475586,11.749898910522461,0.0,17784404
2004-11-17,4.142538070678711,11.970870018005371,0.0,11.980477333068848,11.673039436340332,11.682646751403809,0.0,43300077
2004-11-18,4.135889530181885,11.951655387878418,0.0,12.02851390838623,11.913225173950195,11.932439804077148,0.0,13989387
2004-11-19,4.119266033172607,11.903617858886719,0.0,12.086158752441406,11.884403228759766,11.961261749267578,0.0,19636458
2004-11-22,4.095991611480713,11.836365699768066,0.0,11.85558032989502,11.701861381530762,11.769113540649414,0.0,16148911
2004-11-23,4.109289646148682,11.874794960021973,0.0,11.942047119140625,11.788328170776367,11.894009590148926,0.0,15123331
2004-11-24,4.139214038848877,11.961261749267578,0.0,11.970870018005371,11.85558032989502,11.951655387878418,0.0,16332685
2004-11-25,4.18908166885376,12.105374336242676,0.0,12.105374336242676,11.990084648132324,11.990084648132324,0.0,17997978
2004-11-26,4.1857590675354,12.095766067504883,0.0,12.095766067504883,11.990084648132324,12.057336807250977,0.0,10441709
2004-11-29,4.139214038848877,11.961261749267578,0.0,12.143803596496582,11.903617858886719,12.095766067504883,0.0,14747568
2004-11-30,4.115940570831299,11.894009590148926,0.0,11.951655387878418,11.77872085571289,11.961261749267578,0.0,33104535
2004-12-01,4.1225905418396,11.913225173950195,0.0,11.9996919631958,11.82675838470459,11.894009590148926,0.0,18808544
2004-12-02,4.182433605194092,12.086158752441406,0.0,12.086158752441406,11.942047119140625,11.913225173950195,0.0,52671275
2004-12-03,4.155837059020996,12.009300231933594,0.0,12.163019180297852,11.894009590148926,12.057336807250977,0.0,21064227
2004-12-06,4.155837059020996,12.009300231933594,0.0,12.009300231933594,12.009300231933594,12.009300231933594,0.0,0
2004-12-07,4.169137001037598,12.047728538513184,0.0,12.124588966369629,11.913225173950195,12.009300231933594,0.0,19392460
2004-12-08,4.169137001037598,12.047728538513184,0.0,12.047728538513184,12.047728538513184,12.047728538513184,0.0,0
2004-12-09,4.155837059020996,12.009300231933594,0.0,12.114980697631836,11.980477333068848,12.076552391052246,0.0,19787685
2004-12-10,4.159160614013672,12.018906593322754,0.0,12.105374336242676,12.009300231933594,12.095766067504883,0.0,20843211
2004-12-13,4.2057061195373535,12.153410911560059,0.0,12.201448440551758,12.076552391052246,12.076552391052246,0.0,22707037
2004-12-14,4.199057102203369,12.134196281433105,0.0,12.239877700805664,12.124588966369629,12.201448440551758,0.0,14672493
2004-12-15,4.182433605194092,12.086158752441406,0.0,12.230271339416504,12.086158752441406,12.191841125488281,0.0,22218801
2004-12-16,4.232305526733398,12.230271339416504,0.0,12.230271339416504,12.095766067504883,12.124588966369629,0.0,27600599
2004-12-17,4.2223310470581055,12.201448440551758,0.0,12.29752254486084,12.009300231933594,12.230271339416504,0.0,53885946
2004-12-20,4.2057061195373535,12.153410911560059,0.0,12.239877700805664,12.095766067504883,12.201448440551758,0.0,35207559
2004-12-21,4.278849124908447,12.364774703979492,0.0,12.364774703979492,12.134196281433105,12.172625541687012,0.0,18843625
2004-12-22,4.298796653747559,12.422418594360352,0.0,12.460848808288574,12.326345443725586,12.412812232971191,0.0,21244254
2004-12-23,4.322071552276611,12.48967170715332,0.0,12.499279022216797,12.412812232971191,12.422418594360352,0.0,21954964
2004-12-24,4.322071552276611,12.48967170715332,0.0,12.48967170715332,12.48967170715332,12.48967170715332,0.0,0
2004-12-27,4.315420150756836,12.470457077026367,0.0,12.51849365234375,12.441634178161621,12.451242446899414,0.0,10095150
2004-12-28,4.325395107269287,12.499279022216797,0.0,12.499279022216797,12.432026863098145,12.480064392089844,0.0,7727685
2004-12-29,4.351992607116699,12.57613754272461,0.0,12.585745811462402,12.470457077026367,12.51849365234375,0.0,48038957
2004-12-30,4.338693141937256,12.53770923614502,0.0,12.595353126525879,12.53770923614502,12.57613754272461,0.0,14079731
2004-12-31,4.338693141937256,12.53770923614502,0.0,12.53770923614502,12.53770923614502,12.53770923614502,0.0,0
2005-01-03,4.365291118621826,12.614567756652832,0.0,12.71064281463623,12.499279022216797,12.53770923614502,0.0,78806237
2005-01-04,4.342017650604248,12.54731559753418,0.0,12.643390655517578,12.508886337280273,12.614567756652832,0.0,250267709
2005-01-05,4.3187456130981445,12.480064392089844,0.0,12.48967170715332,12.364774703979492,12.54731559753418,0.0,71712431
2005-01-06,4.3187456130981445,12.480064392089844,0.0,12.480064392089844,12.480064392089844,12.480064392089844,0.0,0
2005-01-07,4.361966133117676,12.604961395263672,0.0,12.624176025390625,12.528100967407227,12.480064392089844,0.0,38715662
2005-01-10,4.372016906738281,12.53770923614502,0.096074,12.54731559753418,12.393596649169922,12.508886337280273,0.0,45774757
2005-01-11,4.321763515472412,12.393596649169922,0.0,12.57613754272461,12.374382019042969,12.53770923614502,0.0,133028536
2005-01-12,4.271510601043701,12.249485969543457,0.0,12.393596649169922,12.153410911560059,12.393596649169922,0.0,43801807
2005-01-13,4.298312664031982,12.326345443725586,0.0,12.364774703979492,12.239877700805664,12.268699645996094,0.0,13563748
2005-01-14,4.281561374664307,12.278307914733887,0.0,12.355167388916016,12.239877700805664,12.326345443725586,0.0,13905789
2005-01-17,4.315063953399658,12.374382019042969,0.0,12.412812232971191,12.307129859924316,12.278307914733887,0.0,64310405
2005-01-18,4.301661968231201,12.335951805114746,0.0,12.383990287780762,12.230271339416504,12.335951805114746,0.0,104709683
2005-01-19,4.305014610290527,12.345560073852539,0.0,12.364774703979492,12.278307914733887,12.326345443725586,0.0,15747327
2005-01-20,4.254759788513184,12.201448440551758,0.0,12.259093284606934,12.172625541687012,12.220663070678711,0.0,22795021
2005-01-21,4.231308460235596,12.134196281433105,0.0,12.191841125488281,12.076552391052246,12.201448440551758,0.0,17610518
2005-01-24,4.191104888916016,12.018906593322754,0.0,12.134196281433105,11.990084648132324,12.095766067504883,0.0,22354508
2005-01-25,4.227959632873535,12.124588966369629,0.0,12.153410911560059,12.018906593322754,12.018906593322754,0.0,26793364
2005-01-26,4.241360187530518,12.163019180297852,0.0,12.29752254486084,12.143803596496582,12.124588966369629,0.0,21247360
2005-01-27,4.271510601043701,12.249485969543457,0.0,12.249485969543457,12.114980697631836,12.163019180297852,0.0,22719594
2005-01-28,4.2748613357543945,12.259093284606934,0.0,12.31673812866211,12.220663070678711,12.239877700805664,0.0,26523943
2005-01-31,4.328463554382324,12.412812232971191,0.0,12.412812232971191,12.287915229797363,12.29752254486084,0.0,20109893
2005-02-01,4.355265140533447,12.48967170715332,0.0,12.499279022216797,12.383990287780762,12.412812232971191,0.0,37894027
2005-02-02,4.388767719268799,12.585745811462402,0.0,12.643390655517578,12.48967170715332,12.48967170715332,0.0,20498061
2005-02-03,4.395467281341553,12.604961395263672,0.0,12.681819915771484,12.51849365234375,12.585745811462402,0.0,20623412
2005-02-04,4.418919563293457,12.672212600708008,0.0,12.672212600708008,12.53770923614502,12.643390655517578,0.0,21477677
2005-02-07,4.42227029800415,12.681819915771484,0.0,12.75868034362793,12.643390655517578,12.672212600708008,0.0,22800079
2005-02-08,4.415567874908447,12.662605285644531,0.0,12.7298583984375,12.595353126525879,12.681819915771484,0.0,77516566
2005-02-09,4.402167797088623,12.624176025390625,0.0,12.681819915771484,12.56653118133545,12.662605285644531,0.0,18053371
2005-02-10,4.439022064208984,12.7298583984375,0.0,12.777894973754883,12.56653118133545,12.643390655517578,0.0,18628167
2005-02-11,4.482574462890625,12.854754447937012,0.0,12.893183708190918,12.720250129699707,12.76828670501709,0.0,25419882
2005-02-14,4.465823650360107,12.806716918945312,0.0,12.854754447937012,12.75868034362793,12.854754447937012,0.0,9010770
2005-02-15,4.4725213050842285,12.825931549072266,0.0,12.912399291992188,12.749072074890137,12.806716918945312,0.0,13017852
2005-02-16,4.405520439147949,12.633783340454102,0.0,12.76828670501709,12.53770923614502,12.825931549072266,0.0,169422447
2005-02-17,4.42227029800415,12.681819915771484,0.0,12.749072074890137,12.604961395263672,12.652997970581055,0.0,31127345
2005-02-18,4.408867835998535,12.643390655517578,0.0,12.701034545898438,12.633783340454102,12.672212600708008,0.0,14369603
2005-02-21,4.382069110870361,12.56653118133545,0.0,12.7298583984375,12.54731559753418,12.643390655517578,0.0,21391588
2005-02-22,4.331813335418701,12.422418594360352,0.0,12.604961395263672,12.345560073852539,12.53770923614502,0.0,27884098
2005-02-23,4.335165977478027,12.432026863098145,0.0,12.460848808288574,12.29752254486084,12.422418594360352,0.0,24190181
2005-02-24,4.3418660163879395,12.451242446899414,0.0,12.508886337280273,12.364774703979492,12.48967170715332,0.0,22553125
2005-02-25,4.388767719268799,12.585745811462402,0.0,12.585745811462402,12.480064392089844,12.51849365234375,0.0,17305744
2005-02-28,4.378717422485352,12.556923866271973,0.0,12.662605285644531,12.528100967407227,12.652997970581055,0.0,14543395
2005-03-01,4.415567874908447,12.662605285644531,0.0,12.701034545898438,12.51849365234375,12.556923866271973,0.0,27415969
2005-03-02,4.402167797088623,12.624176025390625,0.0,12.652997970581055,12.508886337280273,12.662605285644531,0.0,21846618
2005-03-03,4.375367641448975,12.54731559753418,0.0,12.604961395263672,12.499279022216797,12.624176025390625,0.0,18251598
2005-03-04,4.402167797088623,12.624176025390625,0.0,12.624176025390625,12.480064392089844,12.54731559753418,0.0,18754288
2005-03-07,4.405520439147949,12.633783340454102,0.0,12.681819915771484,12.604961395263672,12.643390655517578,0.0,18462941
2005-03-08,4.388767719268799,12.585745811462402,0.0,12.672212600708008,12.585745811462402,12.633783340454102,0.0,22093694
2005-03-09,4.358615875244141,12.499279022216797,0.0,12.662605285644531,12.48967170715332,12.604961395263672,0.0,22462039
2005-03-10,4.3418660163879395,12.451242446899414,0.0,12.48967170715332,12.403204917907715,12.470457077026367,0.0,18318553
2005-03-11,4.325113773345947,12.403204917907715,0.0,12.53770923614502,12.393596649169922,12.508886337280273,0.0,23754038
2005-03-14,4.298312664031982,12.326345443725586,0.0,12.460848808288574,12.307129859924316,12.403204917907715,0.0,34158579
2005-03-15,4.301661968231201,12.335951805114746,0.0,12.345560073852539,12.259093284606934,12.326345443725586,0.0,35491056
2005-03-16,4.2179059982299805,12.095766067504883,0.0,12.31673812866211,12.086158752441406,12.335951805114746,0.0,23755618
2005-03-17,4.211206912994385,12.076552391052246,0.0,12.153410911560059,11.990084648132324,12.095766067504883,0.0,24829149
2005-03-18,4.221256732940674,12.105374336242676,0.0,12.239877700805664,11.990084648132324,12.076552391052246,0.0,38861374
2005-03-21,4.12075138092041,11.817151069641113,0.0,11.980477333068848,11.749898910522461,12.105374336242676,0.0,44461175
2005-03-22,4.17770528793335,11.980477333068848,0.0,12.066944122314453,11.817151069641113,11.85558032989502,0.0,41499410
2005-03-23,4.171004772186279,11.961261749267578,0.0,12.02851390838623,11.865187644958496,11.884403228759766,0.0,21831601
2005-03-24,4.197807312011719,12.038122177124023,0.0,12.076552391052246,11.913225173950195,11.961261749267578,0.0,16008770
2005-03-25,4.197807312011719,12.038122177124023,0.0,12.038122177124023,12.038122177124023,12.038122177124023,0.0,0
2005-03-28,4.197807312011719,12.038122177124023,0.0,12.038122177124023,12.038122177124023,12.038122177124023,0.0,0
2005-03-29,4.207857608795166,12.066944122314453,0.0,12.114980697631836,11.894009590148926,12.047728538513184,0.0,47678007
2005-03-30,4.187756538391113,12.009300231933594,0.0,12.076552391052246,11.980477333068848,12.047728538513184,0.0,18255089
2005-03-31,4.207857608795166,12.066944122314453,0.0,12.172625541687012,12.047728538513184,12.009300231933594,0.0,38351719
2005-04-01,4.248058795928955,12.182232856750488,0.0,12.383990287780762,12.047728538513184,12.047728538513184,0.0,31968162
2005-04-04,4.211206912994385,12.076552391052246,0.0,12.153410911560059,11.990084648132324,12.182232856750488,0.0,51291099
2005-04-05,4.251408100128174,12.191841125488281,0.0,12.259093284606934,12.124588966369629,12.153410911560059,0.0,146533832
2005-04-06,4.301661968231201,12.335951805114746,0.0,12.383990287780762,12.259093284606934,12.191841125488281,0.0,88813461
2005-04-07,4.294963359832764,12.31673812866211,0.0,12.412812232971191,12.249485969543457,12.249485969543457,0.0,22057395
2005-04-08,4.301661968231201,12.335951805114746,0.0,12.403204917907715,12.287915229797363,12.31673812866211,0.0,117194349
2005-04-11,4.288788318634033,12.163019180297852,0.136426,12.249485969543457,12.114980697631836,12.201448440551758,0.0,17186763
2005-04-12,4.275238037109375,12.124588966369629,0.0,12.201448440551758,12.057336807250977,12.163019180297852,0.0,117373052
2005-04-13,4.295565128326416,12.182232856750488,0.0,12.259093284606934,12.163019180297852,12.124588966369629,0.0,33527578
2005-04-14,4.2820143699646,12.143803596496582,0.0,12.191841125488281,12.105374336242676,12.114980697631836,0.0,15791584
2005-04-15,4.187159538269043,11.874794960021973,0.0,12.057336807250977,11.874794960021973,12.143803596496582,0.0,131712406
2005-04-18,4.1194071769714355,11.682646751403809,0.0,11.749898910522461,11.58657169342041,11.749898910522461,0.0,38513287
2005-04-19,4.126181125640869,11.701861381530762,0.0,11.740290641784668,11.653823852539062,11.730684280395508,0.0,42535795
2005-04-20,4.092307090759277,11.60578727722168,0.0,11.749898910522461,11.596179962158203,11.721076011657715,0.0,16763237
2005-04-21,4.07875394821167,11.567357063293457,0.0,11.711468696594238,11.519319534301758,11.60578727722168,0.0,30129793
2005-04-22,4.116019248962402,11.673039436340332,0.0,11.701861381530762,11.596179962158203,11.567357063293457,0.0,14031131
2005-04-25,4.105855941772461,11.644216537475586,0.0,11.711468696594238,11.596179962158203,11.673039436340332,0.0,22146070
2005-04-26,4.088917255401611,11.596179962158203,0.0,11.673039436340332,11.548142433166504,11.653823852539062,0.0,18756692
2005-04-27,4.048264980316162,11.480890274047852,0.0,11.58657169342041,11.4136381149292,11.548142433166504,0.0,21637002
2005-04-28,4.065203666687012,11.52892780303955,0.0,11.60578727722168,11.442461013793945,11.480890274047852,0.0,40722236
2005-04-29,4.048264980316162,11.480890274047852,0.0,11.548142433166504,11.404030799865723,11.432852745056152,0.0,19815288
2005-05-02,4.122793197631836,11.692254066467285,0.0,11.740290641784668,11.538535118103027,11.58657169342041,0.0,12908423
2005-05-03,4.149895668029785,11.769113540649414,0.0,11.788328170776367,11.644216537475586,11.692254066467285,0.0,13787910
2005-05-04,4.153284549713135,11.77872085571289,0.0,11.836365699768066,11.701861381530762,11.769113540649414,0.0,24050748
2005-05-05,4.166833400726318,11.817151069641113,0.0,11.85558032989502,11.788328170776367,11.817151069641113,0.0,30156566
2005-05-06,4.204097747802734,11.922833442687988,0.0,11.922833442687988,11.721076011657715,11.817151069641113,0.0,21309795
2005-05-09,4.166833400726318,11.817151069641113,0.0,11.894009590148926,11.721076011657715,11.874794960021973,0.0,42187627
2005-05-10,4.116019248962402,11.673039436340332,0.0,11.874794960021973,11.653823852539062,11.874794960021973,0.0,24836855
2005-05-11,4.156670570373535,11.788328170776367,0.0,11.903617858886719,11.61539363861084,11.673039436340332,0.0,32816712
2005-05-12,4.200711727142334,11.913225173950195,0.0,11.980477333068848,11.836365699768066,11.894009590148926,0.0,24000337
2005-05-13,4.234586715698242,12.009300231933594,0.0,12.009300231933594,11.82675838470459,11.845973014831543,0.0,52285041
2005-05-16,4.237974643707275,12.018906593322754,0.0,12.057336807250977,11.894009590148926,12.009300231933594,0.0,15467805
2005-05-17,4.200711727142334,11.913225173950195,0.0,12.066944122314453,11.903617858886719,12.047728538513184,0.0,17295533
2005-05-18,4.2684645652771,12.105374336242676,0.0,12.143803596496582,11.913225173950195,11.980477333068848,0.0,24923090
2005-05-19,4.302340507507324,12.201448440551758,0.0,12.220663070678711,12.086158752441406,12.143803596496582,0.0,19393012
2005-05-20,4.271852016448975,12.114980697631836,0.0,12.211055755615234,12.066944122314453,12.201448440551758,0.0,16730495
2005-05-23,4.309115409851074,12.220663070678711,0.0,12.249485969543457,12.114980697631836,12.114980697631836,0.0,16608107
2005-05-24,4.288788318634033,12.163019180297852,0.0,12.230271339416504,12.066944122314453,12.220663070678711,0.0,12946653
2005-05-25,4.254912376403809,12.066944122314453,0.0,12.153410911560059,12.038122177124023,12.114980697631836,0.0,12799684
2005-05-26,4.295565128326416,12.182232856750488,0.0,12.191841125488281,12.038122177124023,12.086158752441406,0.0,12751086
2005-05-27,4.261687278747559,12.086158752441406,0.0,12.201448440551758,12.038122177124023,12.182232856750488,0.0,12513427
2005-05-30,4.302340507507324,12.201448440551758,0.0,12.220663070678711,12.018906593322754,12.057336807250977,0.0,16974917
2005-05-31,4.315890789031982,12.239877700805664,0.0,12.249485969543457,12.153410911560059,12.201448440551758,0.0,28168569
2005-06-01,4.37009334564209,12.393596649169922,0.0,12.412812232971191,12.230271339416504,12.259093284606934,0.0,20137705
2005-06-02,4.366705417633057,12.383990287780762,0.0,12.480064392089844,12.355167388916016,12.393596649169922,0.0,25269203
2005-06-03,4.329441547393799,12.278307914733887,0.0,12.403204917907715,12.230271339416504,12.383990287780762,0.0,30625044
2005-06-06,4.309115409851074,12.220663070678711,0.0,12.29752254486084,12.172625541687012,12.29752254486084,0.0,13603436
2005-06-07,4.332829475402832,12.287915229797363,0.0,12.307129859924316,12.211055755615234,12.220663070678711,0.0,16160675
2005-06-08,4.288788318634033,12.163019180297852,0.0,12.268699645996094,12.105374336242676,12.211055755615234,0.0,19845692
2005-06-09,4.309115409851074,12.220663070678711,0.0,12.239877700805664,12.086158752441406,12.163019180297852,0.0,19111742
2005-06-10,4.329441547393799,12.278307914733887,0.0,12.29752254486084,12.201448440551758,12.220663070678711,0.0,15106146
2005-06-13,4.346380233764648,12.326345443725586,0.0,12.345560073852539,12.239877700805664,12.287915229797363,0.0,32337230
2005-06-14,4.359931468963623,12.364774703979492,0.0,12.383990287780762,12.259093284606934,12.29752254486084,0.0,13560667
2005-06-15,4.329441547393799,12.278307914733887,0.0,12.432026863098145,12.268699645996094,12.364774703979492,0.0,18423788
2005-06-16,4.36331844329834,12.374382019042969,0.0,12.451242446899414,12.335951805114746,12.355167388916016,0.0,19376805
2005-06-17,4.380256652832031,12.422418594360352,0.0,12.499279022216797,12.345560073852539,12.374382019042969,0.0,57373202
2005-06-20,4.346380233764648,12.326345443725586,0.0,12.422418594360352,12.307129859924316,12.422418594360352,0.0,35366143
2005-06-21,4.329441547393799,12.278307914733887,0.0,12.393596649169922,12.191841125488281,12.364774703979492,0.0,24808304
2005-06-22,4.336216449737549,12.29752254486084,0.0,12.355167388916016,12.239877700805664,12.268699645996094,0.0,17728229
2005-06-23,4.35315465927124,12.345560073852539,0.0,12.355167388916016,12.268699645996094,12.29752254486084,0.0,13125498
2005-06-24,4.302340507507324,12.201448440551758,0.0,12.287915229797363,12.163019180297852,12.249485969543457,0.0,25146667
2005-06-27,4.258299827575684,12.076552391052246,0.0,12.182232856750488,11.990084648132324,12.201448440551758,0.0,30457439
2005-06-28,4.231199741363525,11.9996919631958,0.0,12.124588966369629,11.980477333068848,12.086158752441406,0.0,73864130
2005-06-29,4.292178630828857,12.172625541687012,0.0,12.211055755615234,12.02851390838623,12.057336807250977,0.0,34150803
2005-06-30,4.322666168212891,12.259093284606934,0.0,12.393596649169922,12.114980697631836,12.153410911560059,0.0,47005258
2005-07-01,4.36331844329834,12.374382019042969,0.0,12.393596649169922,12.259093284606934,12.268699645996094,0.0,82770654
2005-07-04,4.36331844329834,12.374382019042969,0.0,12.393596649169922,12.335951805114746,12.374382019042969,0.0,33858734
2005-07-05,4.356542587280273,12.355167388916016,0.0,12.383990287780762,12.29752254486084,12.355167388916016,0.0,162329298
2005-07-06,4.366705417633057,12.383990287780762,0.0,12.441634178161621,12.355167388916016,12.355167388916016,0.0,89703677
2005-07-07,4.292178630828857,12.172625541687012,0.0,12.355167388916016,11.82675838470459,12.383990287780762,0.0,73725346
2005-07-08,4.346380233764648,12.326345443725586,0.0,12.335951805114746,12.182232856750488,12.278307914733887,0.0,38477221
2005-07-11,4.395944595336914,12.355167388916016,0.110486,12.393596649169922,12.287915229797363,12.211055755615234,0.0,30682920
2005-07-12,4.430129051208496,12.451242446899414,0.0,12.51849365234375,12.326345443725586,12.412812232971191,0.0,34565919
2005-07-13,4.464310646057129,12.54731559753418,0.0,12.56653118133545,12.403204917907715,12.412812232971191,0.0,85018985
2005-07-14,4.488239765167236,12.614567756652832,0.0,12.672212600708008,12.508886337280273,12.54731559753418,0.0,52605339
2005-07-15,4.505333423614502,12.662605285644531,0.0,12.71064281463623,12.614567756652832,12.624176025390625,0.0,53446776
2005-07-18,4.5224223136901855,12.71064281463623,0.0,12.797109603881836,12.585745811462402,12.662605285644531,0.0,42622421
2005-07-19,4.628390312194824,13.00847339630127,0.0,13.00847339630127,12.7298583984375,12.75868034362793,0.0,39442869
2005-07-20,4.611301422119141,12.96043586730957,0.0,13.00847339630127,12.883577346801758,13.00847339630127,0.0,43310521
2005-07-21,4.638645172119141,13.037296295166016,0.0,13.162192344665527,12.883577346801758,12.96043586730957,0.0,49876329
2005-07-22,4.652318954467773,13.075724601745605,0.0,13.258267402648926,12.9892578125,13.037296295166016,0.0,40662549
2005-07-25,4.607882022857666,12.950828552246094,0.0,13.114154815673828,12.902791023254395,13.075724601745605,0.0,24822793
2005-07-26,4.703592777252197,13.219837188720703,0.0,13.287089347839355,13.075724601745605,13.114154815673828,0.0,38438938
2005-07-27,4.761703968048096,13.383163452148438,0.0,13.431200981140137,13.191015243530273,13.191015243530273,0.0,25476099
2005-07-28,4.782215595245361,13.440808296203613,0.0,13.47923755645752,13.306303977966309,13.383163452148438,0.0,22163161
2005-07-29,4.7548675537109375,13.363948822021484,0.0,13.488844871520996,13.267873764038086,13.440808296203613,0.0,19484618
2005-08-01,4.7309393882751465,13.296695709228516,0.0,13.383163452148438,13.287089347839355,13.363948822021484,0.0,24045895
2005-08-02,4.737775802612305,13.315911293029785,0.0,13.325518608093262,13.200621604919434,13.296695709228516,0.0,13578551
2005-08-03,4.724103927612305,13.277482032775879,0.0,13.296695709228516,13.15258502960205,13.277482032775879,0.0,22502903
2005-08-04,4.686502456665039,13.171799659729004,0.0,13.315911293029785,13.171799659729004,13.258267402648926,0.0,20682585
2005-08-05,4.6830830574035645,13.162192344665527,0.0,13.239051818847656,13.123763084411621,13.171799659729004,0.0,18146800
2005-08-08,4.727521896362305,13.287089347839355,0.0,13.306303977966309,13.133370399475098,13.133370399475098,0.0,61089905
2005-08-09,4.751449108123779,13.354340553283691,0.0,13.354340553283691,13.162192344665527,13.287089347839355,0.0,67132613
2005-08-10,4.799305438995361,13.488844871520996,0.0,13.527275085449219,13.277482032775879,13.354340553283691,0.0,48405618
2005-08-11,4.8266520500183105,13.565705299377441,0.0,13.594527244567871,13.392770767211914,13.498453140258789,0.0,37212358
2005-08-12,4.816396236419678,13.536882400512695,0.0,13.6233491897583,13.498453140258789,13.6233491897583,0.0,17682577
2005-08-15,4.816396236419678,13.536882400512695,0.0,13.604134559631348,13.508060455322266,13.508060455322266,0.0,6689343
2005-08-16,4.768540859222412,13.40237808227539,0.0,13.632957458496094,13.363948822021484,13.594527244567871,0.0,16067245
2005-08-17,4.7548675537109375,13.363948822021484,0.0,13.392770767211914,13.239051818847656,13.363948822021484,0.0,21393909
2005-08-18,4.7206854820251465,13.267873764038086,0.0,13.383163452148438,13.219837188720703,13.363948822021484,0.0,16982393
2005-08-19,4.768540859222412,13.40237808227539,0.0,13.411986351013184,13.239051818847656,13.267873764038086,0.0,15778977
2005-08-22,4.785634517669678,13.45041561126709,0.0,13.508060455322266,13.373556137084961,13.40237808227539,0.0,10982879
2005-08-23,4.741194725036621,13.325518608093262,0.0,13.45041561126709,13.315911293029785,13.45041561126709,0.0,14493517
2005-08-24,4.710430145263672,13.239051818847656,0.0,13.277482032775879,13.18140697479248,13.258267402648926,0.0,18188737
2005-08-25,4.6830830574035645,13.162192344665527,0.0,13.200621604919434,13.094940185546875,13.191015243530273,0.0,16851804
2005-08-26,4.628390312194824,13.00847339630127,0.0,13.191015243530273,13.00847339630127,13.133370399475098,0.0,16901973
2005-08-29,4.618135929107666,12.97965145111084,0.0,12.97965145111084,12.825931549072266,12.922005653381348,0.0,28881606
2005-08-30,4.597626686096191,12.922005653381348,0.0,13.00847339630127,12.922005653381348,12.93161392211914,0.0,14037017
2005-08-31,4.597626686096191,12.922005653381348,0.0,12.9892578125,12.854754447937012,12.922005653381348,0.0,26228069
2005-09-01,4.659154415130615,13.094940185546875,0.0,13.162192344665527,12.97965145111084,12.97965145111084,0.0,19634491
2005-09-02,4.6762471199035645,13.142976760864258,0.0,13.219837188720703,13.066118240356445,13.094940185546875,0.0,13267028
2005-09-05,4.71726655960083,13.258267402648926,0.0,13.287089347839355,13.15258502960205,13.18140697479248,0.0,11781369
2005-09-06,4.782215595245361,13.440808296203613,0.0,13.45041561126709,13.354340553283691,13.258267402648926,0.0,23557001
2005-09-07,4.802724361419678,13.498453140258789,0.0,13.546489715576172,13.411986351013184,13.440808296203613,0.0,18240584
2005-09-08,4.8266520500183105,13.565705299377441,0.0,13.565705299377441,13.431200981140137,13.498453140258789,0.0,17707809
2005-09-09,4.843744277954102,13.613741874694824,0.0,13.652172088623047,13.517667770385742,13.536882400512695,0.0,13264980
2005-09-12,4.812978267669678,13.527275085449219,0.0,13.661779403686523,13.440808296203613,13.632957458496094,0.0,16512432
2005-09-13,4.768540859222412,13.40237808227539,0.0,13.565705299377441,13.392770767211914,13.527275085449219,0.0,16014227
2005-09-14,4.775378704071045,13.421592712402344,0.0,13.527275085449219,13.363948822021484,13.40237808227539,0.0,17672127
2005-09-15,4.758286476135254,13.373556137084961,0.0,13.488844871520996,13.354340553283691,13.421592712402344,0.0,16167461
2005-09-16,4.771958827972412,13.411986351013184,0.0,13.508060455322266,13.344734191894531,13.373556137084961,0.0,34358007
2005-09-19,4.765122890472412,13.392770767211914,0.0,13.460022926330566,13.344734191894531,13.411986351013184,0.0,21103557
2005-09-20,4.785634517669678,13.45041561126709,0.0,13.469630241394043,13.373556137084961,13.411986351013184,0.0,16789665
2005-09-21,4.724103927612305,13.277482032775879,0.0,13.392770767211914,13.229443550109863,13.45041561126709,0.0,23604160
2005-09-22,4.734358310699463,13.306303977966309,0.0,13.373556137084961,13.15258502960205,13.229443550109863,0.0,25965990
2005-09-23,4.771958827972412,13.411986351013184,0.0,13.431200981140137,13.306303977966309,13.306303977966309,0.0,29127407
2005-09-26,4.877928256988525,13.709815979003906,0.0,13.748246192932129,13.47923755645752,13.488844871520996,0.0,23990646
2005-09-27,4.860838890075684,13.661779403686523,0.0,13.7194242477417,13.604134559631348,13.652172088623047,0.0,16737007
2005-09-28,4.963383674621582,13.95000171661377,0.0,14.026862144470215,13.7194242477417,13.72903060913086,0.0,87820574
2005-09-29,4.946292400360107,13.901965141296387,0.0,14.017253875732422,13.844321250915527,13.95000171661377,0.0,18802923
2005-09-30,4.987311363220215,14.017253875732422,0.0,14.055684089660645,13.92117977142334,13.901965141296387,0.0,22264299
2005-10-03,5.024913787841797,14.122936248779297,0.0,14.132543563842773,14.017253875732422,14.017253875732422,0.0,126980906
2005-10-04,5.069352626800537,14.247833251953125,0.0,14.247833251953125,14.055684089660645,14.122936248779297,0.0,159556776
2005-10-05,4.983893871307373,14.007646560668945,0.0,14.170973777770996,13.998040199279785,14.247833251953125,0.0,49884202
2005-10-06,4.946292400360107,13.901965141296387,0.0,13.901965141296387,13.777068138122559,14.007646560668945,0.0,89025555
2005-10-07,4.9599690437316895,13.94039535522461,0.0,13.95000171661377,13.815498352050781,13.901965141296387,0.0,37396909
2005-10-10,4.968580722808838,13.853927612304688,0.110486,14.017253875732422,13.853927612304688,13.825105667114258,0.0,32362038
2005-10-11,4.968580722808838,13.853927612304688,0.0,13.978824615478516,13.834712982177734,13.853927612304688,0.0,111599277
2005-10-12,4.941015720367432,13.777068138122559,0.0,13.844321250915527,13.738638877868652,13.853927612304688,0.0,30450280
2005-10-13,4.8962249755859375,13.652172088623047,0.0,13.815498352050781,13.632957458496094,13.777068138122559,0.0,57499362
2005-10-14,4.941015720367432,13.777068138122559,0.0,13.805891036987305,13.556097030639648,13.652172088623047,0.0,33562988
2005-10-17,4.954798698425293,13.815498352050781,0.0,13.825105667114258,13.72903060913086,13.767460823059082,0.0,70349552
2005-10-18,4.910008430480957,13.69060230255127,0.0,13.844321250915527,13.67138671875,13.748246192932129,0.0,20114140
2005-10-19,4.8652119636535645,13.565705299377441,0.0,13.67138671875,13.469630241394043,13.575311660766602,0.0,25758984
2005-10-20,4.878994941711426,13.604134559631348,0.0,13.767460823059082,13.546489715576172,13.565705299377441,0.0,29959364
2005-10-21,4.8652119636535645,13.565705299377441,0.0,13.652172088623047,13.498453140258789,13.527275085449219,0.0,22632730
2005-10-24,4.947906970977783,13.796282768249512,0.0,13.805891036987305,13.508060455322266,13.536882400512695,0.0,23046649
2005-10-25,4.989255428314209,13.91157341003418,0.0,14.007646560668945,13.805891036987305,13.853927612304688,0.0,33040216
2005-10-26,5.016818523406982,13.988431930541992,0.0,14.017253875732422,13.89235782623291,13.95000171661377,0.0,27142131
2005-10-27,4.944460868835449,13.786676406860352,0.0,13.930788040161133,13.709815979003906,13.853927612304688,0.0,32603846
2005-10-28,4.941015720367432,13.777068138122559,0.0,13.844321250915527,13.709815979003906,13.767460823059082,0.0,20736241
2005-10-31,5.068504333496094,14.132543563842773,0.0,14.16136646270752,13.873143196105957,13.901965141296387,0.0,24493892
2005-11-01,5.068504333496094,14.132543563842773,0.0,14.286263465881348,14.026862144470215,14.132543563842773,0.0,19208024
2005-11-02,5.0822858810424805,14.170973777770996,0.0,14.257439613342285,14.007646560668945,14.132543563842773,0.0,20622746
2005-11-03,5.144308567047119,14.343907356262207,0.0,14.391944885253906,14.122936248779297,14.151759147644043,0.0,42397985
2005-11-04,5.075395107269287,14.151759147644043,0.0,14.324692726135254,14.122936248779297,14.286263465881348,0.0,19974280
2005-11-07,5.078840732574463,14.16136646270752,0.0,14.199795722961426,14.065292358398438,14.103720664978027,0.0,24884714
2005-11-08,5.092624664306641,14.199795722961426,0.0,14.33430004119873,14.151759147644043,14.199795722961426,0.0,98477034
2005-11-09,5.06505823135376,14.122936248779297,0.0,14.247833251953125,14.122936248779297,14.199795722961426,0.0,14958886
2005-11-10,5.11674165725708,14.267047882080078,0.0,14.276655197143555,14.103720664978027,14.180581092834473,0.0,21482059
2005-11-11,5.161533832550049,14.391944885253906,0.0,14.401552200317383,14.353514671325684,14.382336616516113,0.0,20301755
2005-11-14,5.106407165527344,14.238225936889648,0.0,14.430374145507812,14.238225936889648,14.36312198638916,0.0,29366532
2005-11-15,5.127078056335449,14.295869827270508,0.0,14.33430004119873,14.19018840789795,14.238225936889648,0.0,17622769
2005-11-16,5.113296031951904,14.257439613342285,0.0,14.343907356262207,14.209403038024902,14.33430004119873,0.0,14574048
2005-11-17,5.133970260620117,14.315085411071777,0.0,14.401552200317383,14.257439613342285,14.324692726135254,0.0,15038126
2005-11-18,5.151198863983154,14.36312198638916,0.0,14.468804359436035,14.286263465881348,14.372730255126953,0.0,17681265
2005-11-21,5.164982318878174,14.401552200317383,0.0,14.478411674499512,14.36312198638916,14.36312198638916,0.0,9271241
2005-11-22,5.140862941741943,14.33430004119873,0.0,14.468804359436035,14.295869827270508,14.468804359436035,0.0,14420053
2005-11-23,5.202882766723633,14.507233619689941,0.0,14.516840934753418,14.353514671325684,14.372730255126953,0.0,14441911
2005-11-24,5.206326961517334,14.516840934753418,0.0,14.612915992736816,14.401552200317383,14.545663833618164,0.0,12867819
2005-11-25,5.206326961517334,14.516840934753418,0.0,14.55527114868164,14.449588775634766,14.516840934753418,0.0,12296407
2005-11-28,5.199436664581299,14.497626304626465,0.0,14.622523307800293,14.478411674499512,14.593701362609863,0.0,21959720
2005-11-29,5.185655117034912,14.459197044372559,0.0,14.488018989562988,14.401552200317383,14.459197044372559,0.0,13233140
2005-11-30,5.175317287445068,14.430374145507812,0.0,14.459197044372559,14.324692726135254,14.459197044372559,0.0,15084111
2005-12-01,5.2270026206970215,14.574485778808594,0.0,14.603307723999023,14.411160469055176,14.430374145507812,0.0,15702991
2005-12-02,5.185655117034912,14.459197044372559,0.0,14.593701362609863,14.391944885253906,14.574485778808594,0.0,19103580
2005-12-05,5.089179515838623,14.19018840789795,0.0,14.449588775634766,14.170973777770996,14.449588775634766,0.0,20697709
2005-12-06,5.061612606048584,14.11332893371582,0.0,14.19018840789795,14.046076774597168,14.19018840789795,0.0,18818394
2005-12-07,5.040940284729004,14.055684089660645,0.0,14.14215087890625,13.988431930541992,14.11332893371582,0.0,23568569
2005-12-08,5.04782772064209,14.074898719787598,0.0,14.074898719787598,13.89235782623291,14.055684089660645,0.0,14341138
2005-12-09,5.06505823135376,14.122936248779297,0.0,14.151759147644043,13.95000171661377,14.074898719787598,0.0,14572519
2005-12-12,5.092624664306641,14.199795722961426,0.0,14.295869827270508,14.14215087890625,14.19018840789795,0.0,19238225
2005-12-13,5.075395107269287,14.151759147644043,0.0,14.238225936889648,14.094114303588867,14.14215087890625,0.0,21046865
2005-12-14,5.089179515838623,14.19018840789795,0.0,14.267047882080078,14.074898719787598,14.199795722961426,0.0,17819158
2005-12-15,5.0857319831848145,14.180581092834473,0.0,14.228617668151855,14.094114303588867,14.219011306762695,0.0,17191156
2005-12-16,5.133970260620117,14.315085411071777,0.0,14.401552200317383,14.11332893371582,14.132543563842773,0.0,65001269
2005-12-19,5.130524158477783,14.3054780960083,0.0,14.401552200317383,14.267047882080078,14.315085411071777,0.0,38859800
2005-12-20,5.123632907867432,14.286263465881348,0.0,14.295869827270508,14.170973777770996,14.3054780960083,0.0,16291708
2005-12-21,5.178765296936035,14.439982414245605,0.0,14.488018989562988,14.286263465881348,14.286263465881348,0.0,21461481
2005-12-22,5.171873092651367,14.420766830444336,0.0,14.545663833618164,14.401552200317383,14.401552200317383,0.0,15242863
2005-12-23,5.1890997886657715,14.468804359436035,0.0,14.526449203491211,14.430374145507812,14.497626304626465,0.0,13578695
2005-12-26,5.1890997886657715,14.468804359436035,0.0,14.468804359436035,14.468804359436035,14.468804359436035,0.0,0
2005-12-27,5.2166666984558105,14.545663833618164,0.0,14.593701362609863,14.439982414245605,14.439982414245605,0.0,10538384
2005-12-28,5.202882766723633,14.507233619689941,0.0,14.55527114868164,14.468804359436035,14.497626304626465,0.0,50597495
2005-12-29,5.206326961517334,14.516840934753418,0.0,14.574485778808594,14.478411674499512,14.526449203491211,0.0,9810361
2005-12-30,5.195991516113281,14.488018989562988,0.0,14.55527114868164,14.411160469055176,14.497626304626465,0.0,13854408
2006-01-02,5.223556995391846,14.564879417419434,0.0,14.622523307800293,14.439982414245605,14.488018989562988,0.0,62712048
2006-01-03,5.2442307472229,14.622523307800293,0.0,14.689775466918945,14.516840934753418,14.564879417419434,0.0,114410814
2006-01-04,5.309698104858398,14.805065155029297,0.0,14.824278831481934,14.641737937927246,14.622523307800293,0.0,154165488
2006-01-05,5.333818435668945,14.87231731414795,0.0,14.88192367553711,14.737812042236328,14.805065155029297,0.0,124261497
2006-01-06,5.333818435668945,14.87231731414795,0.0,14.87231731414795,14.87231731414795,14.87231731414795,0.0,0
2006-01-09,5.330370903015137,14.862709045410156,0.0,14.939569473266602,14.843494415283203,14.87231731414795,0.0,57403882
2006-01-10,5.276562213897705,14.603307723999023,0.110486,14.77624225616455,14.603307723999023,14.747420310974121,0.0,44111213
2006-01-11,5.3078083992004395,14.689775466918945,0.0,14.728204727172852,14.63213062286377,14.603307723999023,0.0,73170243
2006-01-12,5.359879493713379,14.833887100219727,0.0,14.87231731414795,14.651346206665039,14.689775466918945,0.0,112155058
2006-01-13,5.311278343200684,14.699382781982422,0.0,14.843494415283203,14.63213062286377,14.833887100219727,0.0,45027322
2006-01-16,5.335578441619873,14.766634941101074,0.0,14.795456886291504,14.6609525680542,14.6609525680542,0.0,26028983
2006-01-17,5.280035018920898,14.612915992736816,0.0,14.708990097045898,14.58409309387207,14.766634941101074,0.0,35019976
2006-01-18,5.214077949523926,14.430374145507812,0.0,14.478411674499512,14.382336616516113,14.439982414245605,0.0,98597108
2006-01-19,5.300864219665527,14.670559883117676,0.0,14.670559883117676,14.478411674499512,14.497626304626465,0.0,20171845
2006-01-20,5.283507347106934,14.622523307800293,0.0,14.843494415283203,14.55527114868164,14.6609525680542,0.0,39356259
2006-01-23,5.24879264831543,14.526449203491211,0.0,14.55527114868164,14.430374145507812,14.478411674499512,0.0,22567947
2006-01-24,5.231435775756836,14.478411674499512,0.0,14.612915992736816,14.459197044372559,14.526449203491211,0.0,22365883
2006-01-25,5.398063659667969,14.939569473266602,0.0,14.939569473266602,14.526449203491211,14.699382781982422,0.0,33816396
2006-01-26,5.554279804229736,15.371904373168945,0.0,15.371904373168945,14.87231731414795,14.910745620727539,0.0,34273562
2006-01-27,5.644534587860107,15.621697425842285,0.0,15.650519371032715,15.429548263549805,15.467977523803711,0.0,29945125
2006-01-30,5.696605682373047,15.765809059143066,0.0,15.823452949523926,15.51601505279541,15.564051628112793,0.0,18354025
2006-01-31,5.769505977630615,15.967564582824707,0.0,16.00599479675293,15.688948631286621,15.765809059143066,0.0,29671845
2006-02-01,5.828520774841309,16.130891799926758,0.0,16.130891799926758,15.727378845214844,15.967564582824707,0.0,39984170
2006-02-02,5.738263130187988,15.881097793579102,0.0,16.198143005371094,15.852275848388672,16.130891799926758,0.0,26243611
2006-02-03,5.696605682373047,15.765809059143066,0.0,15.977171897888184,15.669734001159668,15.881097793579102,0.0,28213678
2006-02-06,5.630648612976074,15.583267211914062,0.0,15.756200790405273,15.48719310760498,15.727378845214844,0.0,55845167
2006-02-07,5.634120941162109,15.592874526977539,0.0,15.621697425842285,15.439155578613281,15.612090110778809,0.0,87970010
2006-02-08,5.68272066116333,15.727378845214844,0.0,15.775416374206543,15.419940948486328,15.51601505279541,0.0,27087257
2006-02-09,5.807692050933838,16.0732479095459,0.0,16.0732479095459,15.727378845214844,15.746594429016113,0.0,28554474
2006-02-10,5.738263130187988,15.881097793579102,0.0,16.130891799926758,15.881097793579102,15.996386528015137,0.0,19841508
2006-02-13,5.783392429351807,16.00599479675293,0.0,16.00599479675293,15.756200790405273,15.881097793579102,0.0,16117665
2006-02-14,5.772977828979492,15.977171897888184,0.0,16.0732479095459,15.785022735595703,15.986780166625977,0.0,17730321
2006-02-15,5.727848052978516,15.852275848388672,0.0,16.054031372070312,15.852275848388672,16.03481674194336,0.0,24038245
2006-02-16,5.7799201011657715,15.996386528015137,0.0,15.996386528015137,15.81384563446045,15.9291353225708,0.0,17007923
2006-02-17,5.759090423583984,15.938741683959961,0.0,16.082853317260742,15.871489524841309,16.015602111816406,0.0,26901713
2006-02-20,5.745207786560059,15.900313377380371,0.0,15.9291353225708,15.794631004333496,15.938741683959961,0.0,14005683
2006-02-21,5.776448726654053,15.986780166625977,0.0,15.996386528015137,15.861883163452148,15.900313377380371,0.0,27428155
2006-02-22,5.908362865447998,16.35186195373535,0.0,16.35186195373535,15.919528007507324,15.948349952697754,0.0,34473002
2006-02-23,5.963904857635498,16.50558090209961,0.0,16.59204864501953,16.361469268798828,16.361469268798828,0.0,24327385
2006-02-24,5.946549415588379,16.457544326782227,0.0,16.553619384765625,16.371076583862305,16.50558090209961,0.0,13268670
2006-02-27,5.9916768074035645,16.582441329956055,0.0,16.611263275146484,16.44793701171875,16.457544326782227,0.0,37597553
2006-02-28,5.9291911125183105,16.409507751464844,0.0,16.5632266998291,16.294218063354492,16.582441329956055,0.0,18585829
2006-03-01,5.988207817077637,16.572834014892578,0.0,16.59204864501953,16.361469268798828,16.486366271972656,0.0,17095886
2006-03-02,5.887536525726318,16.294218063354492,0.0,16.601655960083008,16.15010643005371,16.572834014892578,0.0,22010668
2006-03-03,5.814635753631592,16.09246253967285,0.0,16.294218063354492,16.025209426879883,16.294218063354492,0.0,19631754
2006-03-06,5.8632354736328125,16.226966857910156,0.0,16.255788803100586,16.025209426879883,16.09246253967285,0.0,19499492
2006-03-07,5.814635753631592,16.09246253967285,0.0,16.140499114990234,15.938741683959961,16.12128448486328,0.0,21834255
2006-03-08,5.783392429351807,16.00599479675293,0.0,16.169321060180664,15.852275848388672,16.102069854736328,0.0,22361576
2006-03-09,5.866705894470215,16.236572265625,0.0,16.313432693481445,16.102069854736328,16.12128448486328,0.0,52536700
2006-03-10,5.8910064697265625,16.30382537841797,0.0,16.30382537841797,16.054031372070312,16.159713745117188,0.0,30683022
2006-03-13,5.884062767028809,16.284610748291016,0.0,16.419113159179688,16.255788803100586,16.198143005371094,0.0,22849221
2006-03-14,5.911836624145508,16.361469268798828,0.0,16.361469268798828,16.226966857910156,16.284610748291016,0.0,19703594
2006-03-15,5.939605236053467,16.438329696655273,0.0,16.495973587036133,16.371076583862305,16.361469268798828,0.0,27841223
2006-03-16,5.9187774658203125,16.380685806274414,0.0,16.399900436401367,16.226966857910156,16.438329696655273,0.0,26133171
2006-03-17,5.939605236053467,16.438329696655273,0.0,16.572834014892578,16.361469268798828,16.380685806274414,0.0,64490634
2006-03-20,5.950020790100098,16.467151641845703,0.0,16.572834014892578,16.390291213989258,16.438329696655273,0.0,29967712
2006-03-21,5.9014201164245605,16.3326473236084,0.0,16.50558090209961,16.26539421081543,16.50558090209961,0.0,18299078
2006-03-22,5.884062767028809,16.284610748291016,0.0,16.313432693481445,16.15010643005371,16.27500343322754,0.0,15871428
2006-03-23,5.83546257019043,16.15010643005371,0.0,16.313432693481445,16.111675262451172,16.284610748291016,0.0,27953846
2006-03-24,5.8736491203308105,16.255788803100586,0.0,16.294218063354492,16.159713745117188,16.15010643005371,0.0,12179831
2006-03-27,5.859762191772461,16.217357635498047,0.0,16.294218063354492,16.15010643005371,16.255788803100586,0.0,15088016
2006-03-28,5.8632354736328125,16.226966857910156,0.0,16.342254638671875,16.17892837524414,16.26539421081543,0.0,78910864
2006-03-29,5.8493475914001465,16.188535690307617,0.0,16.284610748291016,16.0732479095459,16.26539421081543,0.0,22069044
2006-03-30,5.946549415588379,16.457544326782227,0.0,16.486366271972656,16.236572265625,16.313432693481445,0.0,26861047
2006-03-31,5.977790355682373,16.544010162353516,0.0,16.5632266998291,16.294218063354492,16.313432693481445,0.0,42970044
2006-04-03,6.0263895988464355,16.67851448059082,0.0,16.67851448059082,16.544010162353516,16.544010162353516,0.0,101959273
2006-04-04,6.043749809265137,16.726552963256836,0.0,16.726552963256836,16.50558090209961,16.67851448059082,0.0,156231653
2006-04-05,6.040275573730469,16.71694564819336,0.0,16.736160278320312,16.640085220336914,16.726552963256836,0.0,78062751
2006-04-06,6.0263895988464355,16.67851448059082,0.0,16.80341148376465,16.62087059020996,16.71694564819336,0.0,54567568
2006-04-07,5.936136722564697,16.428722381591797,0.0,16.707338333129883,16.390291213989258,16.67851448059082,0.0,47008863
2006-04-10,5.976846218109131,16.361469268798828,0.178698,16.361469268798828,16.169321060180664,16.24618148803711,0.0,32948027
2006-04-11,5.889105796813965,16.12128448486328,0.0,16.313432693481445,16.054031372070312,16.26539421081543,0.0,47843629
2006-04-12,5.857519149780273,16.03481674194336,0.0,16.140499114990234,15.938741683959961,16.361469268798828,0.0,76800796
2006-04-13,5.843481540679932,15.996386528015137,0.0,16.12128448486328,15.948349952697754,16.03481674194336,0.0,25602528
2006-04-18,5.829440593719482,15.95795726776123,0.0,15.986780166625977,15.823452949523926,15.909919738769531,0.0,45166433
2006-04-19,5.9206929206848145,16.20775032043457,0.0,16.27500343322754,16.102069854736328,15.95795726776123,0.0,29896399
2006-04-20,5.917182445526123,16.198143005371094,0.0,16.284610748291016,16.111675262451172,16.27500343322754,0.0,28871145
2006-04-21,6.015451908111572,16.467151641845703,0.0,16.495973587036133,16.226966857910156,16.24618148803711,0.0,33244412
2006-04-24,6.0084333419799805,16.44793701171875,0.0,16.553619384765625,16.323040008544922,16.390291213989258,0.0,17932487
2006-04-25,6.124248504638672,16.764982223510742,0.0,16.784196853637695,16.44793701171875,16.44793701171875,0.0,26615508
2006-04-26,6.110211372375488,16.726552963256836,0.0,16.764982223510742,16.553619384765625,16.64969253540039,0.0,25175093
2006-04-27,6.106699466705322,16.71694564819336,0.0,16.755374908447266,16.582441329956055,16.726552963256836,0.0,18852301
2006-04-28,6.14530611038208,16.8226261138916,0.0,16.899486541748047,16.553619384765625,16.640085220336914,0.0,29823709
2006-05-02,6.1593451499938965,16.86105728149414,0.0,16.985952377319336,16.697729110717773,16.8226261138916,0.0,20374241
2006-05-03,6.08213472366333,16.64969253540039,0.0,16.957130432128906,16.630477905273438,16.880271911621094,0.0,58764124
2006-05-04,6.047037124633789,16.553619384765625,0.0,16.668907165527344,16.47675895690918,16.64969253540039,0.0,32010754
2006-05-05,6.099681854248047,16.697729110717773,0.0,16.726552963256836,16.495973587036133,16.572834014892578,0.0,17347389
2006-05-08,6.134780406951904,16.793804168701172,0.0,16.880271911621094,16.77458953857422,16.793804168701172,0.0,37695265
2006-05-09,6.141800403594971,16.813020706176758,0.0,16.813020706176758,16.707338333129883,16.80341148376465,0.0,75606581
2006-05-10,6.14530611038208,16.8226261138916,0.0,16.870664596557617,16.71694564819336,16.813020706176758,0.0,19119632
2006-05-11,6.176894187927246,16.909093856811523,0.0,17.053205490112305,16.764982223510742,16.784196853637695,0.0,25954343
2006-05-12,6.011942386627197,16.457544326782227,0.0,16.899486541748047,16.419113159179688,16.77458953857422,0.0,32220518
2006-05-15,5.931220054626465,16.236572265625,0.0,16.399900436401367,16.140499114990234,16.342254638671875,0.0,32852424
2006-05-16,5.913671970367432,16.188535690307617,0.0,16.255788803100586,16.054031372070312,16.09246253967285,0.0,30484624
2006-05-17,5.755739688873291,15.756200790405273,0.0,16.26539421081543,15.756200790405273,16.217357635498047,0.0,30800879
2006-05-18,5.70309591293335,15.612090110778809,0.0,15.909919738769531,15.525623321533203,15.688948631286621,0.0,38260473
2006-05-19,5.755739688873291,15.756200790405273,0.0,15.794631004333496,15.583267211914062,15.612090110778809,0.0,21225872
2006-05-22,5.622377395629883,15.391118049621582,0.0,15.640912055969238,15.3430814743042,15.756200790405273,0.0,41899865
2006-05-23,5.64694356918335,15.458370208740234,0.0,15.525623321533203,15.179755210876465,15.391118049621582,0.0,41703908
2006-05-24,5.559203147888184,15.218184471130371,0.0,15.371904373168945,15.112503051757812,15.458370208740234,0.0,32108607
2006-05-25,5.625885486602783,15.400726318359375,0.0,15.400726318359375,15.112503051757812,15.218184471130371,0.0,18296505
2006-05-26,5.710117340087891,15.631303787231445,0.0,15.631303787231445,15.429548263549805,15.400726318359375,0.0,31253237
2006-05-29,5.671511650085449,15.525623321533203,0.0,15.612090110778809,15.48719310760498,15.631303787231445,0.0,6896200
2006-05-30,5.566221237182617,15.237399101257324,0.0,15.564051628112793,15.189361572265625,15.48719310760498,0.0,17608884
2006-05-31,5.67501974105835,15.535229682922363,0.0,15.564051628112793,15.016427993774414,15.237399101257324,0.0,38758965
2006-06-01,5.699585914611816,15.602481842041016,0.0,15.602481842041016,15.419940948486328,15.535229682922363,0.0,27868474
2006-06-02,5.685548782348633,15.564051628112793,0.0,15.804238319396973,15.506407737731934,15.602481842041016,0.0,21516345
2006-06-05,5.615358352661133,15.371904373168945,0.0,15.621697425842285,15.314258575439453,15.621697425842285,0.0,22047954
2006-06-06,5.478482246398926,14.997213363647461,0.0,15.198969841003418,14.920353889465332,15.122110366821289,0.0,24664572
2006-06-07,5.492519378662109,15.035642623901367,0.0,15.131717681884766,14.920353889465332,14.997213363647461,0.0,20112425
2006-06-08,5.352138996124268,14.651346206665039,0.0,14.805065155029297,14.593701362609863,15.035642623901367,0.0,39542288
2006-06-09,5.383723258972168,14.737812042236328,0.0,14.891531944274902,14.670559883117676,14.651346206665039,0.0,24573301
2006-06-12,5.320549964904785,14.564879417419434,0.0,14.747420310974121,14.497626304626465,14.737812042236328,0.0,19568284
2006-06-13,5.232810020446777,14.324692726135254,0.0,14.439982414245605,14.199795722961426,14.564879417419434,0.0,51173744
2006-06-14,5.264396667480469,14.411160469055176,0.0,14.478411674499512,14.199795722961426,14.324692726135254,0.0,21733123
2006-06-15,5.376704216003418,14.718598365783691,0.0,14.737812042236328,14.497626304626465,14.411160469055176,0.0,59740101
2006-06-16,5.334588527679443,14.603307723999023,0.0,14.987606048583984,14.516840934753418,14.891531944274902,0.0,97793992
2006-06-19,5.317042350769043,14.55527114868164,0.0,14.718598365783691,14.497626304626465,14.603307723999023,0.0,49766776
2006-06-20,5.31002140045166,14.536055564880371,0.0,14.545663833618164,14.324692726135254,14.411160469055176,0.0,30251419
2006-06-21,5.401271343231201,14.785849571228027,0.0,14.795456886291504,14.545663833618164,14.536055564880371,0.0,37209271
2006-06-22,5.467956066131592,14.968391418457031,0.0,15.016427993774414,14.910745620727539,14.785849571228027,0.0,29572477
2006-06-23,5.450405597686768,14.920353889465332,0.0,15.026036262512207,14.843494415283203,14.968391418457031,0.0,14628219
2006-06-26,5.436367511749268,14.88192367553711,0.0,14.968391418457031,14.862709045410156,14.958784103393555,0.0,15821030
2006-06-27,5.397762775421143,14.77624225616455,0.0,14.939569473266602,14.718598365783691,14.929961204528809,0.0,44816340
2006-06-28,5.418821811676025,14.833887100219727,0.0,14.968391418457031,14.6609525680542,14.699382781982422,0.0,27664684
2006-06-29,5.524107933044434,15.122110366821289,0.0,15.189361572265625,14.939569473266602,15.006820678710938,0.0,86465114
2006-06-30,5.643433570861816,15.448762893676758,0.0,15.535229682922363,15.275829315185547,15.371904373168945,0.0,35818428
2006-07-03,5.70309591293335,15.612090110778809,0.0,15.660126686096191,15.439155578613281,15.448762893676758,0.0,239131439
2006-07-04,5.80838680267334,15.900313377380371,0.0,15.996386528015137,15.765809059143066,15.612090110778809,0.0,100597636
2006-07-05,5.766270160675049,15.785022735595703,0.0,15.881097793579102,15.631303787231445,15.900313377380371,0.0,71976767
2006-07-06,5.854010105133057,16.025209426879883,0.0,16.102069854736328,15.631303787231445,15.785022735595703,0.0,44850782
2006-07-07,5.913671970367432,16.188535690307617,0.0,16.20775032043457,15.919528007507324,16.025209426879883,0.0,40532503
2006-07-10,5.924993515014648,16.09246253967285,0.126818,16.15010643005371,15.861883163452148,16.06363868713379,0.0,23466500
2006-07-11,5.889620304107666,15.996386528015137,0.0,16.159713745117188,15.938741683959961,15.967564582824707,0.0,22222704
2006-07-12,5.843634128570557,15.871489524841309,0.0,16.09246253967285,15.861883163452148,15.996386528015137,0.0,43814502
2006-07-13,5.74812650680542,15.612090110778809,0.0,15.765809059143066,15.564051628112793,15.727378845214844,0.0,38500495
2006-07-14,5.642007350921631,15.32386589050293,0.0,15.448762893676758,15.285436630249023,15.612090110778809,0.0,59764307
2006-07-17,5.588947772979736,15.179755210876465,0.0,15.381510734558105,15.083680152893066,15.314258575439453,0.0,89164012
2006-07-18,5.57480001449585,15.141324996948242,0.0,15.256613731384277,15.054858207702637,15.179755210876465,0.0,28103032
2006-07-19,5.709216594696045,15.506407737731934,0.0,15.506407737731934,15.170146942138672,15.198969841003418,0.0,24225475
2006-07-20,5.733978271484375,15.573659896850586,0.0,15.775416374206543,15.525623321533203,15.506407737731934,0.0,24261532
2006-07-21,5.716292858123779,15.525623321533203,0.0,15.631303787231445,15.467977523803711,15.506407737731934,0.0,41411832
2006-07-24,5.861322402954102,15.919528007507324,0.0,15.9291353225708,15.506407737731934,15.583267211914062,0.0,14877178
2006-07-25,5.85778284072876,15.909919738769531,0.0,15.986780166625977,15.794631004333496,15.919528007507324,0.0,19808835
2006-07-26,5.85778284072876,15.909919738769531,0.0,15.919528007507324,15.71777057647705,15.919528007507324,0.0,17955865
2006-07-27,5.871930122375488,15.948349952697754,0.0,16.09246253967285,15.900313377380371,16.025209426879883,0.0,20300236
2006-07-28,5.932067394256592,16.111675262451172,0.0,16.188535690307617,15.823452949523926,15.948349952697754,0.0,20533024
2006-07-31,5.886082172393799,15.986780166625977,0.0,16.217357635498047,15.948349952697754,16.159713745117188,0.0,17651830
2006-08-01,5.825945854187012,15.823452949523926,0.0,16.054031372070312,15.794631004333496,16.03481674194336,0.0,14842372
2006-08-02,5.917917251586914,16.0732479095459,0.0,16.12128448486328,15.871489524841309,15.823452949523926,0.0,14153763
2006-08-03,5.917917251586914,16.0732479095459,0.0,16.20775032043457,16.025209426879883,16.0732479095459,0.0,74249897
2006-08-04,5.999277114868164,16.294218063354492,0.0,16.3326473236084,16.130891799926758,16.0732479095459,0.0,19473343
2006-08-07,5.8931565284729,16.00599479675293,0.0,16.188535690307617,15.948349952697754,16.09246253967285,0.0,131366316
2006-08-08,5.914381504058838,16.06363868713379,0.0,16.12128448486328,16.015602111816406,16.00599479675293,0.0,36146161
2006-08-09,5.981589317321777,16.24618148803711,0.0,16.284610748291016,15.977171897888184,16.111675262451172,0.0,20500403
2006-08-10,5.956829071044922,16.17892837524414,0.0,16.255788803100586,15.996386528015137,16.082853317260742,0.0,13590404
2006-08-11,5.963902950286865,16.198143005371094,0.0,16.323040008544922,16.0732479095459,16.169321060180664,0.0,11680541
2006-08-14,6.013425350189209,16.3326473236084,0.0,16.35186195373535,16.255788803100586,16.198143005371094,0.0,14906090
2006-08-15,6.070022106170654,16.486366271972656,0.0,16.553619384765625,16.24618148803711,16.24618148803711,0.0,9439823
2006-08-16,6.112471103668213,16.601655960083008,0.0,16.659299850463867,16.457544326782227,16.572834014892578,0.0,14550306
2006-08-17,6.243349552154541,16.957130432128906,0.0,17.053205490112305,16.611263275146484,16.640085220336914,0.0,33948023
2006-08-18,6.27872371673584,17.053205490112305,0.0,17.06281280517578,16.918701171875,16.957130432128906,0.0,34388359
2006-08-21,6.215052604675293,16.880271911621094,0.0,16.995561599731445,16.8226261138916,16.918701171875,0.0,19924027
2006-08-22,6.211514949798584,16.870664596557617,0.0,17.043598175048828,16.77458953857422,16.880271911621094,0.0,20066140
2006-08-23,6.144306182861328,16.68812370300293,0.0,16.870664596557617,16.640085220336914,16.870664596557617,0.0,12384589
2006-08-24,6.186751842498779,16.80341148376465,0.0,16.88987922668457,16.64969253540039,16.68812370300293,0.0,13072566
2006-08-25,6.20090389251709,16.841842651367188,0.0,16.966739654541016,16.793804168701172,16.80341148376465,0.0,9934598
2006-08-28,6.2645745277404785,17.0147762298584,0.0,17.024383544921875,16.764982223510742,16.80341148376465,0.0,10604021
2006-08-29,6.296407222747803,17.101242065429688,0.0,17.15888786315918,16.94752311706543,16.966739654541016,0.0,22327019
2006-08-30,6.307023048400879,17.13006591796875,0.0,17.24535369873047,17.13006591796875,17.168495178222656,0.0,15413117
2006-08-31,6.310561656951904,17.139671325683594,0.0,17.18770980834961,16.97634506225586,17.15888786315918,0.0,19860618
2006-09-01,6.3813066482543945,17.33182144165039,0.0,17.42789649963379,17.110849380493164,17.110849380493164,0.0,24214743
2006-09-04,6.4732770919799805,17.581615447998047,0.0,17.648866653442383,17.30299949645996,17.33182144165039,0.0,18249531
2006-09-05,6.444976329803467,17.5047550201416,0.0,17.600830078125,17.42789649963379,17.523969650268555,0.0,16754130
2006-09-06,6.324707508087158,17.178102493286133,0.0,17.533578872680664,17.149280548095703,17.495147705078125,0.0,15162176
2006-09-07,6.2645745277404785,17.0147762298584,0.0,17.110849380493164,16.918701171875,17.178102493286133,0.0,16720834
2006-09-08,6.229202747344971,16.918701171875,0.0,17.15888786315918,16.88987922668457,17.0147762298584,0.0,14208416
2006-09-11,6.20090389251709,16.841842651367188,0.0,16.928308486938477,16.726552963256836,16.918701171875,0.0,16279383
2006-09-12,6.271647930145264,17.03399085998535,0.0,17.082027435302734,16.764982223510742,16.86105728149414,0.0,28184573
2006-09-13,6.289334774017334,17.082027435302734,0.0,17.178102493286133,16.957130432128906,17.178102493286133,0.0,31927693
2006-09-14,6.335319519042969,17.206924438476562,0.0,17.254962921142578,17.082027435302734,17.082027435302734,0.0,33401045
2006-09-15,6.360079288482666,17.27417755126953,0.0,17.370250701904297,17.053205490112305,17.254962921142578,0.0,43709302
2006-09-18,6.360079288482666,17.27417755126953,0.0,17.379858016967773,17.101242065429688,17.27417755126953,0.0,34884968
2006-09-19,6.285799503326416,17.072420120239258,0.0,17.264568328857422,17.072420120239258,17.254962921142578,0.0,41534966
2006-09-20,6.416678428649902,17.42789649963379,0.0,17.42789649963379,16.995561599731445,17.005168914794922,0.0,47426411
2006-09-21,6.416678428649902,17.42789649963379,0.0,17.533578872680664,17.322214126586914,17.42789649963379,0.0,17994593
2006-09-22,6.324707508087158,17.178102493286133,0.0,17.370250701904297,17.178102493286133,17.27417755126953,0.0,43590186
2006-09-25,6.360079288482666,17.27417755126953,0.0,17.370250701904297,17.139671325683594,17.178102493286133,0.0,16866047
2006-09-26,6.384841442108154,17.341428756713867,0.0,17.38946533203125,17.226139068603516,17.27417755126953,0.0,56686372
2006-09-27,6.377768516540527,17.322214126586914,0.0,17.408681869506836,17.18770980834961,17.341428756713867,0.0,27989651
2006-09-28,6.388382434844971,17.351036071777344,0.0,17.48554039001465,17.235746383666992,17.322214126586914,0.0,63143043
2006-09-29,6.455589771270752,17.533578872680664,0.0,17.62965202331543,17.42789649963379,17.351036071777344,0.0,32050556
2006-10-02,6.448514461517334,17.514362335205078,0.0,17.648866653442383,17.437503814697266,17.514362335205078,0.0,97237536
2006-10-03,6.391918182373047,17.36064338684082,0.0,17.5047550201416,17.351036071777344,17.514362335205078,0.0,53223880
2006-10-04,6.5440216064453125,17.77376365661621,0.0,17.80258560180664,17.41828727722168,17.36064338684082,0.0,64929962
2006-10-05,6.756259441375732,18.350210189819336,0.0,18.350210189819336,17.908267974853516,17.77376365661621,0.0,142223143
2006-10-06,6.724424839019775,18.263742446899414,0.0,19.464672088623047,18.177276611328125,18.350210189819336,0.0,105742749
2006-10-09,6.696125507354736,18.1868839263916,0.0,18.494321823120117,18.052379608154297,18.263742446899414,0.0,44346564
2006-10-10,6.73245906829834,18.15806007385254,0.126818,18.24452781677246,18.023557662963867,18.061986923217773,0.0,23848848
2006-10-11,6.700397968292236,18.07159423828125,0.0,18.254135131835938,17.985126495361328,18.15806007385254,0.0,36675010
2006-10-12,6.82863712310791,18.417461395263672,0.0,18.734508514404297,18.07159423828125,18.07159423828125,0.0,35315413
2006-10-13,6.853572845458984,18.48471450805664,0.0,18.561574935913086,18.321388244628906,18.417461395263672,0.0,28769514
2006-10-16,6.8037028312683105,18.350210189819336,0.0,18.503929138183594,18.24452781677246,18.48471450805664,0.0,60503085
2006-10-17,6.622033596038818,17.8602294921875,0.0,18.27334976196289,17.812192916870117,18.350210189819336,0.0,60731699
2006-10-18,6.718210220336914,18.119630813598633,0.0,18.177276611328125,17.89866065979004,17.8602294921875,0.0,29475914
2006-10-19,6.750269889831543,18.206098556518555,0.0,18.34060287475586,17.92748260498047,18.119630813598633,0.0,43227985
2006-10-20,6.750269889831543,18.206098556518555,0.0,18.34060287475586,18.061986923217773,18.206098556518555,0.0,77259032
2006-10-23,6.793015956878662,18.321388244628906,0.0,18.34060287475586,18.119630813598633,18.206098556518555,0.0,20889394
2006-10-24,6.73245906829834,18.15806007385254,0.0,18.350210189819336,18.10041618347168,18.330995559692383,0.0,17387524
2006-10-25,6.73245906829834,18.15806007385254,0.0,18.254135131835938,17.965911865234375,18.15806007385254,0.0,23338242
2006-10-26,6.679029941558838,18.01395034790039,0.0,18.27334976196289,17.937089920043945,18.206098556518555,0.0,21564985
2006-10-27,6.707523822784424,18.090808868408203,0.0,18.321388244628906,17.965911865234375,18.052379608154297,0.0,18710020
2006-10-30,6.682589530944824,18.023557662963867,0.0,18.03316307067871,17.889053344726562,18.090808868408203,0.0,16267035
2006-10-31,6.739583492279053,18.177276611328125,0.0,18.234920501708984,17.965911865234375,18.023557662963867,0.0,21955336
2006-11-01,6.800142765045166,18.34060287475586,0.0,18.465499877929688,18.21570587158203,18.177276611328125,0.0,12918347
2006-11-02,6.703961372375488,18.081201553344727,0.0,18.302173614501953,18.01395034790039,18.34060287475586,0.0,16584391
2006-11-03,6.721771240234375,18.12923812866211,0.0,18.21570587158203,17.985126495361328,18.177276611328125,0.0,19261384
2006-11-06,6.77164363861084,18.263742446899414,0.0,18.263742446899414,18.10041618347168,18.12923812866211,0.0,23030468
2006-11-07,6.846449375152588,18.465499877929688,0.0,18.494321823120117,18.27334976196289,18.350210189819336,0.0,17007173
2006-11-08,6.882070064544678,18.561574935913086,0.0,18.57118034362793,18.27334976196289,18.350210189819336,0.0,32192675
2006-11-09,6.853572845458984,18.48471450805664,0.0,18.6384334564209,18.4462833404541,18.6384334564209,0.0,60358503
2006-11-10,6.814389228820801,18.379032135009766,0.0,18.561574935913086,18.379032135009766,18.48471450805664,0.0,27370360
2006-11-13,6.842888832092285,18.45589256286621,0.0,18.51353645324707,18.350210189819336,18.379032135009766,0.0,19344601
2006-11-14,6.800142765045166,18.34060287475586,0.0,18.51353645324707,18.282957077026367,18.45589256286621,0.0,17284031
2006-11-15,6.853572845458984,18.48471450805664,0.0,18.503929138183594,18.330995559692383,18.48471450805664,0.0,11577745
2006-11-16,6.896320819854736,18.60000228881836,0.0,18.628826141357422,18.42706871032715,18.48471450805664,0.0,15065987
2006-11-17,6.839323997497559,18.4462833404541,0.0,18.676862716674805,18.36942481994629,18.60000228881836,0.0,52097711
2006-11-20,6.896320819854736,18.60000228881836,0.0,18.6384334564209,18.292564392089844,18.302173614501953,0.0,11703596
2006-11-21,6.857137203216553,18.494321823120117,0.0,18.648040771484375,18.48471450805664,18.60000228881836,0.0,11670517
2006-11-22,6.910568714141846,18.6384334564209,0.0,18.763330459594727,18.551965713500977,18.494321823120117,0.0,21004284
2006-11-23,6.942625522613525,18.724899291992188,0.0,18.772937774658203,18.65764808654785,18.715293884277344,0.0,14687918
2006-11-24,6.785890579223633,18.302173614501953,0.0,18.676862716674805,18.27334976196289,18.6384334564209,0.0,20774316
2006-11-27,6.465299129486084,17.437503814697266,0.0,17.86983871459961,17.437503814697266,17.783370971679688,0.0,61763529
2006-11-28,6.45461368560791,17.408681869506836,0.0,17.475933074951172,17.27417755126953,17.437503814697266,0.0,50719821
2006-11-29,6.5116071701049805,17.562400817871094,0.0,17.668081283569336,17.41828727722168,17.408681869506836,0.0,210349279
2006-11-30,6.50092077255249,17.533578872680664,0.0,17.639259338378906,17.447111129760742,17.562400817871094,0.0,37269657
2006-12-01,6.44036340713501,17.370250701904297,0.0,17.610437393188477,17.206924438476562,17.533578872680664,0.0,36937311
2006-12-04,6.465299129486084,17.437503814697266,0.0,17.5047550201416,17.293392181396484,17.370250701904297,0.0,31937837
2006-12-05,6.4973578453063965,17.523969650268555,0.0,17.562400817871094,17.408681869506836,17.437503814697266,0.0,32632076
2006-12-06,6.4724225997924805,17.45671844482422,0.0,17.639259338378906,17.38946533203125,17.552791595458984,0.0,22183547
2006-12-07,6.45461368560791,17.408681869506836,0.0,17.523969650268555,17.351036071777344,17.45671844482422,0.0,25277751
2006-12-08,6.479546546936035,17.475933074951172,0.0,17.533578872680664,17.30299949645996,17.351036071777344,0.0,20347178
2006-12-11,6.518732070922852,17.581615447998047,0.0,17.648866653442383,17.514362335205078,17.533578872680664,0.0,37123906
2006-12-12,6.493794918060303,17.514362335205078,0.0,17.581615447998047,17.447111129760742,17.581615447998047,0.0,23012155
2006-12-13,6.5614776611328125,17.696903228759766,0.0,17.696903228759766,17.45671844482422,17.514362335205078,0.0,33303535
2006-12-14,6.550790786743164,17.668081283569336,0.0,17.77376365661621,17.543184280395508,17.677688598632812,0.0,55954250
2006-12-15,6.625597953796387,17.86983871459961,0.0,17.89866065979004,17.62965202331543,17.668081283569336,0.0,142457112
2006-12-18,6.554351329803467,17.677688598632812,0.0,17.8602294921875,17.65847396850586,17.86983871459961,0.0,43212410
2006-12-19,6.504481792449951,17.543184280395508,0.0,17.648866653442383,17.42789649963379,17.677688598632812,0.0,85530014
2006-12-20,6.518732070922852,17.581615447998047,0.0,17.74494171142578,17.514362335205078,17.543184280395508,0.0,84329969
2006-12-21,6.5116071701049805,17.562400817871094,0.0,17.600830078125,17.495147705078125,17.581615447998047,0.0,18968640
2006-12-22,6.468861103057861,17.447111129760742,0.0,17.581615447998047,17.38946533203125,17.523969650268555,0.0,29929044
2006-12-27,6.525854587554932,17.600830078125,0.0,17.600830078125,17.30299949645996,17.30299949645996,0.0,21072762
2006-12-28,6.5116071701049805,17.562400817871094,0.0,17.668081283569336,17.514362335205078,17.543184280395508,0.0,39940015
2006-12-29,6.4973578453063965,17.523969650268555,0.0,17.620044708251953,17.447111129760742,17.562400817871094,0.0,45610197
2007-01-01,6.4973578453063965,17.523969650268555,0.0,17.523969650268555,17.523969650268555,17.523969650268555,0.0,0
2007-01-02,6.679029941558838,18.01395034790039,0.0,18.023557662963867,17.581615447998047,17.620044708251953,0.0,125804688
2007-01-03,6.743146896362305,18.1868839263916,0.0,18.24452781677246,17.965911865234375,18.01395034790039,0.0,77340785
2007-01-04,6.743146896362305,18.1868839263916,0.0,18.1868839263916,17.994735717773438,18.110023498535156,0.0,65137632
2007-01-05,6.6754631996154785,18.00434112548828,0.0,18.225313186645508,17.965911865234375,18.1868839263916,0.0,80801328
2007-01-08,6.65765380859375,17.9563045501709,0.0,18.12923812866211,17.850622177124023,18.052379608154297,0.0,66071971
2007-01-09,6.679029941558838,18.01395034790039,0.0,18.1868839263916,17.9563045501709,17.9563045501709,0.0,90957932
2007-01-10,6.604408264160156,17.687297821044922,0.126818,17.889053344726562,17.62965202331543,17.889053344726562,0.0,44032279
2007-01-11,6.7192063331604,17.994735717773438,0.0,18.03316307067871,17.668081283569336,17.687297821044922,0.0,38871603
2007-01-12,6.790956020355225,18.1868839263916,0.0,18.1868839263916,17.946697235107422,18.00434112548828,0.0,67666943
2007-01-15,6.841177463531494,18.321388244628906,0.0,18.36942481994629,18.1868839263916,18.1868839263916,0.0,32716507
2007-01-16,6.798130035400391,18.206098556518555,0.0,18.388639450073242,18.119630813598633,18.321388244628906,0.0,51634962
2007-01-17,6.790956020355225,18.1868839263916,0.0,18.350210189819336,18.090808868408203,18.196491241455078,0.0,29755481
2007-01-18,6.787367820739746,18.177276611328125,0.0,18.379032135009766,18.119630813598633,18.1868839263916,0.0,31082286
2007-01-19,6.859115123748779,18.36942481994629,0.0,18.388639450073242,18.061986923217773,18.21570587158203,0.0,199759665
2007-01-22,6.819651126861572,18.263742446899414,0.0,18.523143768310547,18.234920501708984,18.359817504882812,0.0,21056483
2007-01-23,6.848351955413818,18.34060287475586,0.0,18.350210189819336,18.196491241455078,18.24452781677246,0.0,20824839
2007-01-24,6.941623687744141,18.590396881103516,0.0,18.60961151123047,18.34060287475586,18.34060287475586,0.0,22769124
2007-01-25,6.920101642608643,18.532751083374023,0.0,18.676862716674805,18.4462833404541,18.590396881103516,0.0,19362781
2007-01-26,6.816066265106201,18.254135131835938,0.0,18.465499877929688,18.225313186645508,18.465499877929688,0.0,33276981
2007-01-29,6.851940631866455,18.350210189819336,0.0,18.36942481994629,18.225313186645508,18.282957077026367,0.0,16383656
2007-01-30,6.894989490509033,18.465499877929688,0.0,18.465499877929688,18.263742446899414,18.379032135009766,0.0,22119159
2007-01-31,6.8340020179748535,18.302173614501953,0.0,18.42706871032715,18.234920501708984,18.407854080200195,0.0,49102934
2007-02-01,6.927275657653809,18.551965713500977,0.0,18.667255401611328,18.302173614501953,18.302173614501953,0.0,37714333
2007-02-02,6.977498531341553,18.68647003173828,0.0,18.705684661865234,18.48471450805664,18.551965713500977,0.0,30512914
2007-02-05,6.995434761047363,18.734508514404297,0.0,18.753721237182617,18.65764808654785,18.68647003173828,0.0,27982900
2007-02-06,7.1461076736450195,19.138019561767578,0.0,19.262916564941406,18.801759719848633,18.8690128326416,0.0,46013714
2007-02-07,7.203505516052246,19.291738510131836,0.0,19.407028198242188,19.166841506958008,19.234094619750977,0.0,37004384
2007-02-08,7.1532816886901855,19.15723419189453,0.0,19.483888626098633,19.118804931640625,19.291738510131836,0.0,38361415
2007-02-09,7.164045810699463,19.18605613708496,0.0,19.291738510131836,19.15723419189453,19.214879989624023,0.0,28575905
2007-02-12,7.056421756744385,18.89783477783203,0.0,19.234094619750977,18.888227462768555,19.138019561767578,0.0,25836882
2007-02-13,7.103058338165283,19.02273178100586,0.0,19.118804931640625,18.936264038085938,19.01312255859375,0.0,35603334
2007-02-14,7.1532816886901855,19.15723419189453,0.0,19.19566535949707,19.003515243530273,19.10919761657715,0.0,24648511
2007-02-15,7.164045810699463,19.18605613708496,0.0,19.214879989624023,19.118804931640625,19.205272674560547,0.0,24812801
2007-02-16,6.99185037612915,18.724899291992188,0.0,19.18605613708496,18.302173614501953,19.18605613708496,0.0,130158210
2007-02-19,6.973913192749023,18.676862716674805,0.0,18.81136703491211,18.65764808654785,18.724899291992188,0.0,27448900
2007-02-20,6.955974578857422,18.628826141357422,0.0,18.667255401611328,18.494321823120117,18.628826141357422,0.0,27604179
2007-02-21,6.902164936065674,18.48471450805664,0.0,18.744115829467773,18.475107192993164,18.628826141357422,0.0,36142452
2007-02-22,6.902164936065674,18.48471450805664,0.0,18.628826141357422,18.465499877929688,18.580787658691406,0.0,33497341
2007-02-23,6.884227275848389,18.436677932739258,0.0,18.561574935913086,18.39824676513672,18.561574935913086,0.0,33813565
2007-02-26,6.941623687744141,18.590396881103516,0.0,18.65764808654785,18.4462833404541,18.45589256286621,0.0,29415505
2007-02-27,6.747905254364014,18.07159423828125,0.0,18.503929138183594,18.052379608154297,18.4462833404541,0.0,40901103
2007-02-28,6.611581802368164,17.706510543823242,0.0,18.07159423828125,17.62965202331543,18.07159423828125,0.0,65214096
2007-03-01,6.511137008666992,17.437503814697266,0.0,17.8602294921875,17.139671325683594,17.706510543823242,0.0,56804403
2007-03-02,6.417864799499512,17.18770980834961,0.0,17.610437393188477,17.101242065429688,17.437503814697266,0.0,59032041
2007-03-05,6.3030686378479,16.880271911621094,0.0,17.18770980834961,16.71694564819336,17.18770980834961,0.0,79442390
2007-03-06,6.356877326965332,17.024383544921875,0.0,17.149280548095703,16.880271911621094,16.880271911621094,0.0,36536500
2007-03-07,6.367642402648926,17.053205490112305,0.0,17.18770980834961,16.966739654541016,17.101242065429688,0.0,29211964
2007-03-08,6.564948081970215,17.581615447998047,0.0,17.668081283569336,17.053205490112305,17.053205490112305,0.0,48534802
2007-03-09,6.625936031341553,17.74494171142578,0.0,17.812192916870117,17.408681869506836,17.581615447998047,0.0,40633821
2007-03-12,6.536248683929443,17.5047550201416,0.0,17.917875289916992,17.475933074951172,17.821800231933594,0.0,27358963
2007-03-13,6.460910320281982,17.30299949645996,0.0,17.552791595458984,17.293392181396484,17.5047550201416,0.0,31352326
2007-03-14,6.234906196594238,16.697729110717773,0.0,17.30299949645996,16.668907165527344,17.30299949645996,0.0,66373006
2007-03-15,6.353288650512695,17.0147762298584,0.0,17.0147762298584,16.697729110717773,16.697729110717773,0.0,84199378
2007-03-16,6.342527866363525,16.985952377319336,0.0,17.09163475036621,16.813020706176758,16.985952377319336,0.0,68097661
2007-03-19,6.471676349639893,17.33182144165039,0.0,17.33182144165039,16.985952377319336,16.985952377319336,0.0,54853434
2007-03-20,6.486024856567383,17.370250701904297,0.0,17.399072647094727,17.149280548095703,17.33182144165039,0.0,33046817
2007-03-21,6.5147223472595215,17.447111129760742,0.0,17.706510543823242,17.30299949645996,17.341428756713867,0.0,40072922
2007-03-22,6.636695384979248,17.77376365661621,0.0,17.879444122314453,17.65847396850586,17.879444122314453,0.0,32696535
2007-03-23,6.615170001983643,17.71611976623535,0.0,17.77376365661621,17.5047550201416,17.77376365661621,0.0,31647514
2007-03-26,6.500374794006348,17.408681869506836,0.0,17.74494171142578,17.293392181396484,17.696903228759766,0.0,49577337
2007-03-27,6.564948081970215,17.581615447998047,0.0,17.648866653442383,17.42789649963379,17.543184280395508,0.0,63670395
2007-03-28,6.550597190856934,17.543184280395508,0.0,17.600830078125,17.437503814697266,17.5047550201416,0.0,33492532
2007-03-29,6.611581802368164,17.706510543823242,0.0,17.725725173950195,17.581615447998047,17.610437393188477,0.0,96675149
2007-03-30,6.5936479568481445,17.65847396850586,0.0,17.77376365661621,17.562400817871094,17.706510543823242,0.0,85771260
2007-04-02,6.615170001983643,17.71611976623535,0.0,17.74494171142578,17.581615447998047,17.62965202331543,0.0,158935678
2007-04-03,6.755080223083496,18.090808868408203,0.0,18.090808868408203,17.71611976623535,17.71611976623535,0.0,56607187
2007-04-04,6.76225471496582,18.110023498535156,0.0,18.148454666137695,17.97551918029785,18.090808868408203,0.0,60893378
2007-04-05,6.744319915771484,18.061986923217773,0.0,18.15806007385254,17.965911865234375,18.110023498535156,0.0,83688899
2007-04-10,6.759217262268066,17.86983871459961,0.231539,17.985126495361328,17.812192916870117,17.83140754699707,0.0,80657215
2007-04-11,6.74831485748291,17.84101676940918,0.0,18.119630813598633,17.821800231933594,17.879444122314453,0.0,51995880
2007-04-12,6.66473388671875,17.620044708251953,0.0,17.84101676940918,17.533578872680664,17.84101676940918,0.0,41962874
2007-04-13,6.679270267486572,17.65847396850586,0.0,17.71611976623535,17.572006225585938,17.620044708251953,0.0,50112042
2007-04-16,6.7374114990234375,17.812192916870117,0.0,17.8602294921875,17.65847396850586,17.65847396850586,0.0,33343733
2007-04-17,6.715609073638916,17.754549026489258,0.0,17.84101676940918,17.581615447998047,17.812192916870117,0.0,48924350
2007-04-18,6.661098957061768,17.610437393188477,0.0,17.696903228759766,17.5047550201416,17.62965202331543,0.0,42152383
2007-04-19,6.610224723815918,17.475933074951172,0.0,17.610437393188477,17.264568328857422,17.610437393188477,0.0,36035464
2007-04-20,6.795555591583252,17.965911865234375,0.0,18.138845443725586,17.552791595458984,17.600830078125,0.0,137534036
2007-04-23,6.770120620727539,17.89866065979004,0.0,18.07159423828125,17.83140754699707,17.965911865234375,0.0,106959489
2007-04-24,6.577515602111816,17.38946533203125,0.0,17.965911865234375,17.322214126586914,17.89866065979004,0.0,69400835
2007-04-25,6.570249557495117,17.370250701904297,0.0,17.475933074951172,17.149280548095703,17.38946533203125,0.0,50202867
2007-04-26,6.544810771942139,17.30299949645996,0.0,17.610437393188477,17.293392181396484,17.370250701904297,0.0,39859937
2007-04-27,6.435791492462158,17.0147762298584,0.0,17.30299949645996,16.928308486938477,17.30299949645996,0.0,37318944
2007-04-30,6.413987636566162,16.957130432128906,0.0,17.235746383666992,16.909093856811523,17.0147762298584,0.0,55981814
2007-05-02,6.443060398101807,17.03399085998535,0.0,17.13006591796875,16.880271911621094,17.120458602905273,0.0,60781904
2007-05-03,6.439427375793457,17.024383544921875,0.0,17.149280548095703,16.784196853637695,17.03399085998535,0.0,40392375
2007-05-04,6.577515602111816,17.38946533203125,0.0,17.437503814697266,17.024383544921875,17.024383544921875,0.0,45096791
2007-05-07,6.559345245361328,17.341428756713867,0.0,17.447111129760742,17.27417755126953,17.38946533203125,0.0,21217052
2007-05-08,6.552078723907471,17.322214126586914,0.0,17.379858016967773,17.206924438476562,17.312606811523438,0.0,35820718
2007-05-09,6.613855361938477,17.48554039001465,0.0,17.543184280395508,17.322214126586914,17.322214126586914,0.0,28956854
2007-05-10,6.577515602111816,17.38946533203125,0.0,17.581615447998047,17.322214126586914,17.48554039001465,0.0,33984062
2007-05-11,6.650198459625244,17.581615447998047,0.0,17.65847396850586,17.18770980834961,17.38946533203125,0.0,60382570
2007-05-14,6.628393650054932,17.523969650268555,0.0,17.639259338378906,17.466325759887695,17.581615447998047,0.0,19796205
2007-05-15,6.762849807739258,17.879444122314453,0.0,17.89866065979004,17.399072647094727,17.523969650268555,0.0,51479141
2007-05-16,6.770120620727539,17.89866065979004,0.0,18.00434112548828,17.792978286743164,17.792978286743164,0.0,40443281
2007-05-17,6.781021595001221,17.92748260498047,0.0,17.985126495361328,17.879444122314453,17.89866065979004,0.0,42789750
2007-05-18,6.8318986892700195,18.061986923217773,0.0,18.090808868408203,17.8602294921875,17.92748260498047,0.0,80052729
2007-05-21,6.795555591583252,17.965911865234375,0.0,18.177276611328125,17.965911865234375,18.061986923217773,0.0,49741450
2007-05-22,6.791923999786377,17.9563045501709,0.0,18.00434112548828,17.850622177124023,17.965911865234375,0.0,34519070
2007-05-23,6.857336044311523,18.12923812866211,0.0,18.12923812866211,17.89866065979004,17.9563045501709,0.0,36399390
2007-05-24,6.795555591583252,17.965911865234375,0.0,18.12923812866211,17.908267974853516,18.12923812866211,0.0,35951225
2007-05-25,6.762849807739258,17.879444122314453,0.0,17.965911865234375,17.792978286743164,17.965911865234375,0.0,44778867
2007-05-28,6.784652233123779,17.937089920043945,0.0,17.9563045501709,17.86983871459961,17.946697235107422,0.0,6667482
2007-05-29,6.8209943771362305,18.03316307067871,0.0,18.03316307067871,17.89866065979004,17.937089920043945,0.0,31705295
2007-05-30,6.773752212524414,17.908267974853516,0.0,18.03316307067871,17.754549026489258,18.03316307067871,0.0,24029647
2007-05-31,6.824629783630371,18.04277229309082,0.0,18.07159423828125,17.908267974853516,17.908267974853516,0.0,37219808
2007-06-01,6.850066184997559,18.110023498535156,0.0,18.138845443725586,17.985126495361328,18.04277229309082,0.0,30913875
2007-06-04,6.813727855682373,18.01395034790039,0.0,18.110023498535156,17.92748260498047,18.110023498535156,0.0,33572177
2007-06-05,6.810092449188232,18.00434112548828,0.0,18.110023498535156,17.97551918029785,18.052379608154297,0.0,37784768
2007-06-06,6.66473388671875,17.620044708251953,0.0,18.061986923217773,17.610437393188477,18.061986923217773,0.0,43862485
2007-06-07,6.544810771942139,17.30299949645996,0.0,17.706510543823242,17.235746383666992,17.620044708251953,0.0,55870625
2007-06-08,6.533908843994141,17.27417755126953,0.0,17.370250701904297,17.06281280517578,17.30299949645996,0.0,54018460
2007-06-11,6.552078723907471,17.322214126586914,0.0,17.42789649963379,17.178102493286133,17.27417755126953,0.0,32819385
2007-06-12,6.4648637771606445,17.09163475036621,0.0,17.322214126586914,16.985952377319336,17.322214126586914,0.0,35007727
2007-06-13,6.443060398101807,17.03399085998535,0.0,17.120458602905273,16.88987922668457,17.101242065429688,0.0,67133169
2007-06-14,6.657465934753418,17.600830078125,0.0,17.754549026489258,17.03399085998535,17.03399085998535,0.0,78782743
2007-06-15,6.755582809448242,17.8602294921875,0.0,17.9563045501709,17.600830078125,17.600830078125,0.0,109637997
2007-06-18,6.697439193725586,17.706510543823242,0.0,17.92748260498047,17.639259338378906,17.8602294921875,0.0,70838158
2007-06-19,6.653831958770752,17.591222763061523,0.0,17.908267974853516,17.42789649963379,17.77376365661621,0.0,127202684
2007-06-20,6.697439193725586,17.706510543823242,0.0,17.783370971679688,17.591222763061523,17.591222763061523,0.0,64438826
2007-06-21,6.602956771850586,17.45671844482422,0.0,17.620044708251953,17.38946533203125,17.581615447998047,0.0,50912719
2007-06-22,6.562982559204102,17.351036071777344,0.0,17.572006225585938,17.33182144165039,17.523969650268555,0.0,22184046
2007-06-25,6.610224723815918,17.475933074951172,0.0,17.533578872680664,17.197317123413086,17.351036071777344,0.0,37248295
2007-06-26,6.581151962280273,17.399072647094727,0.0,17.5047550201416,17.27417755126953,17.30299949645996,0.0,34556541
2007-06-27,6.5266432762146,17.254962921142578,0.0,17.399072647094727,17.15888786315918,17.399072647094727,0.0,88015421
2007-06-28,6.595688343048096,17.437503814697266,0.0,17.45671844482422,17.254962921142578,17.254962921142578,0.0,35500824
2007-06-29,6.613855361938477,17.48554039001465,0.0,17.533578872680664,17.283784866333008,17.466325759887695,0.0,67609862
2007-07-02,6.588418483734131,17.41828727722168,0.0,17.466325759887695,17.341428756713867,17.399072647094727,0.0,132013314
2007-07-03,6.613855361938477,17.48554039001465,0.0,17.591222763061523,17.41828727722168,17.41828727722168,0.0,51282264
2007-07-04,6.690174579620361,17.687297821044922,0.0,17.735334396362305,17.495147705078125,17.514362335205078,0.0,69519726
2007-07-05,6.657465934753418,17.600830078125,0.0,17.754549026489258,17.533578872680664,17.687297821044922,0.0,29051791
2007-07-06,6.675636291503906,17.648866653442383,0.0,17.696903228759766,17.495147705078125,17.600830078125,0.0,67080876
2007-07-09,6.650198459625244,17.581615447998047,0.0,17.74494171142578,17.5047550201416,17.648866653442383,0.0,77425678
2007-07-10,6.566646099090576,17.21653175354004,0.146033,17.523969650268555,17.101242065429688,17.466325759887695,0.0,68158198
2007-07-11,6.570314407348633,17.226139068603516,0.0,17.264568328857422,16.918701171875,16.957130432128906,0.0,48026175
2007-07-12,6.5959649085998535,17.293392181396484,0.0,17.322214126586914,17.03399085998535,17.226139068603516,0.0,44788722
2007-07-13,6.65825891494751,17.45671844482422,0.0,17.543184280395508,17.293392181396484,17.293392181396484,0.0,38588622
2007-07-16,6.753533363342285,17.706510543823242,0.0,17.71611976623535,17.447111129760742,17.45671844482422,0.0,88115976
2007-07-17,6.738875865936279,17.668081283569336,0.0,17.74494171142578,17.610437393188477,17.706510543823242,0.0,36271381
2007-07-18,6.676580905914307,17.5047550201416,0.0,17.706510543823242,17.408681869506836,17.668081283569336,0.0,47564691
2007-07-19,6.746205806732178,17.687297821044922,0.0,17.80258560180664,17.5047550201416,17.5047550201416,0.0,122009409
2007-07-20,6.6032938957214355,17.312606811523438,0.0,17.725725173950195,17.293392181396484,17.687297821044922,0.0,106886063
2007-07-23,6.6326069831848145,17.38946533203125,0.0,17.38946533203125,17.15888786315918,17.312606811523438,0.0,20864215
2007-07-24,6.705896854400635,17.581615447998047,0.0,17.92748260498047,17.206924438476562,17.264568328857422,0.0,82342174
2007-07-25,6.713225841522217,17.600830078125,0.0,17.74494171142578,17.312606811523438,17.581615447998047,0.0,73714263
2007-07-26,6.511682033538818,17.072420120239258,0.0,17.764156341552734,17.053205490112305,17.677688598632812,0.0,62983677
2007-07-27,6.555654525756836,17.18770980834961,0.0,17.27417755126953,16.899486541748047,17.072420120239258,0.0,178305213
2007-07-30,6.489696025848389,17.0147762298584,0.0,17.18770980834961,16.966739654541016,17.18770980834961,0.0,44162261
2007-07-31,6.643599987030029,17.41828727722168,0.0,17.41828727722168,17.120458602905273,17.13006591796875,0.0,49356863
2007-08-01,6.526340007781982,17.110849380493164,0.0,17.41828727722168,16.86105728149414,17.41828727722168,0.0,52899602
2007-08-02,6.562984466552734,17.206924438476562,0.0,17.27417755126953,17.09163475036621,17.110849380493164,0.0,24940658
2007-08-03,6.482368469238281,16.995561599731445,0.0,17.24535369873047,16.88987922668457,17.206924438476562,0.0,31378415
2007-08-06,6.412742614746094,16.813020706176758,0.0,16.995561599731445,16.707338333129883,16.995561599731445,0.0,38435470
2007-08-07,6.544665336608887,17.15888786315918,0.0,17.197317123413086,16.97634506225586,17.03399085998535,0.0,28284142
2007-08-08,6.669250011444092,17.48554039001465,0.0,17.552791595458984,17.206924438476562,17.24535369873047,0.0,64321234
2007-08-09,6.570314407348633,17.226139068603516,0.0,17.48554039001465,17.053205490112305,17.48554039001465,0.0,40229097
2007-08-10,6.321130752563477,16.572834014892578,0.0,17.226139068603516,16.495973587036133,17.226139068603516,0.0,70136710
2007-08-13,6.471375465393066,16.966739654541016,0.0,17.082027435302734,16.64969253540039,16.736160278320312,0.0,46701858
2007-08-14,6.376100063323975,16.71694564819336,0.0,17.005168914794922,16.67851448059082,16.966739654541016,0.0,37203392
2007-08-15,6.277159214019775,16.457544326782227,0.0,16.71694564819336,16.26539421081543,16.71694564819336,0.0,45405723
2007-08-16,6.05729341506958,15.881097793579102,0.0,16.457544326782227,15.881097793579102,16.457544326782227,0.0,56441845
2007-08-17,6.24051570892334,16.361469268798828,0.0,16.524795532226562,15.727378845214844,15.881097793579102,0.0,68669156
2007-08-20,6.222192764282227,16.313432693481445,0.0,16.50558090209961,16.255788803100586,16.361469268798828,0.0,34541403
2007-08-21,6.156231880187988,16.140499114990234,0.0,16.361469268798828,15.977171897888184,16.313432693481445,0.0,39127809
2007-08-22,6.229518413543701,16.3326473236084,0.0,16.399900436401367,16.140499114990234,16.140499114990234,0.0,39808956
2007-08-23,6.178217887878418,16.198143005371094,0.0,16.582441329956055,16.198143005371094,16.3326473236084,0.0,31957766
2007-08-24,6.163561820983887,16.159713745117188,0.0,16.198143005371094,16.015602111816406,16.198143005371094,0.0,32097661
2007-08-27,6.152568340301514,16.130891799926758,0.0,16.27500343322754,16.09246253967285,16.159713745117188,0.0,22780028
2007-08-28,6.075615882873535,15.9291353225708,0.0,16.17892837524414,15.881097793579102,16.130891799926758,0.0,30196601
2007-08-29,6.097602367401123,15.986780166625977,0.0,16.082853317260742,15.81384563446045,15.9291353225708,0.0,32566221
2007-08-30,6.141576766967773,16.102069854736328,0.0,16.169321060180664,15.900313377380371,15.986780166625977,0.0,42970439
2007-08-31,6.189212799072266,16.226966857910156,0.0,16.371076583862305,16.17892837524414,16.226966857910156,0.0,21939382
2007-09-03,6.247842788696289,16.380685806274414,0.0,16.419113159179688,16.226966857910156,16.226966857910156,0.0,16718278
2007-09-04,6.3064751625061035,16.534404754638672,0.0,16.553619384765625,16.255788803100586,16.380685806274414,0.0,26385434
2007-09-05,6.163561820983887,16.159713745117188,0.0,16.534404754638672,16.159713745117188,16.534404754638672,0.0,28745430
2007-09-06,6.14523983001709,16.111675262451172,0.0,16.294218063354492,15.9291353225708,16.159713745117188,0.0,52181205
2007-09-07,5.994998931884766,15.71777057647705,0.0,16.217357635498047,15.669734001159668,16.09246253967285,0.0,47660833
2007-09-10,5.866743564605713,15.381510734558105,0.0,15.71777057647705,15.381510734558105,15.679342269897461,0.0,50362136
2007-09-11,5.991332530975342,15.70816421508789,0.0,15.70816421508789,15.314258575439453,15.381510734558105,0.0,33197567
2007-09-12,5.943697929382324,15.583267211914062,0.0,15.73698616027832,15.381510734558105,15.70816421508789,0.0,39982796
2007-09-13,5.940032482147217,15.573659896850586,0.0,15.583267211914062,15.285436630249023,15.583267211914062,0.0,52352039
2007-09-14,5.841093063354492,15.314258575439453,0.0,15.573659896850586,15.179755210876465,15.573659896850586,0.0,67611655
2007-09-17,5.7165021896362305,14.987606048583984,0.0,15.314258575439453,14.85310173034668,15.314258575439453,0.0,58192484
2007-09-18,5.9070539474487305,15.48719310760498,0.0,15.54483699798584,14.795456886291504,14.987606048583984,0.0,65723156
2007-09-19,6.174552917480469,16.188535690307617,0.0,16.294218063354492,15.48719310760498,15.48719310760498,0.0,80787689
2007-09-20,6.1085968017578125,16.015602111816406,0.0,16.188535690307617,15.900313377380371,16.188535690307617,0.0,57322283
2007-09-21,6.101265907287598,15.996386528015137,0.0,16.188535690307617,15.881097793579102,16.015602111816406,0.0,75394011
2007-09-24,6.090274333953857,15.967564582824707,0.0,16.025209426879883,15.871489524841309,15.996386528015137,0.0,62535210
2007-09-25,5.994998931884766,15.71777057647705,0.0,15.861883163452148,15.631303787231445,15.842667579650879,0.0,38596119
2007-09-26,6.02064847946167,15.785022735595703,0.0,15.900313377380371,15.640912055969238,15.71777057647705,0.0,53287643
2007-09-27,6.038972854614258,15.833061218261719,0.0,15.967564582824707,15.765809059143066,15.785022735595703,0.0,46532812
2007-09-28,6.024313449859619,15.794631004333496,0.0,15.890705108642578,15.669734001159668,15.890705108642578,0.0,52737191
2007-10-01,6.0682878494262695,15.909919738769531,0.0,15.95795726776123,15.535229682922363,15.794631004333496,0.0,189909403
2007-10-02,6.2661662101745605,16.428722381591797,0.0,16.495973587036133,15.909919738769531,15.909919738769531,0.0,131761218
2007-10-03,6.273496150970459,16.44793701171875,0.0,16.572834014892578,16.313432693481445,16.428722381591797,0.0,79675984
2007-10-04,6.273496150970459,16.44793701171875,0.0,16.515188217163086,16.35186195373535,16.44793701171875,0.0,95594601
2007-10-05,6.357776641845703,16.668907165527344,0.0,16.668907165527344,16.428722381591797,16.44793701171875,0.0,75557093
2007-10-08,6.321130752563477,16.572834014892578,0.0,16.697729110717773,16.553619384765625,16.668907165527344,0.0,63222002
2007-10-09,6.3504486083984375,16.64969253540039,0.0,16.659299850463867,16.467151641845703,16.601655960083008,0.0,105948723
2007-10-10,6.351186752319336,16.50558090209961,0.146033,16.659299850463867,16.419113159179688,16.553619384765625,0.0,91364309
2007-10-11,6.406640529632568,16.64969253540039,0.0,16.764982223510742,16.380685806274414,16.50558090209961,0.0,62041784
2007-10-12,6.484274387359619,16.85144805908203,0.0,16.85144805908203,16.47675895690918,16.534404754638672,0.0,45368620
2007-10-15,6.417728424072266,16.67851448059082,0.0,16.85144805908203,16.659299850463867,16.832233428955078,0.0,90790991
2007-10-16,6.362277984619141,16.534404754638672,0.0,16.630477905273438,16.409507751464844,16.630477905273438,0.0,49276893
2007-10-17,6.340096473693848,16.47675895690918,0.0,16.67851448059082,16.30382537841797,16.67851448059082,0.0,57840023
2007-10-18,6.351186752319336,16.50558090209961,0.0,16.74576759338379,16.3326473236084,16.47675895690918,0.0,68692121
2007-10-19,6.354886531829834,16.515188217163086,0.0,16.544010162353516,16.371076583862305,16.50558090209961,0.0,43725908
2007-10-22,6.247674465179443,16.236572265625,0.0,16.515188217163086,16.102069854736328,16.515188217163086,0.0,84578701
2007-10-23,6.266157627105713,16.284610748291016,0.0,16.409507751464844,16.236572265625,16.236572265625,0.0,59497389
2007-10-24,6.140467643737793,15.95795726776123,0.0,16.35186195373535,15.842667579650879,16.284610748291016,0.0,59063176
2007-10-25,6.125680923461914,15.919528007507324,0.0,16.09246253967285,15.861883163452148,15.95795726776123,0.0,37871374
2007-10-26,6.181131839752197,16.06363868713379,0.0,16.20775032043457,15.833061218261719,15.919528007507324,0.0,53950017
2007-10-29,6.284641265869141,16.3326473236084,0.0,16.438329696655273,16.06363868713379,16.06363868713379,0.0,38285974
2007-10-30,6.321613788604736,16.428722381591797,0.0,16.515188217163086,16.24618148803711,16.3326473236084,0.0,80321051
2007-10-31,6.4214277267456055,16.68812370300293,0.0,16.71694564819336,16.380685806274414,16.428722381591797,0.0,36973626
2007-11-01,6.336400985717773,16.467151641845703,0.0,16.784196853637695,16.313432693481445,16.68812370300293,0.0,44588864
2007-11-02,6.329006671905518,16.44793701171875,0.0,16.495973587036133,16.26539421081543,16.467151641845703,0.0,41152256
2007-11-05,6.358579635620117,16.524795532226562,0.0,16.524795532226562,16.217357635498047,16.44793701171875,0.0,35522753
2007-11-06,6.332703113555908,16.457544326782227,0.0,16.707338333129883,16.409507751464844,16.524795532226562,0.0,50503043
2007-11-07,6.247674465179443,16.236572265625,0.0,16.495973587036133,16.140499114990234,16.457544326782227,0.0,33769224
2007-11-08,6.125680923461914,15.919528007507324,0.0,16.236572265625,15.81384563446045,16.236572265625,0.0,66393749
2007-11-09,6.033257484436035,15.679342269897461,0.0,15.996386528015137,15.602481842041016,15.919528007507324,0.0,36380846
2007-11-12,6.110891819000244,15.881097793579102,0.0,15.909919738769531,15.573659896850586,15.679342269897461,0.0,50538149
2007-11-13,6.170040607452393,16.03481674194336,0.0,16.082853317260742,15.71777057647705,15.881097793579102,0.0,28843475
2007-11-14,6.240281105041504,16.217357635498047,0.0,16.409507751464844,16.03481674194336,16.03481674194336,0.0,49457287
2007-11-15,6.236584663391113,16.20775032043457,0.0,16.371076583862305,16.06363868713379,16.217357635498047,0.0,52311970
2007-11-16,6.166344165802002,16.025209426879883,0.0,16.20775032043457,15.919528007507324,16.20775032043457,0.0,64603952
2007-11-19,6.059136390686035,15.746594429016113,0.0,16.159713745117188,15.73698616027832,16.025209426879883,0.0,36481955
2007-11-20,6.092408180236816,15.833061218261719,0.0,15.881097793579102,15.573659896850586,15.746594429016113,0.0,39554836
2007-11-21,5.94453239440918,15.448762893676758,0.0,15.833061218261719,15.362296104431152,15.833061218261719,0.0,74540006
2007-11-22,5.937139987945557,15.429548263549805,0.0,15.54483699798584,15.362296104431152,15.448762893676758,0.0,23688970
2007-11-23,6.048045635223389,15.71777057647705,0.0,15.833061218261719,15.429548263549805,15.439155578613281,0.0,29473075
2007-11-26,6.01846981048584,15.640912055969238,0.0,15.9291353225708,15.612090110778809,15.842667579650879,0.0,30359023
2007-11-27,6.003683090209961,15.602481842041016,0.0,15.746594429016113,15.506407737731934,15.640912055969238,0.0,32848250
2007-11-28,6.140467643737793,15.95795726776123,0.0,16.12128448486328,15.554445266723633,15.602481842041016,0.0,44571606
2007-11-29,6.23288631439209,16.198143005371094,0.0,16.236572265625,15.95795726776123,15.95795726776123,0.0,46339815
2007-11-30,6.288339138031006,16.342254638671875,0.0,16.399900436401367,16.111675262451172,16.198143005371094,0.0,45831080
2007-12-03,6.2587666511535645,16.26539421081543,0.0,16.35186195373535,16.188535690307617,16.313432693481445,0.0,33930734
2007-12-04,6.23288631439209,16.198143005371094,0.0,16.323040008544922,16.025209426879883,16.26539421081543,0.0,36750934
2007-12-05,6.284641265869141,16.3326473236084,0.0,16.371076583862305,16.198143005371094,16.198143005371094,0.0,28055038
2007-12-06,6.266157627105713,16.284610748291016,0.0,16.544010162353516,16.236572265625,16.3326473236084,0.0,31148401
2007-12-07,6.369672775268555,16.553619384765625,0.0,16.62087059020996,16.284610748291016,16.284610748291016,0.0,44911601
2007-12-10,6.402942657470703,16.640085220336914,0.0,16.755374908447266,16.428722381591797,16.553619384765625,0.0,30540312
2007-12-11,6.384458541870117,16.59204864501953,0.0,16.736160278320312,16.495973587036133,16.640085220336914,0.0,53834599
2007-12-12,6.388157367706299,16.601655960083008,0.0,16.85144805908203,16.30382537841797,16.342254638671875,0.0,59144725
2007-12-13,6.269857406616211,16.294218063354492,0.0,16.601655960083008,16.27500343322754,16.601655960083008,0.0,52479370
2007-12-14,6.358579635620117,16.524795532226562,0.0,16.5632266998291,16.217357635498047,16.294218063354492,0.0,29225454
2007-12-17,6.23288631439209,16.198143005371094,0.0,16.524795532226562,16.140499114990234,16.524795532226562,0.0,64365674
2007-12-18,6.21070671081543,16.140499114990234,0.0,16.323040008544922,16.111675262451172,16.159713745117188,0.0,56642914
2007-12-19,6.177436351776123,16.054031372070312,0.0,16.198143005371094,16.044424057006836,16.140499114990234,0.0,45484711
2007-12-20,6.133070945739746,15.938741683959961,0.0,16.159713745117188,15.861883163452148,16.054031372070312,0.0,59945846
2007-12-21,6.177436351776123,16.054031372070312,0.0,16.236572265625,16.03481674194336,16.130891799926758,0.0,115933276
2007-12-24,6.177436351776123,16.054031372070312,0.0,16.054031372070312,16.054031372070312,16.054031372070312,0.0,0
2007-12-27,6.1848297119140625,16.0732479095459,0.0,16.226966857910156,15.938741683959961,15.938741683959961,0.0,88571248
2007-12-28,6.195920944213867,16.102069854736328,0.0,16.12128448486328,15.977171897888184,15.986780166625977,0.0,31935697
2008-01-02,6.1293768882751465,15.9291353225708,0.0,16.159713745117188,15.852275848388672,16.102069854736328,0.0,98910227
2008-01-03,6.077620029449463,15.794631004333496,0.0,15.9291353225708,15.698555946350098,15.9291353225708,0.0,90699091
2008-01-04,5.9519267082214355,15.467977523803711,0.0,15.794631004333496,15.32386589050293,15.794631004333496,0.0,138136793
2008-01-07,5.977804183959961,15.535229682922363,0.0,15.592874526977539,15.371904373168945,15.467977523803711,0.0,32842184
2008-01-08,5.86320161819458,15.237399101257324,0.0,15.583267211914062,15.198969841003418,15.535229682922363,0.0,87804409
2008-01-09,5.7892656326293945,15.04525089263916,0.0,15.237399101257324,14.997213363647461,15.237399101257324,0.0,107909320
2008-01-10,5.715353012084961,14.708990097045898,0.146033,15.026036262512207,14.670559883117676,14.901139259338379,0.0,99163023
2008-01-11,5.722815036773682,14.728204727172852,0.0,14.862709045410156,14.680168151855469,14.708990097045898,0.0,67784125
2008-01-14,5.707883834838867,14.689775466918945,0.0,14.785849571228027,14.507233619689941,14.728204727172852,0.0,41872494
2008-01-15,5.513763427734375,14.19018840789795,0.0,14.689775466918945,14.16136646270752,14.689775466918945,0.0,52903824
2008-01-16,5.483900547027588,14.11332893371582,0.0,14.372730255126953,13.901965141296387,14.19018840789795,0.0,97232170
2008-01-17,5.412971019744873,13.930788040161133,0.0,14.267047882080078,13.89235782623291,14.11332893371582,0.0,69239809
2008-01-18,5.297245025634766,13.632957458496094,0.0,14.055684089660645,13.584919929504395,13.882749557495117,0.0,105942061
2008-01-21,4.927669048309326,12.681819915771484,0.0,13.632957458496094,12.662605285644531,13.632957458496094,0.0,86096391
2008-01-22,5.0471272468566895,12.9892578125,0.0,13.075724601745605,11.922833442687988,12.681819915771484,0.0,78668431
2008-01-23,4.875405788421631,12.54731559753418,0.0,13.373556137084961,12.470457077026367,12.9892578125,0.0,75944134
2008-01-24,5.300978183746338,13.642563819885254,0.0,13.642563819885254,12.54731559753418,12.54731559753418,0.0,81012865
2008-01-25,5.300978183746338,13.642563819885254,0.0,14.055684089660645,13.517667770385742,13.642563819885254,0.0,57155704
2008-01-28,5.244981288909912,13.498453140258789,0.0,13.642563819885254,13.248659133911133,13.642563819885254,0.0,48181259
2008-01-29,5.342041969299316,13.748246192932129,0.0,13.825105667114258,13.460022926330566,13.498453140258789,0.0,38511407
2008-01-30,5.353242874145508,13.777068138122559,0.0,13.959609985351562,13.594527244567871,13.748246192932129,0.0,38287614
2008-01-31,5.252450466156006,13.517667770385742,0.0,13.834712982177734,13.287089347839355,13.777068138122559,0.0,55180168
2008-02-01,5.416703701019287,13.94039535522461,0.0,14.026862144470215,13.517667770385742,13.517667770385742,0.0,61119041
2008-02-04,5.420436859130859,13.95000171661377,0.0,14.19018840789795,13.92117977142334,13.94039535522461,0.0,30603473
2008-02-05,5.106857776641846,13.142976760864258,0.0,13.95000171661377,13.114154815673828,13.95000171661377,0.0,59823266
2008-02-06,5.118058681488037,13.171799659729004,0.0,13.267873764038086,12.998866081237793,13.142976760864258,0.0,36606954
2008-02-07,5.009798526763916,12.893183708190918,0.0,13.171799659729004,12.777894973754883,13.171799659729004,0.0,57794625
2008-02-08,5.024730682373047,12.93161392211914,0.0,13.046902656555176,12.7298583984375,12.893183708190918,0.0,37666033
2008-02-11,4.95006799697876,12.73946475982666,0.0,12.96043586730957,12.691428184509277,12.93161392211914,0.0,39197471
2008-02-12,5.103125095367432,13.133370399475098,0.0,13.191015243530273,12.585745811462402,12.73946475982666,0.0,55627517
2008-02-13,5.155388832092285,13.267873764038086,0.0,13.392770767211914,12.950828552246094,13.133370399475098,0.0,28459004
2008-02-14,5.155388832092285,13.267873764038086,0.0,13.536882400512695,13.123763084411621,13.267873764038086,0.0,35979078
2008-02-15,5.032197952270508,12.950828552246094,0.0,13.306303977966309,12.883577346801758,13.267873764038086,0.0,40830985
2008-02-18,5.155388832092285,13.267873764038086,0.0,13.315911293029785,12.950828552246094,12.950828552246094,0.0,30093469
2008-02-19,5.147921562194824,13.248659133911133,0.0,13.325518608093262,12.950828552246094,13.267873764038086,0.0,75010067
2008-02-20,5.062062740325928,13.027688026428223,0.0,13.248659133911133,12.941221237182617,13.248659133911133,0.0,36536117
2008-02-21,5.110591888427734,13.15258502960205,0.0,13.287089347839355,13.018080711364746,13.027688026428223,0.0,27889260
2008-02-22,5.054595470428467,13.00847339630127,0.0,13.18140697479248,12.912399291992188,13.15258502960205,0.0,25387291
2008-02-25,5.132990837097168,13.210229873657227,0.0,13.277482032775879,13.00847339630127,13.00847339630127,0.0,29053981
2008-02-26,5.274846076965332,13.575311660766602,0.0,13.575311660766602,13.210229873657227,13.210229873657227,0.0,36725987
2008-02-27,5.267380714416504,13.556097030639648,0.0,13.584919929504395,13.315911293029785,13.575311660766602,0.0,25195798
2008-02-28,5.2001848220825195,13.383163452148438,0.0,13.556097030639648,13.315911293029785,13.556097030639648,0.0,36005424
2008-02-29,5.136723518371582,13.219837188720703,0.0,13.383163452148438,13.037296295166016,13.383163452148438,0.0,39658947
2008-03-03,5.009798526763916,12.893183708190918,0.0,13.219837188720703,12.845147132873535,13.219837188720703,0.0,33874218
2008-03-04,4.905271530151367,12.624176025390625,0.0,12.96043586730957,12.614567756652832,12.893183708190918,0.0,32392737
2008-03-05,5.0135321617126465,12.902791023254395,0.0,12.950828552246094,12.624176025390625,12.624176025390625,0.0,40815946
2008-03-06,4.886606216430664,12.57613754272461,0.0,12.93161392211914,12.528100967407227,12.873969078063965,0.0,35663746
2008-03-07,4.830610275268555,12.432026863098145,0.0,12.585745811462402,12.29752254486084,12.57613754272461,0.0,49774945
2008-03-10,4.76341438293457,12.259093284606934,0.0,12.48967170715332,12.172625541687012,12.432026863098145,0.0,46524918
2008-03-11,4.972467422485352,12.797109603881836,0.0,12.854754447937012,12.259093284606934,12.259093284606934,0.0,75609044
2008-03-12,5.0471272468566895,12.9892578125,0.0,13.162192344665527,12.797109603881836,12.797109603881836,0.0,40930803
2008-03-13,4.991131782531738,12.845147132873535,0.0,12.9892578125,12.528100967407227,12.9892578125,0.0,40770440
2008-03-14,4.935137748718262,12.701034545898438,0.0,13.18140697479248,12.604961395263672,12.845147132873535,0.0,39826413
2008-03-17,4.78581428527832,12.31673812866211,0.0,12.701034545898438,12.201448440551758,12.701034545898438,0.0,45746991
2008-03-18,5.024730682373047,12.93161392211914,0.0,13.00847339630127,12.31673812866211,12.31673812866211,0.0,55017482
2008-03-19,5.0471272468566895,12.9892578125,0.0,13.267873764038086,12.883577346801758,12.93161392211914,0.0,46201835
2008-03-20,5.0396647453308105,12.970044136047363,0.0,13.142976760864258,12.720250129699707,12.9892578125,0.0,82240963
2008-03-25,5.2188520431518555,13.431200981140137,0.0,13.431200981140137,12.970044136047363,12.970044136047363,0.0,88104802
2008-03-26,5.2001848220825195,13.383163452148438,0.0,13.431200981140137,13.248659133911133,13.431200981140137,0.0,56455671
2008-03-27,5.252450466156006,13.517667770385742,0.0,13.680994033813477,13.248659133911133,13.383163452148438,0.0,79237840
2008-03-28,5.237514019012451,13.47923755645752,0.0,13.632957458496094,13.383163452148438,13.47923755645752,0.0,29018229
2008-03-31,5.207650661468506,13.40237808227539,0.0,13.47923755645752,13.239051818847656,13.47923755645752,0.0,63445379
2008-04-01,5.420436859130859,13.95000171661377,0.0,13.959609985351562,13.325518608093262,13.40237808227539,0.0,115161241
2008-04-02,5.528695583343506,14.228617668151855,0.0,14.267047882080078,13.95000171661377,13.95000171661377,0.0,73226366
2008-04-03,5.491365909576416,14.132543563842773,0.0,14.238225936889648,13.959609985351562,14.228617668151855,0.0,114238182
2008-04-04,5.506297588348389,14.170973777770996,0.0,14.238225936889648,14.055684089660645,14.132543563842773,0.0,109727294
2008-04-07,5.562295436859131,14.315085411071777,0.0,14.411160469055176,14.170973777770996,14.170973777770996,0.0,50145970
2008-04-08,5.5398969650268555,14.257439613342285,0.0,14.430374145507812,14.14215087890625,14.315085411071777,0.0,118769303
2008-04-09,5.431637287139893,13.978824615478516,0.0,14.257439613342285,13.95000171661377,14.257439613342285,0.0,105498472
2008-04-10,5.422884464263916,13.69060230255127,0.266126,13.796282768249512,13.527275085449219,13.709815979003906,0.0,100044365
2008-04-11,5.342967510223389,13.488844871520996,0.0,13.815498352050781,13.431200981140137,13.69060230255127,0.0,103976235
2008-04-14,5.304911136627197,13.392770767211914,0.0,13.488844871520996,13.277482032775879,13.488844871520996,0.0,89492401
2008-04-15,5.335355758666992,13.469630241394043,0.0,13.584919929504395,13.363948822021484,13.392770767211914,0.0,87484366
2008-04-16,5.419079303741455,13.680994033813477,0.0,13.7194242477417,13.460022926330566,13.469630241394043,0.0,50545535
2008-04-17,5.396243095397949,13.6233491897583,0.0,13.767460823059082,13.584919929504395,13.680994033813477,0.0,98715253
2008-04-18,5.552272319793701,14.017253875732422,0.0,14.065292358398438,13.6233491897583,13.6233491897583,0.0,66412059
2008-04-21,5.4609375,13.786676406860352,0.0,14.094114303588867,13.70020866394043,14.017253875732422,0.0,55747508
2008-04-22,5.411465644836426,13.661779403686523,0.0,13.786676406860352,13.613741874694824,13.786676406860352,0.0,25533800
2008-04-23,5.403855800628662,13.642563819885254,0.0,13.738638877868652,13.488844871520996,13.661779403686523,0.0,36264967
2008-04-24,5.430492877960205,13.709815979003906,0.0,13.72903060913086,13.45041561126709,13.642563819885254,0.0,26727165
2008-04-25,5.49899435043335,13.882749557495117,0.0,13.969217300415039,13.709815979003906,13.709815979003906,0.0,32451096
2008-04-28,5.590327262878418,14.11332893371582,0.0,14.209403038024902,13.844321250915527,13.882749557495117,0.0,40369384
2008-04-29,5.5941314697265625,14.122936248779297,0.0,14.170973777770996,13.988431930541992,14.11332893371582,0.0,34702085
2008-04-30,5.620769500732422,14.19018840789795,0.0,14.19018840789795,13.95000171661377,14.122936248779297,0.0,25809805
2008-05-02,5.746352672576904,14.507233619689941,0.0,14.651346206665039,14.19018840789795,14.19018840789795,0.0,45210182
2008-05-05,5.753964424133301,14.526449203491211,0.0,14.564879417419434,14.411160469055176,14.507233619689941,0.0,15783926
2008-05-06,5.7121052742004395,14.420766830444336,0.0,14.55527114868164,14.228617668151855,14.526449203491211,0.0,29195583
2008-05-07,5.7349371910095215,14.478411674499512,0.0,14.55527114868164,14.382336616516113,14.420766830444336,0.0,21930483
2008-05-08,5.753964424133301,14.526449203491211,0.0,14.526449203491211,14.276655197143555,14.478411674499512,0.0,21324111
2008-05-09,5.7121052742004395,14.420766830444336,0.0,14.526449203491211,14.295869827270508,14.526449203491211,0.0,24395737
2008-05-12,5.74254846572876,14.497626304626465,0.0,14.536055564880371,14.411160469055176,14.420766830444336,0.0,15641794
2008-05-13,5.738742351531982,14.488018989562988,0.0,14.593701362609863,14.391944885253906,14.497626304626465,0.0,20383325
2008-05-14,5.784408092498779,14.603307723999023,0.0,14.622523307800293,14.449588775634766,14.488018989562988,0.0,27232453
2008-05-15,5.803438186645508,14.651346206665039,0.0,14.670559883117676,14.478411674499512,14.603307723999023,0.0,16836109
2008-05-16,5.799631118774414,14.641737937927246,0.0,14.795456886291504,14.564879417419434,14.651346206665039,0.0,30527249
2008-05-19,5.811048984527588,14.670559883117676,0.0,14.689775466918945,14.516840934753418,14.641737937927246,0.0,18103848
2008-05-20,5.70829963684082,14.411160469055176,0.0,14.670559883117676,14.411160469055176,14.670559883117676,0.0,36031042
2008-05-21,5.624575614929199,14.199795722961426,0.0,14.439982414245605,14.132543563842773,14.411160469055176,0.0,29204866
2008-05-22,5.613159656524658,14.170973777770996,0.0,14.199795722961426,13.92117977142334,14.199795722961426,0.0,38973499
2008-05-23,5.510410308837891,13.91157341003418,0.0,14.170973777770996,13.91157341003418,14.170973777770996,0.0,26137778
2008-05-26,5.502799034118652,13.89235782623291,0.0,13.969217300415039,13.844321250915527,13.91157341003418,0.0,10838002
2008-05-27,5.476160049438477,13.825105667114258,0.0,13.969217300415039,13.786676406860352,13.89235782623291,0.0,23944168
2008-05-28,5.468549728393555,13.805891036987305,0.0,13.978824615478516,13.7194242477417,13.825105667114258,0.0,25615997
2008-05-29,5.4609375,13.786676406860352,0.0,13.91157341003418,13.642563819885254,13.805891036987305,0.0,23981555
2008-05-30,5.4533281326293945,13.767460823059082,0.0,13.901965141296387,13.7194242477417,13.786676406860352,0.0,37483891
2008-06-02,5.35438346862793,13.517667770385742,0.0,13.777068138122559,13.508060455322266,13.767460823059082,0.0,31008206
2008-06-03,5.388632774353027,13.604134559631348,0.0,13.642563819885254,13.363948822021484,13.517667770385742,0.0,35447328
2008-06-04,5.346771240234375,13.498453140258789,0.0,13.604134559631348,13.306303977966309,13.604134559631348,0.0,36027757
2008-06-05,5.285884380340576,13.344734191894531,0.0,13.584919929504395,13.219837188720703,13.498453140258789,0.0,45854446
2008-06-06,5.114635944366455,12.912399291992188,0.0,13.440808296203613,12.912399291992188,13.344734191894531,0.0,71521412
2008-06-09,5.072775840759277,12.806716918945312,0.0,12.93161392211914,12.614567756652832,12.912399291992188,0.0,39467358
2008-06-10,5.087998867034912,12.845147132873535,0.0,12.96043586730957,12.556923866271973,12.806716918945312,0.0,44595838
2008-06-11,4.981441020965576,12.57613754272461,0.0,13.037296295166016,12.556923866271973,12.845147132873535,0.0,41799288
2008-06-12,5.137468338012695,12.970044136047363,0.0,12.998866081237793,12.57613754272461,12.57613754272461,0.0,67589518
2008-06-13,5.213578701019287,13.162192344665527,0.0,13.219837188720703,12.806716918945312,12.970044136047363,0.0,44771797
2008-06-16,5.080384254455566,12.825931549072266,0.0,13.219837188720703,12.701034545898438,13.162192344665527,0.0,36899121
2008-06-17,5.114635944366455,12.912399291992188,0.0,13.056509971618652,12.825931549072266,12.825931549072266,0.0,49684573
2008-06-18,5.008081912994385,12.643390655517578,0.0,12.912399291992188,12.595353126525879,12.912399291992188,0.0,47892383
2008-06-19,4.9738311767578125,12.556923866271973,0.0,12.73946475982666,12.53770923614502,12.643390655517578,0.0,48462824
2008-06-20,4.939580917358398,12.470457077026367,0.0,12.652997970581055,12.278307914733887,12.556923866271973,0.0,94545893
2008-06-23,4.897719860076904,12.364774703979492,0.0,12.556923866271973,12.29752254486084,12.470457077026367,0.0,51096725
2008-06-24,4.806385040283203,12.134196281433105,0.0,12.422418594360352,12.057336807250977,12.364774703979492,0.0,88135736
2008-06-25,4.9357757568359375,12.460848808288574,0.0,12.460848808288574,12.134196281433105,12.134196281433105,0.0,100911143
2008-06-26,4.7226667404174805,11.922833442687988,0.0,12.460848808288574,11.903617858886719,12.460848808288574,0.0,96494125
2008-06-27,4.699831962585449,11.865187644958496,0.0,11.922833442687988,11.644216537475586,11.922833442687988,0.0,40377051
2008-06-30,4.631333827972412,11.692254066467285,0.0,11.865187644958496,11.57696533203125,11.865187644958496,0.0,42146659
2008-07-01,4.5704450607299805,11.538535118103027,0.0,11.721076011657715,11.442461013793945,11.682646751403809,0.0,35681284
2008-07-02,4.619916915893555,11.663432121276855,0.0,11.749898910522461,11.39442253112793,11.538535118103027,0.0,143898861
2008-07-03,4.68080472946167,11.817151069641113,0.0,11.845973014831543,11.452068328857422,11.663432121276855,0.0,51882216
2008-07-04,4.54380464553833,11.471282958984375,0.0,11.845973014831543,11.4136381149292,11.817151069641113,0.0,31932793
2008-07-07,4.5552215576171875,11.500104904174805,0.0,11.60578727722168,11.346385955810547,11.471282958984375,0.0,21890955
2008-07-08,4.509556293487549,11.38481616973877,0.0,11.500104904174805,11.144630432128906,11.500104904174805,0.0,123198312
2008-07-09,4.604693412780762,11.625001907348633,0.0,11.740290641784668,11.38481616973877,11.38481616973877,0.0,82732107
2008-07-10,4.518642425537109,11.250311851501465,0.160444,11.52892780303955,11.221488952636719,11.461674690246582,0.0,183035680
2008-07-11,4.37200927734375,10.885229110717773,0.0,11.39442253112793,10.875621795654297,11.250311851501465,0.0,89140424
2008-07-14,4.414454936981201,10.990910530090332,0.0,11.221488952636719,10.885229110717773,10.885229110717773,0.0,73994637
2008-07-15,4.283256530761719,10.664258003234863,0.0,10.990910530090332,10.366427421569824,10.990910530090332,0.0,116137476
2008-07-16,4.3411383628845215,10.808369636535645,0.0,10.885229110717773,10.3760347366333,10.664258003234863,0.0,72638055
2008-07-17,4.491631507873535,11.183059692382812,0.0,11.327171325683594,10.808369636535645,10.808369636535645,0.0,78550057
2008-07-18,4.692287921905518,11.682646751403809,0.0,11.80754280090332,11.077378273010254,11.183059692382812,0.0,135968024
2008-07-21,4.657559394836426,11.596179962158203,0.0,11.788328170776367,11.461674690246582,11.682646751403809,0.0,31583512
2008-07-22,4.603536128997803,11.461674690246582,0.0,11.548142433166504,11.154236793518066,11.538535118103027,0.0,33467021
2008-07-23,4.788760185241699,11.922833442687988,0.0,11.9996919631958,11.461674690246582,11.461674690246582,0.0,44160916
2008-07-24,4.727019786834717,11.769113540649414,0.0,12.086158752441406,11.711468696594238,11.922833442687988,0.0,67427368
2008-07-25,4.63054895401001,11.52892780303955,0.0,11.625001907348633,11.404030799865723,11.55774974822998,0.0,31247293
2008-07-28,4.522502899169922,11.259919166564941,0.0,11.548142433166504,11.154236793518066,11.52892780303955,0.0,36357602
2008-07-29,4.572666168212891,11.38481616973877,0.0,11.39442253112793,10.962088584899902,11.259919166564941,0.0,45459302
2008-07-30,4.591959476470947,11.432852745056152,0.0,11.57696533203125,11.288742065429688,11.38481616973877,0.0,54780187
2008-07-31,4.564949035644531,11.3656005859375,0.0,11.519319534301758,11.221488952636719,11.432852745056152,0.0,58636340
2008-08-01,4.449184417724609,11.077378273010254,0.0,11.3656005859375,11.058162689208984,11.3656005859375,0.0,27559047
2008-08-04,4.348857879638672,10.827584266662598,0.0,11.077378273010254,10.769940376281738,11.077378273010254,0.0,37917830
2008-08-05,4.530219554901123,11.279133796691895,0.0,11.307955741882324,10.798762321472168,10.827584266662598,0.0,34084403
2008-08-06,4.568806171417236,11.375207901000977,0.0,11.490497589111328,11.183059692382812,11.279133796691895,0.0,34522694
2008-08-07,4.526361465454102,11.269527435302734,0.0,11.490497589111328,11.192667007446289,11.375207901000977,0.0,28345715
2008-08-08,4.595818042755127,11.442461013793945,0.0,11.442461013793945,11.11580753326416,11.192667007446289,0.0,21232638
2008-08-11,4.696147441864014,11.692254066467285,0.0,11.721076011657715,11.404030799865723,11.442461013793945,0.0,61113258
2008-08-12,4.680710792541504,11.653823852539062,0.0,11.749898910522461,11.500104904174805,11.692254066467285,0.0,21569546
2008-08-13,4.503208160400391,11.211881637573242,0.0,11.538535118103027,11.173452377319336,11.480890274047852,0.0,33198177
2008-08-14,4.44532585144043,11.067770004272461,0.0,11.33677864074707,10.962088584899902,11.298349380493164,0.0,29002523
2008-08-15,4.499350070953369,11.202275276184082,0.0,11.202275276184082,11.038948059082031,11.067770004272461,0.0,25863430
2008-08-18,4.480055332183838,11.154236793518066,0.0,11.221488952636719,10.962088584899902,11.202275276184082,0.0,22381237
2008-08-19,4.30255126953125,10.712294578552246,0.0,11.154236793518066,10.693079948425293,11.154236793518066,0.0,33767305
2008-08-20,4.2639641761779785,10.61622142791748,0.0,10.798762321472168,10.385642051696777,10.712294578552246,0.0,69470460
2008-08-21,4.144341468811035,10.318389892578125,0.0,10.61622142791748,10.289567947387695,10.61622142791748,0.0,65190185
2008-08-22,4.298692226409912,10.702688217163086,0.0,10.741116523742676,10.318389892578125,10.318389892578125,0.0,25552471
2008-08-25,4.236953258514404,10.548969268798828,0.0,10.702688217163086,10.481717109680176,10.702688217163086,0.0,15884003
2008-08-26,4.290975570678711,10.683472633361816,0.0,10.721902847290039,10.3760347366333,10.548969268798828,0.0,28301295
2008-08-27,4.333421230316162,10.789155006408691,0.0,10.933265686035156,10.520146369934082,10.683472633361816,0.0,39378415
2008-08-28,4.433750152587891,11.038948059082031,0.0,11.11580753326416,10.693079948425293,10.789155006408691,0.0,43703388
2008-08-29,4.460762023925781,11.106200218200684,0.0,11.16384506225586,10.981303215026855,11.048556327819824,0.0,28540120
2008-09-01,4.453042984008789,11.086984634399414,0.0,11.154236793518066,10.933265686035156,11.106200218200684,0.0,10660862
2008-09-02,4.572666168212891,11.38481616973877,0.0,11.480890274047852,11.067770004272461,11.086984634399414,0.0,30280994
2008-09-03,4.576523780822754,11.39442253112793,0.0,11.461674690246582,11.250311851501465,11.38481616973877,0.0,41657502
2008-09-04,4.437608242034912,11.048556327819824,0.0,11.461674690246582,11.000517845153809,11.39442253112793,0.0,38062318
2008-09-05,4.306411266326904,10.721902847290039,0.0,11.048556327819824,10.664258003234863,11.048556327819824,0.0,39456421
2008-09-08,4.530219554901123,11.279133796691895,0.0,11.490497589111328,10.721902847290039,10.721902847290039,0.0,51843833
2008-09-09,4.522502899169922,11.259919166564941,0.0,11.538535118103027,11.154236793518066,11.279133796691895,0.0,33801428
2008-09-10,4.456902980804443,11.096592903137207,0.0,11.269527435302734,11.019733428955078,11.259919166564941,0.0,51586782
2008-09-11,4.37200927734375,10.885229110717773,0.0,11.096592903137207,10.731510162353516,11.096592903137207,0.0,45669714
2008-09-12,4.483912944793701,11.16384506225586,0.0,11.202275276184082,10.885229110717773,10.885229110717773,0.0,34816998
2008-09-15,4.179069519042969,10.40485668182373,0.0,11.16384506225586,10.318389892578125,11.16384506225586,0.0,125908654
2008-09-16,4.182929039001465,10.414463996887207,0.0,10.597005844116211,9.924485206604004,10.40485668182373,0.0,105014763
2008-09-17,4.017000198364258,10.001344680786133,0.0,10.664258003234863,9.895663261413574,10.414463996887207,0.0,63936907
2008-09-18,3.974553346633911,9.895663261413574,0.0,10.356820106506348,9.780372619628906,10.001344680786133,0.0,63961808
2008-09-19,4.453042984008789,11.086984634399414,0.0,11.33677864074707,10.568183898925781,10.885229110717773,0.0,101331218
2008-09-22,4.433750152587891,11.038948059082031,0.0,11.327171325683594,10.952481269836426,11.086984634399414,0.0,78167053
2008-09-23,4.414454936981201,10.990910530090332,0.0,11.173452377319336,10.693079948425293,11.038948059082031,0.0,46857002
2008-09-24,4.406738758087158,10.971695899963379,0.0,11.106200218200684,10.89483642578125,10.990910530090332,0.0,33454693
2008-09-25,4.54179573059082,11.307955741882324,0.0,11.38481616973877,10.94287395477295,10.971695899963379,0.0,36884064
2008-09-26,4.561089992523193,11.35599422454834,0.0,11.442461013793945,11.067770004272461,11.307955741882324,0.0,30358468
2008-09-29,4.375869274139404,10.89483642578125,0.0,11.35599422454834,10.885229110717773,11.35599422454834,0.0,113140566
2008-09-30,4.42217493057251,11.010126113891602,0.0,11.010126113891602,10.61622142791748,10.731510162353516,0.0,48094310
2008-10-01,4.510924816131592,11.231097221374512,0.0,11.231097221374512,10.866013526916504,11.010126113891602,0.0,90297411
2008-10-02,4.4646196365356445,11.11580753326416,0.0,11.490497589111328,11.019733428955078,11.231097221374512,0.0,217276294
2008-10-03,4.746311187744141,11.817151069641113,0.0,11.865187644958496,11.048556327819824,11.11580753326416,0.0,124315322
2008-10-06,4.499350070953369,11.202275276184082,0.0,11.817151069641113,11.16384506225586,11.817151069641113,0.0,66746413
2008-10-07,4.530219554901123,11.279133796691895,0.0,11.653823852539062,10.990910530090332,11.480890274047852,0.0,48064833
2008-10-08,4.279397487640381,10.65464973449707,0.0,11.279133796691895,10.385642051696777,11.279133796691895,0.0,84552346
2008-10-09,4.136623859405518,10.299175262451172,0.0,11.000517845153809,10.299175262451172,10.65464973449707,0.0,110872473
2008-10-10,3.6650643348693848,8.982955932617188,0.160444,10.135848999023438,8.761984825134277,10.135848999023438,0.0,241402696
2008-10-13,4.037450313568115,9.895663261413574,0.0,9.895663261413574,8.982955932617188,8.982955932617188,0.0,80266127
2008-10-14,4.2844014167785645,10.500930786132812,0.0,10.702688217163086,9.895663261413574,9.895663261413574,0.0,133311142
2008-10-15,4.049210548400879,9.924485206604004,0.0,10.500930786132812,9.818802833557129,10.500930786132812,0.0,49396401
2008-10-16,3.794419765472412,9.30000114440918,0.0,9.924485206604004,9.184712409973145,9.924485206604004,0.0,89188662
2008-10-17,3.8963348865509033,9.549795150756836,0.0,9.847625732421875,9.194319725036621,9.847625732421875,0.0,51420721
2008-10-20,4.02569055557251,9.866840362548828,0.0,9.866840362548828,9.540186882019043,9.549795150756836,0.0,61799792
2008-10-21,3.9198553562164307,9.607439994812012,0.0,10.087812423706055,9.49215030670166,9.866840362548828,0.0,46258678
2008-10-22,3.56314754486084,8.733161926269531,0.0,9.607439994812012,8.646696090698242,9.607439994812012,0.0,57951112
2008-10-23,3.4220328330993652,8.38729476928711,0.0,8.733161926269531,8.002997398376465,8.733161926269531,0.0,69256555
2008-10-24,3.128044605255127,7.666737079620361,0.0,8.38729476928711,7.436158180236816,8.38729476928711,0.0,74415103
2008-10-27,2.986928701400757,7.320868968963623,0.0,7.666737079620361,7.071074962615967,7.666737079620361,0.0,84777738
2008-10-28,2.8379745483398438,6.955786228179932,0.0,7.589877128601074,6.955786228179932,7.320868968963623,0.0,59295612
2008-10-29,3.2338805198669434,7.926137924194336,0.0,7.926137924194336,6.955786228179932,6.955786228179932,0.0,89750201
2008-10-30,3.37107515335083,8.262397766113281,0.0,8.53140640258789,7.926137924194336,7.926137924194336,0.0,64830189
2008-10-31,3.523949146270752,8.63708782196045,0.0,8.733161926269531,8.1663236618042,8.262397766113281,0.0,41714821
2008-11-03,3.5905866622924805,8.8004150390625,0.0,8.867667198181152,8.598657608032227,8.63708782196045,0.0,45588810
2008-11-04,3.900256395339966,9.559402465820312,0.0,9.626653671264648,8.8004150390625,8.8004150390625,0.0,116791911
2008-11-05,3.9708118438720703,9.732336044311523,0.0,9.857233047485352,9.098244667053223,9.559402465820312,0.0,39574971
2008-11-06,3.719942569732666,9.117460250854492,0.0,9.732336044311523,8.954133987426758,9.732336044311523,0.0,52843379
2008-11-07,3.7552199363708496,9.203927040100098,0.0,9.290393829345703,8.877273559570312,9.117460250854492,0.0,32437717
2008-11-10,3.680743455886841,9.02138614654541,0.0,9.357645988464355,8.906096458435059,9.203927040100098,0.0,38645145
2008-11-11,3.3514769077301025,8.214361190795898,0.0,9.02138614654541,8.214361190795898,9.02138614654541,0.0,68836818
2008-11-12,3.2338805198669434,7.926137924194336,0.0,8.435332298278809,7.820456027984619,8.214361190795898,0.0,43850690
2008-11-13,3.257398843765259,7.983781814575195,0.0,8.0702486038208,7.714774131774902,7.926137924194336,0.0,28697563
2008-11-14,3.2848379611968994,8.051033973693848,0.0,8.377687454223633,7.983781814575195,7.983781814575195,0.0,35299076
2008-11-17,3.1162846088409424,7.637914180755615,0.0,8.051033973693848,7.570662021636963,8.051033973693848,0.0,39786840
2008-11-18,3.0927646160125732,7.580269813537598,0.0,7.64752197265625,7.320868968963623,7.637914180755615,0.0,34324138
2008-11-19,2.9242117404937744,7.167150020599365,0.0,7.628306865692139,7.167150020599365,7.580269813537598,0.0,49989387
2008-11-20,2.8222947120666504,6.917356014251709,0.0,7.167150020599365,6.763637065887451,7.167150020599365,0.0,48358796
2008-11-21,2.8066160678863525,6.878927230834961,0.0,7.224793910980225,6.821281909942627,6.917356014251709,0.0,41401680
2008-11-24,3.081005573272705,7.551446914672852,0.0,7.551446914672852,6.878927230834961,6.878927230834961,0.0,41937248
2008-11-25,3.1672422885894775,7.762811183929443,0.0,7.8396711349487305,7.301653861999512,7.551446914672852,0.0,40012648
2008-11-26,3.0770857334136963,7.541840076446533,0.0,7.762811183929443,7.301653861999512,7.762811183929443,0.0,34869397
2008-11-27,3.1672422885894775,7.762811183929443,0.0,7.762811183929443,7.5130181312561035,7.541840076446533,0.0,31478262
2008-11-28,3.1907613277435303,7.820456027984619,0.0,7.8396711349487305,7.522624969482422,7.762811183929443,0.0,42975856
2008-12-01,2.986928701400757,7.320868968963623,0.0,7.8300628662109375,7.253616809844971,7.820456027984619,0.0,39099489
2008-12-02,3.175081491470337,7.7820258140563965,0.0,7.7820258140563965,7.023037910461426,7.320868968963623,0.0,57584859
2008-12-03,3.179002285003662,7.791633129119873,0.0,7.8877081871032715,7.580269813537598,7.7820258140563965,0.0,40617879
2008-12-04,3.1319644451141357,7.67634391784668,0.0,7.993390083312988,7.541840076446533,7.791633129119873,0.0,44775403
2008-12-05,3.0261285305023193,7.416943073272705,0.0,7.67634391784668,7.224793910980225,7.67634391784668,0.0,37109340
2008-12-08,3.2338805198669434,7.926137924194336,0.0,8.147109031677246,7.416943073272705,7.416943073272705,0.0,36829723
2008-12-09,3.296598196029663,8.079856872558594,0.0,8.204752922058105,7.7820258140563965,7.926137924194336,0.0,61650903
2008-12-10,3.355395555496216,8.223967552185059,0.0,8.291219711303711,7.954959869384766,8.079856872558594,0.0,57701930
2008-12-11,3.3789162635803223,8.28161334991455,0.0,8.368080139160156,8.137500762939453,8.223967552185059,0.0,44733094
2008-12-12,3.261319637298584,7.993390083312988,0.0,8.28161334991455,7.695559024810791,8.28161334991455,0.0,42356681
2008-12-15,3.300518274307251,8.08946418762207,0.0,8.156716346740723,7.86849308013916,7.993390083312988,0.0,38416435
2008-12-16,3.37107515335083,8.262397766113281,0.0,8.262397766113281,8.002997398376465,8.08946418762207,0.0,44783272
2008-12-17,3.374994993209839,8.272005081176758,0.0,8.492976188659668,8.127894401550293,8.262397766113281,0.0,42720991
2008-12-18,3.4181137084960938,8.377687454223633,0.0,8.38729476928711,8.243183135986328,8.272005081176758,0.0,49352968
2008-12-19,3.3945939540863037,8.320042610168457,0.0,8.512190818786621,8.214361190795898,8.377687454223633,0.0,150962170
2008-12-22,3.3475561141967773,8.204752922058105,0.0,8.492976188659668,8.1663236618042,8.320042610168457,0.0,71899977
2008-12-23,3.3514769077301025,8.214361190795898,0.0,8.320042610168457,8.108678817749023,8.127894401550293,0.0,12613984
2008-12-29,3.300518274307251,8.08946418762207,0.0,8.252790451049805,8.041426658630371,8.214361190795898,0.0,44681371
2008-12-30,3.3945939540863037,8.320042610168457,0.0,8.320042610168457,8.08946418762207,8.08946418762207,0.0,43997277
2009-01-02,3.5396292209625244,8.675518035888672,0.0,8.723554611206055,8.320042610168457,8.320042610168457,0.0,31465447
2009-01-05,3.6062662601470947,8.838844299316406,0.0,8.838844299316406,8.617873191833496,8.675518035888672,0.0,53593802
2009-01-06,3.637624740600586,8.915703773498535,0.0,8.963741302490234,8.733161926269531,8.838844299316406,0.0,70204491
2009-01-07,3.5357091426849365,8.665909767150879,0.0,8.915703773498535,8.579442977905273,8.915703773498535,0.0,92591058
2009-01-08,3.465151786804199,8.492976188659668,0.0,8.665909767150879,8.368080139160156,8.665909767150879,0.0,199765764
2009-01-09,3.4259543418884277,8.396902084350586,0.0,8.550621032714844,8.300827980041504,8.492976188659668,0.0,70019584
2009-01-12,3.340834379196167,8.031819343566895,0.160444,8.262397766113281,8.022212028503418,8.233575820922852,0.0,27107262
2009-01-13,3.208958625793457,7.714774131774902,0.0,8.031819343566895,7.618699073791504,8.031819343566895,0.0,185177454
2009-01-14,3.013144016265869,7.244009017944336,0.0,7.7820258140563965,7.061468124389648,7.714774131774902,0.0,57963499
2009-01-15,3.0051512718200684,7.224793910980225,0.0,7.397727966308594,7.042253017425537,7.244009017944336,0.0,81596187
2009-01-16,2.925226926803589,7.032646179199219,0.0,7.416943073272705,7.032646179199219,7.359299182891846,0.0,48840762
2009-01-19,2.82132625579834,6.7828521728515625,0.0,7.215187072753906,6.619525909423828,7.032646179199219,0.0,108666533
2009-01-20,2.6574819087982178,6.388947010040283,0.0,6.898140907287598,6.254443168640137,6.7828521728515625,0.0,85893649
2009-01-21,2.6055314540863037,6.264050006866455,0.0,6.52345085144043,6.062294006347656,6.388947010040283,0.0,62820314
2009-01-22,2.5815534591674805,6.206406116485596,0.0,6.609918117523193,6.148760795593262,6.264050006866455,0.0,47595213
2009-01-23,2.5775578022003174,6.196797847747803,0.0,6.302480220794678,5.995041847229004,6.206406116485596,0.0,42462812
2009-01-26,2.7174243927001953,6.533059120178223,0.0,6.600310802459717,6.129546165466309,6.196797847747803,0.0,48472729
2009-01-27,2.793353319168091,6.71560001373291,0.0,6.763637065887451,6.3601250648498535,6.533059120178223,0.0,59962029
2009-01-28,3.013144016265869,7.244009017944336,0.0,7.263224124908447,6.475413799285889,6.71560001373291,0.0,112799097
2009-01-29,2.925226926803589,7.032646179199219,0.0,7.244009017944336,6.93657112121582,7.244009017944336,0.0,43570895
2009-01-30,2.9292232990264893,7.042253017425537,0.0,7.090290069580078,6.840497016906738,7.032646179199219,0.0,49343363
2009-02-02,2.8652844429016113,6.888534069061279,0.0,7.042253017425537,6.696384906768799,7.042253017425537,0.0,38286915
2009-02-03,2.925226926803589,7.032646179199219,0.0,7.090290069580078,6.7828521728515625,6.888534069061279,0.0,41760223
2009-02-04,2.9971606731414795,7.205580234527588,0.0,7.224793910980225,6.93657112121582,7.032646179199219,0.0,26011205
2009-02-05,2.9611945152282715,7.119112968444824,0.0,7.205580234527588,6.840497016906738,7.205580234527588,0.0,30058769
2009-02-06,2.9811744689941406,7.167150020599365,0.0,7.311261177062988,7.071074962615967,7.119112968444824,0.0,32172224
2009-02-09,2.9811744689941406,7.167150020599365,0.0,7.224793910980225,7.032646179199219,7.167150020599365,0.0,33548695
2009-02-10,2.897254467010498,6.965394020080566,0.0,7.272831916809082,6.955786228179932,7.167150020599365,0.0,27566284
2009-02-11,2.861288547515869,6.878927230834961,0.0,6.965394020080566,6.7828521728515625,6.965394020080566,0.0,32391121
2009-02-12,2.7893564701080322,6.705993175506592,0.0,6.878927230834961,6.581096172332764,6.878927230834961,0.0,41495657
2009-02-13,2.7573862075805664,6.629133224487305,0.0,6.85971212387085,6.609918117523193,6.705993175506592,0.0,28289055
2009-02-16,2.601533889770508,6.254443168640137,0.0,6.629133224487305,6.254443168640137,6.629133224487305,0.0,32045506
2009-02-17,2.4177086353302,5.812500953674316,0.0,6.254443168640137,5.774071216583252,6.254443168640137,0.0,62757487
2009-02-18,2.4976327419281006,6.004650115966797,0.0,6.052687168121338,5.716425895690918,5.812500953674316,0.0,43599023
2009-02-19,2.485645055770874,5.975827217102051,0.0,6.062294006347656,5.918182849884033,6.004650115966797,0.0,32860939
2009-02-20,2.325796604156494,5.591529846191406,0.0,5.975827217102051,5.5819220542907715,5.975827217102051,0.0,62564920
2009-02-23,2.25386381149292,5.418595790863037,0.0,5.812500953674316,5.37055778503418,5.591529846191406,0.0,65121501
2009-02-24,2.225890636444092,5.351344108581543,0.0,5.4858479499816895,5.293698787689209,5.418595790863037,0.0,54245239
2009-02-25,2.2738449573516846,5.466632843017578,0.0,5.639566898345947,5.31291389465332,5.351344108581543,0.0,40250797
2009-02-26,2.4217042922973633,5.822107791900635,0.0,5.918182849884033,5.466632843017578,5.466632843017578,0.0,54725591
2009-02-27,2.3138058185577393,5.56270694732666,0.0,5.822107791900635,5.389772891998291,5.822107791900635,0.0,68082835
2009-03-02,2.0980114936828613,5.043906211853027,0.0,5.56270694732666,5.015082836151123,5.56270694732666,0.0,55966030
2009-03-03,2.0500569343566895,4.928616046905518,0.0,5.130372047424316,4.880578994750977,5.043906211853027,0.0,53481493
2009-03-04,2.0980114936828613,5.043906211853027,0.0,5.130372047424316,4.928616046905518,4.928616046905518,0.0,36382774
2009-03-05,1.9501515626907349,4.688429832458496,0.0,5.043906211853027,4.669215202331543,5.043906211853027,0.0,50101071
2009-03-06,1.8782198429107666,4.515495777130127,0.0,4.726860046386719,4.438636779785156,4.688429832458496,0.0,49160758
2009-03-09,1.870227336883545,4.496281147003174,0.0,4.563533782958984,4.275310039520264,4.515495777130127,0.0,56193679
2009-03-10,2.0460598468780518,4.919009208679199,0.0,4.928616046905518,4.438636779785156,4.496281147003174,0.0,54693310
2009-03-11,2.1100003719329834,5.072728157043457,0.0,5.322521209716797,4.890185832977295,4.919009208679199,0.0,74690656
2009-03-12,2.16994309425354,5.216838836669922,0.0,5.245662212371826,4.822934150695801,5.072728157043457,0.0,67158064
2009-03-13,2.221893787384033,5.34173583984375,0.0,5.476240158081055,5.216838836669922,5.216838836669922,0.0,38695011
2009-03-16,2.3217992782592773,5.5819220542907715,0.0,5.620351791381836,5.34173583984375,5.34173583984375,0.0,39899003
2009-03-17,2.325796604156494,5.591529846191406,0.0,5.697210788726807,5.428203105926514,5.5819220542907715,0.0,37729393
2009-03-18,2.3497724533081055,5.649174213409424,0.0,5.831716060638428,5.457025051116943,5.591529846191406,0.0,72508297
2009-03-19,2.381743907928467,5.726034164428711,0.0,6.023863792419434,5.649174213409424,5.649174213409424,0.0,60964202
2009-03-20,2.369753837585449,5.697210788726807,0.0,5.726034164428711,5.5338850021362305,5.726034164428711,0.0,123357989
2009-03-23,2.525606155395508,6.071901798248291,0.0,6.129546165466309,5.697210788726807,5.697210788726807,0.0,168173748
2009-03-24,2.5775578022003174,6.196797847747803,0.0,6.3120880126953125,5.995041847229004,6.071901798248291,0.0,62095938
2009-03-25,2.62551212310791,6.3120880126953125,0.0,6.3601250648498535,6.062294006347656,6.196797847747803,0.0,56850520
2009-03-26,2.617518186569214,6.292872905731201,0.0,6.398554801940918,6.216012954711914,6.3120880126953125,0.0,65767409
2009-03-27,2.529602289199829,6.081509113311768,0.0,6.3505167961120605,6.071901798248291,6.292872905731201,0.0,34308860
2009-03-30,2.3337879180908203,5.610743999481201,0.0,6.004650115966797,5.601137161254883,6.004650115966797,0.0,54200910
2009-03-31,2.441685676574707,5.870144844055176,0.0,5.879753112792969,5.610743999481201,5.610743999481201,0.0,55690723
2009-04-01,2.525606155395508,6.071901798248291,0.0,6.167975902557373,5.649174213409424,5.870144844055176,0.0,51514263
2009-04-02,2.7853596210479736,6.696384906768799,0.0,6.696384906768799,6.071901798248291,6.071901798248291,0.0,82831147
2009-04-03,2.817328929901123,6.773244857788086,0.0,6.878927230834961,6.590703010559082,6.619525909423828,0.0,52968553
2009-04-06,2.817328929901123,6.773244857788086,0.0,7.0038228034973145,6.590703010559082,6.773244857788086,0.0,49548862
2009-04-07,2.773371934890747,6.667562961578369,0.0,6.869318962097168,6.533059120178223,6.773244857788086,0.0,130116926
2009-04-08,2.82132625579834,6.7828521728515625,0.0,6.792459964752197,6.46580696105957,6.667562961578369,0.0,43149775
2009-04-09,3.1090540885925293,7.474587917327881,0.0,7.570662021636963,6.7828521728515625,6.7828521728515625,0.0,74142189
2009-04-14,3.244924545288086,7.801240921020508,0.0,7.8780999183654785,7.359299182891846,7.359299182891846,0.0,92001657
2009-04-15,3.1689958572387695,7.618699073791504,0.0,7.801240921020508,7.464980125427246,7.801240921020508,0.0,44690585
2009-04-16,3.2169508934020996,7.7339887619018555,0.0,7.801240921020508,7.53223180770874,7.618699073791504,0.0,41281127
2009-04-17,3.2848868370056152,7.89731502532959,0.0,7.89731502532959,7.464980125427246,7.7339887619018555,0.0,63788388
2009-04-20,3.137026071548462,7.541840076446533,0.0,7.935744762420654,7.42655086517334,7.89731502532959,0.0,48590325
2009-04-21,3.06109881401062,7.359299182891846,0.0,7.541840076446533,7.061468124389648,7.541840076446533,0.0,66638159
2009-04-22,3.1769888401031494,7.637914180755615,0.0,7.714774131774902,7.311261177062988,7.359299182891846,0.0,64940113
2009-04-23,3.137026071548462,7.541840076446533,0.0,7.695559024810791,7.445765972137451,7.637914180755615,0.0,84362843
2009-04-24,3.224943161010742,7.753203868865967,0.0,7.762811183929443,7.522624969482422,7.541840076446533,0.0,28501057
2009-04-27,3.1689958572387695,7.618699073791504,0.0,7.753203868865967,7.340084075927734,7.753203868865967,0.0,69901717
2009-04-28,3.1010615825653076,7.4553728103637695,0.0,7.618699073791504,7.253616809844971,7.618699073791504,0.0,50799488
2009-04-29,3.208958625793457,7.714774131774902,0.0,7.7339887619018555,7.464980125427246,7.5610551834106445,0.0,33153118
2009-04-30,3.3088645935058594,7.954959869384766,0.0,8.012603759765625,7.753203868865967,7.7820258140563965,0.0,40704693
2009-05-04,3.296875476837158,7.926137924194336,0.0,8.041426658630371,7.820456027984619,7.954959869384766,0.0,31131993
2009-05-05,3.3648111820220947,8.08946418762207,0.0,8.233575820922852,7.926137924194336,7.926137924194336,0.0,48303331
2009-05-06,3.4127652645111084,8.204752922058105,0.0,8.223967552185059,8.002997398376465,8.08946418762207,0.0,42137759
2009-05-07,3.4487314224243164,8.291219711303711,0.0,8.502584457397461,8.175930976867676,8.204752922058105,0.0,59075183
2009-05-08,3.5566298961639404,8.550621032714844,0.0,8.694732666015625,8.291219711303711,8.291219711303711,0.0,51640145
2009-05-11,3.5006823539733887,8.416116714477539,0.0,8.63708782196045,8.272005081176758,8.550621032714844,0.0,38274999
2009-05-12,3.4607203006744385,8.320042610168457,0.0,8.502584457397461,8.252790451049805,8.416116714477539,0.0,39880105
2009-05-13,3.3008718490600586,7.935744762420654,0.0,8.406510353088379,7.86849308013916,8.320042610168457,0.0,55607524
2009-05-14,3.276893138885498,7.8780999183654785,0.0,7.935744762420654,7.695559024810791,7.935744762420654,0.0,42862756
2009-05-15,3.276893138885498,7.8780999183654785,0.0,8.002997398376465,7.714774131774902,7.954959869384766,0.0,29971834
2009-05-18,3.376798152923584,8.1182861328125,0.0,8.147109031677246,7.695559024810791,7.8780999183654785,0.0,33364644
2009-05-19,3.468712329864502,8.33925724029541,0.0,8.454546928405762,8.1182861328125,8.1182861328125,0.0,39982829
2009-05-20,3.4767050743103027,8.358471870422363,0.0,8.435332298278809,8.147109031677246,8.33925724029541,0.0,41738985
2009-05-21,3.380796194076538,8.127894401550293,0.0,8.358471870422363,8.031819343566895,8.358471870422363,0.0,27593968
2009-05-22,3.428750991821289,8.243183135986328,0.0,8.320042610168457,8.0702486038208,8.127894401550293,0.0,32861245
2009-05-25,3.4607203006744385,8.320042610168457,0.0,8.320042610168457,8.108678817749023,8.243183135986328,0.0,53309976
2009-05-26,3.4647159576416016,8.329649925231934,0.0,8.38729476928711,8.127894401550293,8.262397766113281,0.0,32409976
2009-05-27,3.516667127609253,8.454546928405762,0.0,8.521799087524414,8.329649925231934,8.329649925231934,0.0,29449992
2009-05-28,3.4367425441741943,8.262397766113281,0.0,8.454546928405762,8.127894401550293,8.454546928405762,0.0,36226516
2009-05-29,3.428750991821289,8.243183135986328,0.0,8.38729476928711,8.243183135986328,8.262397766113281,0.0,82117708
2009-06-01,3.520662307739258,8.464154243469238,0.0,8.541013717651367,8.243183135986328,8.243183135986328,0.0,24563211
2009-06-02,3.5326530933380127,8.492976188659668,0.0,8.53140640258789,8.368080139160156,8.464154243469238,0.0,26584322
2009-06-03,3.4127652645111084,8.204752922058105,0.0,8.512190818786621,8.1663236618042,8.492976188659668,0.0,54268970
2009-06-04,3.3887879848480225,8.147109031677246,0.0,8.28161334991455,8.051033973693848,8.204752922058105,0.0,26948406
2009-06-05,3.428750991821289,8.243183135986328,0.0,8.348864555358887,8.108678817749023,8.252790451049805,0.0,26926964
2009-06-08,3.3688066005706787,8.09907054901123,0.0,8.243183135986328,8.022212028503418,8.243183135986328,0.0,21187562
2009-06-09,3.396780252456665,8.1663236618042,0.0,8.233575820922852,8.09907054901123,8.175930976867676,0.0,21467924
2009-06-10,3.468712329864502,8.33925724029541,0.0,8.406510353088379,8.1663236618042,8.1663236618042,0.0,31464612
2009-06-11,3.5006823539733887,8.416116714477539,0.0,8.454546928405762,8.31043529510498,8.33925724029541,0.0,18592644
2009-06-12,3.5366480350494385,8.502584457397461,0.0,8.521799087524414,8.33925724029541,8.416116714477539,0.0,28788184
2009-06-15,3.4407386779785156,8.272005081176758,0.0,8.459349632263184,8.238378524780273,8.444938659667969,0.0,23397044
2009-06-16,3.4007768630981445,8.175930976867676,0.0,8.348864555358887,8.175930976867676,8.296024322509766,0.0,21606890
2009-06-17,3.292879819869995,7.916530132293701,0.0,8.21916389465332,7.8300628662109375,8.175930976867676,0.0,57659393
2009-06-18,3.3288450241088867,8.002997398376465,0.0,8.055837631225586,7.806045055389404,7.916530132293701,0.0,138955709
2009-06-19,3.4507291316986084,8.296024322509766,0.0,8.348864555358887,7.983781814575195,8.002997398376465,0.0,43887934
2009-06-22,3.372803211212158,8.108678817749023,0.0,8.329649925231934,8.084659576416016,8.296024322509766,0.0,102436786
2009-06-23,3.326846122741699,7.99819278717041,0.0,8.108678817749023,7.964567184448242,8.108678817749023,0.0,30814246
2009-06-24,3.480701208114624,8.368080139160156,0.0,8.406510353088379,7.945352077484131,7.99819278717041,0.0,32614748
2009-06-25,3.4846975803375244,8.377687454223633,0.0,8.48817253112793,8.171127319335938,8.368080139160156,0.0,36640711
2009-06-26,3.5006823539733887,8.416116714477539,0.0,8.521799087524414,8.31043529510498,8.377687454223633,0.0,59443843
2009-06-29,3.6085798740386963,8.675518035888672,0.0,8.685125350952148,8.33925724029541,8.33925724029541,0.0,36604537
2009-06-30,3.5726141929626465,8.589051246643066,0.0,8.73796558380127,8.526602745056152,8.675518035888672,0.0,31417838
2009-07-01,3.644545078277588,8.761984825134277,0.0,8.819628715515137,8.589051246643066,8.589051246643066,0.0,111590225
2009-07-02,3.516667127609253,8.454546928405762,0.0,8.761984825134277,8.440135955810547,8.761984825134277,0.0,105903674
2009-07-03,3.566619873046875,8.574640274047852,0.0,8.574640274047852,8.406510353088379,8.454546928405762,0.0,83328387
2009-07-06,3.51267147064209,8.444938659667969,0.0,8.574640274047852,8.300827980041504,8.574640274047852,0.0,231878560
2009-07-07,3.5446395874023438,8.521799087524414,0.0,8.713948249816895,8.425724029541016,8.444938659667969,0.0,53964019
2009-07-08,3.4767050743103027,8.358471870422363,0.0,8.521799087524414,8.329649925231934,8.521799087524414,0.0,41185572
2009-07-09,3.5346498489379883,8.497779846191406,0.0,8.579442977905273,8.358471870422363,8.358471870422363,0.0,220004113
2009-07-10,3.4862022399902344,8.296024322509766,0.086467,8.454546928405762,8.286417007446289,8.4113130569458,0.0,151650320
2009-07-13,3.585116147994995,8.53140640258789,0.0,8.565032005310059,8.171127319335938,8.296024322509766,0.0,35820364
2009-07-14,3.6779732704162598,8.752376556396484,0.0,8.781200408935547,8.512190818786621,8.560229301452637,0.0,34579024
2009-07-15,3.8697452545166016,9.208730697631836,0.0,9.25196361541748,8.752376556396484,8.752376556396484,0.0,88811063
2009-07-16,3.920210838317871,9.328824043273926,0.0,9.453720092773438,9.131871223449707,9.208730697631836,0.0,103166529
2009-07-17,3.914155960083008,9.314413070678711,0.0,9.444112777709961,9.17990779876709,9.328824043273926,0.0,74182641
2009-07-20,3.962601661682129,9.429701805114746,0.0,9.511364936828613,9.314413070678711,9.314413070678711,0.0,45956508
2009-07-21,3.9060795307159424,9.295198440551758,0.0,9.554598808288574,9.203927040100098,9.429701805114746,0.0,55667253
2009-07-22,3.9282853603363037,9.348038673400879,0.0,9.348038673400879,9.160694122314453,9.275982856750488,0.0,25460112
2009-07-23,4.03729248046875,9.607439994812012,0.0,9.660280227661133,9.348038673400879,9.348038673400879,0.0,86703662
2009-07-24,4.053441047668457,9.645869255065918,0.0,9.741944313049316,9.511364936828613,9.607439994812012,0.0,49162390
2009-07-27,4.136205196380615,9.842822074890137,0.0,9.953307151794434,9.645869255065918,9.645869255065918,0.0,78819964
2009-07-28,4.321922779083252,10.284764289855957,0.0,10.342409133911133,9.842822074890137,9.842822074890137,0.0,80451266
2009-07-29,4.4127607345581055,10.500930786132812,0.0,10.606613159179688,10.188690185546875,10.284764289855957,0.0,56699736
2009-07-30,4.570215225219727,10.875621795654297,0.0,10.947676658630371,10.500930786132812,10.500930786132812,0.0,60892412
2009-07-31,4.650961875915527,11.067770004272461,0.0,11.159041404724121,10.875621795654297,10.875621795654297,0.0,62137639
2009-08-03,4.687296390533447,11.154236793518066,0.0,11.288742065429688,11.029340744018555,11.04375171661377,0.0,23742713
2009-08-04,4.640867710113525,11.04375171661377,0.0,11.154236793518066,10.866013526916504,11.154236793518066,0.0,26473137
2009-08-05,4.558104038238525,10.84679889678955,0.0,11.149434089660645,10.808369636535645,11.04375171661377,0.0,40883361
2009-08-06,4.634811878204346,11.029340744018555,0.0,11.178256034851074,10.84679889678955,10.84679889678955,0.0,27676327
2009-08-07,4.729687690734863,11.255114555358887,0.0,11.360796928405762,10.952481269836426,11.029340744018555,0.0,25448115
2009-08-10,4.709503173828125,11.207077980041504,0.0,11.298349380493164,11.101395606994629,11.255114555358887,0.0,31732667
2009-08-11,4.663073539733887,11.096592903137207,0.0,11.322367668151855,10.990910530090332,11.259919166564941,0.0,24976257
2009-08-12,4.717576503753662,11.226292610168457,0.0,11.26472282409668,10.952481269836426,11.11580753326416,0.0,19905770
2009-08-13,4.788229942321777,11.39442253112793,0.0,11.52892780303955,11.207077980041504,11.245508193969727,0.0,25882659
2009-08-14,4.729687690734863,11.255114555358887,0.0,11.509713172912598,11.16384506225586,11.39442253112793,0.0,18315130
2009-08-17,4.554067134857178,10.837191581726074,0.0,11.255114555358887,10.731510162353516,11.255114555358887,0.0,31290662
2009-08-18,4.588381767272949,10.918854713439941,0.0,10.933265686035156,10.817976951599121,10.837191581726074,0.0,22189623
2009-08-19,4.576269626617432,10.890032768249512,0.0,10.981303215026855,10.62582778930664,10.918854713439941,0.0,22906813
2009-08-20,4.6792216300964355,11.135022163391113,0.0,11.144630432128906,10.890032768249512,10.890032768249512,0.0,20208906
2009-08-21,4.828601360321045,11.490497589111328,0.0,11.51451587677002,11.058162689208984,11.096592903137207,0.0,29138417
2009-08-24,4.99009370803833,11.874794960021973,0.0,11.956459045410156,11.480890274047852,11.490497589111328,0.0,44275544
2009-08-25,5.133419036865234,12.215859413146973,0.0,12.292718887329102,11.821953773498535,11.874794960021973,0.0,41618404
2009-08-26,5.091027736663818,12.114980697631836,0.0,12.326345443725586,12.033317565917969,12.215859413146973,0.0,31207988
2009-08-27,5.062766075134277,12.047728538513184,0.0,12.14860725402832,11.913225173950195,12.114980697631836,0.0,20006340
2009-08-28,5.072859287261963,12.071747779846191,0.0,12.163019180297852,12.033317565917969,12.047728538513184,0.0,25816030
2009-08-31,5.0022053718566895,11.903617858886719,0.0,12.134196281433105,11.860383987426758,12.071747779846191,0.0,19097407
2009-09-01,4.909348011016846,11.682646751403809,0.0,12.004495620727539,11.673039436340332,11.903617858886719,0.0,24209885
2009-09-02,4.816489219665527,11.461674690246582,0.0,11.682646751403809,11.317564010620117,11.682646751403809,0.0,34699218
2009-09-03,4.838696002960205,11.51451587677002,0.0,11.620198249816895,11.380011558532715,11.461674690246582,0.0,28802698
2009-09-04,4.91338586807251,11.692254066467285,0.0,11.692254066467285,11.490497589111328,11.51451587677002,0.0,28969211
2009-09-07,4.986056804656982,11.865187644958496,0.0,11.89881420135498,11.692254066467285,11.692254066467285,0.0,22600101
2009-09-08,4.973944664001465,11.836365699768066,0.0,11.951655387878418,11.769113540649414,11.865187644958496,0.0,25587176
2009-09-09,5.0183539390563965,11.942047119140625,0.0,11.951655387878418,11.759506225585938,11.836365699768066,0.0,23631406
2009-09-10,4.933570384979248,11.740290641784668,0.0,11.9996919631958,11.600982666015625,11.942047119140625,0.0,40042508
2009-09-11,4.9376091957092285,11.749898910522461,0.0,11.889206886291504,11.692254066467285,11.740290641784668,0.0,24476853
2009-09-14,4.933570384979248,11.740290641784668,0.0,11.749898910522461,11.452068328857422,11.749898910522461,0.0,33732994
2009-09-15,4.94164514541626,11.759506225585938,0.0,11.817151069641113,11.663432121276855,11.740290641784668,0.0,21292015
2009-09-16,4.969906806945801,11.82675838470459,0.0,11.89881420135498,11.759506225585938,11.759506225585938,0.0,35449555
2009-09-17,4.957797050476074,11.79793643951416,0.0,11.889206886291504,11.692254066467285,11.82675838470459,0.0,31473035
2009-09-18,4.92953634262085,11.730684280395508,0.0,11.865187644958496,11.701861381530762,11.79793643951416,0.0,145873980
2009-09-21,4.864936828613281,11.57696533203125,0.0,11.730684280395508,11.461674690246582,11.730684280395508,0.0,23239031
2009-09-22,4.925496578216553,11.721076011657715,0.0,11.79793643951416,11.57696533203125,11.57696533203125,0.0,21042038
2009-09-23,4.951740741729736,11.783525466918945,0.0,11.831562042236328,11.687450408935547,11.721076011657715,0.0,32262908
2009-09-24,4.885124206542969,11.625001907348633,0.0,11.879598617553711,11.548142433166504,11.783525466918945,0.0,78585729
2009-09-25,4.862918853759766,11.572160720825195,0.0,11.644216537475586,11.442461013793945,11.625001907348633,0.0,15950575
2009-09-28,4.994132041931152,11.884403228759766,0.0,11.889206886291504,11.52892780303955,11.52892780303955,0.0,22950598
2009-09-29,4.98403787612915,11.860383987426758,0.0,11.970870018005371,11.730684280395508,11.884403228759766,0.0,51248894
2009-09-30,4.8972368240356445,11.653823852539062,0.0,11.860383987426758,11.51451587677002,11.860383987426758,0.0,74237599
2009-10-01,4.75996732711792,11.327171325683594,0.0,11.77872085571289,11.317564010620117,11.653823852539062,0.0,57085587
2009-10-02,4.646924018859863,11.058162689208984,0.0,11.327171325683594,10.94287395477295,11.327171325683594,0.0,197141382
2009-10-05,4.735744476318359,11.269527435302734,0.0,11.298349380493164,10.938070297241211,11.058162689208984,0.0,185420832
2009-10-06,4.885124206542969,11.625001907348633,0.0,11.639412879943848,11.269527435302734,11.269527435302734,0.0,89454722
2009-10-07,4.8810858726501465,11.61539363861084,0.0,11.711468696594238,11.490497589111328,11.625001907348633,0.0,90852780
2009-10-08,4.98403787612915,11.860383987426758,0.0,11.966066360473633,11.61539363861084,11.61539363861084,0.0,76685227
2009-10-09,4.957797050476074,11.79793643951416,0.0,11.932439804077148,11.740290641784668,11.860383987426758,0.0,79900194
2009-10-12,4.9984660148620605,11.80754280090332,0.086467,11.942047119140625,11.701861381530762,11.711468696594238,0.0,72515325
2009-10-13,4.933393955230713,11.653823852539062,0.0,11.80754280090332,11.60578727722168,11.80754280090332,0.0,44757067
2009-10-14,5.067605972290039,11.970870018005371,0.0,11.990084648132324,11.653823852539062,11.653823852539062,0.0,59337484
2009-10-15,5.0432047843933105,11.913225173950195,0.0,12.095766067504883,11.831562042236328,11.970870018005371,0.0,34780513
2009-10-16,4.98829984664917,11.783525466918945,0.0,12.038122177124023,11.653823852539062,11.961261749267578,0.0,57412442
2009-10-19,5.087941646575928,12.018906593322754,0.0,12.062140464782715,11.73548698425293,11.783525466918945,0.0,133043466
2009-10-20,5.0432047843933105,11.913225173950195,0.0,12.110177993774414,11.884403228759766,12.018906593322754,0.0,54145662
2009-10-21,5.10421085357666,12.057336807250977,0.0,12.081355094909668,11.673039436340332,11.913225173950195,0.0,29012365
2009-10-22,5.059474468231201,11.951655387878418,0.0,11.9996919631958,11.749898910522461,11.9996919631958,0.0,20998952
2009-10-23,5.08387565612793,12.009300231933594,0.0,12.259093284606934,12.009300231933594,12.047728538513184,0.0,34107004
2009-10-26,5.079809188842773,11.9996919631958,0.0,12.244682312011719,11.874794960021973,12.009300231933594,0.0,27188145
2009-10-27,5.071674346923828,11.980477333068848,0.0,12.038122177124023,11.730684280395508,11.9996919631958,0.0,45268941
2009-10-28,4.953727722167969,11.701861381530762,0.0,12.047728538513184,11.629805564880371,11.980477333068848,0.0,35515625
2009-10-29,5.116413116455078,12.086158752441406,0.0,12.105374336242676,11.572160720825195,11.701861381530762,0.0,34348446
2009-10-30,4.969995498657227,11.740290641784668,0.0,12.143803596496582,11.673039436340332,12.086158752441406,0.0,27115031
2009-11-02,4.974063396453857,11.749898910522461,0.0,11.802740097045898,11.548142433166504,11.740290641784668,0.0,22465757
2009-11-03,4.815444469451904,11.375207901000977,0.0,11.57696533203125,11.288742065429688,11.57696533203125,0.0,34120027
2009-11-04,4.868319511413574,11.500104904174805,0.0,11.509713172912598,11.341582298278809,11.375207901000977,0.0,29345602
2009-11-05,4.921191215515137,11.625001907348633,0.0,11.701861381530762,11.274330139160156,11.500104904174805,0.0,28592336
2009-11-06,4.949661731719971,11.692254066467285,0.0,11.77872085571289,11.524124145507812,11.591376304626465,0.0,28111411
2009-11-09,5.051337718963623,11.932439804077148,0.0,11.946850776672363,11.764309883117676,11.764309883117676,0.0,27056701
2009-11-10,5.10421085357666,12.057336807250977,0.0,12.124588966369629,11.918028831481934,11.932439804077148,0.0,25880417
2009-11-11,5.203855037689209,12.292718887329102,0.0,12.412812232971191,12.143803596496582,12.143803596496582,0.0,34897500
2009-11-12,5.201822757720947,12.287915229797363,0.0,12.412812232971191,12.230271339416504,12.292718887329102,0.0,20058592
2009-11-13,5.236393451690674,12.369579315185547,0.0,12.393596649169922,12.244682312011719,12.287915229797363,0.0,19949726
2009-11-16,5.323833465576172,12.57613754272461,0.0,12.628978729248047,12.456045150756836,12.456045150756836,0.0,30542025
2009-11-17,5.336034774780273,12.604961395263672,0.0,12.657801628112793,12.499279022216797,12.57613754272461,0.0,24252808
2009-11-18,5.35637092590332,12.652997970581055,0.0,12.753875732421875,12.604961395263672,12.604961395263672,0.0,42233835
2009-11-19,5.24452543258667,12.388792991638184,0.0,12.633783340454102,12.321540832519531,12.633783340454102,0.0,29045735
2009-11-20,5.173352241516113,12.220663070678711,0.0,12.48967170715332,12.143803596496582,12.388792991638184,0.0,41885938
2009-11-23,5.303500652313232,12.528100967407227,0.0,12.56653118133545,12.350363731384277,12.350363731384277,0.0,20126751
2009-11-24,5.275028228759766,12.460848808288574,0.0,12.508886337280273,12.254288673400879,12.508886337280273,0.0,24703483
2009-11-25,5.283164024353027,12.480064392089844,0.0,12.614567756652832,12.4368314743042,12.460848808288574,0.0,31078741
2009-11-26,5.098109722137451,12.042925834655762,0.0,12.422418594360352,11.975672721862793,12.422418594360352,0.0,32184706
2009-11-27,5.165217876434326,12.201448440551758,0.0,12.268699645996094,11.759506225585938,12.042925834655762,0.0,29472485
2009-11-30,5.102176666259766,12.052533149719238,0.0,12.29752254486084,11.994888305664062,12.201448440551758,0.0,24163231
2009-12-01,5.201822757720947,12.287915229797363,0.0,12.326345443725586,12.134196281433105,12.134196281433105,0.0,44572227
2009-12-02,5.19775390625,12.278307914733887,0.0,12.3407564163208,12.129392623901367,12.287915229797363,0.0,24497368
2009-12-03,5.226225852966309,12.345560073852539,0.0,12.475259780883789,12.307129859924316,12.307129859924316,0.0,21211723
2009-12-04,5.303500652313232,12.528100967407227,0.0,12.628978729248047,12.22546672821045,12.345560073852539,0.0,28528902
2009-12-07,5.2872314453125,12.48967170715332,0.0,12.53770923614502,12.403204917907715,12.408007621765137,0.0,11609408
2009-12-08,5.183518886566162,12.244682312011719,0.0,12.54731559753418,12.163019180297852,12.374382019042969,0.0,22233310
2009-12-09,4.990333080291748,11.788328170776367,0.0,12.235074043273926,11.711468696594238,12.235074043273926,0.0,49145795
2009-12-10,4.990333080291748,11.788328170776367,0.0,11.850776672363281,11.663432121276855,11.788328170776367,0.0,37371412
2009-12-11,4.953727722167969,11.701861381530762,0.0,11.845973014831543,11.673039436340332,11.788328170776367,0.0,29744360
2009-12-14,5.016767978668213,11.850776672363281,0.0,11.922833442687988,11.77872085571289,11.77872085571289,0.0,57109789
2009-12-15,5.002533912658691,11.817151069641113,0.0,11.86999225616455,11.682646751403809,11.850776672363281,0.0,52512469
2009-12-16,5.10421085357666,12.057336807250977,0.0,12.081355094909668,11.845973014831543,11.845973014831543,0.0,71150849
2009-12-17,5.039138317108154,11.903617858886719,0.0,12.018906593322754,11.831562042236328,12.018906593322754,0.0,110714629
2009-12-18,5.020835876464844,11.860383987426758,0.0,12.090963363647461,11.836365699768066,11.903617858886719,0.0,150621784
2009-12-21,5.110312461853027,12.071747779846191,0.0,12.086158752441406,11.836365699768066,11.860383987426758,0.0,150090296
2009-12-22,5.153016567230225,12.172625541687012,0.0,12.283111572265625,12.066944122314453,12.066944122314453,0.0,16152565
2009-12-23,5.226225852966309,12.345560073852539,0.0,12.345560073852539,12.191841125488281,12.191841125488281,0.0,48251904
2009-12-28,5.242607593536377,12.29752254486084,0.086467,12.383990287780762,12.283111572265625,12.283111572265625,0.0,31159992
2009-12-29,5.244656085968018,12.302326202392578,0.0,12.345560073852539,12.211055755615234,12.29752254486084,0.0,9417134
2009-12-30,5.213938236236572,12.230271339416504,0.0,12.29752254486084,12.143803596496582,12.29752254486084,0.0,10614288
2010-01-04,5.312236785888672,12.460848808288574,0.0,12.460848808288574,12.220663070678711,12.230271339416504,0.0,91911560
2010-01-05,5.349099159240723,12.54731559753418,0.0,12.600156784057617,12.451242446899414,12.460848808288574,0.0,48280066
2010-01-06,5.369575023651123,12.595353126525879,0.0,12.648194313049316,12.494475364685059,12.54731559753418,0.0,12069848
2010-01-07,5.3450026512146,12.53770923614502,0.0,12.604961395263672,12.403204917907715,12.595353126525879,0.0,21497189
2010-01-08,5.385960578918457,12.633783340454102,0.0,12.6962308883667,12.51849365234375,12.53770923614502,0.0,44302415
2010-01-11,5.349099159240723,12.54731559753418,0.0,12.749072074890137,12.51849365234375,12.633783340454102,0.0,42657631
2010-01-12,5.347050189971924,12.542511940002441,0.0,12.652997970581055,12.480064392089844,12.54731559753418,0.0,31361471
2010-01-13,5.304043769836426,12.441634178161621,0.0,12.580942153930664,12.408007621765137,12.542511940002441,0.0,37275170
2010-01-14,5.312236785888672,12.460848808288574,0.0,12.552120208740234,12.350363731384277,12.441634178161621,0.0,25719625
2010-01-15,5.246702671051025,12.307129859924316,0.0,12.614567756652832,12.239877700805664,12.460848808288574,0.0,37230304
2010-01-18,5.246702671051025,12.307129859924316,0.0,12.383990287780762,12.187037467956543,12.307129859924316,0.0,11087206
2010-01-19,5.2958526611328125,12.422418594360352,0.0,12.48967170715332,12.129392623901367,12.307129859924316,0.0,60193891
2010-01-20,5.152499675750732,12.086158752441406,0.0,12.412812232971191,11.990084648132324,12.412812232971191,0.0,36319015
2010-01-21,4.996858596801758,11.721076011657715,0.0,12.177430152893066,11.687450408935547,12.086158752441406,0.0,48413616
2010-01-22,4.976380348205566,11.673039436340332,0.0,11.687450408935547,11.360796928405762,11.687450408935547,0.0,48121047
2010-01-25,4.882179260253906,11.452068328857422,0.0,11.7066650390625,11.408835411071777,11.673039436340332,0.0,29856894
2010-01-26,4.927232265472412,11.55774974822998,0.0,11.639412879943848,11.298349380493164,11.452068328857422,0.0,81774025
2010-01-27,4.61390495300293,10.82278060913086,0.0,11.211881637573242,10.712294578552246,11.211881637573242,0.0,115545543
2010-01-28,4.4951252937316895,10.544164657592773,0.0,10.990910530090332,10.515342712402344,10.82278060913086,0.0,73474090
2010-01-29,4.546325206756592,10.664258003234863,0.0,10.736313819885254,10.491324424743652,10.544164657592773,0.0,43074887
2010-02-01,4.552466869354248,10.678668975830078,0.0,10.750724792480469,10.510539054870605,10.664258003234863,0.0,37063671
2010-02-02,4.603664875030518,10.798762321472168,0.0,10.890032768249512,10.635436058044434,10.678668975830078,0.0,59594984
2010-02-03,4.41116189956665,10.347211837768555,0.0,10.866013526916504,10.308782577514648,10.798762321472168,0.0,73400997
2010-02-04,4.078585147857666,9.56708812713623,0.0,10.414463996887207,9.516168594360352,10.347211837768555,0.0,106038311
2010-02-05,3.9610373973846436,9.29135513305664,0.0,9.519050598144531,9.132831573486328,9.519050598144531,0.0,80797148
2010-02-08,3.98397159576416,9.345155715942383,0.0,9.448917388916016,9.05020809173584,9.29135513305664,0.0,40055935
2010-02-09,4.025748252868652,9.44315242767334,0.0,9.569009780883789,9.232748985290527,9.345155715942383,0.0,57244568
2010-02-10,4.161320209503174,9.76115894317627,0.0,9.914877891540527,9.626653671264648,9.626653671264648,0.0,62567431
2010-02-11,4.091690540313721,9.597831726074219,0.0,9.914877891540527,9.424898147583008,9.76115894317627,0.0,50520063
2010-02-12,4.072031021118164,9.551715850830078,0.0,9.722728729248047,9.39799690246582,9.597831726074219,0.0,31950109
2010-02-15,4.095787048339844,9.607439994812012,0.0,9.737139701843262,9.511364936828613,9.551715850830078,0.0,64823724
2010-02-16,4.136744976043701,9.703514099121094,0.0,9.828411102294922,9.516168594360352,9.607439994812012,0.0,31598370
2010-02-17,4.157223701477051,9.751550674438477,0.0,9.818802833557129,9.660280227661133,9.703514099121094,0.0,35448749
2010-02-18,4.167463302612305,9.775569915771484,0.0,9.809196472167969,9.617047309875488,9.751550674438477,0.0,40482803
2010-02-19,4.185894012451172,9.818802833557129,0.0,9.823607444763184,9.549795150756836,9.775569915771484,0.0,35363020
2010-02-22,4.14288854598999,9.717925071716309,0.0,9.905269622802734,9.645869255065918,9.818802833557129,0.0,28707239
2010-02-23,3.994211196899414,9.36917495727539,0.0,9.7899808883667,9.266374588012695,9.717925071716309,0.0,41990349
2010-02-24,3.9237637519836426,9.203927040100098,0.0,9.367254257202148,8.992563247680664,9.367254257202148,0.0,47752516
2010-02-25,3.844306468963623,9.017542839050293,0.0,9.203927040100098,8.938761711120605,9.203927040100098,0.0,34424321
2010-02-26,3.9114770889282227,9.175105094909668,0.0,9.175105094909668,8.891684532165527,9.017542839050293,0.0,52921202
2010-03-01,3.924992799758911,9.206809043884277,0.0,9.367254257202148,9.056933403015137,9.175105094909668,0.0,30049663
2010-03-02,3.988478422164917,9.355725288391113,0.0,9.367254257202148,9.028111457824707,9.206809043884277,0.0,38123143
2010-03-03,4.0617899894714355,9.527697563171387,0.0,9.56420612335205,9.22602367401123,9.355725288391113,0.0,39780609
2010-03-04,4.120361804962158,9.665083885192871,0.0,9.7899808883667,9.413369178771973,9.527697563171387,0.0,45803151
2010-03-05,4.2841949462890625,10.049382209777832,0.0,10.087812423706055,9.626653671264648,9.665083885192871,0.0,52839399
2010-03-08,4.345629692077637,10.193492889404297,0.0,10.251137733459473,10.092615127563477,10.092615127563477,0.0,33714812
2010-03-09,4.304671764373779,10.097418785095215,0.0,10.227119445800781,9.967719078063965,10.193492889404297,0.0,31181978
2010-03-10,4.362014293670654,10.23192310333252,0.0,10.270353317260742,10.058988571166992,10.097418785095215,0.0,78446332
2010-03-11,4.329246997833252,10.15506362915039,0.0,10.279959678649902,10.058988571166992,10.23192310333252,0.0,24753942
2010-03-12,4.333342552185059,10.164670944213867,0.0,10.289567947387695,10.126240730285645,10.15506362915039,0.0,21528571
2010-03-15,4.2882890701293945,10.058988571166992,0.0,10.145456314086914,10.006148338317871,10.145456314086914,0.0,34872557
2010-03-16,4.335391044616699,10.169474601745605,0.0,10.193492889404297,9.972521781921387,10.058988571166992,0.0,30467498
2010-03-17,4.362014293670654,10.23192310333252,0.0,10.251137733459473,10.11182975769043,10.169474601745605,0.0,46893515
2010-03-18,4.2841949462890625,10.049382209777832,0.0,10.164670944213867,9.972521781921387,10.164670944213867,0.0,57437523
2010-03-19,4.230947971343994,9.924485206604004,0.0,10.150259971618652,9.857233047485352,10.049382209777832,0.0,145716929
2010-03-22,4.171558856964111,9.785177230834961,0.0,9.842822074890137,9.578617095947266,9.842822074890137,0.0,62389560
2010-03-23,4.245283603668213,9.958110809326172,0.0,9.972521781921387,9.76115894317627,9.828411102294922,0.0,77182115
2010-03-24,4.187943458557129,9.823607444763184,0.0,10.020559310913086,9.617047309875488,9.958110809326172,0.0,60513592
2010-03-25,4.2862396240234375,10.054184913635254,0.0,10.058988571166992,9.741944313049316,9.823607444763184,0.0,24824954
2010-03-26,4.273953914642334,10.025362968444824,0.0,10.107026100158691,9.943699836730957,10.054184913635254,0.0,41419835
2010-03-29,4.255523681640625,9.98213005065918,0.0,10.145456314086914,9.876447677612305,10.025362968444824,0.0,65637725
2010-03-30,4.185894012451172,9.818802833557129,0.0,10.058988571166992,9.780372619628906,10.025362968444824,0.0,132349871
2010-03-31,4.149030685424805,9.732336044311523,0.0,9.857233047485352,9.617047309875488,9.818802833557129,0.0,116452301
2010-04-01,4.251425743103027,9.972521781921387,0.0,9.972521781921387,9.770766258239746,9.770766258239746,0.0,227032782
2010-04-06,4.316960334777832,10.126240730285645,0.0,10.126240730285645,9.905269622802734,9.972521781921387,0.0,205028270
2010-04-07,4.448024749755859,10.43367862701416,0.0,10.438483238220215,10.087812423706055,10.126240730285645,0.0,194714281
2010-04-08,4.423449993133545,10.3760347366333,0.0,10.486519813537598,10.20310115814209,10.43367862701416,0.0,115588201
2010-04-09,4.591378211975098,10.769940376281738,0.0,10.798762321472168,10.45289421081543,10.45289421081543,0.0,185666208
2010-04-12,4.64326810836792,10.74592113494873,0.144112,10.952481269836426,10.678668975830078,10.678668975830078,0.0,118918246
2010-04-13,4.670252799987793,10.808369636535645,0.0,10.923659324645996,10.64504337310791,10.74592113494873,0.0,230237746
2010-04-14,4.666101455688477,10.798762321472168,0.0,10.909248352050781,10.731510162353516,10.808369636535645,0.0,105806641
2010-04-15,4.697237014770508,10.870818138122559,0.0,10.904443740844727,10.61622142791748,10.798762321472168,0.0,117930016
2010-04-16,4.587226390838623,10.61622142791748,0.0,10.933265686035156,10.529753684997559,10.870818138122559,0.0,227518481
2010-04-19,4.570621967315674,10.577791213989258,0.0,10.635436058044434,10.40485668182373,10.61622142791748,0.0,94486922
2010-04-20,4.645342826843262,10.750724792480469,0.0,10.750724792480469,10.481717109680176,10.577791213989258,0.0,84174502
2010-04-21,4.520803928375244,10.462501525878906,0.0,10.760332107543945,10.419267654418945,10.750724792480469,0.0,94952126
2010-04-22,4.379659175872803,10.135848999023438,0.0,10.467305183410645,10.001344680786133,10.462501525878906,0.0,94401844
2010-04-23,4.408719539642334,10.20310115814209,0.0,10.371231079101562,9.924485206604004,10.135848999023438,0.0,40020259
2010-04-26,4.444005489349365,10.284764289855957,0.0,10.481717109680176,10.068596839904785,10.20310115814209,0.0,76579106
2010-04-27,4.1886982917785645,9.6939058303833,0.0,10.198296546936035,9.68429946899414,10.198296546936035,0.0,67480044
2010-04-28,3.9894332885742188,9.232748985290527,0.0,9.703514099121094,9.127067565917969,9.6939058303833,0.0,167519905
2010-04-29,4.117710113525391,9.529619216918945,0.0,9.612242698669434,9.112655639648438,9.232748985290527,0.0,58115464
2010-04-30,4.127673625946045,9.552677154541016,0.0,9.765961647033691,9.448917388916016,9.529619216918945,0.0,53756311
2010-05-03,4.084914207458496,9.453720092773438,0.0,9.511364936828613,9.290393829345703,9.511364936828613,0.0,28571174
2010-05-04,3.774810552597046,8.736044883728027,0.0,9.404723167419434,8.646696090698242,9.404723167419434,0.0,101802278
2010-05-05,3.636984348297119,8.417078018188477,0.0,8.788886070251465,8.180734634399414,8.736044883728027,0.0,98576446
2010-05-06,3.463874101638794,8.016447067260742,0.0,8.644774436950684,7.807004928588867,8.417078018188477,0.0,91777509
2010-05-07,3.3339381217956543,7.715734958648682,0.0,8.280652046203613,7.604288101196289,8.016447067260742,0.0,105909310
2010-05-10,4.068310260772705,9.415290832519531,0.0,9.540186882019043,8.693772315979004,8.694732666015625,0.0,162726313
2010-05-11,3.9437689781188965,9.127067565917969,0.0,9.319215774536133,8.835962295532227,9.319215774536133,0.0,78309243
2010-05-12,3.984036684036255,9.220259666442871,0.0,9.386467933654785,8.848451614379883,9.127067565917969,0.0,57587289
2010-05-13,3.9437689781188965,9.127067565917969,0.0,9.367254257202148,8.992563247680664,9.220259666442871,0.0,40856214
2010-05-14,3.6448726654052734,8.435332298278809,0.0,9.040600776672363,8.296024322509766,9.040600776672363,0.0,78451716
2010-05-17,3.5801117420196533,8.285455703735352,0.0,8.555424690246582,8.170166015625,8.435332298278809,0.0,56925174
2010-05-18,3.7486560344696045,8.675518035888672,0.0,8.820590019226074,8.400745391845703,8.400745391845703,0.0,55745130
2010-05-19,3.606265068054199,8.345982551574707,0.0,8.473761558532715,8.1663236618042,8.473761558532715,0.0,70161341
2010-05-20,3.51285982131958,8.129815101623535,0.0,8.519877433776855,7.889628887176514,8.345982551574707,0.0,65935148
2010-05-21,3.622870683670044,8.384411811828613,0.0,8.43629264831543,7.89731502532959,8.129815101623535,0.0,89698070
2010-05-24,3.549391984939575,8.214361190795898,0.0,8.512190818786621,8.079856872558594,8.384411811828613,0.0,40585442
2010-05-25,3.3903956413269043,7.846395969390869,0.0,7.935744762420654,7.64752197265625,7.935744762420654,0.0,68372153
2010-05-26,3.399944305419922,7.86849308013916,0.0,8.132697105407715,7.8396711349487305,7.846395969390869,0.0,76182683
2010-05-27,3.5244836807250977,8.156716346740723,0.0,8.247986793518066,7.639835834503174,7.86849308013916,0.0,64932441
2010-05-28,3.5805275440216064,8.286417007446289,0.0,8.396902084350586,8.214361190795898,8.214361190795898,0.0,39939122
2010-05-31,3.536938190460205,8.185538291931152,0.0,8.234536170959473,8.1182861328125,8.234536170959473,0.0,27866740
2010-06-01,3.486292839050293,8.068327903747559,0.0,8.094267845153809,7.758007049560547,8.094267845153809,0.0,45866307
2010-06-02,3.4422881603240967,7.966488838195801,0.0,8.002997398376465,7.773378849029541,8.002997398376465,0.0,34302684
2010-06-03,3.4294180870056152,7.936706066131592,0.0,8.247026443481445,7.892510890960693,7.966488838195801,0.0,36865027
2010-06-04,3.1948680877685547,7.393885135650635,0.0,7.936706066131592,7.301653861999512,7.936706066131592,0.0,74045507
2010-06-07,3.1309378147125244,7.245931148529053,0.0,7.493803024291992,7.085486888885498,7.393885135650635,0.0,45624207
2010-06-08,3.074479341506958,7.115270137786865,0.0,7.313182830810547,6.9894118309021,7.245931148529053,0.0,43864055
2010-06-09,3.1699609756469727,7.336240768432617,0.0,7.336240768432617,7.030724048614502,7.115270137786865,0.0,48208895
2010-06-10,3.331446886062622,7.709969997406006,0.0,7.777222156524658,7.1575422286987305,7.336240768432617,0.0,48924233
2010-06-11,3.516181468963623,8.137500762939453,0.0,8.251830101013184,7.858884811401367,7.858884811401367,0.0,92485207
2010-06-14,3.553544044494629,8.223967552185059,0.0,8.299866676330566,8.079856872558594,8.137500762939453,0.0,75640920
2010-06-15,3.626605987548828,8.393058776855469,0.0,8.393058776855469,7.979938983917236,8.09907054901123,0.0,85008742
2010-06-16,3.63283371925354,8.407469749450684,0.0,8.526602745056152,8.247986793518066,8.393058776855469,0.0,50553088
2010-06-17,3.6797444820404053,8.516034126281738,0.0,8.675518035888672,8.3594331741333,8.407469749450684,0.0,80106875
2010-06-18,3.8856499195098877,8.992563247680664,0.0,9.106891632080078,8.588089942932129,8.588089942932129,0.0,267962695
2010-06-21,3.9064064025878906,9.040600776672363,0.0,9.261571884155273,8.97815227508545,8.992563247680664,0.0,105759414
2010-06-22,3.8387396335601807,8.88399887084961,0.0,8.98487663269043,8.742770195007324,8.98487663269043,0.0,44448456
2010-06-23,3.7876782417297363,8.765828132629395,0.0,8.95893669128418,8.694732666015625,8.88399887084961,0.0,39269239
2010-06-24,3.6407220363616943,8.425724029541016,0.0,8.85805892944336,8.396902084350586,8.765828132629395,0.0,33713458
2010-06-25,3.6602327823638916,8.470878601074219,0.0,8.627481460571289,8.31043529510498,8.425724029541016,0.0,29872830
2010-06-28,3.737032413482666,8.648616790771484,0.0,8.672636032104492,8.396902084350586,8.470878601074219,0.0,22675883
2010-06-29,3.4663658142089844,8.022212028503418,0.0,8.460310935974121,8.022212028503418,8.460310935974121,0.0,59302607
2010-06-30,3.5751304626464844,8.273926734924316,0.0,8.401705741882324,7.954959869384766,8.022212028503418,0.0,157137730
2010-07-01,3.5336174964904785,8.177851676940918,0.0,8.377687454223633,7.931901931762695,8.051033973693848,0.0,327471143
2010-07-02,3.536938190460205,8.185538291931152,0.0,8.425724029541016,8.16728401184082,8.177851676940918,0.0,203563239
2010-07-05,3.520333766937256,8.147109031677246,0.0,8.24222183227539,8.084659576416016,8.185538291931152,0.0,174073692
2010-07-06,3.6573269367218018,8.464154243469238,0.0,8.569835662841797,8.195145606994629,8.195145606994629,0.0,90398424
2010-07-07,3.8860654830932617,8.993523597717285,0.0,9.043482780456543,8.243183135986328,8.464154243469238,0.0,67906830
2010-07-08,3.964526891708374,9.175105094909668,0.0,9.198163032531738,8.886881828308105,8.993523597717285,0.0,151229095
2010-07-09,4.006039619445801,9.27117919921875,0.0,9.34323501586914,9.184712409973145,9.184712409973145,0.0,70771368
2010-07-12,3.9884395599365234,9.144360542297363,0.086467,9.275982856750488,9.059815406799316,9.184712409973145,0.0,74064105
2010-07-13,4.098228454589844,9.396076202392578,0.0,9.396076202392578,9.150124549865723,9.150124549865723,0.0,75038878
2010-07-14,4.097809314727783,9.39511489868164,0.0,9.444112777709961,9.214494705200195,9.396076202392578,0.0,95662071
2010-07-15,4.010229110717773,9.194319725036621,0.0,9.400879859924316,9.107852935791016,9.39511489868164,0.0,140272885
2010-07-16,3.943183422088623,9.040600776672363,0.0,9.34323501586914,8.939722061157227,9.194319725036621,0.0,128340288
2010-07-19,3.9054698944091797,8.954133987426758,0.0,9.189516067504883,8.85805892944336,9.040600776672363,0.0,74808896
2010-07-20,3.9800591468811035,9.12514591217041,0.0,9.136674880981445,8.824433326721191,8.954133987426758,0.0,76842743
2010-07-21,3.949467897415161,9.055011749267578,0.0,9.270217895507812,9.012739181518555,9.12514591217041,0.0,129591822
2010-07-22,4.084399700164795,9.364371299743652,0.0,9.468132019042969,8.955094337463379,9.055011749267578,0.0,67701077
2010-07-23,4.12337064743042,9.453720092773438,0.0,9.506561279296875,9.203927040100098,9.364371299743652,0.0,68050177
2010-07-26,4.228131294250488,9.6939058303833,0.0,9.71312141418457,9.438348770141602,9.453720092773438,0.0,34390524
2010-07-27,4.429271221160889,10.15506362915039,0.0,10.15506362915039,9.751550674438477,9.751550674438477,0.0,61489608
2010-07-28,4.406223297119141,10.10222339630127,0.0,10.356820106506348,9.996541023254395,10.15506362915039,0.0,64367653
2010-07-29,4.389463901519775,10.063793182373047,0.0,10.207904815673828,10.001344680786133,10.10222339630127,0.0,27739751
2010-07-30,4.3307952880859375,9.929288864135742,0.0,10.054184913635254,9.799588203430176,10.054184913635254,0.0,33818744
2010-08-02,4.4900312423706055,10.294370651245117,0.0,10.294370651245117,9.88125228881836,9.929288864135742,0.0,33778308
2010-08-03,4.521461486816406,10.366427421569824,0.0,10.371231079101562,10.116634368896484,10.294370651245117,0.0,25350244
2010-08-04,4.508889675140381,10.337605476379395,0.0,10.40485668182373,10.193492889404297,10.366427421569824,0.0,24912002
2010-08-05,4.492126941680908,10.299175262451172,0.0,10.462501525878906,10.227119445800781,10.337605476379395,0.0,26594884
2010-08-06,4.402032852172852,10.092615127563477,0.0,10.390445709228516,9.98213005065918,10.299175262451172,0.0,22131695
2010-08-09,4.454414367675781,10.212708473205566,0.0,10.289567947387695,10.18388557434082,10.18388557434082,0.0,18423450
2010-08-10,4.431367874145508,10.159867286682129,0.0,10.255942344665527,10.068596839904785,10.212708473205566,0.0,18812479
2010-08-11,4.228131294250488,9.6939058303833,0.0,10.092615127563477,9.636261940002441,10.092615127563477,0.0,35740892
2010-08-12,4.194608211517334,9.617047309875488,0.0,9.732336044311523,9.46332836151123,9.6939058303833,0.0,33892467
2010-08-13,4.1426472663879395,9.497915267944336,0.0,9.780372619628906,9.367254257202148,9.617047309875488,0.0,25812360
2010-08-16,4.106609344482422,9.415290832519531,0.0,9.544990539550781,9.285590171813965,9.504639625549316,0.0,25225316
2010-08-17,4.1694655418396,9.559402465820312,0.0,9.577655792236328,9.314413070678711,9.415290832519531,0.0,28320962
2010-08-18,4.175751209259033,9.573813438415527,0.0,9.602636337280273,9.373018264770508,9.559402465820312,0.0,23979680
2010-08-19,4.120018005371094,9.446035385131836,0.0,9.717925071716309,9.416251182556152,9.573813438415527,0.0,27040124
2010-08-20,4.052133083343506,9.290393829345703,0.0,9.520973205566406,9.180869102478027,9.446035385131836,0.0,26022123
2010-08-23,4.119598388671875,9.445074081420898,0.0,9.549795150756836,9.276944160461426,9.290393829345703,0.0,20903025
2010-08-24,4.035372257232666,9.25196361541748,0.0,9.405682563781738,9.152047157287598,9.396076202392578,0.0,28258742
2010-08-25,3.9226503372192383,8.993523597717285,0.0,9.290393829345703,8.868626594543457,9.25196361541748,0.0,37264466
2010-08-26,3.9557530879974365,9.069422721862793,0.0,9.165496826171875,8.991602897644043,8.993523597717285,0.0,20089319
2010-08-27,3.9838294982910156,9.133792877197266,0.0,9.149165153503418,8.925311088562012,9.069422721862793,0.0,28870368
2010-08-30,3.9808971881866455,9.127067565917969,0.0,9.235631942749023,9.080951690673828,9.133792877197266,0.0,12837642
2010-08-31,3.9875996112823486,9.142438888549805,0.0,9.147242546081543,8.896489143371582,9.127067565917969,0.0,23590001
2010-09-01,4.164437294006348,9.547872543334961,0.0,9.549795150756836,9.100167274475098,9.142438888549805,0.0,35055792
2010-09-02,4.144323825836182,9.501757621765137,0.0,9.554598808288574,9.424898147583008,9.547872543334961,0.0,19157934
2010-09-03,4.180779933929443,9.585342407226562,0.0,9.708317756652832,9.468132019042969,9.501757621765137,0.0,36471957
2010-09-06,4.182455062866211,9.589184761047363,0.0,9.66988754272461,9.545951843261719,9.585342407226562,0.0,13521844
2010-09-07,4.09152364730835,9.380703926086426,0.0,9.540186882019043,9.280787467956543,9.540186882019043,0.0,23855449
2010-09-08,4.127561569213867,9.46332836151123,0.0,9.49215030670166,9.232748985290527,9.380703926086426,0.0,69539833
2010-09-09,4.207179546356201,9.645869255065918,0.0,9.785177230834961,9.34323501586914,9.46332836151123,0.0,43709567
2010-09-10,4.202988147735596,9.636261940002441,0.0,9.6939058303833,9.465249061584473,9.645869255065918,0.0,30207599
2010-09-13,4.274226188659668,9.799588203430176,0.0,9.876447677612305,9.708317756652832,9.708317756652832,0.0,34016897
2010-09-14,4.282606601715088,9.818802833557129,0.0,9.847625732421875,9.68429946899414,9.799588203430176,0.0,65494286
2010-09-15,4.255370140075684,9.756355285644531,0.0,9.86203670501709,9.626653671264648,9.818802833557129,0.0,39022062
2010-09-16,4.244892597198486,9.732336044311523,0.0,9.809196472167969,9.674692153930664,9.756355285644531,0.0,29222587
2010-09-17,4.192513465881348,9.612242698669434,0.0,9.924485206604004,9.551715850830078,9.732336044311523,0.0,211171760
2010-09-20,4.270035743713379,9.7899808883667,0.0,9.833213806152344,9.569009780883789,9.612242698669434,0.0,53207796
2010-09-21,4.288890838623047,9.833213806152344,0.0,9.972521781921387,9.727533340454102,9.7899808883667,0.0,55243799
2010-09-22,4.232321262359619,9.703514099121094,0.0,9.895663261413574,9.569009780883789,9.833213806152344,0.0,52949744
2010-09-23,4.219750881195068,9.674692153930664,0.0,9.847625732421875,9.511364936828613,9.703514099121094,0.0,49579737
2010-09-24,4.322416305541992,9.910074234008789,0.0,9.953307151794434,9.49215030670166,9.674692153930664,0.0,49039312
2010-09-27,4.246987819671631,9.737139701843262,0.0,9.929288864135742,9.708317756652832,9.910074234008789,0.0,45715777
2010-09-28,4.198798179626465,9.626653671264648,0.0,9.727533340454102,9.468132019042969,9.727533340454102,0.0,72857527
2010-09-29,4.1191792488098145,9.444112777709961,0.0,9.698710441589355,9.377821922302246,9.597831726074219,0.0,73554344
2010-09-30,4.150608062744141,9.516168594360352,0.0,9.68429946899414,9.303844451904297,9.444112777709961,0.0,144672142
2010-10-01,4.0864949226379395,9.36917495727539,0.0,9.597831726074219,9.27117919921875,9.516168594360352,0.0,331446578
2010-10-04,4.043334484100342,9.270217895507812,0.0,9.391271591186523,9.159732818603516,9.36917495727539,0.0,235321144
2010-10-05,4.179941654205322,9.583420753479004,0.0,9.584382057189941,9.193359375,9.270217895507812,0.0,369556832
2010-10-06,4.181617736816406,9.587264060974121,0.0,9.76115894317627,9.550756454467773,9.583420753479004,0.0,73413294
2010-10-07,4.161083221435547,9.540186882019043,0.0,9.66988754272461,9.453720092773438,9.587264060974121,0.0,56134096
2010-10-08,4.148094654083252,9.510403633117676,0.0,9.559402465820312,9.386467933654785,9.540186882019043,0.0,142350754
2010-10-11,4.116378307342529,9.351881980895996,0.086467,9.530579566955566,9.309609413146973,9.42393684387207,0.0,88028216
2010-10-12,4.101998805999756,9.319215774536133,0.0,9.357645988464355,9.163576126098633,9.351881980895996,0.0,106646438
2010-10-13,4.199263095855713,9.540186882019043,0.0,9.540186882019043,9.304804801940918,9.319215774536133,0.0,78200688
2010-10-14,4.128641605377197,9.379742622375488,0.0,9.626653671264648,9.376860618591309,9.540186882019043,0.0,66453835
2010-10-15,4.178119659423828,9.49215030670166,0.0,9.569009780883789,9.36917495727539,9.379742622375488,0.0,245790973
2010-10-18,4.195034503936768,9.530579566955566,0.0,9.530579566955566,9.348038673400879,9.49215030670166,0.0,99009713
2010-10-19,4.221676826477051,9.591107368469238,0.0,9.765961647033691,9.487346649169922,9.530579566955566,0.0,98336031
2010-10-20,4.224637031555176,9.597831726074219,0.0,9.66988754272461,9.484463691711426,9.591107368469238,0.0,32160858
2010-10-21,4.144289493560791,9.415290832519531,0.0,9.528657913208008,9.3489990234375,9.528657913208008,0.0,47201643
2010-10-22,4.134561538696289,9.393194198608398,0.0,9.465249061584473,9.285590171813965,9.415290832519531,0.0,20630922
2010-10-25,4.086353778839111,9.283669471740723,0.0,9.462367057800293,9.22506332397461,9.393194198608398,0.0,24655404
2010-10-26,4.074089050292969,9.255806922912598,0.0,9.287511825561523,9.137636184692383,9.283669471740723,0.0,26314734
2010-10-27,3.971750497817993,9.023306846618652,0.0,9.218338012695312,8.982955932617188,9.218338012695312,0.0,57580241
2010-10-28,3.9497616291046143,8.973347663879395,0.0,9.02138614654541,8.868626594543457,9.02138614654541,0.0,50358430
2010-10-29,3.9962782859802246,9.07903003692627,0.0,9.07903003692627,8.817708015441895,8.973347663879395,0.0,62100890
2010-11-01,3.8524975776672363,8.752376556396484,0.0,9.15108585357666,8.675518035888672,9.07903003692627,0.0,72588782
2010-11-02,3.8960530757904053,8.851333618164062,0.0,8.859020233154297,8.4113130569458,8.752376556396484,0.0,98172820
2010-11-03,3.7615764141082764,8.545817375183105,0.0,8.886881828308105,8.478565216064453,8.851333618164062,0.0,60353311
2010-11-04,3.7340879440307617,8.483368873596191,0.0,8.684165000915527,8.396902084350586,8.545817375183105,0.0,152097770
2010-11-05,3.6863882541656494,8.375,0.0,8.708000183105469,8.302000045776367,8.482999801635742,0.0,83037791
2010-11-08,3.6313672065734863,8.25,0.0,8.359999656677246,8.095000267028809,8.359999656677246,0.0,55639704
2010-11-09,3.6855075359344482,8.373000144958496,0.0,8.460000038146973,8.14799976348877,8.25,0.0,58060850
2010-11-10,3.585590362548828,8.145999908447266,0.0,8.369000434875488,8.079999923706055,8.369000434875488,0.0,71279920
2010-11-11,3.5587403774261475,8.085000038146973,0.0,8.204999923706055,7.989999771118164,8.145999908447266,0.0,72181342
2010-11-12,3.660858631134033,8.317000389099121,0.0,8.444999694824219,7.864999771118164,8.085000038146973,0.0,100496794
2010-11-15,3.7079555988311768,8.423999786376953,0.0,8.437999725341797,8.21399974822998,8.317000389099121,0.0,45580625
2010-11-16,3.602757453918457,8.1850004196167,0.0,8.399999618530273,8.16100025177002,8.399999618530273,0.0,45280984
2010-11-17,3.618162155151367,8.220000267028809,0.0,8.265000343322754,8.149999618530273,8.1850004196167,0.0,47883976
2010-11-18,3.670982837677002,8.34000015258789,0.0,8.399999618530273,8.199000358581543,8.220000267028809,0.0,76141479
2010-11-19,3.6357686519622803,8.260000228881836,0.0,8.295000076293945,7.985000133514404,8.295000076293945,0.0,130684240
2010-11-22,3.4949169158935547,7.940000057220459,0.0,8.390000343322754,7.870999813079834,8.260000228881836,0.0,76700710
2010-11-23,3.3584649562835693,7.630000114440918,0.0,7.900000095367432,7.570000171661377,7.900000095367432,0.0,80793294
2010-11-24,3.3888356685638428,7.698999881744385,0.0,7.7769999504089355,7.474999904632568,7.630000114440918,0.0,50305715
2010-11-25,3.406883478164673,7.739999771118164,0.0,7.797999858856201,7.5,7.698999881744385,0.0,46696810
2010-11-26,3.3254523277282715,7.554999828338623,0.0,7.690000057220459,7.389999866485596,7.690000057220459,0.0,60747524
2010-11-29,3.1819581985473633,7.229000091552734,0.0,7.794000148773193,7.206999778747559,7.554999828338623,0.0,68126819
2010-11-30,3.1150527000427246,7.077000141143799,0.0,7.288000106811523,7.0,7.288000106811523,0.0,88711089
2010-12-01,3.3421785831451416,7.5929999351501465,0.0,7.633999824523926,7.170000076293945,7.183000087738037,0.0,93442363
2010-12-02,3.480830669403076,7.9079999923706055,0.0,7.954999923706055,7.389999866485596,7.802000045776367,0.0,101599023
2010-12-03,3.524847984313965,8.008000373840332,0.0,8.048999786376953,7.8379998207092285,7.949999809265137,0.0,51883728
2010-12-06,3.4222891330718994,7.775000095367432,0.0,8.059000015258789,7.75,8.050000190734863,0.0,35365260
2010-12-07,3.415686845779419,7.760000228881836,0.0,7.8480000495910645,7.610000133514404,7.7729997634887695,0.0,44021615
2010-12-08,3.51692533493042,7.989999771118164,0.0,8.050000190734863,7.630000114440918,7.689000129699707,0.0,45879754
2010-12-09,3.5891103744506836,8.154000282287598,0.0,8.21500015258789,8.032999992370605,8.050000190734863,0.0,43262278
2010-12-10,3.5415735244750977,8.045999526977539,0.0,8.199999809265137,7.9710001945495605,8.199999809265137,0.0,42159814
2010-12-13,3.5266079902648926,8.01200008392334,0.0,8.130000114440918,7.964000225067139,8.098999977111816,0.0,34112286
2010-12-14,3.51692533493042,7.989999771118164,0.0,8.0600004196167,7.809999942779541,8.041999816894531,0.0,73384805
2010-12-15,3.4473772048950195,7.831999778747559,0.0,7.929999828338623,7.730999946594238,7.888000011444092,0.0,61148109
2010-12-16,3.433293104171753,7.800000190734863,0.0,7.90500020980835,7.670000076293945,7.789000034332275,0.0,59207962
2010-12-17,3.34085750579834,7.590000152587891,0.0,7.860000133514404,7.580999851226807,7.8429999351501465,0.0,102354200
2010-12-20,3.394118070602417,7.710999965667725,0.0,7.763999938964844,7.5,7.557000160217285,0.0,138092662
2010-12-21,3.4984371662139893,7.947999954223633,0.0,7.980000019073486,7.71999979019165,7.78000020980835,0.0,31248110
2010-12-22,3.479511022567749,7.90500020980835,0.0,8.015000343322754,7.861000061035156,7.960000038146973,0.0,24797254
2010-12-23,3.4376943111419678,7.809999942779541,0.0,7.947000026702881,7.76800012588501,7.889999866485596,0.0,17214118
2010-12-27,3.3584649562835693,7.630000114440918,0.0,7.864999771118164,7.585000038146973,7.829999923706055,0.0,22830740
2010-12-28,3.349661111831665,7.610000133514404,0.0,7.71999979019165,7.551000118255615,7.63100004196167,0.0,72003878
2010-12-29,3.373430013656616,7.664000034332275,0.0,7.755000114440918,7.580999851226807,7.639999866485596,0.0,70368682
2010-12-30,3.3276522159576416,7.559999942779541,0.0,7.710000038146973,7.550000190734863,7.664000034332275,0.0,122880935
2011-01-03,3.345259428024292,7.599999904632568,0.0,7.7230000495910645,7.585000038146973,7.689000129699707,0.0,107923855
2011-01-04,3.345259428024292,7.599999904632568,0.0,7.7270002365112305,7.48799991607666,7.610000133514404,0.0,230319685
2011-01-05,3.302563428878784,7.502999782562256,0.0,7.599999904632568,7.260000228881836,7.599999904632568,0.0,102296360
2011-01-06,3.231257200241089,7.341000080108643,0.0,7.48799991607666,7.295000076293945,7.435999870300293,0.0,117208235
2011-01-07,3.1498260498046875,7.156000137329102,0.0,7.3480000495910645,7.110000133514404,7.291999816894531,0.0,132839554
2011-01-10,3.0847434997558594,6.920000076293945,0.09,7.039999961853027,6.868000030517578,7.039999961853027,0.0,108855136
2011-01-11,3.151609182357788,7.070000171661377,0.0,7.130000114440918,6.880000114440918,7.01800012588501,0.0,133167444
2011-01-12,3.4632036685943604,7.769000053405762,0.0,7.795000076293945,7.139999866485596,7.159999847412109,0.0,154571832
2011-01-13,3.6820778846740723,8.260000228881836,0.0,8.380000114440918,7.839000225067139,7.849999904632568,0.0,237509173
2011-01-14,3.7150654792785645,8.333999633789062,0.0,8.4399995803833,8.100000381469727,8.239999771118164,0.0,144751544
2011-01-17,3.656223773956299,8.20199966430664,0.0,8.380000114440918,8.164999961853027,8.27400016784668,0.0,73405456
2011-01-18,3.852808713912964,8.642999649047852,0.0,8.65999984741211,8.25100040435791,8.28499984741211,0.0,97918749
2011-01-19,3.859494924545288,8.657999992370605,0.0,8.798999786376953,8.5,8.619999885559082,0.0,75913120
2011-01-20,3.9116499423980713,8.774999618530273,0.0,8.89900016784668,8.560999870300293,8.630000114440918,0.0,81406194
2011-01-21,4.043154239654541,9.069999694824219,0.0,9.184000015258789,8.803000450134277,8.819999694824219,0.0,160278272
2011-01-24,4.047609806060791,9.079999923706055,0.0,9.229000091552734,8.850000381469727,9.107999801635742,0.0,65716142
2011-01-25,3.929481029510498,8.8149995803833,0.0,9.039999961853027,8.741000175476074,8.951000213623047,0.0,88272535
2011-01-26,3.9259157180786133,8.807000160217285,0.0,8.984000205993652,8.805999755859375,8.899999618530273,0.0,52883604
2011-01-27,4.047609806060791,9.079999923706055,0.0,9.178999900817871,8.65999984741211,8.758000373840332,0.0,67822068
2011-01-28,3.9646987915039062,8.894000053405762,0.0,9.270000457763672,8.831000328063965,9.100000381469727,0.0,99378161
2011-01-31,3.9972400665283203,8.967000007629395,0.0,9.140000343322754,8.701000213623047,8.829999923706055,0.0,89268593
2011-02-01,4.148800849914551,9.307000160217285,0.0,9.307000160217285,8.880999565124512,9.100000381469727,0.0,66997844
2011-02-02,4.143006324768066,9.293999671936035,0.0,9.42199993133545,9.149999618530273,9.350000381469727,0.0,89177180
2011-02-03,4.023985385894775,9.027000427246094,0.0,9.246999740600586,8.904999732971191,9.175000190734863,0.0,97369976
2011-02-04,3.979853868484497,8.928000450134277,0.0,9.100000381469727,8.776000022888184,9.0600004196167,0.0,52122547
2011-02-07,4.025322437286377,9.029999732971191,0.0,9.119999885559082,8.829999923706055,8.880000114440918,0.0,89559870
2011-02-08,4.034237861633301,9.050000190734863,0.0,9.095000267028809,8.914999961853027,8.987000465393066,0.0,41372141
2011-02-09,4.016853332519531,9.01099967956543,0.0,9.168000221252441,8.951000213623047,9.04800033569336,0.0,36169190
2011-02-10,3.93438458442688,8.826000213623047,0.0,8.949999809265137,8.6899995803833,8.930000305175781,0.0,50172156
2011-02-11,3.982974052429199,8.9350004196167,0.0,8.996999740600586,8.706999778747559,8.777000427246094,0.0,41390448
2011-02-14,3.9450838565826416,8.850000381469727,0.0,9.010000228881836,8.758000373840332,8.979999542236328,0.0,32281707
2011-02-15,3.997684955596924,8.968000411987305,0.0,9.005000114440918,8.75,8.782999992370605,0.0,36440663
2011-02-16,4.159945964813232,9.331999778747559,0.0,9.399999618530273,8.982000350952148,8.989999771118164,0.0,78339619
2011-02-17,4.203185081481934,9.428999900817871,0.0,9.479999542236328,9.289999961853027,9.340999603271484,0.0,62682977
2011-02-18,4.158609867095947,9.329000473022461,0.0,9.489999771118164,9.182999610900879,9.449999809265137,0.0,97858203
2011-02-21,4.034237861633301,9.050000190734863,0.0,9.300000190734863,9.012999534606934,9.295999526977539,0.0,76263397
2011-02-22,3.970937967300415,8.907999992370605,0.0,9.029999732971191,8.8149995803833,8.925000190734863,0.0,46572246
2011-02-23,3.9375054836273193,8.833000183105469,0.0,8.987000465393066,8.800000190734863,8.880000114440918,0.0,40604829
2011-02-24,3.9045188426971436,8.758999824523926,0.0,8.819999694824219,8.630000114440918,8.763999938964844,0.0,46776670
2011-02-25,3.99813175201416,8.968999862670898,0.0,9.008999824523926,8.793000221252441,8.843000411987305,0.0,33914068
2011-02-28,3.98787784576416,8.946000099182129,0.0,9.050000190734863,8.831999778747559,8.949999809265137,0.0,31991621
2011-03-01,3.9326014518737793,8.821999549865723,0.0,9.074999809265137,8.75,9.0,0.0,38064631
2011-03-02,3.888470411300659,8.722999572753906,0.0,8.843999862670898,8.614999771118164,8.737000465393066,0.0,34569921
2011-03-03,3.8340861797332764,8.60099983215332,0.0,8.914999961853027,8.550999641418457,8.800000190734863,0.0,47513216
2011-03-04,3.7886171340942383,8.49899959564209,0.0,8.746999740600586,8.460000038146973,8.66100025177002,0.0,36723069
2011-03-07,3.7373533248901367,8.383999824523926,0.0,8.5649995803833,8.312000274658203,8.416000366210938,0.0,46419816
2011-03-08,3.7797024250030518,8.479000091552734,0.0,8.480999946594238,8.289999961853027,8.449999809265137,0.0,32104892
2011-03-09,3.8140268325805664,8.555999755859375,0.0,8.649999618530273,8.47599983215332,8.595000267028809,0.0,61752871
2011-03-10,3.7480521202087402,8.407999992370605,0.0,8.470999717712402,8.300000190734863,8.399999618530273,0.0,45390806
2011-03-11,3.797980785369873,8.520000457763672,0.0,8.574999809265137,8.265000343322754,8.29699993133545,0.0,51947704
2011-03-14,3.928144931793213,8.812000274658203,0.0,8.958000183105469,8.529999732971191,8.600000381469727,0.0,106955406
2011-03-15,3.9629147052764893,8.890000343322754,0.0,8.960000038146973,8.510000228881836,8.628999710083008,0.0,90141477
2011-03-16,3.8051114082336426,8.53600025177002,0.0,8.970000267028809,8.46500015258789,8.949999809265137,0.0,89419697
2011-03-17,3.8626163005828857,8.664999961853027,0.0,8.760000228881836,8.442000389099121,8.649999618530273,0.0,93624062
2011-03-18,3.824725389480591,8.579999923706055,0.0,8.75,8.5,8.71500015258789,0.0,94762086
2011-03-21,3.9450838565826416,8.850000381469727,0.0,8.850000381469727,8.640999794006348,8.711000442504883,0.0,105548579
2011-03-22,3.9852030277252197,8.9399995803833,0.0,9.123000144958496,8.86400032043457,8.928000450134277,0.0,88241800
2011-03-23,3.9896605014801025,8.949999809265137,0.0,8.975000381469727,8.8100004196167,8.852999687194824,0.0,51154820
2011-03-24,4.03825044631958,9.059000015258789,0.0,9.079999923706055,8.770000457763672,8.800000190734863,0.0,73141910
2011-03-25,3.988323211669922,8.946999549865723,0.0,9.100000381469727,8.920000076293945,9.086000442504883,0.0,36625854
2011-03-28,4.005263328552246,8.984999656677246,0.0,9.010000228881836,8.854000091552734,8.895000457763672,0.0,48052852
2011-03-29,3.9450838565826416,8.850000381469727,0.0,9.010000228881836,8.817999839782715,9.0,0.0,45413738
2011-03-30,3.9317100048065186,8.819999694824219,0.0,8.968000411987305,8.75,8.949999809265137,0.0,37778584
2011-03-31,3.816255807876587,8.560999870300293,0.0,8.885000228881836,8.560999870300293,8.84000015258789,0.0,63556147
2011-04-01,3.9124326705932617,8.62399959564209,0.149,8.678000450134277,8.456000328063965,8.57699966430664,0.0,59405110
2011-04-04,3.910619020462036,8.619999885559082,0.0,8.699999809265137,8.531999588012695,8.574000358581543,0.0,51506471
2011-04-05,3.8679728507995605,8.526000022888184,0.0,8.600000381469727,8.430999755859375,8.600000381469727,0.0,57095004
2011-04-06,3.990917921066284,8.79699993133545,0.0,8.850000381469727,8.461000442504883,8.489999771118164,0.0,69997457
2011-04-07,4.001806259155273,8.821000099182129,0.0,8.949000358581543,8.762999534606934,8.843000411987305,0.0,82476779
2011-04-08,3.987741231918335,8.789999961853027,0.0,8.914999961853027,8.777999877929688,8.909000396728516,0.0,64347483
2011-04-11,3.9913716316223145,8.79800033569336,0.0,8.835000038146973,8.755999565124512,8.777999877929688,0.0,38740920
2011-04-12,3.9528086185455322,8.713000297546387,0.0,8.854999542236328,8.670999526977539,8.755999565124512,0.0,51295694
2011-04-13,3.931487798690796,8.666000366210938,0.0,8.779999732971191,8.642999649047852,8.77299976348877,0.0,35633299
2011-04-14,3.8285043239593506,8.439000129699707,0.0,8.628999710083008,8.331999778747559,8.600000381469727,0.0,62550173
2011-04-15,3.770434617996216,8.310999870300293,0.0,8.470000267028809,8.20300006866455,8.468999862670898,0.0,74756648
2011-04-18,3.6611015796661377,8.069999694824219,0.0,8.331999778747559,7.960000038146973,8.331999778747559,0.0,78994089
2011-04-19,3.6869606971740723,8.126999855041504,0.0,8.232999801635742,8.0,8.069999694824219,0.0,42462308
2011-04-20,3.754556179046631,8.276000022888184,0.0,8.317999839782715,8.149999618530273,8.223999977111816,0.0,43425333
2011-04-21,3.804460287094116,8.38599967956543,0.0,8.449999809265137,8.279999732971191,8.34000015258789,0.0,31340098
2011-04-26,3.8171627521514893,8.413999557495117,0.0,8.494999885559082,8.333000183105469,8.345999717712402,0.0,31536495
2011-04-27,3.8688807487487793,8.527999877929688,0.0,8.5600004196167,8.319999694824219,8.430999755859375,0.0,46891771
2011-04-28,3.926950216293335,8.656000137329102,0.0,8.710000038146973,8.597000122070312,8.609999656677246,0.0,29474523
2011-04-29,3.928765296936035,8.65999984741211,0.0,8.718000411987305,8.579999923706055,8.685999870300293,0.0,21886473
2011-05-02,3.953263521194458,8.71399974822998,0.0,8.769000053405762,8.60200023651123,8.739999771118164,0.0,17184160
2011-05-03,3.9296724796295166,8.661999702453613,0.0,8.687999725341797,8.579999923706055,8.656000137329102,0.0,34437512
2011-05-04,3.881129264831543,8.555000305175781,0.0,8.75,8.505000114440918,8.652999877929688,0.0,29582600
2011-05-05,3.822605848312378,8.425999641418457,0.0,8.619999885559082,8.3149995803833,8.600000381469727,0.0,40078729
2011-05-06,3.8285043239593506,8.439000129699707,0.0,8.468999862670898,8.326000213623047,8.390999794006348,0.0,53344816
2011-05-09,3.7132740020751953,8.1850004196167,0.0,8.34000015258789,8.145000457763672,8.34000015258789,0.0,39582882
2011-05-10,3.7409462928771973,8.246000289916992,0.0,8.300000190734863,8.074999809265137,8.175000190734863,0.0,32011611
2011-05-11,3.754556179046631,8.276000022888184,0.0,8.378999710083008,8.151000022888184,8.289999961853027,0.0,20711933
2011-05-12,3.7200779914855957,8.199999809265137,0.0,8.229999542236328,8.095999717712402,8.157999992370605,0.0,27307357
2011-05-13,3.6483986377716064,8.041999816894531,0.0,8.25,8.0,8.24899959564209,0.0,44980289
2011-05-16,3.6719892024993896,8.093999862670898,0.0,8.126999855041504,7.889999866485596,7.949999809265137,0.0,38845470
2011-05-17,3.657017707824707,8.060999870300293,0.0,8.199999809265137,7.949999809265137,8.092000007629395,0.0,33637581
2011-05-18,3.6892287731170654,8.131999969482422,0.0,8.180000305175781,8.02400016784668,8.147000312805176,0.0,28955994
2011-05-19,3.671081066131592,8.092000007629395,0.0,8.199999809265137,8.03499984741211,8.133000373840332,0.0,33901087
2011-05-20,3.601670265197754,7.939000129699707,0.0,8.196999549865723,7.885000228881836,8.119999885559082,0.0,49860576
2011-05-23,3.514113187789917,7.745999813079834,0.0,7.809999942779541,7.724999904632568,7.769999980926514,0.0,40254323
2011-05-24,3.5136587619781494,7.744999885559082,0.0,7.840000152587891,7.704999923706055,7.755000114440918,0.0,28329429
2011-05-25,3.549046039581299,7.822999954223633,0.0,7.888000011444092,7.670000076293945,7.699999809265137,0.0,41390773
2011-05-26,3.555396556854248,7.836999893188477,0.0,8.020000457763672,7.765999794006348,7.885000228881836,0.0,36973451
2011-05-27,3.5749049186706543,7.880000114440918,0.0,7.989999771118164,7.815000057220459,7.946000099182129,0.0,31054222
2011-05-30,3.5690066814422607,7.867000102996826,0.0,7.894999980926514,7.820000171661377,7.855000019073486,0.0,18958095
2011-05-31,3.681516647338867,8.114999771118164,0.0,8.145000457763672,7.949999809265137,7.966000080108643,0.0,41811848
2011-06-01,3.6093826293945312,7.955999851226807,0.0,8.1899995803833,7.929999828338623,8.163000106811523,0.0,30948645
2011-06-02,3.595320463180542,7.925000190734863,0.0,8.052000045776367,7.824999809265137,7.886000156402588,0.0,26941718
2011-06-03,3.644314765930176,8.032999992370605,0.0,8.038000106811523,7.78000020980835,7.934999942779541,0.0,34445877
2011-06-06,3.546776533126831,7.817999839782715,0.0,8.045000076293945,7.795000076293945,8.045000076293945,0.0,31618948
2011-06-07,3.5522208213806152,7.829999923706055,0.0,7.875,7.770999908447266,7.809999942779541,0.0,22965591
2011-06-08,3.5127525329589844,7.743000030517578,0.0,7.828000068664551,7.703999996185303,7.795000076293945,0.0,23848321
2011-06-09,3.515928030014038,7.75,0.0,7.800000190734863,7.660999774932861,7.736000061035156,0.0,22496647
2011-06-10,3.4320003986358643,7.565000057220459,0.0,7.7769999504089355,7.539999961853027,7.75,0.0,40719096
2011-06-13,3.4274609088897705,7.554999828338623,0.0,7.638000011444092,7.5329999923706055,7.570000171661377,0.0,16951567
2011-06-14,3.507760763168335,7.73199987411499,0.0,7.75,7.619999885559082,7.619999885559082,0.0,51004670
2011-06-15,3.4025096893310547,7.5,0.0,7.695000171661377,7.5,7.695000171661377,0.0,51995534
2011-06-16,3.4138524532318115,7.525000095367432,0.0,7.53000020980835,7.335000038146973,7.46999979019165,0.0,54093946
2011-06-17,3.6030309200286865,7.941999912261963,0.0,7.949999809265137,7.420000076293945,7.460000038146973,0.0,136339837
2011-06-20,3.552673816680908,7.830999851226807,0.0,7.869999885559082,7.683000087738037,7.788000106811523,0.0,127182141
2011-06-21,3.646130323410034,8.036999702453613,0.0,8.036999702453613,7.861000061035156,7.880000114440918,0.0,48319775
2011-06-22,3.630704402923584,8.003000259399414,0.0,8.0600004196167,7.934999942779541,8.045999526977539,0.0,28368140
2011-06-23,3.4324522018432617,7.565999984741211,0.0,7.909999847412109,7.508999824523926,7.882999897003174,0.0,76051677
2011-06-24,3.3957056999206543,7.485000133514404,0.0,7.769999980926514,7.420000076293945,7.730999946594238,0.0,109979816
2011-06-27,3.4474234580993652,7.598999977111816,0.0,7.644999980926514,7.4629998207092285,7.46999979019165,0.0,90576716
2011-06-28,3.502317190170288,7.71999979019165,0.0,7.795000076293945,7.557000160217285,7.64900016784668,0.0,52132351
2011-06-29,3.5817079544067383,7.894999980926514,0.0,8.0,7.7789998054504395,7.809000015258789,0.0,83657247
2011-06-30,3.6701743602752686,8.09000015258789,0.0,8.09000015258789,7.870999813079834,7.9730000495910645,0.0,80253714
2011-07-01,3.784499168395996,8.342000007629395,0.0,8.376999855041504,8.039999961853027,8.048999786376953,0.0,297667590
2011-07-04,3.7522881031036377,8.270999908447266,0.0,8.359999656677246,8.168999671936035,8.34000015258789,0.0,324776571
2011-07-05,3.6905901432037354,8.135000228881836,0.0,8.288000106811523,8.102999687194824,8.269000053405762,0.0,42332743
2011-07-06,3.5980405807495117,7.931000232696533,0.0,8.045999526977539,7.829999923706055,8.045999526977539,0.0,75367875
2011-07-07,3.5885140895843506,7.909999847412109,0.0,8.163999557495117,7.818999767303467,7.9730000495910645,0.0,53725871
2011-07-08,3.4552652835845947,7.519999980926514,0.1,7.900000095367432,7.460000038146973,7.85099983215332,0.0,150684951
2011-07-11,3.3151257038116455,7.215000152587891,0.0,7.460000038146973,7.111000061035156,7.455999851226807,0.0,99917957
2011-07-12,3.339017868041992,7.267000198364258,0.0,7.409999847412109,6.909999847412109,7.078000068664551,0.0,95417295
2011-07-13,3.349585771560669,7.289999961853027,0.0,7.363999843597412,7.110000133514404,7.2129998207092285,0.0,63356662
2011-07-14,3.3592350482940674,7.310999870300293,0.0,7.380000114440918,7.116000175476074,7.190000057220459,0.0,68478219
2011-07-15,3.306853771209717,7.197000026702881,0.0,7.298999786376953,7.136000156402588,7.234000205993652,0.0,110418242
2011-07-18,3.2296628952026367,7.0289998054504395,0.0,7.289000034332275,7.010000228881836,7.193999767303467,0.0,77128826
2011-07-19,3.264582633972168,7.105000019073486,0.0,7.270999908447266,7.0229997634887695,7.061999797821045,0.0,68705742
2011-07-20,3.407020092010498,7.414999961853027,0.0,7.434999942779541,7.160999774932861,7.2220001220703125,0.0,76002579
2011-07-21,3.595865488052368,7.826000213623047,0.0,7.875,7.303999900817871,7.400000095367432,0.0,123467234
2011-07-22,3.5609445571899414,7.75,0.0,8.064000129699707,7.663000106811523,7.868000030517578,0.0,100416619
2011-07-25,3.436886787414551,7.480000019073486,0.0,7.658999919891357,7.429999828338623,7.610000133514404,0.0,147860580
2011-07-26,3.4276983737945557,7.460000038146973,0.0,7.559000015258789,7.320000171661377,7.480000019073486,0.0,35582170
2011-07-27,3.329828977584839,7.247000217437744,0.0,7.389999866485596,7.15500020980835,7.363999843597412,0.0,45665078
2011-07-28,3.387263059616089,7.372000217437744,0.0,7.396999835968018,7.150000095367432,7.170000076293945,0.0,45507623
2011-07-29,3.376694679260254,7.348999977111816,0.0,7.368000030517578,7.135000228881836,7.196000099182129,0.0,46182268
2011-08-01,3.216338872909546,7.0,0.0,7.5,7.0,7.453999996185303,0.0,56384823
2011-08-02,3.125821352005005,6.802999973297119,0.0,7.070000171661377,6.802999973297119,7.0,0.0,75003154
2011-08-03,3.100090265274048,6.747000217437744,0.0,7.0,6.659999847412109,6.75,0.0,52490844
2011-08-04,2.9723563194274902,6.468999862670898,0.0,6.928999900817871,6.445000171661377,6.920000076293945,0.0,56286836
2011-08-05,2.9820058345794678,6.489999771118164,0.0,6.800000190734863,6.269999980926514,6.293000221252441,0.0,84914529
2011-08-08,2.9291648864746094,6.375,0.0,6.929999828338623,6.34499979019165,6.60699987411499,0.0,87727851
2011-08-09,2.899758815765381,6.310999870300293,0.0,6.605000019073486,6.073999881744385,6.429999828338623,0.0,71047660
2011-08-10,2.672776699066162,5.816999912261963,0.0,6.556000232696533,5.789999961853027,6.556000232696533,0.0,92964154
2011-08-11,2.7812135219573975,6.052999973297119,0.0,6.130000114440918,5.519999980926514,6.03000020980835,0.0,98901342
2011-08-12,2.9544360637664795,6.429999828338623,0.0,6.429999828338623,5.801000118255615,6.099999904632568,0.0,65400237
2011-08-15,2.9884376525878906,6.504000186920166,0.0,6.510000228881836,6.321000099182129,6.489999771118164,0.0,16304751
2011-08-16,2.9852209091186523,6.497000217437744,0.0,6.499000072479248,6.321000099182129,6.480000019073486,0.0,33597618
2011-08-17,2.9751124382019043,6.474999904632568,0.0,6.585000038146973,6.35099983215332,6.433000087738037,0.0,28683563
2011-08-18,2.803727388381958,6.1020002365112305,0.0,6.418000221252441,5.949999809265137,6.361000061035156,0.0,53622838
2011-08-19,2.7435364723205566,5.9710001945495605,0.0,6.098999977111816,5.86299991607666,6.064000129699707,0.0,51616677
2011-08-22,2.775240421295166,6.039999961853027,0.0,6.073999881744385,5.900000095367432,5.918000221252441,0.0,39796998
2011-08-23,2.7472121715545654,5.979000091552734,0.0,6.150000095367432,5.900000095367432,6.110000133514404,0.0,34493732
2011-08-24,2.7766189575195312,6.043000221252441,0.0,6.072999954223633,5.9120001792907715,6.039000034332275,0.0,26165286
2011-08-25,2.7568609714508057,6.0,0.0,6.150000095367432,5.929999828338623,6.113999843597412,0.0,28699800
2011-08-26,2.71091365814209,5.900000095367432,0.0,6.071000099182129,5.763999938964844,6.068999767303467,0.0,28489304
2011-08-29,2.7913222312927246,6.074999809265137,0.0,6.074999809265137,5.913000106811523,5.980000019073486,0.0,25760576
2011-08-30,2.799132823944092,6.0920000076293945,0.0,6.184999942779541,6.034999847412109,6.179999828338623,0.0,18916832
2011-08-31,2.9121646881103516,6.3379998207092285,0.0,6.3379998207092285,5.98199987411499,6.0920000076293945,0.0,34904119
2011-09-01,2.9222729206085205,6.360000133514404,0.0,6.429999828338623,6.2270002365112305,6.380000114440918,0.0,26959916
2011-09-02,2.775240421295166,6.039999961853027,0.0,6.251999855041504,5.980000019073486,6.241000175476074,0.0,24815565
2011-09-05,2.6144227981567383,5.690000057220459,0.0,5.925000190734863,5.639999866485596,5.860000133514404,0.0,34870572
2011-09-06,2.570772886276245,5.59499979019165,0.0,5.769999980926514,5.5,5.630000114440918,0.0,68744357
2011-09-07,2.6282074451446533,5.71999979019165,0.0,5.7789998054504395,5.585000038146973,5.763000011444092,0.0,49599423
2011-09-08,2.6736950874328613,5.818999767303467,0.0,5.914999961853027,5.684000015258789,5.760000228881836,0.0,32310798
2011-09-09,2.4967973232269287,5.434000015258789,0.0,5.800000190734863,5.434000015258789,5.78000020980835,0.0,43189903
2011-09-12,2.363548755645752,5.144000053405762,0.0,5.35099983215332,5.10099983215332,5.303999900817871,0.0,92021630
2011-09-13,2.4816346168518066,5.401000022888184,0.0,5.401000022888184,5.0320000648498535,5.25,0.0,50913083
2011-09-14,2.550556182861328,5.551000118255615,0.0,5.604000091552734,5.300000190734863,5.300000190734863,0.0,59100126
2011-09-15,2.687938690185547,5.849999904632568,0.0,5.919000148773193,5.551000118255615,5.630000114440918,0.0,73014303
2011-09-16,2.73388671875,5.949999809265137,0.0,6.005000114440918,5.765999794006348,5.989999771118164,0.0,90098950
2011-09-19,2.656235456466675,5.781000137329102,0.0,5.869999885559082,5.695000171661377,5.699999809265137,0.0,73558090
2011-09-20,2.711832046508789,5.9019999504089355,0.0,5.9019999504089355,5.7129998207092285,5.723999977111816,0.0,42085751
2011-09-21,2.619018077850342,5.699999809265137,0.0,5.940000057220459,5.650000095367432,5.920000076293945,0.0,73436932
2011-09-22,2.476121187210083,5.388999938964844,0.0,5.5929999351501465,5.354000091552734,5.5,0.0,77934350
2011-09-23,2.607531785964966,5.675000190734863,0.0,5.679999828338623,5.284999847412109,5.485000133514404,0.0,102372030
2011-09-26,2.706777572631836,5.890999794006348,0.0,5.958000183105469,5.53000020980835,5.550000190734863,0.0,83742270
2011-09-27,2.8662161827087402,6.23799991607666,0.0,6.295000076293945,6.0,6.048999786376953,0.0,54400366
2011-09-28,2.8299171924591064,6.158999919891357,0.0,6.309999942779541,6.079999923706055,6.145999908447266,0.0,36996559
2011-09-29,2.890108823776245,6.289999961853027,0.0,6.370999813079834,6.0879998207092285,6.099999904632568,0.0,49658108
2011-09-30,2.8854405879974365,6.179999828338623,0.1,6.25,6.071000099182129,6.199999809265137,0.0,63400351
2011-10-03,2.7827227115631104,5.960000038146973,0.0,6.052999973297119,5.914999961853027,6.019000053405762,0.0,40032852
2011-10-04,2.753307580947876,5.896999835968018,0.0,5.954999923706055,5.715000152587891,5.890999794006348,0.0,87169621
2011-10-05,2.8835723400115967,6.176000118255615,0.0,6.176000118255615,5.960000038146973,6.059999942779541,0.0,96854140
2011-10-06,2.963879108428955,6.3480000495910645,0.0,6.364999771118164,6.177000045776367,6.218999862670898,0.0,62703360
2011-10-07,3.011502981185913,6.449999809265137,0.0,6.53000020980835,6.307000160217285,6.349999904632568,0.0,103010737
2011-10-10,3.0441863536834717,6.519999980926514,0.0,6.519999980926514,6.375999927520752,6.449999809265137,0.0,70602956
2011-10-11,3.011502981185913,6.449999809265137,0.0,6.51800012588501,6.366000175476074,6.511000156402588,0.0,33449398
2011-10-12,3.1310300827026367,6.705999851226807,0.0,6.749000072479248,6.321000099182129,6.375,0.0,47929952
2011-10-13,3.034381151199341,6.499000072479248,0.0,6.739999771118164,6.38100004196167,6.699999809265137,0.0,103947111
2011-10-14,3.013838291168213,6.454999923706055,0.0,6.548999786376953,6.309999942779541,6.534999847412109,0.0,32190755
2011-10-17,2.9741508960723877,6.369999885559082,0.0,6.570000171661377,6.322999954223633,6.5,0.0,30780319
2011-10-18,2.9461376667022705,6.309999942779541,0.0,6.340000152587891,6.195000171661377,6.28000020980835,0.0,29865715
2011-10-19,3.0133707523345947,6.453999996185303,0.0,6.460000038146973,6.320000171661377,6.388999938964844,0.0,36467484
2011-10-20,2.864896535873413,6.136000156402588,0.0,6.418000221252441,6.041999816894531,6.3520002365112305,0.0,54768839
2011-10-21,2.9367990493774414,6.289999961853027,0.0,6.324999809265137,6.159999847412109,6.184000015258789,0.0,74734803
2011-10-24,2.9881584644317627,6.400000095367432,0.0,6.429999828338623,6.255000114440918,6.380000114440918,0.0,31021495
2011-10-25,2.9461376667022705,6.309999942779541,0.0,6.425000190734863,6.216000080108643,6.389999866485596,0.0,45242356
2011-10-26,2.9078516960144043,6.228000164031982,0.0,6.360000133514404,6.179999828338623,6.28000020980835,0.0,33237352
2011-10-27,3.2048001289367676,6.863999843597412,0.0,6.889999866485596,6.375999927520752,6.445000171661377,0.0,65409488
2011-10-28,3.233747959136963,6.926000118255615,0.0,6.994999885559082,6.816999912261963,6.840000152587891,0.0,60145039
2011-10-31,3.063796043395996,6.561999797821045,0.0,6.8470001220703125,6.561999797821045,6.801000118255615,0.0,32626760
2011-11-01,2.9414680004119873,6.300000190734863,0.0,6.395999908447266,6.0320000648498535,6.366000175476074,0.0,63284403
2011-11-02,2.8784360885620117,6.164999961853027,0.0,6.349999904632568,6.079999923706055,6.336999893188477,0.0,31275446
2011-11-03,2.9410016536712646,6.298999786376953,0.0,6.375,5.986000061035156,6.031000137329102,0.0,36841690
2011-11-04,2.8597605228424072,6.125,0.0,6.386000156402588,6.039999961853027,6.386000156402588,0.0,29088784
2011-11-07,2.8336145877838135,6.068999767303467,0.0,6.195000171661377,5.934999942779541,6.0320000648498535,0.0,28946316
2011-11-08,2.838750123977661,6.079999923706055,0.0,6.21999979019165,6.039999961853027,6.048999786376953,0.0,27445824
2011-11-09,2.7640461921691895,5.920000076293945,0.0,6.190000057220459,5.811999797821045,6.150000095367432,0.0,39572706
2011-11-10,2.7505059242248535,5.890999794006348,0.0,6.059999942779541,5.781000137329102,5.800000190734863,0.0,37195199
2011-11-11,2.8817052841186523,6.171999931335449,0.0,6.199999809265137,5.901000022888184,5.913000106811523,0.0,31609069
2011-11-14,2.788325309753418,5.9720001220703125,0.0,6.289999961853027,5.931000232696533,6.289999961853027,0.0,25374865
2011-11-15,2.7080183029174805,5.800000190734863,0.0,5.948999881744385,5.784999847412109,5.9120001792907715,0.0,46767668
2011-11-16,2.7561089992523193,5.9029998779296875,0.0,5.974999904632568,5.78000020980835,5.790999889373779,0.0,26896322
2011-11-17,2.7500391006469727,5.889999866485596,0.0,5.960000038146973,5.803999900817871,5.8520002365112305,0.0,25141273
2011-11-18,2.764979839324951,5.921999931335449,0.0,5.965000152587891,5.820000171661377,5.820000171661377,0.0,44187211
2011-11-21,2.6687986850738525,5.716000080108643,0.0,5.960000038146973,5.716000080108643,5.955999851226807,0.0,30152716
2011-11-22,2.618373155593872,5.607999801635742,0.0,5.809999942779541,5.59499979019165,5.801000118255615,0.0,29961892
2011-11-23,2.5665481090545654,5.497000217437744,0.0,5.672999858856201,5.497000217437744,5.550000190734863,0.0,39702771
2011-11-24,2.5782198905944824,5.521999835968018,0.0,5.644999980926514,5.447000026702881,5.544000148773193,0.0,33888649
2011-11-25,2.616039752960205,5.603000164031982,0.0,5.605000019073486,5.440000057220459,5.519999980926514,0.0,29350141
2011-11-28,2.7780535221099854,5.949999809265137,0.0,5.949999809265137,5.666999816894531,5.730000019073486,0.0,53322707
2011-11-29,2.7677812576293945,5.927999973297119,0.0,5.989999771118164,5.804999828338623,5.909999847412109,0.0,38720875
2011-11-30,2.929328680038452,6.27400016784668,0.0,6.27400016784668,5.811999797821045,5.861000061035156,0.0,65073251
2011-12-01,2.904116153717041,6.21999979019165,0.0,6.26800012588501,6.126999855041504,6.25,0.0,28528549
2011-12-02,3.0124378204345703,6.452000141143799,0.0,6.533999919891357,6.269999980926514,6.2829999923706055,0.0,48014783
2011-12-05,3.095078468322754,6.629000186920166,0.0,6.679999828338623,6.520999908447266,6.533999919891357,0.0,36674687
2011-12-06,3.132896900177002,6.710000038146973,0.0,6.730000019073486,6.460000038146973,6.59499979019165,0.0,26086910
2011-12-07,3.0703318119049072,6.576000213623047,0.0,6.860000133514404,6.433000087738037,6.763000011444092,0.0,39599403
2011-12-08,2.9741508960723877,6.369999885559082,0.0,6.670000076293945,6.264999866485596,6.670000076293945,0.0,33983308
2011-12-09,3.0441863536834717,6.519999980926514,0.0,6.554999828338623,6.26200008392334,6.26200008392334,0.0,51257886
2011-12-12,2.9246604442596436,6.263999938964844,0.0,6.489999771118164,6.260000228881836,6.454999923706055,0.0,28742320
2011-12-13,2.857426166534424,6.119999885559082,0.0,6.298999786376953,6.034999847412109,6.263999938964844,0.0,87201240
2011-12-14,2.807934284210205,6.013999938964844,0.0,6.178999900817871,6.013999938964844,6.070000171661377,0.0,58242494
2011-12-15,2.875169038772583,6.1579999923706055,0.0,6.255000114440918,6.010000228881836,6.0980000495910645,0.0,69936162
2011-12-16,2.8714334964752197,6.150000095367432,0.0,6.251999855041504,6.050000190734863,6.239999771118164,0.0,143850101
2011-12-19,2.894777774810791,6.199999809265137,0.0,6.317999839782715,6.039999961853027,6.046999931335449,0.0,124967131
2011-12-20,3.020841360092163,6.46999979019165,0.0,6.46999979019165,6.190000057220459,6.249000072479248,0.0,31269302
2011-12-21,3.011502981185913,6.449999809265137,0.0,6.684999942779541,6.320000171661377,6.561999797821045,0.0,45895094
2011-12-22,3.0539908409118652,6.540999889373779,0.0,6.570000171661377,6.461999893188477,6.466000080108643,0.0,24867621
2011-12-23,3.0796706676483154,6.5960001945495605,0.0,6.639999866485596,6.550000190734863,6.623000144958496,0.0,9789886
2011-12-27,3.076869249343872,6.590000152587891,0.0,6.630000114440918,6.556000232696533,6.556000232696533,0.0,13107189
2011-12-28,2.985823392868042,6.394999980926514,0.0,6.627999782562256,6.389999866485596,6.557000160217285,0.0,19220274
2011-12-29,3.05352520942688,6.539999961853027,0.0,6.539999961853027,6.300000190734863,6.429999828338623,0.0,26948291
2011-12-30,3.118889570236206,6.679999828338623,0.0,6.679999828338623,6.5229997634887695,6.630000114440918,0.0,53548832
2012-01-02,3.1725833415985107,6.795000076293945,0.0,6.820000171661377,6.61899995803833,6.61899995803833,0.0,37742921
2012-01-03,3.1912596225738525,6.835000038146973,0.0,6.857999801635742,6.650000095367432,6.8429999351501465,0.0,335691251
2012-01-04,3.097412347793579,6.633999824523926,0.0,6.835000038146973,6.572999954223633,6.824999809265137,0.0,167097588
2012-01-05,2.9414680004119873,6.300000190734863,0.0,6.710000038146973,6.28000020980835,6.710000038146973,0.0,44708609
2012-01-06,2.908318281173706,6.229000091552734,0.0,6.420000076293945,6.171999931335449,6.309999942779541,0.0,46175818
2012-01-09,2.8294124603271484,6.059999942779541,0.0,6.315000057220459,6.01200008392334,6.291999816894531,0.0,60073254
2012-01-10,2.983700752258301,6.284999847412109,0.1,6.284999847412109,6.040999889373779,6.0920000076293945,0.0,169634084
2012-01-11,2.9832260608673096,6.283999919891357,0.0,6.34499979019165,6.2170000076293945,6.28000020980835,0.0,81963658
2012-01-12,3.005537986755371,6.330999851226807,0.0,6.5370001792907715,6.308000087738037,6.340000152587891,0.0,63788786
2012-01-13,3.0378198623657227,6.39900016784668,0.0,6.531000137329102,6.320000171661377,6.426000118255615,0.0,36845012
2012-01-16,3.058708429336548,6.442999839782715,0.0,6.48799991607666,6.309999942779541,6.328000068664551,0.0,44495865
2012-01-17,3.1000118255615234,6.53000020980835,0.0,6.599999904632568,6.421000003814697,6.53000020980835,0.0,128119162
2012-01-18,3.057284116744995,6.440000057220459,0.0,6.650000095367432,6.408999919891357,6.547999858856201,0.0,63170385
2012-01-19,3.2044517993927,6.75,0.0,6.789999961853027,6.453000068664551,6.51200008392334,0.0,47509456
2012-01-20,3.2096734046936035,6.761000156402588,0.0,6.800000190734863,6.679999828338623,6.75,0.0,50617813
2012-01-23,3.2523996829986572,6.85099983215332,0.0,6.929999828338623,6.715000152587891,6.7270002365112305,0.0,34989914
2012-01-24,3.242431163787842,6.829999923706055,0.0,6.848999977111816,6.710000038146973,6.747000217437744,0.0,73908512
2012-01-25,3.2277135848999023,6.798999786376953,0.0,6.879000186920166,6.682000160217285,6.849999904632568,0.0,35017209
2012-01-26,3.3079440593719482,6.9679999351501465,0.0,6.98799991607666,6.821000099182129,6.849999904632568,0.0,39574145
2012-01-27,3.2751879692077637,6.89900016784668,0.0,6.98799991607666,6.831999778747559,6.900000095367432,0.0,35023350
2012-01-30,3.197805643081665,6.736000061035156,0.0,6.876999855041504,6.695000171661377,6.821000099182129,0.0,27189925
2012-01-31,3.1683714389801025,6.673999786376953,0.0,6.824999809265137,6.672999858856201,6.769000053405762,0.0,34747711
2012-02-01,3.2713887691497803,6.890999794006348,0.0,6.929999828338623,6.688000202178955,6.760000228881836,0.0,35283136
2012-02-02,3.3468732833862305,7.050000190734863,0.0,7.050000190734863,6.9070000648498535,6.960000038146973,0.0,34762953
2012-02-03,3.4142837524414062,7.191999912261963,0.0,7.199999809265137,6.97599983215332,7.013999938964844,0.0,49267721
2012-02-06,3.428051710128784,7.2210001945495605,0.0,7.243000030517578,7.070000171661377,7.150000095367432,0.0,25947211
2012-02-07,3.4441916942596436,7.255000114440918,0.0,7.281000137329102,7.034999847412109,7.25,0.0,28593414
2012-02-08,3.428051710128784,7.2210001945495605,0.0,7.339000225067139,7.2210001945495605,7.269999980926514,0.0,42440569
2012-02-09,3.463181495666504,7.295000076293945,0.0,7.348999977111816,7.224999904632568,7.230000019073486,0.0,36748070
2012-02-10,3.3895978927612305,7.139999866485596,0.0,7.24399995803833,7.058000087738037,7.235000133514404,0.0,26887245
2012-02-13,3.3895978927612305,7.139999866485596,0.0,7.244999885559082,7.113999843597412,7.234000205993652,0.0,23953991
2012-02-14,3.382002353668213,7.124000072479248,0.0,7.156000137329102,7.051000118255615,7.09499979019165,0.0,40999011
2012-02-15,3.365860939025879,7.090000152587891,0.0,7.209000110626221,7.052999973297119,7.197000026702881,0.0,23201062
2012-02-16,3.2281885147094727,6.800000190734863,0.0,6.889999866485596,6.704999923706055,6.877999782562256,0.0,71621501
2012-02-17,3.2756617069244385,6.900000095367432,0.0,6.940000057220459,6.855999946594238,6.900000095367432,0.0,82339661
2012-02-20,3.3706085681915283,7.099999904632568,0.0,7.099999904632568,6.960000038146973,7.011000156402588,0.0,32971208
2012-02-21,3.3563666343688965,7.070000171661377,0.0,7.171000003814697,6.960000038146973,7.125999927520752,0.0,38187007
2012-02-22,3.2699644565582275,6.888000011444092,0.0,7.098999977111816,6.888000011444092,7.098999977111816,0.0,33619704
2012-02-23,3.214421510696411,6.770999908447266,0.0,6.958000183105469,6.710999965667725,6.869999885559082,0.0,39213839
2012-02-24,3.215846061706543,6.77400016784668,0.0,6.861000061035156,6.702000141143799,6.809999942779541,0.0,23612596
2012-02-27,3.2087244987487793,6.758999824523926,0.0,6.769999980926514,6.63100004196167,6.730000019073486,0.0,30502243
2012-02-28,3.2044517993927,6.75,0.0,6.8470001220703125,6.670000076293945,6.770999908447266,0.0,30315473
2012-02-29,3.1944823265075684,6.729000091552734,0.0,6.883999824523926,6.699999809265137,6.775000095367432,0.0,43220012
2012-03-01,3.2329349517822266,6.809999942779541,0.0,6.864999771118164,6.625,6.689000129699707,0.0,35790490
2012-03-02,3.234835147857666,6.814000129699707,0.0,6.859000205993652,6.7729997634887695,6.809999942779541,0.0,34959905
2012-03-05,3.1778669357299805,6.693999767303467,0.0,6.796000003814697,6.639999866485596,6.78000020980835,0.0,26293801
2012-03-06,3.005537986755371,6.330999851226807,0.0,6.639999866485596,6.329999923706055,6.639999866485596,0.0,53716680
2012-03-07,2.9931955337524414,6.304999828338623,0.0,6.379000186920166,6.210000038146973,6.357999801635742,0.0,73213849
2012-03-08,3.0952634811401367,6.519999980926514,0.0,6.520999908447266,6.315999984741211,6.400000095367432,0.0,53837396
2012-03-09,3.064880847930908,6.455999851226807,0.0,6.561999797821045,6.414000034332275,6.551000118255615,0.0,60523067
2012-03-12,2.990346908569336,6.298999786376953,0.0,6.453999996185303,6.260000228881836,6.392000198364258,0.0,36523118
2012-03-13,3.0824451446533203,6.493000030517578,0.0,6.5,6.327000141143799,6.341000080108643,0.0,51448394
2012-03-14,3.0867176055908203,6.501999855041504,0.0,6.644000053405762,6.452000141143799,6.570000171661377,0.0,82037966
2012-03-15,3.1095046997070312,6.550000190734863,0.0,6.550000190734863,6.40500020980835,6.497000217437744,0.0,66937069
2012-03-16,3.1640992164611816,6.664999961853027,0.0,6.664999961853027,6.480999946594238,6.591000080108643,0.0,159780283
2012-03-19,3.203502893447876,6.748000144958496,0.0,6.75,6.60699987411499,6.660999774932861,0.0,84238757
2012-03-20,3.171220064163208,6.679999828338623,0.0,6.760000228881836,6.624000072479248,6.693999767303467,0.0,39491710
2012-03-21,3.0786478519439697,6.485000133514404,0.0,6.748000144958496,6.389999866485596,6.710999965667725,0.0,79290995
2012-03-22,2.9969937801361084,6.313000202178955,0.0,6.448999881744385,6.260000228881836,6.421999931335449,0.0,67954378
2012-03-23,2.962812662124634,6.241000175476074,0.0,6.34499979019165,6.099999904632568,6.295000076293945,0.0,65114423
2012-03-26,2.921035051345825,6.1529998779296875,0.0,6.271999835968018,6.0279998779296875,6.271999835968018,0.0,50339162
2012-03-27,2.8768858909606934,6.059999942779541,0.0,6.252999782562256,6.03000020980835,6.190000057220459,0.0,79465653
2012-03-28,2.8132712841033936,5.926000118255615,0.0,6.125,5.885000228881836,6.059999942779541,0.0,59803989
2012-03-29,2.7795655727386475,5.855000019073486,0.0,6.0,5.824999809265137,5.921999931335449,0.0,97388192
2012-03-30,2.8327345848083496,5.9670000076293945,0.0,6.025000095367432,5.843999862670898,5.915999889373779,0.0,101837549
2012-04-02,2.8360581398010254,5.973999977111816,0.0,6.0,5.800000190734863,6.0,0.0,125980880
2012-04-03,2.707880735397339,5.703999996185303,0.0,6.014999866485596,5.684000015258789,5.9720001220703125,0.0,68424107
2012-04-04,2.6632556915283203,5.610000133514404,0.0,5.789999961853027,5.554999828338623,5.672999858856201,0.0,101690199
2012-04-05,2.6599323749542236,5.603000164031982,0.0,5.64900016784668,5.500999927520752,5.610000133514404,0.0,53416337
2012-04-10,2.563561201095581,5.400000095367432,0.0,5.5980000495910645,5.400000095367432,5.519000053405762,0.0,82843270
2012-04-11,2.660407066345215,5.604000091552734,0.0,5.611999988555908,5.432000160217285,5.452000141143799,0.0,63661811
2012-04-12,2.6129331588745117,5.504000186920166,0.0,5.668000221252441,5.375,5.651000022888184,0.0,59252524
2012-04-13,2.5312790870666504,5.331999778747559,0.0,5.5320000648498535,5.302000045776367,5.513999938964844,0.0,107074900
2012-04-16,2.5016655921936035,5.1529998779296875,0.118,5.320000171661377,5.110000133514404,5.25,0.0,68264986
2012-04-17,2.595362901687622,5.3460001945495605,0.0,5.366000175476074,5.138000011444092,5.1479997634887695,0.0,79828025
2012-04-18,2.515744209289551,5.182000160217285,0.0,5.394999980926514,5.140999794006348,5.364999771118164,0.0,72031729
2012-04-19,2.40214204788208,4.947999954223633,0.0,5.275000095367432,4.940000057220459,5.170000076293945,0.0,74901464
2012-04-20,2.474964141845703,5.0980000495910645,0.0,5.135000228881836,4.9079999923706055,4.960000038146973,0.0,141703251
2012-04-23,2.4273879528045654,5.0,0.0,5.053999900817871,4.885000228881836,5.010000228881836,0.0,76189209
2012-04-24,2.500209331512451,5.150000095367432,0.0,5.164999961853027,4.959000110626221,5.0229997634887695,0.0,53260252
2012-04-25,2.555553674697876,5.263999938964844,0.0,5.379000186920166,5.189000129699707,5.250999927520752,0.0,98477703
2012-04-26,2.5016655921936035,5.1529998779296875,0.0,5.324999809265137,5.079999923706055,5.324999809265137,0.0,59604800
2012-04-27,2.5337066650390625,5.218999862670898,0.0,5.269999980926514,4.901000022888184,4.980000019073486,0.0,48347535
2012-04-30,2.478848457336426,5.105999946594238,0.0,5.289999961853027,5.09499979019165,5.232999801635742,0.0,47182426
2012-05-02,2.3963170051574707,4.935999870300293,0.0,5.197999954223633,4.829999923706055,5.177999973297119,0.0,62776115
2012-05-03,2.3705859184265137,4.882999897003174,0.0,5.041999816894531,4.828000068664551,4.952000141143799,0.0,54953298
2012-05-04,2.4395246505737305,5.025000095367432,0.0,5.124000072479248,4.821000099182129,4.88100004196167,0.0,48225620
2012-05-07,2.5706028938293457,5.295000076293945,0.0,5.315999984741211,4.889999866485596,4.90500020980835,0.0,49926299
2012-05-08,2.553126335144043,5.258999824523926,0.0,5.414999961853027,5.210999965667725,5.320000171661377,0.0,60596373
2012-05-09,2.4322426319122314,5.010000228881836,0.0,5.28000020980835,4.909999847412109,5.265999794006348,0.0,84046256
2012-05-10,2.577885389328003,5.309999942779541,0.0,5.379000186920166,5.0,5.120999813079834,0.0,79041327
2012-05-11,2.5453591346740723,5.243000030517578,0.0,5.303999900817871,4.989999771118164,5.229000091552734,0.0,67560419
2012-05-14,2.4506900310516357,5.047999858856201,0.0,5.144999980926514,5.0,5.0970001220703125,0.0,40380956
2012-05-15,2.390491247177124,4.923999786376953,0.0,5.124000072479248,4.860000133514404,5.078000068664551,0.0,59771608
2012-05-16,2.380781650543213,4.9039998054504395,0.0,5.083000183105469,4.800000190734863,4.880000114440918,0.0,64732384
2012-05-17,2.3142709732055664,4.767000198364258,0.0,4.978000164031982,4.651000022888184,4.940000057220459,0.0,58434088
2012-05-18,2.3997156620025635,4.942999839782715,0.0,5.0,4.704999923706055,4.747000217437744,0.0,94971528
2012-05-21,2.3720431327819824,4.886000156402588,0.0,4.947999954223633,4.795000076293945,4.942999839782715,0.0,36386716
2012-05-22,2.432727098464966,5.011000156402588,0.0,5.046000003814697,4.877999782562256,4.932000160217285,0.0,33910852
2012-05-23,2.3341760635375977,4.808000087738037,0.0,4.960000038146973,4.789999961853027,4.913000106811523,0.0,48916168
2012-05-24,2.392918109893799,4.928999900817871,0.0,4.974999904632568,4.748000144958496,4.885000228881836,0.0,39583792
2012-05-25,2.3934037685394287,4.929999828338623,0.0,5.00600004196167,4.8460001945495605,4.949999809265137,0.0,30180000
2012-05-28,2.3123300075531006,4.763000011444092,0.0,4.985000133514404,4.73799991607666,4.974999904632568,0.0,41321216
2012-05-29,2.2516446113586426,4.638000011444092,0.0,4.802000045776367,4.590000152587891,4.7779998779296875,0.0,50429780
2012-05-30,2.2196028232574463,4.572000026702881,0.0,4.789000034332275,4.514999866485596,4.584000110626221,0.0,58409304
2012-05-31,2.2341670989990234,4.6020002365112305,0.0,4.651000022888184,4.51800012588501,4.568999767303467,0.0,51334720
2012-06-01,2.2598979473114014,4.65500020980835,0.0,4.738999843597412,4.580999851226807,4.642000198364258,0.0,79943048
2012-06-04,2.3545660972595215,4.849999904632568,0.0,4.909999847412109,4.564000129699707,4.568999767303467,0.0,43245334
2012-06-05,2.3701021671295166,4.881999969482422,0.0,4.961999893188477,4.854000091552734,4.920000076293945,0.0,37310428
2012-06-06,2.445835590362549,5.038000106811523,0.0,5.070000171661377,4.855999946594238,4.943999767303467,0.0,70129647
2012-06-07,2.4739930629730225,5.0960001945495605,0.0,5.2220001220703125,5.056000232696533,5.090000152587891,0.0,56396825
2012-06-08,2.5011801719665527,5.1519999504089355,0.0,5.189000129699707,4.942999839782715,5.043000221252441,0.0,46618377
2012-06-11,2.5011801719665527,5.1519999504089355,0.0,5.678999900817871,5.130000114440918,5.650000095367432,0.0,80304062
2012-06-12,2.497296094894409,5.144000053405762,0.0,5.244999885559082,5.065000057220459,5.120999813079834,0.0,60545496
2012-06-13,2.5293376445770264,5.210000038146973,0.0,5.239999771118164,5.067999839782715,5.1479997634887695,0.0,71719479
2012-06-14,2.553126335144043,5.258999824523926,0.0,5.275000095367432,5.133999824523926,5.14900016784668,0.0,55114888
2012-06-15,2.5492422580718994,5.250999927520752,0.0,5.375,5.159999847412109,5.330999851226807,0.0,173753538
2012-06-18,2.4419522285461426,5.03000020980835,0.0,5.448999881744385,5.014999866485596,5.440999984741211,0.0,162483515
2012-06-19,2.505063772201538,5.159999847412109,0.0,5.191999912261963,4.940000057220459,5.059999942779541,0.0,43370541
2012-06-20,2.5900230407714844,5.335000038146973,0.0,5.35699987411499,5.150000095367432,5.210000038146973,0.0,50249062
2012-06-21,2.5769150257110596,5.308000087738037,0.0,5.460000038146973,5.216000080108643,5.28000020980835,0.0,58069278
2012-06-22,2.601186990737915,5.357999801635742,0.0,5.513000011444092,5.201000213623047,5.2179999351501465,0.0,52347793
2012-06-25,2.4589433670043945,5.065000057220459,0.0,5.355000019073486,5.059999942779541,5.339000225067139,0.0,59483685
2012-06-26,2.4171926975250244,4.979000091552734,0.0,5.168000221252441,4.952000141143799,5.0269999504089355,0.0,70656344
2012-06-27,2.4686529636383057,5.085000038146973,0.0,5.091000080108643,4.949999809265137,5.004000186920166,0.0,85830703
2012-06-28,2.5070056915283203,5.164000034332275,0.0,5.164000034332275,5.001999855041504,5.090000152587891,0.0,105277546
2012-06-29,2.732752561569214,5.629000186920166,0.0,5.629000186920166,5.369999885559082,5.440000057220459,0.0,277504402
2012-07-02,2.7356650829315186,5.635000228881836,0.0,5.724999904632568,5.552000045776367,5.605999946594238,0.0,325167853
2012-07-03,2.8109147548675537,5.789999961853027,0.0,5.789999961853027,5.609000205993652,5.63100004196167,0.0,166705988
2012-07-04,2.7837281227111816,5.734000205993652,0.0,5.784999847412109,5.65500020980835,5.757999897003174,0.0,113673419
2012-07-05,2.6497364044189453,5.458000183105469,0.0,5.739999771118164,5.410999774932861,5.7179999351501465,0.0,160475915
2012-07-06,2.5152595043182373,5.181000232696533,0.0,5.269999980926514,5.144999980926514,5.210000038146973,0.0,158841781
2012-07-09,2.480790376663208,5.110000133514404,0.0,5.230000019073486,4.9629998207092285,5.175000190734863,0.0,150992364
2012-07-10,2.500596523284912,5.050000190734863,0.1,5.173999786376953,5.004000186920166,5.110000133514404,0.0,148544008
2012-07-11,2.5590269565582275,5.168000221252441,0.0,5.175000190734863,5.01200008392334,5.025000095367432,0.0,168928710
2012-07-12,2.49415922164917,5.0370001792907715,0.0,5.15500020980835,4.992000102996826,5.099999904632568,0.0,202838320
2012-07-13,2.5154519081115723,5.079999923706055,0.0,5.0980000495910645,4.985000133514404,5.0879998207092285,0.0,54891170
2012-07-16,2.4372153282165527,4.921999931335449,0.0,5.070000171661377,4.892000198364258,5.051000118255615,0.0,137884358
2012-07-17,2.449594497680664,4.947000026702881,0.0,5.034999847412109,4.9029998779296875,4.959000110626221,0.0,73184873
2012-07-18,2.456031322479248,4.960000038146973,0.0,4.998000144958496,4.854000091552734,4.951000213623047,0.0,38432934
2012-07-19,2.4758381843566895,5.0,0.0,5.038000106811523,4.932000160217285,5.0,0.0,49044272
2012-07-20,2.2827227115631104,4.610000133514404,0.0,5.005000114440918,4.5970001220703125,4.980000019073486,0.0,68726267
2012-07-23,2.2886650562286377,4.622000217437744,0.0,4.693999767303467,4.309999942779541,4.550000190734863,0.0,112704545
2012-07-24,2.1935923099517822,4.429999828338623,0.0,4.670000076293945,4.400000095367432,4.6579999923706055,0.0,61606464
2012-07-25,2.196068048477173,4.434999942779541,0.0,4.539999961853027,4.388000011444092,4.400000095367432,0.0,190275784
2012-07-26,2.4302830696105957,4.9079999923706055,0.0,4.914999961853027,4.414999961853027,4.448999881744385,0.0,74860299
2012-07-27,2.5501132011413574,5.150000095367432,0.0,5.150000095367432,4.75,4.956999778747559,0.0,60429264
2012-07-30,2.6590497493743896,5.369999885559082,0.0,5.369999885559082,5.059999942779541,5.110000133514404,0.0,70271992
2012-07-31,2.636272430419922,5.323999881744385,0.0,5.420000076293945,5.210000038146973,5.300000190734863,0.0,60095325
2012-08-01,2.614485502243042,5.28000020980835,0.0,5.309999942779541,5.156000137329102,5.270999908447266,0.0,27398123
2012-08-02,2.4466240406036377,4.940999984741211,0.0,5.429999828338623,4.829999923706055,5.296999931335449,0.0,86069132
2012-08-03,2.6486523151397705,5.348999977111816,0.0,5.348999977111816,4.820000171661377,4.947000026702881,0.0,67781607
2012-08-06,2.767987012863159,5.590000152587891,0.0,5.670000076293945,5.310999870300293,5.349999904632568,0.0,63577969
2012-08-07,2.8422629833221436,5.739999771118164,0.0,5.739999771118164,5.500999927520752,5.538000106811523,0.0,53146927
2012-08-08,2.8323593139648438,5.71999979019165,0.0,5.739999771118164,5.564000129699707,5.697000026702881,0.0,27384709
2012-08-09,2.802154302597046,5.658999919891357,0.0,5.789999961853027,5.565000057220459,5.748000144958496,0.0,27500403
2012-08-10,2.792745590209961,5.639999866485596,0.0,5.665999889373779,5.505000114440918,5.610000133514404,0.0,22190749
2012-08-13,2.8051249980926514,5.664999961853027,0.0,5.730000019073486,5.559999942779541,5.599999904632568,0.0,21949371
2012-08-14,2.8323593139648438,5.71999979019165,0.0,5.739999771118164,5.651000022888184,5.699999809265137,0.0,17212606
2012-08-15,2.8422629833221436,5.739999771118164,0.0,5.744999885559082,5.659999847412109,5.699999809265137,0.0,17789336
2012-08-16,2.9511992931365967,5.960000038146973,0.0,5.960000038146973,5.709000110626221,5.739999771118164,0.0,40980654
2012-08-17,2.990812301635742,6.039999961853027,0.0,6.039999961853027,5.932000160217285,5.961999893188477,0.0,56006558
2012-08-20,2.926440715789795,5.909999847412109,0.0,6.039999961853027,5.824999809265137,5.992000102996826,0.0,48936341
2012-08-21,2.9611032009124756,5.980000019073486,0.0,5.993000030517578,5.8520002365112305,5.909999847412109,0.0,24693111
2012-08-22,2.8784103393554688,5.813000202178955,0.0,5.948999881744385,5.800000190734863,5.920000076293945,0.0,53722999
2012-08-23,2.827407121658325,5.710000038146973,0.0,5.9070000648498535,5.585999965667725,5.863999843597412,0.0,29673893
2012-08-24,2.836320638656616,5.728000164031982,0.0,5.728000164031982,5.589000225067139,5.699999809265137,0.0,15553587
2012-08-27,2.8907887935638428,5.8379998207092285,0.0,5.8379998207092285,5.607999801635742,5.714000225067139,0.0,23590314
2012-08-28,2.880885124206543,5.817999839782715,0.0,5.861000061035156,5.710000038146973,5.840000152587891,0.0,18155395
2012-08-29,2.8932647705078125,5.8429999351501465,0.0,5.900000095367432,5.763000011444092,5.900000095367432,0.0,44092459
2012-08-30,2.8496906757354736,5.755000114440918,0.0,5.85099983215332,5.7230000495910645,5.839000225067139,0.0,16778074
2012-08-31,3.007152557373047,6.072999954223633,0.0,6.072999954223633,5.701000213623047,5.730000019073486,0.0,71570087
2012-09-03,3.0106191635131836,6.079999923706055,0.0,6.079999923706055,5.951000213623047,6.0,0.0,95378114
2012-09-04,3.000715732574463,6.059999942779541,0.0,6.093999862670898,6.03000020980835,6.063000202178955,0.0,48350342
2012-09-05,3.0051722526550293,6.068999767303467,0.0,6.099999904632568,5.966000080108643,6.035999774932861,0.0,37923631
2012-09-06,3.164121389389038,6.389999866485596,0.0,6.389999866485596,6.0320000648498535,6.089000225067139,0.0,74214901
2012-09-07,3.2235419750213623,6.510000228881836,0.0,6.534999847412109,6.4019999504089355,6.429999828338623,0.0,74089634
2012-09-10,3.2136380672454834,6.489999771118164,0.0,6.497000217437744,6.3420000076293945,6.4070000648498535,0.0,32192879
2012-09-11,3.253251075744629,6.570000171661377,0.0,6.570000171661377,6.304999828338623,6.448999881744385,0.0,32712931
2012-09-12,3.282961368560791,6.630000114440918,0.0,6.695000171661377,6.513999938964844,6.570000171661377,0.0,45326257
2012-09-13,3.2240359783172607,6.511000156402588,0.0,6.599999904632568,6.425000190734863,6.591000080108643,0.0,36430225
2012-09-14,3.307720422744751,6.679999828338623,0.0,6.75,6.603000164031982,6.695000171661377,0.0,65324559
2012-09-17,3.3037590980529785,6.671999931335449,0.0,6.699999809265137,6.5,6.565000057220459,0.0,36292673
2012-09-18,3.2086868286132812,6.480000019073486,0.0,6.631999969482422,6.420000076293945,6.626999855041504,0.0,67713912
2012-09-19,3.195317268371582,6.453000068664551,0.0,6.547999858856201,6.383999824523926,6.506999969482422,0.0,55068910
2012-09-20,3.1274797916412354,6.315999984741211,0.0,6.448999881744385,6.241000175476074,6.401000022888184,0.0,252801270
2012-09-21,3.2433485984802246,6.550000190734863,0.0,6.550000190734863,6.28000020980835,6.315999984741211,0.0,600901855
2012-09-24,3.203735113143921,6.46999979019165,0.0,6.514999866485596,6.392000198364258,6.489999771118164,0.0,406926150
2012-09-25,3.2279982566833496,6.519000053405762,0.0,6.544000148773193,6.452000141143799,6.4679999351501465,0.0,88078505
2012-09-26,3.072021007537842,6.203999996185303,0.0,6.445000171661377,6.201000213623047,6.440000057220459,0.0,125045247
2012-09-27,3.0848944187164307,6.230000019073486,0.0,6.297999858856201,6.122000217437744,6.248000144958496,0.0,60378185
2012-09-28,3.0269598960876465,6.11299991607666,0.0,6.309999942779541,6.076000213623047,6.289999961853027,0.0,101924346
2012-10-01,3.0621931552886963,6.084000110626221,0.099,6.119999885559082,6.01200008392334,6.046999931335449,0.0,359136531
2012-10-02,3.090378522872925,6.139999866485596,0.0,6.215000152587891,6.010000228881836,6.0279998779296875,0.0,195935357
2012-10-03,3.050111770629883,6.059999942779541,0.0,6.136000156402588,6.014999866485596,6.129000186920166,0.0,60489579
2012-10-04,3.0319931507110596,6.02400016784668,0.0,6.119999885559082,6.0,6.091000080108643,0.0,156955515
2012-10-05,3.130642890930176,6.21999979019165,0.0,6.21999979019165,6.0320000648498535,6.048999786376953,0.0,92590108
2012-10-08,3.1029610633850098,6.164999961853027,0.0,6.215000152587891,6.151000022888184,6.165999889373779,0.0,71089102
2012-10-09,3.0304837226867676,6.020999908447266,0.0,6.184999942779541,6.006999969482422,6.171999931335449,0.0,54092432
2012-10-10,2.980654239654541,5.921999931335449,0.0,6.034999847412109,5.90500020980835,5.998000144958496,0.0,115682478
2012-10-11,3.02897310256958,6.01800012588501,0.0,6.059000015258789,5.815000057220459,5.872000217437744,0.0,40271421
2012-10-12,2.9846808910369873,5.929999828338623,0.0,6.113999843597412,5.929999828338623,5.973999977111816,0.0,23991661
2012-10-15,2.997767448425293,5.955999851226807,0.0,6.0,5.900000095367432,5.933000087738037,0.0,54062312
2012-10-16,3.1769485473632812,6.311999797821045,0.0,6.329999923706055,5.994999885559082,6.019000053405762,0.0,40235568
2012-10-17,3.354116916656494,6.664000034332275,0.0,6.664000034332275,6.433000087738037,6.461999893188477,0.0,53736753
2012-10-18,3.3470711708068848,6.650000095367432,0.0,6.706999778747559,6.539999961853027,6.6479997634887695,0.0,39178347
2012-10-19,3.2454004287719727,6.447999954223633,0.0,6.613999843597412,6.410999774932861,6.570000171661377,0.0,102250652
2012-10-22,3.216207265853882,6.389999866485596,0.0,6.494999885559082,6.349999904632568,6.449999809265137,0.0,18936725
2012-10-23,3.1673855781555176,6.293000221252441,0.0,6.388999938964844,6.209000110626221,6.369999885559082,0.0,147793036
2012-10-24,3.1699020862579346,6.297999858856201,0.0,6.3379998207092285,6.156000137329102,6.289999961853027,0.0,24136012
2012-10-25,3.1462464332580566,6.250999927520752,0.0,6.334000110626221,6.206999778747559,6.269999980926514,0.0,17530861
2012-10-26,3.1633591651916504,6.284999847412109,0.0,6.284999847412109,6.070000171661377,6.159999847412109,0.0,32727871
2012-10-29,3.1361806392669678,6.230999946594238,0.0,6.28000020980835,6.177000045776367,6.245999813079834,0.0,17376812
2012-10-30,3.1819818019866943,6.322000026702881,0.0,6.322000026702881,6.216000080108643,6.264999866485596,0.0,17356201
2012-10-31,3.239863634109497,6.436999797821045,0.0,6.46999979019165,6.302000045776367,6.320000171661377,0.0,37952931
2012-11-01,3.2479171752929688,6.453000068664551,0.0,6.519999980926514,6.335999965667725,6.360000133514404,0.0,21161544
2012-11-02,3.2725794315338135,6.501999855041504,0.0,6.554999828338623,6.373000144958496,6.449999809265137,0.0,20150656
2012-11-05,3.1870152950286865,6.331999778747559,0.0,6.453999996185303,6.289999961853027,6.419000148773193,0.0,42265240
2012-11-06,3.1855039596557617,6.328999996185303,0.0,6.363999843597412,6.275000095367432,6.331999778747559,0.0,19152493
2012-11-07,3.067225456237793,6.093999862670898,0.0,6.408999919891357,6.070000171661377,6.395999908447266,0.0,32413333
2012-11-08,3.0652127265930176,6.090000152587891,0.0,6.175000190734863,6.040999889373779,6.125999927520752,0.0,19904991
2012-11-09,3.0652127265930176,6.090000152587891,0.0,6.135000228881836,5.914999961853027,6.090000152587891,0.0,29708670
2012-11-12,3.029980421066284,6.019999980926514,0.0,6.079999923706055,5.989999771118164,6.079999923706055,0.0,13364894
2012-11-13,3.1336631774902344,6.22599983215332,0.0,6.239999771118164,5.941999912261963,5.954999923706055,0.0,20765327
2012-11-14,3.1381940841674805,6.235000133514404,0.0,6.321000099182129,6.13700008392334,6.2230000495910645,0.0,24034768
2012-11-15,3.1563122272491455,6.270999908447266,0.0,6.324999809265137,6.15500020980835,6.170000076293945,0.0,18587796
2012-11-16,3.0767884254455566,6.11299991607666,0.0,6.297999858856201,6.11299991607666,6.249000072479248,0.0,37234000
2012-11-19,3.158327341079712,6.275000095367432,0.0,6.2789998054504395,6.086999893188477,6.173999786376953,0.0,27207922
2012-11-20,3.1709089279174805,6.300000190734863,0.0,6.300000190734863,6.191999912261963,6.234000205993652,0.0,13587346
2012-11-21,3.198591947555542,6.355000019073486,0.0,6.364999771118164,6.216000080108643,6.258999824523926,0.0,16507807
2012-11-22,3.236340284347534,6.429999828338623,0.0,6.429999828338623,6.331999778747559,6.361000061035156,0.0,14108150
2012-11-23,3.2514395713806152,6.460000038146973,0.0,6.460000038146973,6.361000061035156,6.440000057220459,0.0,15667280
2012-11-26,3.2313072681427,6.420000076293945,0.0,6.460000038146973,6.386000156402588,6.449999809265137,0.0,15020476
2012-11-27,3.2277846336364746,6.413000106811523,0.0,6.489999771118164,6.355000019073486,6.46999979019165,0.0,22651545
2012-11-28,3.196578025817871,6.35099983215332,0.0,6.40500020980835,6.26800012588501,6.372000217437744,0.0,23036051
2012-11-29,3.2957324981689453,6.547999858856201,0.0,6.547999858856201,6.409999847412109,6.420000076293945,0.0,43323680
2012-11-30,3.2836532592773438,6.52400016784668,0.0,6.550000190734863,6.480000019073486,6.505000114440918,0.0,30643995
2012-12-03,3.2715725898742676,6.5,0.0,6.599999904632568,6.4670000076293945,6.545000076293945,0.0,24933490
2012-12-04,3.297745704650879,6.552000045776367,0.0,6.564000129699707,6.4670000076293945,6.484000205993652,0.0,30349441
2012-12-05,3.3168721199035645,6.590000152587891,0.0,6.626999855041504,6.531000137329102,6.590000152587891,0.0,44010188
2012-12-06,3.338514804840088,6.632999897003174,0.0,6.670000076293945,6.544000148773193,6.619999885559082,0.0,34025510
2012-12-07,3.30680513381958,6.570000171661377,0.0,6.670000076293945,6.545000076293945,6.64300012588501,0.0,26854820
2012-12-10,3.274592161178589,6.50600004196167,0.0,6.50600004196167,6.353000164031982,6.499000072479248,0.0,42835487
2012-12-11,3.331970453262329,6.619999885559082,0.0,6.639999866485596,6.478000164031982,6.497000217437744,0.0,35141738
2012-12-12,3.3707263469696045,6.697000026702881,0.0,6.699999809265137,6.627999782562256,6.642000198364258,0.0,37661144
2012-12-13,3.398409128189087,6.751999855041504,0.0,6.751999855041504,6.666999816894531,6.705999851226807,0.0,28535475
2012-12-14,3.4225685596466064,6.800000190734863,0.0,6.820000171661377,6.710999965667725,6.739999771118164,0.0,32190976
2012-12-17,3.4376680850982666,6.829999923706055,0.0,6.84499979019165,6.751999855041504,6.7829999923706055,0.0,34792768
2012-12-18,3.46686053276062,6.888000011444092,0.0,6.920000076293945,6.829999923706055,6.84499979019165,0.0,79764350
2012-12-19,3.5207152366638184,6.994999885559082,0.0,7.0279998779296875,6.920000076293945,6.925000190734863,0.0,75708056
2012-12-20,3.5232326984405518,7.0,0.0,7.0,6.909999847412109,6.954999923706055,0.0,80260000
2012-12-21,3.5373241901397705,7.0279998779296875,0.0,7.0279998779296875,6.88700008392334,6.9770002365112305,0.0,271697300
2012-12-24,3.5332982540130615,7.019999980926514,0.0,7.025000095367432,6.949999809265137,6.956999778747559,0.0,92871240
2012-12-27,3.543365955352783,7.039999961853027,0.0,7.064000129699707,6.900000095367432,6.900000095367432,0.0,63308462
2012-12-28,3.482966184616089,6.920000076293945,0.0,7.054999828338623,6.855000019073486,7.025000095367432,0.0,45532517
2012-12-31,3.5030994415283203,6.960000038146973,0.0,6.960000038146973,6.820000171661377,6.920000076293945,0.0,11577425
2013-01-02,3.66768479347229,7.2870001792907715,0.0,7.2870001792907715,7.045000076293945,7.0960001945495605,0.0,193615334
2013-01-03,3.6465461254119873,7.244999885559082,0.0,7.289999961853027,7.171000003814697,7.215000152587891,0.0,404850032
2013-01-04,3.6832873821258545,7.317999839782715,0.0,7.318999767303467,7.210000038146973,7.239999771118164,0.0,205290519
2013-01-07,3.7275805473327637,7.406000137329102,0.0,7.419000148773193,7.333000183105469,7.333000183105469,0.0,67371537
2013-01-08,3.7502286434173584,7.451000213623047,0.0,7.497000217437744,7.329999923706055,7.36299991607666,0.0,56140482
2013-01-09,3.8755557537078857,7.699999809265137,0.0,7.724999904632568,7.455999851226807,7.484000205993652,0.0,158238210
2013-01-10,3.9117612838745117,7.671000003814697,0.1,7.748000144958496,7.560999870300293,7.609000205993652,0.0,534136567
2013-01-11,3.941848039627075,7.730000019073486,0.0,7.739999771118164,7.570000171661377,7.670000076293945,0.0,105327702
2013-01-14,3.9443976879119873,7.735000133514404,0.0,7.784999847412109,7.627999782562256,7.730999946594238,0.0,67018757
2013-01-15,3.9214494228363037,7.690000057220459,0.0,7.75,7.603000164031982,7.679999828338623,0.0,40515162
2013-01-16,3.9617350101470947,7.769000053405762,0.0,7.795000076293945,7.570000171661377,7.656000137329102,0.0,69160571
2013-01-17,3.964794874191284,7.775000095367432,0.0,7.826000213623047,7.710000038146973,7.747000217437744,0.0,107054734
2013-01-18,3.9622457027435303,7.769999980926514,0.0,7.8379998207092285,7.730000019073486,7.800000190734863,0.0,59926835
2013-01-21,3.9851927757263184,7.815000057220459,0.0,7.815000057220459,7.710000038146973,7.769999980926514,0.0,47154861
2013-01-22,3.9494974613189697,7.744999885559082,0.0,7.800000190734863,7.698999881744385,7.75,0.0,52342434
2013-01-23,3.906151056289673,7.659999847412109,0.0,7.75,7.611000061035156,7.724999904632568,0.0,44223530
2013-01-24,3.9525578022003174,7.750999927520752,0.0,7.784999847412109,7.614999771118164,7.631999969482422,0.0,27830182
2013-01-25,3.9831533432006836,7.810999870300293,0.0,7.848999977111816,7.7179999351501465,7.749000072479248,0.0,23206140
2013-01-28,3.9693846702575684,7.783999919891357,0.0,7.85699987411499,7.742000102996826,7.849999904632568,0.0,28246457
2013-01-29,3.9285902976989746,7.703999996185303,0.0,7.800000190734863,7.644999980926514,7.769999980926514,0.0,34591459
2013-01-30,3.840369462966919,7.531000137329102,0.0,7.735000133514404,7.51200008392334,7.703999996185303,0.0,48903512
2013-01-31,3.7353219985961914,7.324999809265137,0.0,7.499000072479248,7.301000118255615,7.499000072479248,0.0,36910353
2013-02-01,3.728691816329956,7.311999797821045,0.0,7.374000072479248,7.001999855041504,7.131999969482422,0.0,60820018
2013-02-04,3.552762508392334,6.9670000076293945,0.0,7.314000129699707,6.9670000076293945,7.311999797821045,0.0,46602623
2013-02-05,3.63588285446167,7.130000114440918,0.0,7.168000221252441,6.96999979019165,6.980999946594238,0.0,35554202
2013-02-06,3.633333683013916,7.125,0.0,7.191999912261963,7.041999816894531,7.14900016784668,0.0,34581229
2013-02-07,3.612936019897461,7.085000038146973,0.0,7.264999866485596,7.059999942779541,7.151000022888184,0.0,38334632
2013-02-08,3.7735681533813477,7.400000095367432,0.0,7.431000232696533,7.085000038146973,7.113999843597412,0.0,46187143
2013-02-11,3.7445006370544434,7.3429999351501465,0.0,7.449999809265137,7.313000202178955,7.449999809265137,0.0,22628303
2013-02-12,3.8653571605682373,7.579999923706055,0.0,7.590000152587891,7.309999942779541,7.341000080108643,0.0,36180729
2013-02-13,3.9245097637176514,7.696000099182129,0.0,7.758999824523926,7.572000026702881,7.636000156402588,0.0,58975617
2013-02-14,3.87351655960083,7.5960001945495605,0.0,7.670000076293945,7.442999839782715,7.614999771118164,0.0,42521489
2013-02-15,3.837819814682007,7.526000022888184,0.0,7.658999919891357,7.513000011444092,7.605000019073486,0.0,38735346
2013-02-18,3.8225221633911133,7.495999813079834,0.0,7.53000020980835,7.401000022888184,7.48199987411499,0.0,22857620
2013-02-19,3.901052713394165,7.650000095367432,0.0,7.650000095367432,7.460999965667725,7.4679999351501465,0.0,48826336
2013-02-20,3.875044822692871,7.598999977111816,0.0,7.699999809265137,7.572000026702881,7.650000095367432,0.0,24948923
2013-02-21,3.7929441928863525,7.438000202178955,0.0,7.540999889373779,7.375,7.540999889373779,0.0,35657011
2013-02-22,3.8597476482391357,7.568999767303467,0.0,7.572000026702881,7.449999809265137,7.5,0.0,25205394
2013-02-25,3.858218193054199,7.565999984741211,0.0,7.800000190734863,7.485000133514404,7.609000205993652,0.0,50080400
2013-02-26,3.700645685195923,7.256999969482422,0.0,7.394000053405762,7.199999809265137,7.23799991607666,0.0,83546491
2013-02-27,3.76387882232666,7.38100004196167,0.0,7.38100004196167,7.208000183105469,7.291999816894531,0.0,29051408
2013-02-28,3.7893757820129395,7.431000232696533,0.0,7.4679999351501465,7.355000019073486,7.4079999923706055,0.0,33444562
2013-03-01,3.726142406463623,7.307000160217285,0.0,7.461999893188477,7.164999961853027,7.383999824523926,0.0,32958772
2013-03-04,3.734811782836914,7.323999881744385,0.0,7.340000152587891,7.190000057220459,7.2129998207092285,0.0,23143962
2013-03-05,3.799065351486206,7.449999809265137,0.0,7.458000183105469,7.327000141143799,7.409999847412109,0.0,32098953
2013-03-06,3.7689764499664307,7.390999794006348,0.0,7.525000095367432,7.381999969482422,7.499000072479248,0.0,38633525
2013-03-07,3.7735681533813477,7.400000095367432,0.0,7.508999824523926,7.394999980926514,7.422999858856201,0.0,24621524
2013-03-08,3.9255294799804688,7.697999954223633,0.0,7.710000038146973,7.4710001945495605,7.494999885559082,0.0,43205480
2013-03-11,3.9071731567382812,7.6620001792907715,0.0,7.690000057220459,7.590000152587891,7.673999786376953,0.0,21668266
2013-03-12,3.877594232559204,7.604000091552734,0.0,7.723999977111816,7.565000057220459,7.650000095367432,0.0,22944417
2013-03-13,3.8755557537078857,7.599999904632568,0.0,7.633999824523926,7.534999847412109,7.567999839782715,0.0,25859491
2013-03-14,3.9673452377319336,7.78000020980835,0.0,7.817999839782715,7.635000228881836,7.635000228881836,0.0,47476975
2013-03-15,3.972444534301758,7.789999961853027,0.0,7.835000038146973,7.715000152587891,7.801000118255615,0.0,193545424
2013-03-18,3.869947671890259,7.589000225067139,0.0,7.5980000495910645,7.436999797821045,7.5,0.0,76007908
2013-03-19,3.684837818145752,7.22599983215332,0.0,7.550000190734863,7.126999855041504,7.5289998054504395,0.0,66173808
2013-03-20,3.7720375061035156,7.396999835968018,0.0,7.480000019073486,7.234000205993652,7.289999961853027,0.0,35180851
2013-03-21,3.755208730697632,7.363999843597412,0.0,7.460000038146973,7.265999794006348,7.39900016784668,0.0,55504188
2013-03-22,3.721043586730957,7.296999931335449,0.0,7.394999980926514,7.244999885559082,7.324999809265137,0.0,63321104
2013-03-25,3.586927890777588,7.033999919891357,0.0,7.4770002365112305,6.985000133514404,7.428999900817871,0.0,72154798
2013-03-26,3.4681129455566406,6.801000118255615,0.0,7.109000205993652,6.789999961853027,7.086999893188477,0.0,55287251
2013-03-27,3.4528141021728516,6.770999908447266,0.0,6.868000030517578,6.599999904632568,6.849999904632568,0.0,81176814
2013-03-28,3.4487342834472656,6.763000011444092,0.0,6.8480000495910645,6.60099983215332,6.758999824523926,0.0,49623911
2013-04-02,3.5282859802246094,6.919000148773193,0.0,6.919000148773193,6.625,6.76200008392334,0.0,210013218
2013-04-03,3.434966802597046,6.736000061035156,0.0,6.8979997634887695,6.679999828338623,6.857999801635742,0.0,38342200
2013-04-04,3.4048805236816406,6.677000045776367,0.0,6.918000221252441,6.63100004196167,6.815000057220459,0.0,46272048
2013-04-05,3.3804025650024414,6.629000186920166,0.0,6.757999897003174,6.515999794006348,6.718999862670898,0.0,44921597
2013-04-08,3.3798837661743164,6.506999969482422,0.121,6.630000114440918,6.494999885559082,6.563000202178955,0.0,48026158
2013-04-09,3.4697422981262207,6.679999828338623,0.0,6.679999828338623,6.51200008392334,6.559999942779541,0.0,64677693
2013-04-10,3.6182985305786133,6.966000080108643,0.0,7.060999870300293,6.705999851226807,6.735000133514404,0.0,61346122
2013-04-11,3.631803274154663,6.992000102996826,0.0,7.010000228881836,6.861000061035156,6.947000026702881,0.0,33428184
2013-04-12,3.5455780029296875,6.826000213623047,0.0,6.958000183105469,6.789000034332275,6.931000232696533,0.0,38497995
2013-04-15,3.5315539836883545,6.798999786376953,0.0,6.889999866485596,6.704999923706055,6.840000152587891,0.0,38981932
2013-04-16,3.528437852859497,6.793000221252441,0.0,6.883999824523926,6.710000038146973,6.743000030517578,0.0,108139940
2013-04-17,3.495713710784912,6.730000019073486,0.0,6.839000225067139,6.664999961853027,6.835999965667725,0.0,59589417
2013-04-18,3.4936368465423584,6.72599983215332,0.0,6.849999904632568,6.659999847412109,6.75600004196167,0.0,57665954
2013-04-19,3.547656536102295,6.829999923706055,0.0,6.888999938964844,6.75,6.797999858856201,0.0,74266095
2013-04-22,3.590249538421631,6.9120001792907715,0.0,6.954999923706055,6.811999797821045,6.890999794006348,0.0,31124443
2013-04-23,3.76373553276062,7.245999813079834,0.0,7.310999870300293,6.913000106811523,6.933000087738037,0.0,53746393
2013-04-24,3.8078866004943848,7.330999851226807,0.0,7.380000114440918,7.196000099182129,7.284999847412109,0.0,51449682
2013-04-25,3.792823553085327,7.302000045776367,0.0,7.329999923706055,7.159999847412109,7.320000171661377,0.0,40652811
2013-04-26,3.7398438453674316,7.199999809265137,0.0,7.300000190734863,7.139999866485596,7.28000020980835,0.0,41447786
2013-04-29,3.8535966873168945,7.419000148773193,0.0,7.419000148773193,7.190999984741211,7.190999984741211,0.0,41814226
2013-04-30,3.8281455039978027,7.369999885559082,0.0,7.53000020980835,7.361000061035156,7.480000019073486,0.0,56768396
2013-05-02,3.8281455039978027,7.369999885559082,0.0,7.548999786376953,7.198999881744385,7.354000091552734,0.0,43567565
2013-05-03,3.894110679626465,7.497000217437744,0.0,7.5,7.375,7.4070000648498535,0.0,50898481
2013-05-06,3.8484017848968506,7.408999919891357,0.0,7.480000019073486,7.368000030517578,7.474999904632568,0.0,17284590
2013-05-07,3.913330316543579,7.533999919891357,0.0,7.543000221252441,7.420000076293945,7.431000232696533,0.0,35765233
2013-05-08,3.907097578048706,7.521999835968018,0.0,7.554999828338623,7.441999912261963,7.546999931335449,0.0,22824536
2013-05-09,3.926835298538208,7.559999942779541,0.0,7.59499979019165,7.511000156402588,7.534999847412109,0.0,44210442
2013-05-10,3.8920345306396484,7.493000030517578,0.0,7.623000144958496,7.440000057220459,7.568999767303467,0.0,37474392
2013-05-13,3.8364572525024414,7.386000156402588,0.0,7.5279998779296875,7.294000148773193,7.508999824523926,0.0,38068346
2013-05-14,3.8395721912384033,7.392000198364258,0.0,7.445000171661377,7.2769999504089355,7.436999797821045,0.0,27039408
2013-05-15,3.876969337463379,7.464000225067139,0.0,7.494999885559082,7.304999828338623,7.35099983215332,0.0,23405215
2013-05-16,3.864503860473633,7.440000057220459,0.0,7.474999904632568,7.380000114440918,7.421999931335449,0.0,19279527
2013-05-17,3.8473639488220215,7.4070000648498535,0.0,7.449999809265137,7.283999919891357,7.406000137329102,0.0,66978735
2013-05-20,3.802173137664795,7.320000171661377,0.0,7.449999809265137,7.230000019073486,7.434999942779541,0.0,30834287
2013-05-21,3.7538673877716064,7.2270002365112305,0.0,7.349999904632568,7.150000095367432,7.300000190734863,0.0,43910823
2013-05-22,3.7460758686065674,7.211999893188477,0.0,7.26800012588501,7.085000038146973,7.230000019073486,0.0,39224584
2013-05-23,3.7284159660339355,7.177999973297119,0.0,7.206999778747559,7.0,7.034999847412109,0.0,44324972
2013-05-24,3.692575454711914,7.109000205993652,0.0,7.244999885559082,7.045000076293945,7.238999843597412,0.0,31060533
2013-05-27,3.7346484661102295,7.190000057220459,0.0,7.190000057220459,7.090000152587891,7.14900016784668,0.0,12029753
2013-05-28,3.807368278503418,7.329999923706055,0.0,7.414999961853027,7.230000019073486,7.230000019073486,0.0,36530358
2013-05-29,3.787109851837158,7.290999889373779,0.0,7.348999977111816,7.2230000495910645,7.294000148773193,0.0,23497156
2013-05-30,3.802173137664795,7.320000171661377,0.0,7.4070000648498535,7.256999969482422,7.26800012588501,0.0,25127773
2013-05-31,3.764256238937378,7.247000217437744,0.0,7.3470001220703125,7.203000068664551,7.315000057220459,0.0,25270774
2013-06-03,3.7304933071136475,7.182000160217285,0.0,7.333000183105469,7.119999885559082,7.181000232696533,0.0,43437967
2013-06-04,3.780358076095581,7.2779998779296875,0.0,7.328000068664551,7.21999979019165,7.21999979019165,0.0,29700296
2013-06-05,3.7263379096984863,7.173999786376953,0.0,7.379000186920166,7.164999961853027,7.2210001945495605,0.0,32609487
2013-06-06,3.657254934310913,7.040999889373779,0.0,7.230000019073486,6.974999904632568,7.164999961853027,0.0,58243831
2013-06-07,3.6660850048065186,7.058000087738037,0.0,7.09499979019165,6.920000076293945,7.059999942779541,0.0,56268588
2013-06-10,3.606350898742676,6.942999839782715,0.0,7.105999946594238,6.885000228881836,7.050000190734863,0.0,58114877
2013-06-11,3.533632278442383,6.802999973297119,0.0,6.90500020980835,6.681000232696533,6.90500020980835,0.0,52077831
2013-06-12,3.5061023235321045,6.75,0.0,6.959000110626221,6.716000080108643,6.800000190734863,0.0,36932386
2013-06-13,3.4858460426330566,6.710999965667725,0.0,6.751999855041504,6.556000232696533,6.629000186920166,0.0,38788398
2013-06-14,3.5035057067871094,6.744999885559082,0.0,6.840000152587891,6.715000152587891,6.809999942779541,0.0,32051220
2013-06-17,3.534151792526245,6.803999900817871,0.0,6.868000030517578,6.681000232696533,6.750999927520752,0.0,42241748
2013-06-18,3.55492901802063,6.843999862670898,0.0,6.910999774932861,6.769000053405762,6.800000190734863,0.0,31738467
2013-06-19,3.4983108043670654,6.735000133514404,0.0,6.863999843597412,6.695000171661377,6.849999904632568,0.0,36220309
2013-06-20,3.3539116382598877,6.456999778747559,0.0,6.656000137329102,6.400000095367432,6.603000164031982,0.0,62791546
2013-06-21,3.2946977615356445,6.3429999351501465,0.0,6.5,6.315000057220459,6.488999843597412,0.0,138690474
2013-06-24,3.2578189373016357,6.271999835968018,0.0,6.39300012588501,6.184999942779541,6.315999984741211,0.0,95579972
2013-06-25,3.305086374282837,6.36299991607666,0.0,6.420000076293945,6.309999942779541,6.372000217437744,0.0,60483498
2013-06-26,3.424553871154785,6.5929999351501465,0.0,6.650000095367432,6.3429999351501465,6.4039998054504395,0.0,41055579
2013-06-27,3.3954663276672363,6.5370001792907715,0.0,6.618000030517578,6.421000003814697,6.59499979019165,0.0,122594481
2013-06-28,3.3476784229278564,6.445000171661377,0.0,6.639999866485596,6.394999980926514,6.566999912261963,0.0,57897216
2013-07-01,3.3985822200775146,6.543000221252441,0.0,6.605000019073486,6.320000171661377,6.482999801635742,0.0,373748618
2013-07-02,3.3804030418395996,6.507999897003174,0.0,6.574999809265137,6.435999870300293,6.574999809265137,0.0,391722311
2013-07-03,3.341965436935425,6.434000015258789,0.0,6.447999954223633,6.224999904632568,6.377999782562256,0.0,294274619
2013-07-04,3.471301555633545,6.683000087738037,0.0,6.738999843597412,6.4070000648498535,6.480999946594238,0.0,169378630
2013-07-05,3.3866350650787354,6.519999980926514,0.0,6.622000217437744,6.440000057220459,6.550000190734863,0.0,59971109
2013-07-08,3.4385783672332764,6.619999885559082,0.0,6.671999931335449,6.50600004196167,6.577000141143799,0.0,43181756
2013-07-09,3.420917272567749,6.585999965667725,0.0,6.71999979019165,6.521999835968018,6.640999794006348,0.0,43478268
2013-07-10,3.3861072063446045,6.420000076293945,0.1,6.480000019073486,6.335999965667725,6.480000019073486,0.0,268711354
2013-07-11,3.3971831798553467,6.440999984741211,0.0,6.508999824523926,6.359000205993652,6.5,0.0,59093832
2013-07-12,3.333364486694336,6.320000171661377,0.0,6.4770002365112305,6.260000228881836,6.461999893188477,0.0,33321886
2013-07-15,3.355515956878662,6.361999988555908,0.0,6.414000034332275,6.275000095367432,6.335000038146973,0.0,319494361
2013-07-16,3.2932796478271484,6.24399995803833,0.0,6.400000095367432,6.195000171661377,6.366000175476074,0.0,219554002
2013-07-17,3.3228142261505127,6.300000190734863,0.0,6.348999977111816,6.181000232696533,6.249000072479248,0.0,23528985
2013-07-18,3.417752981185913,6.480000019073486,0.0,6.5,6.28000020980835,6.2870001792907715,0.0,40630104
2013-07-19,3.407731056213379,6.460999965667725,0.0,6.505000114440918,6.410999774932861,6.455999851226807,0.0,58330316
2013-07-22,3.3971831798553467,6.440999984741211,0.0,6.539999961853027,6.421000003814697,6.480000019073486,0.0,43293823
2013-07-23,3.5137453079223633,6.6620001792907715,0.0,6.728000164031982,6.500999927520752,6.510000228881836,0.0,54523841
2013-07-24,3.6081559658050537,6.841000080108643,0.0,6.864999771118164,6.670000076293945,6.670000076293945,0.0,48791758
2013-07-25,3.666172504425049,6.951000213623047,0.0,6.965000152587891,6.776000022888184,6.8429999351501465,0.0,57215201
2013-07-26,3.731574058532715,7.074999809265137,0.0,7.119999885559082,6.9679999351501465,6.989999771118164,0.0,96229563
2013-07-29,3.729464530944824,7.071000099182129,0.0,7.135000228881836,7.019000053405762,7.079999923706055,0.0,25736728
2013-07-30,3.734739065170288,7.080999851226807,0.0,7.119999885559082,7.052000045776367,7.093999862670898,0.0,38099749
2013-07-31,3.754253625869751,7.118000030517578,0.0,7.138999938964844,6.96999979019165,7.105000019073486,0.0,33892856
2013-08-01,3.8059418201446533,7.216000080108643,0.0,7.216000080108643,7.073999881744385,7.139999866485596,0.0,23072714
2013-08-02,3.8186001777648926,7.239999771118164,0.0,7.249000072479248,7.119999885559082,7.223999977111816,0.0,24256042
2013-08-05,3.786954164505005,7.179999828338623,0.0,7.276000022888184,7.172999858856201,7.25,0.0,13695634
2013-08-06,3.7484521865844727,7.10699987411499,0.0,7.21999979019165,7.074999809265137,7.182000160217285,0.0,22637998
2013-08-07,3.7642757892608643,7.13700008392334,0.0,7.13700008392334,7.0329999923706055,7.070000171661377,0.0,26181773
2013-08-08,3.839698314666748,7.28000020980835,0.0,7.28000020980835,7.14900016784668,7.14900016784668,0.0,25795460
2013-08-09,3.930943727493286,7.453000068664551,0.0,7.4670000076293945,7.267000198364258,7.300000190734863,0.0,37031648
2013-08-12,3.9219777584075928,7.435999870300293,0.0,7.4629998207092285,7.366000175476074,7.434000015258789,0.0,39364533
2013-08-13,3.9557316303253174,7.5,0.0,7.5,7.406000137329102,7.447000026702881,0.0,16547177
2013-08-14,3.992652177810669,7.570000171661377,0.0,7.570000171661377,7.420000076293945,7.5,0.0,35915254
2013-08-15,3.967863082885742,7.5229997634887695,0.0,7.610000133514404,7.409999847412109,7.564000129699707,0.0,18711180
2013-08-16,4.038539409637451,7.6570000648498535,0.0,7.664000034332275,7.4730000495910645,7.5,0.0,29413679
2013-08-19,3.933580160140991,7.458000183105469,0.0,7.640999794006348,7.441999912261963,7.631999969482422,0.0,23747554
2013-08-20,3.88031005859375,7.35699987411499,0.0,7.39900016784668,7.23199987411499,7.39900016784668,0.0,30696090
2013-08-21,3.8502471446990967,7.300000190734863,0.0,7.439000129699707,7.2769999504089355,7.375999927520752,0.0,15021975
2013-08-22,3.929361581802368,7.449999809265137,0.0,7.510000228881836,7.313000202178955,7.326000213623047,0.0,36632260
2013-08-23,4.014277458190918,7.611000061035156,0.0,7.611000061035156,7.409999847412109,7.49399995803833,0.0,21363193
2013-08-26,3.971027135848999,7.5289998054504395,0.0,7.609000205993652,7.473999977111816,7.561999797821045,0.0,24074647
2013-08-27,3.8228201866149902,7.248000144958496,0.0,7.517000198364258,7.210999965667725,7.480000019073486,0.0,63696704
2013-08-28,3.839698314666748,7.28000020980835,0.0,7.300000190734863,7.110000133514404,7.2129998207092285,0.0,31277252
2013-08-29,3.8723983764648438,7.3420000076293945,0.0,7.4029998779296875,7.230999946594238,7.334000110626221,0.0,27769023
2013-08-30,3.8080523014068604,7.21999979019165,0.0,7.364999771118164,7.21999979019165,7.339000225067139,0.0,26408265
2013-09-02,3.893495798110962,7.381999969482422,0.0,7.429999828338623,7.314000129699707,7.314000129699707,0.0,25772920
2013-09-03,3.909318447113037,7.4120001792907715,0.0,7.46999979019165,7.236999988555908,7.4039998054504395,0.0,27566220
2013-09-04,3.9446568489074707,7.479000091552734,0.0,7.502999782562256,7.331999778747559,7.423999786376953,0.0,23405172
2013-09-05,3.9879062175750732,7.560999870300293,0.0,7.59499979019165,7.428999900817871,7.550000190734863,0.0,30531795
2013-09-06,4.0295729637146,7.639999866485596,0.0,7.665999889373779,7.5,7.543000221252441,0.0,27259800
2013-09-09,4.018496990203857,7.61899995803833,0.0,7.650000095367432,7.556000232696533,7.599999904632568,0.0,16905216
2013-09-10,4.112379550933838,7.796999931335449,0.0,7.800000190734863,7.6519999504089355,7.671000003814697,0.0,35428744
2013-09-11,4.166703701019287,7.900000095367432,0.0,7.900000095367432,7.738999843597412,7.791999816894531,0.0,39192958
2013-09-12,4.190439701080322,7.945000171661377,0.0,8.020000457763672,7.881999969482422,7.900000095367432,0.0,41219245
2013-09-13,4.191493988037109,7.947000026702881,0.0,7.968999862670898,7.855000019073486,7.901000022888184,0.0,27782290
2013-09-16,4.215228080749512,7.992000102996826,0.0,8.022000312805176,7.934999942779541,8.0,0.0,37308593
2013-09-17,4.214173793792725,7.989999771118164,0.0,7.997000217437744,7.86899995803833,7.9679999351501465,0.0,54760533
2013-09-18,4.323878765106201,8.197999954223633,0.0,8.197999954223633,7.994999885559082,8.0,0.0,43232471
2013-09-19,4.356579780578613,8.260000228881836,0.0,8.392999649047852,8.156999588012695,8.37600040435791,0.0,50697625
2013-09-20,4.376623153686523,8.29800033569336,0.0,8.29800033569336,8.12399959564209,8.222999572753906,0.0,59464190
2013-09-23,4.349196910858154,8.246000289916992,0.0,8.352999687194824,8.182000160217285,8.300000190734863,0.0,44092431
2013-09-24,4.385061740875244,8.314000129699707,0.0,8.314000129699707,8.161999702453613,8.243000030517578,0.0,34014694
2013-09-25,4.440968990325928,8.420000076293945,0.0,8.428000450134277,8.260000228881836,8.279999732971191,0.0,50484992
2013-09-26,4.444133281707764,8.425999641418457,0.0,8.460000038146973,8.281000137329102,8.420000076293945,0.0,27734245
2013-09-27,4.409323215484619,8.359999656677246,0.0,8.460000038146973,8.265000343322754,8.427000045776367,0.0,105975100
2013-09-30,4.408789157867432,8.260000228881836,0.099,8.276000022888184,8.0600004196167,8.086999893188477,0.0,49418743
2013-10-01,4.526215076446533,8.479999542236328,0.0,8.487000465393066,8.253999710083008,8.255000114440918,0.0,117531362
2013-10-02,4.540092468261719,8.505999565124512,0.0,8.524999618530273,8.387999534606934,8.47700023651123,0.0,42348488
2013-10-03,4.497925758361816,8.427000045776367,0.0,8.527999877929688,8.380999565124512,8.515000343322754,0.0,32915567
2013-10-04,4.583860874176025,8.588000297546387,0.0,8.597000122070312,8.375,8.413000106811523,0.0,37220719
2013-10-07,4.557706356048584,8.538999557495117,0.0,8.640000343322754,8.482000350952148,8.562999725341797,0.0,46265198
2013-10-08,4.506464958190918,8.442999839782715,0.0,8.585000038146973,8.420000076293945,8.569999694824219,0.0,27052454
2013-10-09,4.571583271026611,8.5649995803833,0.0,8.609999656677246,8.416999816894531,8.420000076293945,0.0,30332765
2013-10-10,4.7183661460876465,8.84000015258789,0.0,8.880000114440918,8.612000465393066,8.626999855041504,0.0,49706109
2013-10-11,4.743452072143555,8.88700008392334,0.0,8.89900016784668,8.800000190734863,8.897000312805176,0.0,54293884
2013-10-14,4.7717413902282715,8.9399995803833,0.0,8.946000099182129,8.824999809265137,8.826000213623047,0.0,28372206
2013-10-15,4.83685827255249,9.062000274658203,0.0,9.062000274658203,8.923999786376953,8.961999893188477,0.0,35461416
2013-10-16,4.929197788238525,9.234999656677246,0.0,9.279999732971191,9.017999649047852,9.036999702453613,0.0,50729780
2013-10-17,4.924393177032471,9.22599983215332,0.0,9.25,9.062000274658203,9.199999809265137,0.0,30199367
2013-10-18,4.980437755584717,9.331000328063965,0.0,9.336999893188477,9.166000366210938,9.260000228881836,0.0,51572347
2013-10-21,4.9745659828186035,9.319999694824219,0.0,9.39799976348877,9.220000267028809,9.350000381469727,0.0,41823023
2013-10-22,4.970297813415527,9.312000274658203,0.0,9.369000434875488,9.232999801635742,9.28499984741211,0.0,65281107
2013-10-23,4.788288116455078,8.970999717712402,0.0,9.24899959564209,8.920999526977539,9.232999801635742,0.0,47701738
2013-10-24,4.834190368652344,9.057000160217285,0.0,9.074999809265137,8.901000022888184,8.906999588012695,0.0,72933023
2013-10-25,4.723703384399414,8.850000381469727,0.0,8.970000267028809,8.770999908447266,8.937999725341797,0.0,48688693
2013-10-28,4.592400074005127,8.604000091552734,0.0,8.829000473022461,8.562000274658203,8.770000457763672,0.0,40626399
2013-10-29,4.632966041564941,8.680000305175781,0.0,8.699999809265137,8.350000381469727,8.47599983215332,0.0,47879891
2013-10-30,4.571049690246582,8.564000129699707,0.0,8.75,8.510000228881836,8.649999618530273,0.0,44219753
2013-10-31,4.605743408203125,8.628999710083008,0.0,8.640000343322754,8.479999542236328,8.51200008392334,0.0,35639270
2013-11-01,4.576921463012695,8.574999809265137,0.0,8.692000389099121,8.543000221252441,8.628000259399414,0.0,14358864
2013-11-04,4.59133243560791,8.60200023651123,0.0,8.645999908447266,8.522000312805176,8.625,0.0,25070053
2013-11-05,4.50486421585083,8.4399995803833,0.0,8.65999984741211,8.407999992370605,8.64799976348877,0.0,38858189
2013-11-06,4.554503917694092,8.532999992370605,0.0,8.54800033569336,8.460000038146973,8.465999603271484,0.0,43590162
2013-11-07,4.560375690460205,8.543999671936035,0.0,8.920000076293945,8.46399974822998,8.54800033569336,0.0,62260918
2013-11-08,4.510201930999756,8.449999809265137,0.0,8.54699993133545,8.329999923706055,8.5,0.0,34812078
2013-11-11,4.554503917694092,8.532999992370605,0.0,8.564000129699707,8.366000175476074,8.479999542236328,0.0,29526253
2013-11-12,4.502730369567871,8.435999870300293,0.0,8.59000015258789,8.399999618530273,8.519000053405762,0.0,27281554
2013-11-13,4.45629358291626,8.348999977111816,0.0,8.460000038146973,8.281999588012695,8.397000312805176,0.0,28018209
2013-11-14,4.508601188659668,8.446999549865723,0.0,8.460000038146973,8.27299976348877,8.4399995803833,0.0,32351119
2013-11-15,4.497392177581787,8.425999641418457,0.0,8.498000144958496,8.362000465393066,8.454000473022461,0.0,31841732
2013-11-18,4.575319766998291,8.571999549865723,0.0,8.621999740600586,8.342000007629395,8.40999984741211,0.0,60481847
2013-11-19,4.485651016235352,8.404000282287598,0.0,8.543000221252441,8.404000282287598,8.529999732971191,0.0,21872275
2013-11-20,4.456826686859131,8.350000381469727,0.0,8.435999870300293,8.281000137329102,8.402999877929688,0.0,32868337
2013-11-21,4.47177267074585,8.378000259399414,0.0,8.428000450134277,8.222999572753906,8.279999732971191,0.0,16857033
2013-11-22,4.528349876403809,8.484000205993652,0.0,8.52400016784668,8.399999618530273,8.428000450134277,0.0,21184156
2013-11-25,4.560908317565918,8.545000076293945,0.0,8.592000007629395,8.487000465393066,8.552000045776367,0.0,23459078
2013-11-26,4.595070838928223,8.609000205993652,0.0,8.614999771118164,8.48799991607666,8.493000030517578,0.0,38321738
2013-11-27,4.675133228302002,8.758999824523926,0.0,8.798999786376953,8.574999809265137,8.630000114440918,0.0,43401366
2013-11-28,4.7263712882995605,8.854999542236328,0.0,8.875,8.758999824523926,8.760000228881836,0.0,17079068
2013-11-29,4.693813323974609,8.793999671936035,0.0,8.90999984741211,8.784000396728516,8.880999565124512,0.0,30547232
2013-12-02,4.665524005889893,8.741000175476074,0.0,8.84000015258789,8.657999992370605,8.795000076293945,0.0,22580605
2013-12-03,4.622289657592773,8.65999984741211,0.0,8.786999702453613,8.645000457763672,8.786999702453613,0.0,36666311
2013-12-04,4.576921463012695,8.574999809265137,0.0,8.6850004196167,8.496000289916992,8.652999877929688,0.0,31975127
2013-12-05,4.459495544433594,8.354999542236328,0.0,8.645000457763672,8.322999954223633,8.567999839782715,0.0,37900510
2013-12-06,4.481379985809326,8.395999908447266,0.0,8.411999702453613,8.182999610900879,8.385000228881836,0.0,41341633
2013-12-09,4.523012638092041,8.473999977111816,0.0,8.479999542236328,8.345999717712402,8.444999694824219,0.0,26670100
2013-12-10,4.4776434898376465,8.388999938964844,0.0,8.54699993133545,8.359999656677246,8.460000038146973,0.0,20679263
2013-12-11,4.419464111328125,8.279999732971191,0.0,8.434000015258789,8.279999732971191,8.378999710083008,0.0,40222953
2013-12-12,4.382101058959961,8.210000038146973,0.0,8.293999671936035,8.164999961853027,8.270000457763672,0.0,22895249
2013-12-13,4.391175746917725,8.22700023651123,0.0,8.343000411987305,8.1850004196167,8.210000038146973,0.0,21775243
2013-12-16,4.494190216064453,8.420000076293945,0.0,8.480999946594238,8.22700023651123,8.22700023651123,0.0,47137359
2013-12-17,4.424267768859863,8.288999557495117,0.0,8.418999671936035,8.288000106811523,8.416000366210938,0.0,36068954
2013-12-18,4.517675399780273,8.46399974822998,0.0,8.48900032043457,8.3100004196167,8.338000297546387,0.0,32752412
2013-12-19,4.649511814117432,8.711000442504883,0.0,8.73900032043457,8.585000038146973,8.595999717712402,0.0,78403493
2013-12-20,4.688475608825684,8.784000396728516,0.0,8.800000190734863,8.656000137329102,8.72599983215332,0.0,152109404
2013-12-23,4.712494850158691,8.829000473022461,0.0,8.829000473022461,8.73900032043457,8.78600025177002,0.0,39792306
2013-12-24,4.731709003448486,8.864999771118164,0.0,8.864999771118164,8.805999755859375,8.819000244140625,0.0,9512777
2013-12-27,4.787753582000732,8.970000267028809,0.0,8.970000267028809,8.838000297546387,8.838000297546387,0.0,24693413
2013-12-30,4.777078151702881,8.949999809265137,0.0,9.0,8.895999908447266,8.970000267028809,0.0,24247404
2013-12-31,4.776010036468506,8.947999954223633,0.0,8.954999923706055,8.91100025177002,8.949000358581543,0.0,8107606
2014-01-02,4.67193078994751,8.753000259399414,0.0,9.0,8.711999893188477,8.960000038146973,0.0,89390989
2014-01-03,4.656984806060791,8.725000381469727,0.0,8.755000114440918,8.640000343322754,8.732999801635742,0.0,34109325
2014-01-06,4.706623554229736,8.817999839782715,0.0,8.876999855041504,8.677000045776367,8.677000045776367,0.0,21417686
2014-01-07,4.975100040435791,9.321000099182129,0.0,9.321000099182129,8.821999549865723,8.876999855041504,0.0,71463809
2014-01-08,5.009793758392334,9.38599967956543,0.0,9.555000305175781,9.229999542236328,9.350000381469727,0.0,43445911
2014-01-09,4.961755752563477,9.295999526977539,0.0,9.529999732971191,9.244999885559082,9.38700008392334,0.0,43034908
2014-01-10,4.969762325286865,9.310999870300293,0.0,9.404999732971191,9.239999771118164,9.38599967956543,0.0,50780231
2014-01-13,5.066371917724609,9.491999626159668,0.0,9.57800006866455,9.402999877929688,9.467000007629395,0.0,27241044
2014-01-14,5.092525005340576,9.541000366210938,0.0,9.543000221252441,9.331000328063965,9.401000022888184,0.0,30679786
2014-01-15,5.298019886016846,9.925999641418457,0.0,9.925999641418457,9.579999923706055,9.588000297546387,0.0,37529472
2014-01-16,5.164582252502441,9.675999641418457,0.0,9.958999633789062,9.675999641418457,9.925999641418457,0.0,39579549
2014-01-17,5.182730674743652,9.710000038146973,0.0,9.777999877929688,9.548999786376953,9.675000190734863,0.0,50733073
2014-01-20,5.156042575836182,9.65999984741211,0.0,9.72599983215332,9.579999923706055,9.680000305175781,0.0,17610776
2014-01-21,5.094127178192139,9.543999671936035,0.0,9.78600025177002,9.539999961853027,9.680999755859375,0.0,23987137
2014-01-22,5.029542922973633,9.42300033569336,0.0,9.65999984741211,9.345000267028809,9.609999656677246,0.0,28607474
2014-01-23,4.9799041748046875,9.329999923706055,0.0,9.545999526977539,9.279999732971191,9.369999885559082,0.0,45713130
2014-01-24,4.723703384399414,8.850000381469727,0.0,9.1899995803833,8.737000465393066,9.13599967956543,0.0,111548506
2014-01-27,4.616952896118164,8.649999618530273,0.0,8.930999755859375,8.649999618530273,8.758000373840332,0.0,64676713
2014-01-28,4.692212104797363,8.791000366210938,0.0,8.869999885559082,8.666999816894531,8.704999923706055,0.0,47759605
2014-01-29,4.673529624938965,8.755999565124512,0.0,9.020000457763672,8.560999870300293,8.960000038146973,0.0,62677885
2014-01-30,4.718899726867676,8.840999603271484,0.0,8.902000427246094,8.564000129699707,8.756999969482422,0.0,34892668
2014-01-31,4.729040145874023,8.859999656677246,0.0,8.994000434875488,8.651000022888184,8.949999809265137,0.0,57070462
2014-02-03,4.570517539978027,8.562999725341797,0.0,8.887999534606934,8.539999961853027,8.833000183105469,0.0,71318183
2014-02-04,4.622289657592773,8.65999984741211,0.0,8.765000343322754,8.508999824523926,8.524999618530273,0.0,41752884
2014-02-05,4.686340808868408,8.779999732971191,0.0,8.826000213623047,8.609999656677246,8.682000160217285,0.0,36563520
2014-02-06,4.782949447631836,8.961000442504883,0.0,8.979000091552734,8.751999855041504,8.869999885559082,0.0,46983263
2014-02-07,4.830454349517822,9.050000190734863,0.0,9.109999656677246,8.838000297546387,8.961000442504883,0.0,37840276
2014-02-10,4.740782737731934,8.881999969482422,0.0,9.128999710083008,8.835000038146973,9.109999656677246,0.0,28984010
2014-02-11,4.825649261474609,9.041000366210938,0.0,9.055000305175781,8.902999877929688,8.989999771118164,0.0,27444680
2014-02-12,4.799495220184326,8.991999626159668,0.0,9.126999855041504,8.904999732971191,9.086999893188477,0.0,33861638
2014-02-13,4.780281066894531,8.956000328063965,0.0,8.956000328063965,8.779000282287598,8.942000389099121,0.0,28980355
2014-02-14,4.772808074951172,8.942000389099121,0.0,9.100000381469727,8.902999877929688,8.996999740600586,0.0,34447313
2014-02-17,4.808035850524902,9.008000373840332,0.0,9.013999938964844,8.883000373840332,8.98799991607666,0.0,15126756
2014-02-18,4.751991271972656,8.902999877929688,0.0,9.039999961853027,8.859999656677246,9.015000343322754,0.0,35273731
2014-02-19,4.758396625518799,8.914999961853027,0.0,8.970000267028809,8.76200008392334,8.888999938964844,0.0,23381077
2014-02-20,4.761599540710449,8.920999526977539,0.0,8.937000274658203,8.76099967956543,8.788000106811523,0.0,20911239
2014-02-21,4.75039005279541,8.899999618530273,0.0,8.984000205993652,8.840999603271484,8.979999542236328,0.0,32720735
2014-02-24,4.842196464538574,9.071999549865723,0.0,9.071999549865723,8.854999542236328,8.89900016784668,0.0,22944166
2014-02-25,4.8918352127075195,9.164999961853027,0.0,9.164999961853027,9.010000228881836,9.062000274658203,0.0,21880122
2014-02-26,4.850202560424805,9.086999893188477,0.0,9.180000305175781,9.053000450134277,9.164999961853027,0.0,19612498
2014-02-27,4.821378707885742,9.032999992370605,0.0,9.10200023651123,8.904999732971191,9.059000015258789,0.0,18555300
2014-02-28,4.801097869873047,8.994999885559082,0.0,9.060999870300293,8.861000061035156,9.015999794006348,0.0,25040158
2014-03-03,4.662322521209717,8.734999656677246,0.0,8.90999984741211,8.711999893188477,8.842000007629395,0.0,46690866
2014-03-04,4.820312976837158,9.031000137329102,0.0,9.036999702453613,8.789999961853027,8.829999923706055,0.0,30519719
2014-03-05,4.905179023742676,9.1899995803833,0.0,9.248000144958496,9.0,9.01200008392334,0.0,35150976
2014-03-06,4.909982681274414,9.199000358581543,0.0,9.324999809265137,9.182000160217285,9.210000038146973,0.0,25707599
2014-03-07,4.809103012084961,9.010000228881836,0.0,9.27400016784668,8.963000297546387,9.246000289916992,0.0,40971948
2014-03-10,4.846465587615967,9.079999923706055,0.0,9.194999694824219,8.989999771118164,9.020000457763672,0.0,28896320
2014-03-11,4.819777965545654,9.029999732971191,0.0,9.163999557495117,9.015999794006348,9.123000144958496,0.0,16716104
2014-03-12,4.7669358253479,8.930999755859375,0.0,9.067999839782715,8.821999549865723,8.998000144958496,0.0,37082559
2014-03-13,4.713028907775879,8.829999923706055,0.0,9.003999710083008,8.821999549865723,8.998000144958496,0.0,32813924
2014-03-14,4.644707202911377,8.70199966430664,0.0,8.859000205993652,8.569999694824219,8.75,0.0,55201233
2014-03-17,4.693813323974609,8.793999671936035,0.0,8.824999809265137,8.680999755859375,8.70199966430664,0.0,28696150
2014-03-18,4.73704719543457,8.875,0.0,8.960000038146973,8.71399974822998,8.800999641418457,0.0,40580427
2014-03-19,4.734377384185791,8.869999885559082,0.0,8.930000305175781,8.795000076293945,8.890000343322754,0.0,33266227
2014-03-20,4.6772661209106445,8.762999534606934,0.0,8.836000442504883,8.666999816894531,8.758000373840332,0.0,60293085
2014-03-21,4.653782367706299,8.718999862670898,0.0,8.890000343322754,8.718999862670898,8.800000190734863,0.0,78483882
2014-03-24,4.587597846984863,8.595000267028809,0.0,8.777000427246094,8.543000221252441,8.729999542236328,0.0,58757058
2014-03-25,4.588129997253418,8.595999717712402,0.0,8.63599967956543,8.484999656677246,8.543000221252441,0.0,81666211
2014-03-26,4.682070732116699,8.772000312805176,0.0,8.854999542236328,8.60099983215332,8.649999618530273,0.0,42692184
2014-03-27,4.674598217010498,8.758000373840332,0.0,8.788999557495117,8.663000106811523,8.744999885559082,0.0,26864363
2014-03-28,4.746121406555176,8.892000198364258,0.0,8.90999984741211,8.739999771118164,8.779999732971191,0.0,60665225
2014-03-31,4.742856502532959,8.718000411987305,0.168,8.829000473022461,8.704999923706055,8.795999526977539,0.0,57297392
2014-04-01,4.847310543060303,8.90999984741211,0.0,8.954000473022461,8.687000274658203,8.710000038146973,0.0,71701798
2014-04-02,4.841325759887695,8.89900016784668,0.0,8.975000381469727,8.817000389099121,8.949000358581543,0.0,42690851
2014-04-03,5.0159592628479,9.220000267028809,0.0,9.265000343322754,8.89900016784668,8.906999588012695,0.0,77538370
2014-04-04,5.04860258102417,9.279999732971191,0.0,9.335000038146973,9.137999534606934,9.239999771118164,0.0,45454932
2014-04-07,5.00018310546875,9.190999984741211,0.0,9.293999671936035,9.152999877929688,9.194999694824219,0.0,36691927
2014-04-08,4.967540740966797,9.130999565124512,0.0,9.227999687194824,8.994999885559082,9.218000411987305,0.0,56197971
2014-04-09,4.952307224273682,9.102999687194824,0.0,9.199000358581543,9.079000473022461,9.140000343322754,0.0,30024671
2014-04-10,4.842413902282715,8.901000022888184,0.0,9.166999816894531,8.885000228881836,9.164999961853027,0.0,33919993
2014-04-11,4.795083045959473,8.814000129699707,0.0,8.930000305175781,8.66100025177002,8.850000381469727,0.0,38035338
2014-04-14,4.811948776245117,8.845000267028809,0.0,8.859000205993652,8.59000015258789,8.720000267028809,0.0,33530050
2014-04-15,4.7439446449279785,8.720000267028809,0.0,8.899999618530273,8.699999809265137,8.876999855041504,0.0,42377885
2014-04-16,4.8288140296936035,8.87600040435791,0.0,8.87600040435791,8.753999710083008,8.812000274658203,0.0,18682875
2014-04-17,4.803244113922119,8.829000473022461,0.0,8.895000457763672,8.734999656677246,8.895000457763672,0.0,21947098
2014-04-22,4.865806579589844,8.944000244140625,0.0,9.0,8.810999870300293,8.899999618530273,0.0,29140308
2014-04-23,4.840238571166992,8.897000312805176,0.0,9.0,8.880000114440918,8.937000274658203,0.0,38541503
2014-04-24,4.896273136138916,9.0,0.0,9.0649995803833,8.855999946594238,8.96500015258789,0.0,24517831
2014-04-25,4.794538497924805,8.812999725341797,0.0,8.998000144958496,8.762999534606934,8.949999809265137,0.0,43870218
2014-04-28,4.786923408508301,8.798999786376953,0.0,8.904999732971191,8.722999572753906,8.838000297546387,0.0,26053904
2014-04-29,4.866894721984863,8.946000099182129,0.0,8.977999687194824,8.779999732971191,8.800000190734863,0.0,32586218
2014-04-30,4.811948776245117,8.845000267028809,0.0,8.920000076293945,8.755000114440918,8.880999565124512,0.0,52757933
2014-05-02,4.8130364418029785,8.847000122070312,0.0,8.88700008392334,8.770000457763672,8.805000305175781,0.0,22823802
2014-05-05,4.800523281097412,8.824000358581543,0.0,8.854999542236328,8.694999694824219,8.8149995803833,0.0,43490953
2014-05-06,4.784746170043945,8.795000076293945,0.0,8.87399959564209,8.720000267028809,8.848999977111816,0.0,19512167
2014-05-07,4.771145343780518,8.770000457763672,0.0,8.869999885559082,8.720000267028809,8.75,0.0,26346002
2014-05-08,4.905521392822266,9.017000198364258,0.0,9.024999618530273,8.779999732971191,8.779999732971191,0.0,32822066
2014-05-09,4.863631725311279,8.9399995803833,0.0,9.026000022888184,8.880000114440918,8.991999626159668,0.0,23797873
2014-05-12,4.885392665863037,8.979999542236328,0.0,9.01200008392334,8.890000343322754,8.947999954223633,0.0,23031649
2014-05-13,4.896273136138916,9.0,0.0,9.008999824523926,8.901000022888184,8.994999885559082,0.0,21938664
2014-05-14,4.906610012054443,9.019000053405762,0.0,9.050000190734863,8.904000282287598,8.979999542236328,0.0,21393803
2014-05-15,4.768426418304443,8.765000343322754,0.0,9.0649995803833,8.720000267028809,9.0,0.0,41811319
2014-05-16,4.841325759887695,8.89900016784668,0.0,8.92199993133545,8.701000213623047,8.781000137329102,0.0,33165283
2014-05-19,4.8190202713012695,8.857999801635742,0.0,8.904999732971191,8.710000038146973,8.859999656677246,0.0,23450341
2014-05-20,4.852750301361084,8.920000076293945,0.0,8.960000038146973,8.802000045776367,8.829999923706055,0.0,22573607
2014-05-21,4.92238712310791,9.04800033569336,0.0,9.069999694824219,8.829000473022461,8.875,0.0,31533145
2014-05-22,4.962100982666016,9.121000289916992,0.0,9.125,9.008000373840332,9.083000183105469,0.0,21688522
2014-05-23,4.993653774261475,9.178999900817871,0.0,9.190999984741211,9.09000015258789,9.109999656677246,0.0,24355337
2014-05-26,5.0556745529174805,9.293000221252441,0.0,9.298999786376953,9.180999755859375,9.199999809265137,0.0,47486457
2014-05-27,5.083419322967529,9.343999862670898,0.0,9.378999710083008,9.232000350952148,9.239999771118164,0.0,25511109
2014-05-28,5.111165523529053,9.395000457763672,0.0,9.416999816894531,9.305000305175781,9.329000473022461,0.0,26415518
2014-05-29,5.088315963745117,9.352999687194824,0.0,9.40999984741211,9.302000045776367,9.390000343322754,0.0,13063546
2014-05-30,5.116060733795166,9.404000282287598,0.0,9.428999900817871,9.25100040435791,9.319999694824219,0.0,22551609
2014-06-02,5.1155171394348145,9.402999877929688,0.0,9.468000411987305,9.350000381469727,9.42199993133545,0.0,28702597
2014-06-03,5.1024603843688965,9.378999710083008,0.0,9.458000183105469,9.317999839782715,9.392000198364258,0.0,32152637
2014-06-04,5.111165523529053,9.395000457763672,0.0,9.425000190734863,9.281000137329102,9.371000289916992,0.0,18190510
2014-06-05,5.23737907409668,9.626999855041504,0.0,9.699000358581543,9.347999572753906,9.434000015258789,0.0,45306664
2014-06-06,5.385899543762207,9.899999618530273,0.0,9.968000411987305,9.61299991607666,9.633000373840332,0.0,46037648
2014-06-09,5.39406156539917,9.914999961853027,0.0,9.989999771118164,9.78600025177002,9.883000373840332,0.0,20788560
2014-06-10,5.365771770477295,9.86299991607666,0.0,9.913999557495117,9.807999610900879,9.838000297546387,0.0,54633599
2014-06-11,5.299400329589844,9.741000175476074,0.0,9.859000205993652,9.710000038146973,9.817999839782715,0.0,26875585
2014-06-12,5.284710884094238,9.71399974822998,0.0,9.817000389099121,9.66100025177002,9.739999771118164,0.0,17203983
2014-06-13,5.302662372589111,9.746999740600586,0.0,9.776000022888184,9.585000038146973,9.677000045776367,0.0,18486950
2014-06-16,5.2150750160217285,9.586000442504883,0.0,9.75100040435791,9.569999694824219,9.687999725341797,0.0,29344248
2014-06-17,5.212353706359863,9.581000328063965,0.0,9.595000267028809,9.50100040435791,9.538000106811523,0.0,24117352
2014-06-18,5.209089756011963,9.574999809265137,0.0,9.63700008392334,9.543999671936035,9.57800006866455,0.0,17885537
2014-06-19,5.282535552978516,9.710000038146973,0.0,9.798999786376953,9.638999938964844,9.649999618530273,0.0,31778048
2014-06-20,5.242820739746094,9.63700008392334,0.0,9.782999992370605,9.63700008392334,9.6899995803833,0.0,54812949
2014-06-23,5.224323272705078,9.602999687194824,0.0,9.67300033569336,9.553999900817871,9.637999534606934,0.0,35792283
2014-06-24,5.207457542419434,9.571999549865723,0.0,9.657999992370605,9.562000274658203,9.630000114440918,0.0,79215132
2014-06-25,5.1438069343566895,9.454999923706055,0.0,9.583999633789062,9.37600040435791,9.529000282287598,0.0,35637265
2014-06-26,5.1030049324035645,9.380000114440918,0.0,9.479999542236328,9.305999755859375,9.46399974822998,0.0,26255817
2014-06-27,5.092123508453369,9.359999656677246,0.0,9.482000350952148,9.324000358581543,9.390000343322754,0.0,21514630
2014-06-30,5.064378261566162,9.309000015258789,0.0,9.406999588012695,9.234999656677246,9.399999618530273,0.0,21500348
2014-07-01,5.162848472595215,9.489999771118164,0.0,9.494000434875488,9.288000106811523,9.343000411987305,0.0,199195157
2014-07-02,5.164480209350586,9.493000030517578,0.0,9.53499984741211,9.39900016784668,9.515000343322754,0.0,222651962
2014-07-03,5.243362903594971,9.637999534606934,0.0,9.66100025177002,9.420000076293945,9.5,0.0,553334953
2014-07-04,5.186784267425537,9.534000396728516,0.0,9.64900016784668,9.5,9.609000205993652,0.0,135365547
2014-07-07,5.116060733795166,9.404000282287598,0.0,9.545000076293945,9.390000343322754,9.5,0.0,24650689
2014-07-08,5.018136024475098,9.223999977111816,0.0,9.428000450134277,9.194999694824219,9.420999526977539,0.0,69773877
2014-07-09,5.079610347747803,9.336999893188477,0.0,9.368000030517578,9.23900032043457,9.25,0.0,34431364
2014-07-10,4.979742050170898,9.074999809265137,0.08,9.244999885559082,8.9399995803833,9.239999771118164,0.0,293133682
2014-07-11,4.958890914916992,9.036999702453613,0.0,9.199999809265137,8.979999542236328,9.118000030517578,0.0,112478918
2014-07-14,4.996753215789795,9.105999946594238,0.0,9.164999961853027,8.96500015258789,9.100000381469727,0.0,21890173
2014-07-15,4.935294151306152,8.994000434875488,0.0,9.151000022888184,8.90999984741211,9.081000328063965,0.0,267785583
2014-07-16,5.017603874206543,9.144000053405762,0.0,9.187000274658203,8.970000267028809,9.031999588012695,0.0,108521375
2014-07-17,4.938586711883545,9.0,0.0,9.128999710083008,8.956999778747559,9.107999801635742,0.0,103892631
2014-07-18,4.924320220947266,8.973999977111816,0.0,8.984999656677246,8.875,8.944000244140625,0.0,29674125
2014-07-21,4.8919453620910645,8.914999961853027,0.0,8.977999687194824,8.861000061035156,8.954000473022461,0.0,64074015
2014-07-22,5.017056941986084,9.142999649047852,0.0,9.197999954223633,8.935999870300293,8.991000175476074,0.0,54064939
2014-07-23,5.048882961273193,9.201000213623047,0.0,9.248000144958496,9.079999923706055,9.100000381469727,0.0,26991219
2014-07-24,5.1707000732421875,9.42300033569336,0.0,9.4350004196167,9.128000259399414,9.180999755859375,0.0,37591087
2014-07-25,5.185516357421875,9.449999809265137,0.0,9.520000457763672,9.399999618530273,9.404999732971191,0.0,27470268
2014-07-28,5.149299144744873,9.383999824523926,0.0,9.510000228881836,9.29800033569336,9.477999687194824,0.0,23141104
2014-07-29,5.165213584899902,9.413000106811523,0.0,9.49899959564209,9.324000358581543,9.399999618530273,0.0,58163488
2014-07-30,5.221184730529785,9.515000343322754,0.0,9.604999542236328,9.447999954223633,9.489999771118164,0.0,31465952
2014-07-31,5.058758735656738,9.218999862670898,0.0,9.512999534606934,9.166000366210938,9.487000465393066,0.0,46070455
2014-08-01,4.964376926422119,9.04699993133545,0.0,9.237000465393066,9.005000114440918,9.229999542236328,0.0,29949260
2014-08-04,4.955047607421875,9.029999732971191,0.0,9.157999992370605,8.989999771118164,9.14799976348877,0.0,22888624
2014-08-05,4.885909080505371,8.904000282287598,0.0,9.100000381469727,8.859999656677246,9.057999610900879,0.0,30589164
2014-08-06,4.837071895599365,8.8149995803833,0.0,8.920000076293945,8.663999557495117,8.821999549865723,0.0,32317327
2014-08-07,4.742140769958496,8.642000198364258,0.0,8.835000038146973,8.609999656677246,8.8149995803833,0.0,42335801
2014-08-08,4.768479824066162,8.6899995803833,0.0,8.781999588012695,8.513999938964844,8.538000106811523,0.0,26699838
2014-08-11,4.775612831115723,8.70300006866455,0.0,8.8149995803833,8.642000198364258,8.810999870300293,0.0,28247178
2014-08-12,4.807439804077148,8.76099967956543,0.0,8.864999771118164,8.652000427246094,8.690999984741211,0.0,24656754
2014-08-13,4.850789546966553,8.84000015258789,0.0,8.864999771118164,8.784000396728516,8.814000129699707,0.0,17490750
2014-08-14,4.826097011566162,8.795000076293945,0.0,8.880000114440918,8.710000038146973,8.779000282287598,0.0,26034006
2014-08-15,4.7772603034973145,8.706000328063965,0.0,8.91100025177002,8.680000305175781,8.8100004196167,0.0,19754869
2014-08-18,4.855179309844971,8.847999572753906,0.0,8.869999885559082,8.760000228881836,8.826000213623047,0.0,22465387
2014-08-19,4.867251873016357,8.869999885559082,0.0,8.918999671936035,8.831000328063965,8.883000373840332,0.0,18129447
2014-08-20,4.866703510284424,8.869000434875488,0.0,8.895999908447266,8.79800033569336,8.869000434875488,0.0,37861172
2014-08-21,4.955047607421875,9.029999732971191,0.0,9.039999961853027,8.821999549865723,8.861000061035156,0.0,18561096
2014-08-22,4.921576499938965,8.968999862670898,0.0,9.104999542236328,8.918999671936035,9.053999900817871,0.0,22189018
2014-08-25,5.05491828918457,9.211999893188477,0.0,9.223999977111816,9.053000450134277,9.079999923706055,0.0,17048449
2014-08-26,5.128998279571533,9.347000122070312,0.0,9.37399959564209,9.178999900817871,9.178999900817871,0.0,59066475
2014-08-27,5.131741523742676,9.35200023651123,0.0,9.449999809265137,9.289999961853027,9.335000038146973,0.0,19944932
2014-08-28,5.0631489753723145,9.22700023651123,0.0,9.350000381469727,9.170000076293945,9.305000305175781,0.0,19152994
2014-08-29,5.05381965637207,9.210000038146973,0.0,9.286999702453613,9.104000091552734,9.220000267028809,0.0,18111949
2014-09-01,5.063697814941406,9.227999687194824,0.0,9.260000228881836,9.118000030517578,9.244000434875488,0.0,11365938
2014-09-02,5.0807085037231445,9.258999824523926,0.0,9.317999839782715,9.217000007629395,9.241999626159668,0.0,25527739
2014-09-03,5.177286148071289,9.4350004196167,0.0,9.479999542236328,9.267000198364258,9.288000106811523,0.0,35688087
2014-09-04,5.360013484954834,9.767999649047852,0.0,9.812000274658203,9.371000289916992,9.390999794006348,0.0,58394008
2014-09-05,5.351232528686523,9.751999855041504,0.0,9.8100004196167,9.651000022888184,9.699999809265137,0.0,38289030
2014-09-08,5.335320949554443,9.722999572753906,0.0,9.78499984741211,9.631999969482422,9.76099967956543,0.0,15209738
2014-09-09,5.251364707946777,9.569999694824219,0.0,9.729999542236328,9.562000274658203,9.668000221252441,0.0,26670556
2014-09-10,5.28922700881958,9.638999938964844,0.0,9.64799976348877,9.479999542236328,9.569000244140625,0.0,22316928
2014-09-11,5.272764682769775,9.609000205993652,0.0,9.666000366210938,9.536999702453613,9.666000366210938,0.0,17870598
2014-09-12,5.272216796875,9.607999801635742,0.0,9.618000030517578,9.53499984741211,9.595000267028809,0.0,18291498
2014-09-15,5.234901428222656,9.539999961853027,0.0,9.633999824523926,9.515999794006348,9.552000045776367,0.0,62483590
2014-09-16,5.221732139587402,9.515999794006348,0.0,9.539999961853027,9.444999694824219,9.526000022888184,0.0,21344235
2014-09-17,5.2831902503967285,9.628000259399414,0.0,9.694000244140625,9.53499984741211,9.553000450134277,0.0,26142443
2014-09-18,5.353977680206299,9.756999969482422,0.0,9.789999961853027,9.640000343322754,9.65999984741211,0.0,54758328
2014-09-19,5.333673477172852,9.720000267028809,0.0,9.904999732971191,9.720000267028809,9.84000015258789,0.0,78990872
2014-09-22,5.290872573852539,9.642000198364258,0.0,9.739999771118164,9.611000061035156,9.670999526977539,0.0,57203148
2014-09-23,5.217344284057617,9.508000373840332,0.0,9.647000312805176,9.496999740600586,9.647000312805176,0.0,31257219
2014-09-24,5.2645344734191895,9.593999862670898,0.0,9.598999977111816,9.395000457763672,9.510000228881836,0.0,28265802
2014-09-25,5.248620986938477,9.5649995803833,0.0,9.711000442504883,9.501999855041504,9.619000434875488,0.0,38412440
2014-09-26,5.307883262634277,9.67300033569336,0.0,9.697999954223633,9.510000228881836,9.545000076293945,0.0,39182549
2014-09-29,5.201094627380371,9.399999618530273,0.08,9.612000465393066,9.335000038146973,9.579999923706055,0.0,38559583
2014-09-30,5.284643173217773,9.550999641418457,0.0,9.600000381469727,9.440999984741211,9.461999893188477,0.0,117404093
2014-10-01,5.308437347412109,9.593999862670898,0.0,9.654999732971191,9.508000373840332,9.51200008392334,0.0,34935279
2014-10-02,5.116991996765137,9.248000144958496,0.0,9.604999542236328,9.230999946594238,9.550000190734863,0.0,57403323
2014-10-03,5.182282447814941,9.366000175476074,0.0,9.406999588012695,9.201000213623047,9.345999717712402,0.0,31014277
2014-10-06,5.204967975616455,9.406999588012695,0.0,9.515000343322754,9.392000198364258,9.456000328063965,0.0,24556643
2014-10-07,5.09762716293335,9.213000297546387,0.0,9.387999534606934,9.194999694824219,9.371999740600586,0.0,42458000
2014-10-08,5.047275066375732,9.121999740600586,0.0,9.279999732971191,9.100000381469727,9.15999984741211,0.0,40857387
2014-10-09,5.02957010269165,9.09000015258789,0.0,9.244000434875488,8.970999717712402,9.244000434875488,0.0,85480307
2014-10-10,4.996370315551758,9.029999732971191,0.0,9.1899995803833,8.989999771118164,9.019000053405762,0.0,57679758
2014-10-13,5.0201640129089355,9.072999954223633,0.0,9.164999961853027,8.975000381469727,8.979999542236328,0.0,31618688
2014-10-14,4.995818138122559,9.029000282287598,0.0,9.088000297546387,8.852999687194824,9.039999961853027,0.0,32445434
2014-10-15,4.824845790863037,8.720000267028809,0.0,9.081999778747559,8.654000282287598,9.043000221252441,0.0,57595480
2014-10-16,4.741296291351318,8.569000244140625,0.0,8.859999656677246,8.293000221252441,8.821000099182129,0.0,117976476
2014-10-17,4.861363410949707,8.78600025177002,0.0,8.831999778747559,8.515999794006348,8.628000259399414,0.0,45670681
2014-10-20,4.860257625579834,8.784000396728516,0.0,8.864999771118164,8.664999961853027,8.765000343322754,0.0,40540775
2014-10-21,4.991944789886475,9.022000312805176,0.0,9.039999961853027,8.71500015258789,8.77299976348877,0.0,46478494
2014-10-22,5.029016017913818,9.08899974822998,0.0,9.08899974822998,8.914999961853027,9.04800033569336,0.0,63294014
2014-10-23,5.0710673332214355,9.164999961853027,0.0,9.204000473022461,8.951000213623047,9.012999534606934,0.0,34212421
2014-10-24,5.110353469848633,9.236000061035156,0.0,9.277999877929688,9.109000205993652,9.14900016784668,0.0,25098885
2014-10-27,5.011863708496094,9.057999610900879,0.0,9.390000343322754,8.960000038146973,9.390000343322754,0.0,32793852
2014-10-28,5.084900856018066,9.1899995803833,0.0,9.234999656677246,9.0649995803833,9.09000015258789,0.0,57056609
2014-10-29,4.877963066101074,8.815999984741211,0.0,9.076000213623047,8.741000175476074,8.949999809265137,0.0,61964034
2014-10-30,4.808800220489502,8.690999984741211,0.0,8.890000343322754,8.505999565124512,8.859999656677246,0.0,48244167
2014-10-31,4.928867816925049,8.907999992370605,0.0,8.960000038146973,8.762999534606934,8.890000343322754,0.0,41994113
2014-11-03,4.856936931610107,8.777999877929688,0.0,8.930000305175781,8.753000259399414,8.871000289916992,0.0,27301493
2014-11-04,4.751254558563232,8.586999893188477,0.0,8.855999946594238,8.560999870300293,8.770999908447266,0.0,37340645
2014-11-05,4.825398921966553,8.720999717712402,0.0,8.760000228881836,8.531999588012695,8.631999969482422,0.0,25188878
2014-11-06,4.801054000854492,8.677000045776367,0.0,8.937000274658203,8.585000038146973,8.66100025177002,0.0,37716442
2014-11-07,4.710309982299805,8.512999534606934,0.0,8.715999603271484,8.39900016784668,8.675999641418457,0.0,39310394
2014-11-10,4.776708126068115,8.633000373840332,0.0,8.633000373840332,8.437999725341797,8.5,0.0,24475182
2014-11-11,4.810459136962891,8.694000244140625,0.0,8.800000190734863,8.652000427246094,8.710000038146973,0.0,35232539
2014-11-12,4.683752059936523,8.46500015258789,0.0,8.687999725341797,8.454999923706055,8.678999900817871,0.0,43509765
2014-11-13,4.69039249420166,8.47700023651123,0.0,8.574000358581543,8.350000381469727,8.493000030517578,0.0,34119609
2014-11-14,4.713630199432373,8.519000053405762,0.0,8.543000221252441,8.39900016784668,8.519000053405762,0.0,22579232
2014-11-17,4.793307304382324,8.663000106811523,0.0,8.704999923706055,8.390000343322754,8.413999557495117,0.0,36821721
2014-11-18,4.84863805770874,8.762999534606934,0.0,8.817000389099121,8.630000114440918,8.65999984741211,0.0,107603227
2014-11-19,4.782240867614746,8.642999649047852,0.0,8.781000137329102,8.585000038146973,8.727999687194824,0.0,36492453
2014-11-20,4.517759799957275,8.164999961853027,0.0,8.25,8.138999938964844,8.239999771118164,0.0,104974027
2014-11-21,4.638934135437012,8.383999824523926,0.0,8.430000305175781,8.1850004196167,8.210000038146973,0.0,101912616
2014-11-24,4.692052364349365,8.479999542236328,0.0,8.555000305175781,8.409000396728516,8.446999549865723,0.0,319571378
2014-11-25,4.730230331420898,8.548999786376953,0.0,8.628999710083008,8.472000122070312,8.479999542236328,0.0,138734689
2014-11-26,4.721375942230225,8.532999992370605,0.0,8.611000061035156,8.460000038146973,8.59000015258789,0.0,61775111
2014-11-27,4.745168209075928,8.576000213623047,0.0,8.609999656677246,8.501999855041504,8.557000160217285,0.0,30152298
2014-11-28,4.779473781585693,8.637999534606934,0.0,8.637999534606934,8.515000343322754,8.571999549865723,0.0,27958368
2014-12-01,4.706990718841553,8.506999969482422,0.0,8.60200023651123,8.470000267028809,8.571000099182129,0.0,32564821
2014-12-02,4.761767864227295,8.605999946594238,0.0,8.623000144958496,8.501999855041504,8.54800033569336,0.0,24271424
2014-12-03,4.79275369644165,8.661999702453613,0.0,8.732000350952148,8.595999717712402,8.630000114440918,0.0,67812831
2014-12-04,4.630634307861328,8.369000434875488,0.0,8.729999542236328,8.305000305175781,8.706000328063965,0.0,60640126
2014-12-05,4.792200088500977,8.66100025177002,0.0,8.66100025177002,8.491999626159668,8.54699993133545,0.0,58037498
2014-12-08,4.736317157745361,8.5600004196167,0.0,8.678999900817871,8.557000160217285,8.63599967956543,0.0,18084883
2014-12-09,4.6085028648376465,8.329000473022461,0.0,8.479000091552734,8.28499984741211,8.470999717712402,0.0,54347019
2014-12-10,4.55427885055542,8.230999946594238,0.0,8.425000190734863,8.175000190734863,8.36400032043457,0.0,75636259
2014-12-11,4.545424938201904,8.21500015258789,0.0,8.324000358581543,8.135000228881836,8.190999984741211,0.0,72712416
2014-12-12,4.396585464477539,7.946000099182129,0.0,8.217000007629395,7.927999973297119,8.163999557495117,0.0,104728585
2014-12-15,4.272644519805908,7.7220001220703125,0.0,8.043000221252441,7.715000152587891,7.961999893188477,0.0,54404319
2014-12-16,4.346787929534912,7.855999946594238,0.0,7.875,7.445000171661377,7.783999919891357,0.0,114536737
2014-12-17,4.305289268493652,7.781000137329102,0.0,7.828999996185303,7.64300012588501,7.770999908447266,0.0,90215439
2014-12-18,4.440849781036377,8.026000022888184,0.0,8.041999816894531,7.859000205993652,7.959000110626221,0.0,64645493
2014-12-19,4.4153971672058105,7.980000019073486,0.0,8.133000373840332,7.789000034332275,8.109999656677246,0.0,142872183
2014-12-22,4.4181928634643555,7.90500020980835,0.08,8.020000457763672,7.840000152587891,7.947999954223633,0.0,132064097
2014-12-23,4.494204044342041,8.041000366210938,0.0,8.048999786376953,7.830999851226807,7.928999900817871,0.0,152860781
2014-12-24,4.484703063964844,8.02400016784668,0.0,8.02400016784668,7.960000038146973,8.0,0.0,12206762
2014-12-29,4.453402996063232,7.9679999351501465,0.0,8.013999938964844,7.789999961853027,8.010000228881836,0.0,40883159
2014-12-30,4.391365051269531,7.85699987411499,0.0,7.949999809265137,7.807000160217285,7.949999809265137,0.0,45160626
2014-12-31,4.389687538146973,7.854000091552734,0.0,7.879000186920166,7.800000190734863,7.818999767303467,0.0,9556643
2015-01-02,4.426575660705566,7.920000076293945,0.0,8.027999877929688,7.848999977111816,7.998000144958496,0.0,91685904
2015-01-05,4.233193397521973,7.573999881744385,0.0,7.918000221252441,7.551000118255615,7.860000133514404,0.0,93605467
2015-01-06,4.164446830749512,7.451000213623047,0.0,7.675000190734863,7.449999809265137,7.625999927520752,0.0,33824098
2015-01-07,4.176743030548096,7.4730000495910645,0.0,7.650000095367432,7.438000202178955,7.5279998779296875,0.0,34180989
2015-01-08,4.223690986633301,7.557000160217285,0.0,7.675000190734863,7.349999904632568,7.613999843597412,0.0,72591191
2015-01-09,4.090670108795166,7.318999767303467,0.0,7.548999786376953,7.23199987411499,7.5,0.0,65420262
2015-01-12,4.123087406158447,7.376999855041504,0.0,7.440000057220459,7.250999927520752,7.40500020980835,0.0,45025623
2015-01-13,4.1817731857299805,7.48199987411499,0.0,7.546999931335449,7.349999904632568,7.368000030517578,0.0,30433402
2015-01-14,4.134266376495361,7.396999835968018,0.0,7.590000152587891,7.340000152587891,7.380000114440918,0.0,30519081
2015-01-15,4.185126781463623,7.48799991607666,0.0,7.554999828338623,7.210000038146973,7.488999843597412,0.0,51111780
2015-01-16,4.209718227386475,7.5320000648498535,0.0,7.559999942779541,7.414999961853027,7.451000213623047,0.0,38686571
2015-01-19,4.276786804199219,7.6519999504089355,0.0,7.710000038146973,7.49399995803833,7.585999965667725,0.0,40268136
2015-01-20,4.370126247406006,7.818999767303467,0.0,7.869999885559082,7.701000213623047,7.739999771118164,0.0,47880525
2015-01-21,4.394159317016602,7.861999988555908,0.0,7.900000095367432,7.656000137329102,7.855000019073486,0.0,43842376
2015-01-22,4.45843505859375,7.9770002365112305,0.0,8.055000305175781,7.834000110626221,7.908999919891357,0.0,58794748
2015-01-23,4.465699672698975,7.989999771118164,0.0,8.140000343322754,7.885000228881836,8.083999633789062,0.0,56079441
2015-01-26,4.474641799926758,8.005999565124512,0.0,8.057999610900879,7.85099983215332,7.940000057220459,0.0,33437685
2015-01-27,4.4165167808532715,7.9019999504089355,0.0,7.994999885559082,7.789999961853027,7.96999979019165,0.0,63738399
2015-01-28,4.252755165100098,7.609000205993652,0.0,7.954999923706055,7.559000015258789,7.925000190734863,0.0,84942711
2015-01-29,4.25554895401001,7.613999843597412,0.0,7.703999996185303,7.480999946594238,7.599999904632568,0.0,33863151
2015-01-30,4.247723579406738,7.599999904632568,0.0,7.701000213623047,7.517000198364258,7.690000057220459,0.0,97331114
2015-02-02,4.26784610748291,7.636000156402588,0.0,7.63700008392334,7.386000156402588,7.617000102996826,0.0,59537571
2015-02-03,4.433282852172852,7.932000160217285,0.0,7.96999979019165,7.710000038146973,7.724999904632568,0.0,95233391
2015-02-04,4.559037685394287,8.156999588012695,0.0,8.307999610900879,8.0600004196167,8.095000267028809,0.0,84536429
2015-02-05,4.545624732971191,8.133000373840332,0.0,8.138999938964844,7.946000099182129,8.079000473022461,0.0,32790485
2015-02-06,4.60319185256958,8.236000061035156,0.0,8.260000228881836,8.07699966430664,8.157999992370605,0.0,44835083
2015-02-09,4.471288681030273,8.0,0.0,8.149999618530273,7.914999961853027,8.116000175476074,0.0,35639948
2015-02-10,4.529415607452393,8.104000091552734,0.0,8.196999549865723,8.003000259399414,8.039999961853027,0.0,29586493
2015-02-11,4.492527961730957,8.038000106811523,0.0,8.118000030517578,7.982999801635742,8.038000106811523,0.0,30287509
2015-02-12,4.608221530914307,8.244999885559082,0.0,8.288000106811523,7.9730000495910645,8.003999710083008,0.0,52952890
2015-02-13,4.750744819641113,8.5,0.0,8.557999610900879,8.284000396728516,8.319999694824219,0.0,57200390
2015-02-16,4.71776819229126,8.440999984741211,0.0,8.619999885559082,8.41100025177002,8.472000122070312,0.0,74838264
2015-02-17,4.779807090759277,8.552000045776367,0.0,8.618000030517578,8.319999694824219,8.41100025177002,0.0,36555946
2015-02-18,4.88320779800415,8.737000465393066,0.0,8.744999885559082,8.612000465393066,8.616000175476074,0.0,46708855
2015-02-19,4.913388252258301,8.791000366210938,0.0,8.800000190734863,8.61299991607666,8.696000099182129,0.0,43807313
2015-02-20,4.90891695022583,8.782999992370605,0.0,8.885000228881836,8.649999618530273,8.748000144958496,0.0,38559417
2015-02-23,4.9586591720581055,8.871999740600586,0.0,8.946000099182129,8.782999992370605,8.925000190734863,0.0,39256125
2015-02-24,4.953629493713379,8.86299991607666,0.0,8.947999954223633,8.795999526977539,8.930000305175781,0.0,33116569
2015-02-25,4.9200944900512695,8.803000450134277,0.0,8.871000289916992,8.76200008392334,8.819999694824219,0.0,26833143
2015-02-26,4.979898452758789,8.90999984741211,0.0,8.937000274658203,8.755999565124512,8.76099967956543,0.0,28718577
2015-02-27,5.019021987915039,8.979999542236328,0.0,8.979999542236328,8.855999946594238,8.883000373840332,0.0,65956901
2015-03-02,5.01455020904541,8.972000122070312,0.0,9.050000190734863,8.895000457763672,8.982000350952148,0.0,54739692
2015-03-03,4.935185432434082,8.829999923706055,0.0,9.010000228881836,8.793999671936035,8.991000175476074,0.0,27709533
2015-03-04,4.968720436096191,8.890000343322754,0.0,8.916000366210938,8.746000289916992,8.86299991607666,0.0,20962166
2015-03-05,5.01343297958374,8.970000267028809,0.0,9.0,8.883999824523926,8.92300033569336,0.0,36732875
2015-03-06,5.0458502769470215,9.027999877929688,0.0,9.0600004196167,8.930000305175781,8.975000381469727,0.0,31654284
2015-03-09,5.02517032623291,8.991000175476074,0.0,9.010000228881836,8.881999969482422,8.95300006866455,0.0,49129433
2015-03-10,4.976544380187988,8.904000282287598,0.0,9.010000228881836,8.800000190734863,8.994999885559082,0.0,30372841
2015-03-11,5.041937351226807,9.020999908447266,0.0,9.034000396728516,8.87600040435791,8.946999549865723,0.0,35273249
2015-03-12,5.0777082443237305,9.085000038146973,0.0,9.114999771118164,9.003000259399414,9.020000457763672,0.0,40033802
2015-03-13,5.102858543395996,9.130000114440918,0.0,9.156000137329102,9.041000366210938,9.130999565124512,0.0,64577394
2015-03-16,5.1296868324279785,9.178000450134277,0.0,9.246999740600586,9.133000373840332,9.15999984741211,0.0,34483543
2015-03-17,5.073235988616943,9.07699966430664,0.0,9.199000358581543,9.003999710083008,9.178000450134277,0.0,84106117
2015-03-18,5.041937351226807,9.020999908447266,0.0,9.11400032043457,8.916000366210938,9.086000442504883,0.0,43029185
2015-03-19,5.072119235992432,9.074999809265137,0.0,9.154999732971191,9.01200008392334,9.029999732971191,0.0,72946827
2015-03-20,5.2358784675598145,9.368000030517578,0.0,9.430000305175781,9.039999961853027,9.072999954223633,0.0,67032854
2015-03-23,5.259353160858154,9.40999984741211,0.0,9.446999549865723,9.289999961853027,9.312000274658203,0.0,66276269
2015-03-24,5.343189716339111,9.5600004196167,0.0,9.598999977111816,9.376999855041504,9.380000114440918,0.0,38169872
2015-03-25,5.302947521209717,9.48799991607666,0.0,9.59000015258789,9.430000305175781,9.527999877929688,0.0,22707031
2015-03-26,5.309654712677002,9.5,0.0,9.505000114440918,9.342000007629395,9.454999923706055,0.0,52223178
2015-03-27,5.271650314331055,9.432000160217285,0.0,9.545000076293945,9.420999526977539,9.520000457763672,0.0,36538412
2015-03-30,5.332855701446533,9.40999984741211,0.13,9.454999923706055,9.350000381469727,9.402000427246094,0.0,81289918
2015-03-31,5.331722736358643,9.407999992370605,0.0,9.489999771118164,9.326000213623047,9.366999626159668,0.0,39690265
2015-04-01,5.434865474700928,9.59000015258789,0.0,9.59000015258789,9.343999862670898,9.364999771118164,0.0,43955719
2015-04-02,5.475102424621582,9.66100025177002,0.0,9.678999900817871,9.553000450134277,9.593999862670898,0.0,38250038
2015-04-07,5.511374473571777,9.725000381469727,0.0,9.772000312805176,9.694000244140625,9.699999809265137,0.0,58590272
2015-04-08,5.437132835388184,9.593999862670898,0.0,9.746000289916992,9.543000221252441,9.708000183105469,0.0,45475684
2015-04-09,5.4615020751953125,9.63700008392334,0.0,9.666999816894531,9.572999954223633,9.64900016784668,0.0,32626555
2015-04-10,5.417864799499512,9.5600004196167,0.0,9.668999671936035,9.479999542236328,9.666999816894531,0.0,27158810
2015-04-13,5.5040059089660645,9.711999893188477,0.0,9.725000381469727,9.539999961853027,9.557999610900879,0.0,17277364
2015-04-14,5.416164398193359,9.557000160217285,0.0,9.744999885559082,9.491999626159668,9.659000396728516,0.0,48097931
2015-04-15,5.473402500152588,9.657999992370605,0.0,9.71399974822998,9.569999694824219,9.600000381469727,0.0,110188833
2015-04-16,5.3441901206970215,9.430000305175781,0.0,9.682000160217285,9.385000228881836,9.677000045776367,0.0,48105080
2015-04-17,5.2132768630981445,9.199000358581543,0.0,9.454000473022461,9.130000114440918,9.395000457763672,0.0,46402842
2015-04-20,5.199676513671875,9.175000190734863,0.0,9.199999809265137,9.104999542236328,9.192000389099121,0.0,38183821
2015-04-21,5.250681400299072,9.265000343322754,0.0,9.34000015258789,9.147000312805176,9.180000305175781,0.0,54242153
2015-04-22,5.266549587249756,9.293000221252441,0.0,9.362000465393066,9.149999618530273,9.307999610900879,0.0,42636730
2015-04-23,5.311319351196289,9.371999740600586,0.0,9.371999740600586,9.15999984741211,9.329000473022461,0.0,29690074
2015-04-24,5.311319351196289,9.371999740600586,0.0,9.526000022888184,9.279000282287598,9.380000114440918,0.0,28033939
2015-04-27,5.389528274536133,9.510000228881836,0.0,9.571000099182129,9.234999656677246,9.420000076293945,0.0,45961769
2015-04-28,5.357224941253662,9.45300006866455,0.0,9.52299976348877,9.395000457763672,9.52299976348877,0.0,44131668
2015-04-29,5.154338359832764,9.095000267028809,0.0,9.399999618530273,9.079999923706055,9.390000343322754,0.0,62338761
2015-04-30,5.100499153137207,9.0,0.0,9.109000205993652,8.970000267028809,9.057999610900879,0.0,52693293
2015-05-04,5.1231689453125,9.039999961853027,0.0,9.107999801635742,8.885000228881836,9.0,0.0,31077013
2015-05-05,5.001323223114014,8.824999809265137,0.0,9.149999618530273,8.800000190734863,9.029000282287598,0.0,41102200
2015-05-06,5.071596145629883,8.949000358581543,0.0,8.996000289916992,8.831000328063965,8.842000007629395,0.0,31701186
2015-05-07,5.100499153137207,9.0,0.0,9.045000076293945,8.795000076293945,8.927000045776367,0.0,31565343
2015-05-08,5.174739837646484,9.130999565124512,0.0,9.133999824523926,9.008000373840332,9.060999870300293,0.0,46359536
2015-05-11,5.152637958526611,9.092000007629395,0.0,9.140000343322754,9.029999732971191,9.128000259399414,0.0,25043084
2015-05-12,5.124302387237549,9.041999816894531,0.0,9.074000358581543,8.956000328063965,9.005000114440918,0.0,38813411
2015-05-13,5.1197686195373535,9.034000396728516,0.0,9.168000221252441,9.003000259399414,9.057999610900879,0.0,22608532
2015-05-14,5.190608501434326,9.159000396728516,0.0,9.201000213623047,8.944999694824219,9.03600025177002,0.0,28567221
2015-05-15,5.140738010406494,9.071000099182129,0.0,9.21500015258789,9.020000457763672,9.194999694824219,0.0,33900739
2015-05-18,5.115234375,9.026000022888184,0.0,9.079999923706055,8.913000106811523,9.0600004196167,0.0,34719219
2015-05-19,5.221211910247803,9.213000297546387,0.0,9.229999542236328,9.081999778747559,9.09000015258789,0.0,32903220
2015-05-20,5.273349761962891,9.305000305175781,0.0,9.333999633789062,9.17199993133545,9.190999984741211,0.0,46480113
2015-05-21,5.281283378601074,9.319000244140625,0.0,9.319000244140625,9.201000213623047,9.260000228881836,0.0,20076022
2015-05-22,5.267116069793701,9.293999671936035,0.0,9.335000038146973,9.267000198364258,9.321000099182129,0.0,16107265
2015-05-25,5.157172679901123,9.100000381469727,0.0,9.199000358581543,9.029999732971191,9.109999656677246,0.0,12557437
2015-05-26,5.098232269287109,8.996000289916992,0.0,9.112000465393066,8.935999870300293,9.041000366210938,0.0,73492915
2015-05-27,5.195140838623047,9.166999816894531,0.0,9.208000183105469,8.989999771118164,9.038000106811523,0.0,24311729
2015-05-28,5.152637958526611,9.092000007629395,0.0,9.16100025177002,9.005000114440918,9.119999885559082,0.0,27912673
2015-05-29,5.096532344818115,8.993000030517578,0.0,9.13700008392334,8.961999893188477,9.092000007629395,0.0,49709887
2015-06-01,5.096532344818115,8.993000030517578,0.0,9.093999862670898,8.932999610900879,9.022000312805176,0.0,23879089
2015-06-02,5.140169143676758,9.069999694824219,0.0,9.15999984741211,8.911999702453613,9.0600004196167,0.0,24371406
2015-06-03,5.186075687408447,9.151000022888184,0.0,9.229999542236328,9.045000076293945,9.128999710083008,0.0,21811528
2015-06-04,5.141870021820068,9.072999954223633,0.0,9.204999923706055,8.972000122070312,9.059000015258789,0.0,23384650
2015-06-05,5.094832897186279,8.989999771118164,0.0,9.038999557495117,8.895000457763672,8.989999771118164,0.0,23344984
2015-06-08,4.998489856719971,8.819999694824219,0.0,8.956999778747559,8.819999694824219,8.869999885559082,0.0,72779242
2015-06-09,5.0132246017456055,8.845999717712402,0.0,8.87399959564209,8.670000076293945,8.8100004196167,0.0,36066710
2015-06-10,5.116368770599365,9.027999877929688,0.0,9.065999984741211,8.741999626159668,8.779000282287598,0.0,35462785
2015-06-11,5.1486711502075195,9.085000038146973,0.0,9.154999732971191,8.97599983215332,9.0,0.0,27397209
2015-06-12,5.116368770599365,9.027999877929688,0.0,9.140000343322754,8.902000427246094,9.057999610900879,0.0,25013863
2015-06-15,5.017756938934326,8.854000091552734,0.0,8.947999954223633,8.770000457763672,8.873000144958496,0.0,25377522
2015-06-16,5.04949426651001,8.90999984741211,0.0,8.927000045776367,8.70199966430664,8.791999816894531,0.0,39088024
2015-06-17,5.012091636657715,8.843999862670898,0.0,8.979999542236328,8.8149995803833,8.930999755859375,0.0,27845246
2015-06-18,5.048929214477539,8.909000396728516,0.0,8.918999671936035,8.690999984741211,8.789999961853027,0.0,51889870
2015-06-19,5.114667892456055,9.024999618530273,0.0,9.086999893188477,8.906000137329102,8.927000045776367,0.0,65105586
2015-06-22,5.3283233642578125,9.402000427246094,0.0,9.430000305175781,9.182000160217285,9.199999809265137,0.0,103167206
2015-06-23,5.320387363433838,9.387999534606934,0.0,9.477999687194824,9.368000030517578,9.449999809265137,0.0,34506363
2015-06-24,5.2863850593566895,9.32800006866455,0.0,9.430999755859375,9.220000267028809,9.430000305175781,0.0,50889165
2015-06-25,5.284118175506592,9.324000358581543,0.0,9.463000297546387,9.222000122070312,9.295999526977539,0.0,28878396
2015-06-26,5.320387363433838,9.387999534606934,0.0,9.458000183105469,9.22700023651123,9.295999526977539,0.0,23373073
2015-06-29,5.000189304351807,8.822999954223633,0.0,9.0,8.510000228881836,8.609999656677246,0.0,122974887
2015-06-30,4.982621669769287,8.791999816894531,0.0,8.970000267028809,8.739999771118164,8.8100004196167,0.0,72606523
2015-07-01,5.079531192779541,8.963000297546387,0.0,9.092000007629395,8.812999725341797,8.890000343322754,0.0,107143021
2015-07-02,5.009824275970459,8.84000015258789,0.0,8.998000144958496,8.8149995803833,8.961999893188477,0.0,104350253
2015-07-03,5.008123397827148,8.836999893188477,0.0,8.859999656677246,8.732000350952148,8.84000015258789,0.0,24846207
2015-07-06,4.845475196838379,8.550000190734863,0.0,8.708000183105469,8.5,8.640000343322754,0.0,101720465
2015-07-07,4.733262538909912,8.35200023651123,0.0,8.59000015258789,8.335000038146973,8.57699966430664,0.0,94771184
2015-07-08,4.794469356536865,8.460000038146973,0.0,8.515000343322754,8.315999984741211,8.37600040435791,0.0,80802433
2015-07-09,4.942951202392578,8.722000122070312,0.0,8.774999618530273,8.493000030517578,8.5,0.0,235120338
2015-07-10,5.111267566680908,9.019000053405762,0.0,9.079000473022461,8.89799976348877,8.9399995803833,0.0,117786260
2015-07-13,5.229145526885986,9.22700023651123,0.0,9.28499984741211,9.112000465393066,9.199000358581543,0.0,34161201
2015-07-14,5.258615493774414,9.279000282287598,0.0,9.279000282287598,9.138999938964844,9.187000274658203,0.0,40851828
2015-07-15,5.251814365386963,9.267000198364258,0.0,9.29699993133545,9.208000183105469,9.279999732971191,0.0,24806071
2015-07-16,5.3541412353515625,9.366000175476074,0.08,9.390000343322754,9.255000114440918,9.258999824523926,0.0,110001691
2015-07-17,5.343278884887695,9.347000122070312,0.0,9.399999618530273,9.302000045776367,9.399999618530273,0.0,96090592
2015-07-20,5.371862888336182,9.397000312805176,0.0,9.46399974822998,9.342000007629395,9.342000007629395,0.0,59442765
2015-07-21,5.343850135803223,9.347999572753906,0.0,9.442999839782715,9.310999870300293,9.407999992370605,0.0,86147194
2015-07-22,5.371862888336182,9.397000312805176,0.0,9.446999549865723,9.260000228881836,9.289999961853027,0.0,100526697
2015-07-23,5.365002632141113,9.385000228881836,0.0,9.449999809265137,9.359000205993652,9.449999809265137,0.0,141597910
2015-07-24,5.314696311950684,9.29699993133545,0.0,9.399999618530273,9.270000457763672,9.35099983215332,0.0,67884611
2015-07-27,5.22494649887085,9.140000343322754,0.0,9.246000289916992,9.119999885559082,9.229999542236328,0.0,88710611
2015-07-28,5.314124584197998,9.295999526977539,0.0,9.309000015258789,9.149999618530273,9.157999992370605,0.0,51056144
2015-07-29,5.318127632141113,9.303000450134277,0.0,9.338000297546387,9.204999923706055,9.321999549865723,0.0,29622797
2015-07-30,5.2969746589660645,9.265999794006348,0.0,9.347999572753906,9.163000106811523,9.333999633789062,0.0,48198384
2015-07-31,5.26724910736084,9.21399974822998,0.0,9.29699993133545,9.020000457763672,9.291000366210938,0.0,32917798
2015-08-03,5.307265758514404,9.284000396728516,0.0,9.307000160217285,9.149999618530273,9.163000106811523,0.0,42848572
2015-08-04,5.212942600250244,9.119000434875488,0.0,9.284000396728516,9.069999694824219,9.284000396728516,0.0,29820933
2015-08-05,5.290114879608154,9.253999710083008,0.0,9.279999732971191,9.119999885559082,9.175999641418457,0.0,20549380
2015-08-06,5.299261569976807,9.270000457763672,0.0,9.295999526977539,9.211999893188477,9.22700023651123,0.0,15397539
2015-08-07,5.299833297729492,9.270999908447266,0.0,9.295000076293945,9.211999893188477,9.291000366210938,0.0,18080862
2015-08-10,5.3541412353515625,9.366000175476074,0.0,9.390000343322754,9.239999771118164,9.300000190734863,0.0,17459608
2015-08-11,5.298690319061279,9.269000053405762,0.0,9.392999649047852,9.246999740600586,9.338000297546387,0.0,32449452
2015-08-12,5.158634185791016,9.02400016784668,0.0,9.208000183105469,8.970000267028809,9.199999809265137,0.0,27195206
2015-08-13,5.177499771118164,9.057000160217285,0.0,9.177000045776367,9.045000076293945,9.109000205993652,0.0,14555228
2015-08-14,5.149488925933838,9.008000373840332,0.0,9.130000114440918,8.947999954223633,9.039999961853027,0.0,28539046
2015-08-17,5.1534905433654785,9.015000343322754,0.0,9.13700008392334,8.890999794006348,9.092000007629395,0.0,19619257
2015-08-18,5.130052089691162,8.973999977111816,0.0,9.045999526977539,8.914999961853027,8.996000289916992,0.0,13242849
2015-08-19,5.02829647064209,8.795999526977539,0.0,8.972999572753906,8.795999526977539,8.90999984741211,0.0,37835656
2015-08-20,4.922540187835693,8.611000061035156,0.0,8.812000274658203,8.569999694824219,8.772000312805176,0.0,37178780
2015-08-21,4.766478061676025,8.338000297546387,0.0,8.644000053405762,8.338000297546387,8.5,0.0,41301339
2015-08-24,4.53324031829834,7.929999828338623,0.0,8.192000389099121,7.695000171661377,8.100000381469727,0.0,86477991
2015-08-25,4.705882549285889,8.232000350952148,0.0,8.298999786376953,7.97599983215332,8.03499984741211,0.0,38871095
2015-08-26,4.624706268310547,8.09000015258789,0.0,8.218999862670898,8.005000114440918,8.140999794006348,0.0,36591955
2015-08-27,4.766478061676025,8.338000297546387,0.0,8.399999618530273,8.255000114440918,8.324999809265137,0.0,30912563
2015-08-28,4.777910232543945,8.357999801635742,0.0,8.375,8.241999626159668,8.347999572753906,0.0,21902856
2015-08-31,4.723603248596191,8.262999534606934,0.0,8.333999633789062,8.211000442504883,8.3100004196167,0.0,18874613
2015-09-01,4.565253734588623,7.986000061035156,0.0,8.166000366210938,7.916999816894531,8.149999618530273,0.0,39869058
2015-09-02,4.557251453399658,7.9720001220703125,0.0,8.100000381469727,7.888000011444092,8.015000343322754,0.0,24394230
2015-09-03,4.604698181152344,8.055000305175781,0.0,8.135000228881836,7.965000152587891,8.029999732971191,0.0,31268263
2015-09-04,4.4966559410095215,7.866000175476074,0.0,7.980000019073486,7.7779998779296875,7.949999809265137,0.0,27885186
2015-09-07,4.480647563934326,7.8379998207092285,0.0,7.966000080108643,7.8379998207092285,7.906000137329102,0.0,13516945
2015-09-08,4.506943225860596,7.883999824523926,0.0,8.012999534606934,7.86899995803833,7.880000114440918,0.0,20820879
2015-09-09,4.590406894683838,8.029999732971191,0.0,8.185999870300293,8.005000114440918,8.069000244140625,0.0,28238733
2015-09-10,4.501229286193848,7.874000072479248,0.0,8.001999855041504,7.849999904632568,7.979000091552734,0.0,21342113
2015-09-11,4.458925724029541,7.800000190734863,0.0,7.925000190734863,7.763999938964844,7.921999931335449,0.0,33692105
2015-09-14,4.43891716003418,7.764999866485596,0.0,7.889999866485596,7.723999977111816,7.839000225067139,0.0,30744969
2015-09-15,4.478933811187744,7.835000038146973,0.0,7.888999938964844,7.699999809265137,7.770999908447266,0.0,50527068
2015-09-16,4.565253734588623,7.986000061035156,0.0,7.989999771118164,7.875,7.895999908447266,0.0,48006042
2015-09-17,4.600697040557861,8.04800033569336,0.0,8.093000411987305,7.96999979019165,7.9710001945495605,0.0,26531847
2015-09-18,4.405191421508789,7.705999851226807,0.0,7.954999923706055,7.689000129699707,7.953999996185303,0.0,138085619
2015-09-21,4.415480136871338,7.723999977111816,0.0,7.788000106811523,7.656000137329102,7.675000190734863,0.0,43366355
2015-09-22,4.288572311401367,7.501999855041504,0.0,7.723999977111816,7.456999778747559,7.723999977111816,0.0,115798422
2015-09-23,4.2359795570373535,7.409999847412109,0.0,7.589000225067139,7.409999847412109,7.4720001220703125,0.0,70681873
2015-09-24,4.1913909912109375,7.331999778747559,0.0,7.498000144958496,7.2820000648498535,7.4120001792907715,0.0,40957973
2015-09-25,4.289715766906738,7.504000186920166,0.0,7.560999870300293,7.409999847412109,7.447999954223633,0.0,41615069
2015-09-28,4.204538822174072,7.355000019073486,0.0,7.566999912261963,7.315000057220459,7.493000030517578,0.0,21596019
2015-09-29,4.289144515991211,7.502999782562256,0.0,7.565000057220459,7.260000228881836,7.281000137329102,0.0,45511869
2015-09-30,4.333161354064941,7.579999923706055,0.0,7.676000118255615,7.570000171661377,7.6529998779296875,0.0,25095497
2015-10-01,4.339449405670166,7.591000080108643,0.0,7.699999809265137,7.572000026702881,7.686999797821045,0.0,87729237
2015-10-02,4.292572498321533,7.508999824523926,0.0,7.63100004196167,7.375,7.624000072479248,0.0,39613356
2015-10-05,4.408714294433594,7.630000114440918,0.08,7.679999828338623,7.531000137329102,7.60699987411499,0.0,33302994
2015-10-06,4.453205585479736,7.706999778747559,0.0,7.739999771118164,7.565000057220459,7.650000095367432,0.0,22619913
2015-10-07,4.572813034057617,7.914000034332275,0.0,8.017999649047852,7.728000164031982,7.7870001792907715,0.0,88249561
2015-10-08,4.5612568855285645,7.894000053405762,0.0,7.945000171661377,7.826000213623047,7.873000144958496,0.0,89411495
2015-10-09,4.676241397857666,8.093000411987305,0.0,8.104000091552734,7.949999809265137,7.9710001945495605,0.0,79545447
2015-10-12,4.65428352355957,8.055000305175781,0.0,8.154999732971191,8.015000343322754,8.083000183105469,0.0,35918098
2015-10-13,4.558944225311279,7.889999866485596,0.0,8.022000312805176,7.875,8.022000312805176,0.0,49754313
2015-10-14,4.518499374389648,7.820000171661377,0.0,7.918000221252441,7.790999889373779,7.860000133514404,0.0,50827827
2015-10-15,4.5832133293151855,7.932000160217285,0.0,7.9679999351501465,7.875,7.88700008392334,0.0,28773094
2015-10-16,4.644461631774902,8.038000106811523,0.0,8.060999870300293,7.942999839782715,7.980000019073486,0.0,66970052
2015-10-19,4.608058929443359,7.974999904632568,0.0,8.119000434875488,7.936999797821045,8.04800033569336,0.0,49522665
2015-10-20,4.581480026245117,7.928999900817871,0.0,8.0,7.849999904632568,7.98199987411499,0.0,55998721
2015-10-21,4.587835788726807,7.940000057220459,0.0,7.994999885559082,7.8520002365112305,7.9629998207092285,0.0,19209641
2015-10-22,4.690686225891113,8.118000030517578,0.0,8.184000015258789,7.895999908447266,7.90500020980835,0.0,35211453
2015-10-23,4.6877970695495605,8.11299991607666,0.0,8.279000282287598,8.09000015258789,8.199999809265137,0.0,30781380
2015-10-26,4.705132484436035,8.142999649047852,0.0,8.210000038146973,8.0600004196167,8.10200023651123,0.0,33270282
2015-10-27,4.647928237915039,8.043999671936035,0.0,8.13599967956543,8.01200008392334,8.130000114440918,0.0,18963241
2015-10-28,4.734023571014404,8.192999839782715,0.0,8.220000267028809,8.027999877929688,8.038000106811523,0.0,40778488
2015-10-29,4.692420482635498,8.121000289916992,0.0,8.270000457763672,8.01099967956543,8.267999649047852,0.0,27596777
2015-10-30,4.530054569244385,7.840000152587891,0.0,7.90500020980835,7.715000152587891,7.800000190734863,0.0,116955204
2015-11-02,4.541611671447754,7.860000133514404,0.0,7.913000106811523,7.775000095367432,7.800000190734863,0.0,41024178
2015-11-03,4.567612648010254,7.90500020980835,0.0,7.918000221252441,7.820000171661377,7.854000091552734,0.0,37871458
2015-11-04,4.582057476043701,7.929999828338623,0.0,8.050000190734863,7.892000198364258,7.940000057220459,0.0,27650202
2015-11-05,4.4872965812683105,7.765999794006348,0.0,7.949999809265137,7.739999771118164,7.929999828338623,0.0,34077059
2015-11-06,4.587835788726807,7.940000057220459,0.0,8.005999565124512,7.764999866485596,7.765999794006348,0.0,45879270
2015-11-09,4.550278186798096,7.875,0.0,8.005000114440918,7.875,7.949999809265137,0.0,15726975
2015-11-10,4.512141704559326,7.809000015258789,0.0,7.948999881744385,7.775000095367432,7.888000011444092,0.0,18639266
2015-11-11,4.519655227661133,7.822000026702881,0.0,7.925000190734863,7.789999961853027,7.814000129699707,0.0,23977522
2015-11-12,4.353821754455566,7.534999847412109,0.0,7.817999839782715,7.5320000648498535,7.793000221252441,0.0,38065285
2015-11-13,4.372311592102051,7.566999912261963,0.0,7.617000102996826,7.460999965667725,7.519999980926514,0.0,51973029
2015-11-16,4.366533279418945,7.557000160217285,0.0,7.630000114440918,7.473999977111816,7.474999904632568,0.0,16985147
2015-11-17,4.450894355773926,7.703000068664551,0.0,7.734000205993652,7.614999771118164,7.625,0.0,22783170
2015-11-18,4.438759803771973,7.682000160217285,0.0,7.716000080108643,7.650000095367432,7.681000232696533,0.0,22008428
2015-11-19,4.512141704559326,7.809000015258789,0.0,7.894999980926514,7.745999813079834,7.752999782562256,0.0,27267044
2015-11-20,4.46938419342041,7.735000133514404,0.0,7.874000072479248,7.710000038146973,7.8429999351501465,0.0,29291384
2015-11-23,4.492496967315674,7.775000095367432,0.0,7.817999839782715,7.673999786376953,7.718999862670898,0.0,26628329
2015-11-24,4.4855637550354,7.763000011444092,0.0,7.763000011444092,7.625,7.738999843597412,0.0,32704805
2015-11-25,4.486140727996826,7.763999938964844,0.0,7.800000190734863,7.630000114440918,7.756999969482422,0.0,54727021
2015-11-26,4.547389507293701,7.869999885559082,0.0,7.909999847412109,7.702000141143799,7.760000228881836,0.0,15175036
2015-11-27,4.51792049407959,7.818999767303467,0.0,7.925000190734863,7.808000087738037,7.8460001945495605,0.0,32216789
2015-11-30,4.539299964904785,7.855999946594238,0.0,7.9070000648498535,7.769000053405762,7.810999870300293,0.0,29451008
2015-12-01,4.539876937866211,7.85699987411499,0.0,7.940000057220459,7.827000141143799,7.889999866485596,0.0,18103488
2015-12-02,4.424893379211426,7.6579999923706055,0.0,7.881999969482422,7.639999866485596,7.828000068664551,0.0,38449235
2015-12-03,4.2891058921813965,7.422999858856201,0.0,7.690000057220459,7.380000114440918,7.650000095367432,0.0,55928812
2015-12-04,4.263105392456055,7.377999782562256,0.0,7.429999828338623,7.239999771118164,7.349999904632568,0.0,37977047
2015-12-07,4.223237037658691,7.309000015258789,0.0,7.445000171661377,7.284999847412109,7.435999870300293,0.0,27693687
2015-12-08,4.129051685333252,7.145999908447266,0.0,7.291999816894531,7.105000019073486,7.2769999504089355,0.0,59962410
2015-12-09,4.1411848068237305,7.166999816894531,0.0,7.250999927520752,7.025000095367432,7.1529998779296875,0.0,73366748
2015-12-10,4.140608310699463,7.165999889373779,0.0,7.243000030517578,7.072999954223633,7.11899995803833,0.0,37552006
2015-12-11,4.041224479675293,6.99399995803833,0.0,7.184999942779541,6.980000019073486,7.145999908447266,0.0,32934693
2015-12-14,3.930284261703491,6.802000045776367,0.0,7.079999923706055,6.802000045776367,7.026000022888184,0.0,45179319
2015-12-15,4.00366735458374,6.928999900817871,0.0,6.985000133514404,6.809999942779541,6.820000171661377,0.0,47000135
2015-12-16,4.041802406311035,6.994999885559082,0.0,7.058000087738037,6.875,7.019999980926514,0.0,107978949
2015-12-17,4.120385646820068,7.13100004196167,0.0,7.232999801635742,7.0929999351501465,7.1529998779296875,0.0,97990749
2015-12-18,4.068959712982178,7.041999816894531,0.0,7.129000186920166,6.949999809265137,7.057000160217285,0.0,62142774
2015-12-21,3.8771259784698486,6.710000038146973,0.0,6.942999839782715,6.710000038146973,6.900000095367432,0.0,65190728
2015-12-22,3.9002370834350586,6.75,0.0,6.809999942779541,6.695000171661377,6.784999847412109,0.0,78427956
2015-12-23,4.00308895111084,6.927999973297119,0.0,6.97599983215332,6.809000015258789,6.840000152587891,0.0,110648794
2015-12-24,4.010600566864014,6.940999984741211,0.0,7.014999866485596,6.901000022888184,6.960000038146973,0.0,8312312
2015-12-28,3.961486339569092,6.855999946594238,0.0,7.002999782562256,6.827000141143799,6.954999923706055,0.0,17331710
2015-12-29,3.9678423404693604,6.867000102996826,0.0,6.900000095367432,6.815999984741211,6.890999794006348,0.0,26453060
2015-12-30,3.94992995262146,6.835999965667725,0.0,6.885000228881836,6.800000190734863,6.84499979019165,0.0,10257877
2015-12-31,3.8938815593719482,6.738999843597412,0.0,6.849999904632568,6.718999862670898,6.849999904632568,0.0,15262514
2016-01-04,3.813565969467163,6.599999904632568,0.0,6.689000129699707,6.544000148773193,6.670000076293945,0.0,110561068
2016-01-05,3.8389902114868164,6.644000053405762,0.0,6.875999927520752,6.590000152587891,6.872000217437744,0.0,252932297
2016-01-06,3.756941318511963,6.501999855041504,0.0,6.624000072479248,6.439000129699707,6.61899995803833,0.0,177932162
2016-01-07,3.7089827060699463,6.419000148773193,0.0,6.445000171661377,6.285999774932861,6.349999904632568,0.0,102025798
2016-01-08,3.625199317932129,6.27400016784668,0.0,6.485000133514404,6.252999782562256,6.451000213623047,0.0,37018821
2016-01-11,3.6188433170318604,6.263000011444092,0.0,6.380000114440918,6.199999809265137,6.199999809265137,0.0,109751428
2016-01-12,3.6328892707824707,6.206999778747559,0.08,6.341000080108643,6.125999927520752,6.21999979019165,0.0,166598354
2016-01-13,3.6334755420684814,6.208000183105469,0.0,6.355000019073486,6.151000022888184,6.263999938964844,0.0,149124118
2016-01-14,3.5936760902404785,6.139999866485596,0.0,6.199999809265137,6.035999774932861,6.197000026702881,0.0,66396293
2016-01-15,3.4561333656311035,5.90500020980835,0.0,6.133999824523926,5.866000175476074,6.110000133514404,0.0,92903825
2016-01-18,3.402872085571289,5.814000129699707,0.0,5.961999893188477,5.795000076293945,5.888999938964844,0.0,109895173
2016-01-19,3.41048002243042,5.827000141143799,0.0,5.96999979019165,5.814000129699707,5.929999828338623,0.0,144967242
2016-01-20,3.2834722995758057,5.610000133514404,0.0,5.7210001945495605,5.546000003814697,5.715000152587891,0.0,115997510
2016-01-21,3.3730218410491943,5.763000011444092,0.0,5.815000057220459,5.574999809265137,5.617000102996826,0.0,76638959
2016-01-22,3.487738609313965,5.959000110626221,0.0,6.0269999504089355,5.826000213623047,5.913000106811523,0.0,90011250
2016-01-25,3.377119541168213,5.769999980926514,0.0,6.02400016784668,5.73199987411499,6.013999938964844,0.0,54691252
2016-01-26,3.4596447944641113,5.910999774932861,0.0,5.910999774932861,5.625,5.656000137329102,0.0,96507236
2016-01-27,3.460815906524658,5.913000106811523,0.0,5.921999931335449,5.807000160217285,5.890999794006348,0.0,22312481
2016-01-28,3.3420019149780273,5.710000038146973,0.0,5.985000133514404,5.670000076293945,5.879000186920166,0.0,42808993
2016-01-29,3.4508650302886963,5.895999908447266,0.0,5.908999919891357,5.75,5.811999797821045,0.0,33691014
2016-02-01,3.395263433456421,5.801000118255615,0.0,5.960000038146973,5.754000186920166,5.927999973297119,0.0,30520313
2016-02-02,3.275864839553833,5.5970001220703125,0.0,5.789999961853027,5.53000020980835,5.770999908447266,0.0,38293991
2016-02-03,3.205043315887451,5.47599983215332,0.0,5.650000095367432,5.311999797821045,5.6020002365112305,0.0,52514858
2016-02-04,3.3759491443634033,5.76800012588501,0.0,5.789999961853027,5.434000015258789,5.564000129699707,0.0,44621999
2016-02-05,3.4549622535705566,5.9029998779296875,0.0,5.940000057220459,5.670000076293945,5.758999824523926,0.0,43884957
2016-02-08,3.2612314224243164,5.572000026702881,0.0,5.988999843597412,5.534999847412109,5.988999843597412,0.0,32339627
2016-02-09,3.109055995941162,5.311999797821045,0.0,5.718999862670898,5.2769999504089355,5.572000026702881,0.0,53582791
2016-02-10,3.303372383117676,5.644000053405762,0.0,5.739999771118164,5.372000217437744,5.409999847412109,0.0,50476539
2016-02-11,3.0675015449523926,5.241000175476074,0.0,5.553999900817871,5.241000175476074,5.553999900817871,0.0,59329543
2016-02-12,3.220261335372925,5.501999855041504,0.0,5.501999855041504,5.260000228881836,5.326000213623047,0.0,54745447
2016-02-15,3.3139073848724365,5.6620001792907715,0.0,5.736999988555908,5.559999942779541,5.7170000076293945,0.0,54118188
2016-02-16,3.2846438884735107,5.611999988555908,0.0,5.739999771118164,5.525000095367432,5.739999771118164,0.0,42865397
2016-02-17,3.4180893898010254,5.840000152587891,0.0,5.853000164031982,5.6020002365112305,5.6479997634887695,0.0,37640376
2016-02-18,3.310396194458008,5.656000137329102,0.0,5.928999900817871,5.613999843597412,5.900000095367432,0.0,45598481
2016-02-19,3.241917610168457,5.539000034332275,0.0,5.724999904632568,5.440999984741211,5.635000228881836,0.0,38976404
2016-02-22,3.368924379348755,5.75600004196167,0.0,5.757999897003174,5.579999923706055,5.603000164031982,0.0,29450829
2016-02-23,3.2752790451049805,5.5960001945495605,0.0,5.869999885559082,5.586999893188477,5.703999996185303,0.0,31358887
2016-02-24,3.126615047454834,5.3420000076293945,0.0,5.5929999351501465,5.302999973297119,5.573999881744385,0.0,45416645
2016-02-25,3.195679187774658,5.460000038146973,0.0,5.539000034332275,5.394999980926514,5.440000057220459,0.0,36113966
2016-02-26,3.3759491443634033,5.76800012588501,0.0,5.797999858856201,5.514999866485596,5.53000020980835,0.0,43321493
2016-02-29,3.426867961883545,5.855000019073486,0.0,5.855000019073486,5.603000164031982,5.678999900817871,0.0,36082156
2016-03-01,3.467839002609253,5.925000190734863,0.0,5.933000087738037,5.7779998779296875,5.830999851226807,0.0,26499586
2016-03-02,3.6211843490600586,6.186999797821045,0.0,6.229000091552734,5.96999979019165,5.989999771118164,0.0,39169123
2016-03-03,3.6422548294067383,6.2230000495910645,0.0,6.260000228881836,6.11899995803833,6.210000038146973,0.0,47607243
2016-03-04,3.6492786407470703,6.235000133514404,0.0,6.318999767303467,6.144000053405762,6.263999938964844,0.0,31364028
2016-03-07,3.611233711242676,6.170000076293945,0.0,6.26800012588501,6.019999980926514,6.2179999351501465,0.0,33256740
2016-03-08,3.5679235458374023,6.0960001945495605,0.0,6.25,6.021999835968018,6.076000213623047,0.0,59758100
2016-03-09,3.5427558422088623,6.052999973297119,0.0,6.170000076293945,6.006999969482422,6.090000152587891,0.0,28808344
2016-03-10,3.5907509326934814,6.135000228881836,0.0,6.480000019073486,5.965000152587891,6.059999942779541,0.0,66125772
2016-03-11,3.8131589889526367,6.514999866485596,0.0,6.538000106811523,6.260000228881836,6.296000003814697,0.0,47546278
2016-03-14,3.830718517303467,6.545000076293945,0.0,6.664999961853027,6.531000137329102,6.599999904632568,0.0,53901329
2016-03-15,3.717172384262085,6.35099983215332,0.0,6.531000137329102,6.311999797821045,6.505000114440918,0.0,37067189
2016-03-16,3.6943464279174805,6.311999797821045,0.0,6.445000171661377,6.215000152587891,6.35099983215332,0.0,56819593
2016-03-17,3.7019546031951904,6.324999809265137,0.0,6.445000171661377,6.119999885559082,6.435999870300293,0.0,61612513
2016-03-18,3.734145402908325,6.380000114440918,0.0,6.465000152587891,6.230999946594238,6.340000152587891,0.0,57456588
2016-03-21,3.6873221397399902,6.300000190734863,0.0,6.454999923706055,6.2789998054504395,6.316999912261963,0.0,32057356
2016-03-22,3.6650805473327637,6.26200008392334,0.0,6.26200008392334,6.123000144958496,6.236999988555908,0.0,119298601
2016-03-23,3.596017360687256,6.144000053405762,0.0,6.323999881744385,6.10099983215332,6.288000106811523,0.0,53492358
2016-03-24,3.516417980194092,6.007999897003174,0.0,6.13700008392334,5.97599983215332,6.089000225067139,0.0,46231226
2016-03-29,3.4807159900665283,5.947000026702881,0.0,6.130000114440918,5.9039998054504395,6.074999809265137,0.0,33692382
2016-03-30,3.481886148452759,5.948999881744385,0.0,6.070000171661377,5.945000171661377,6.005000114440918,0.0,52624919
2016-03-31,3.419260263442993,5.8420000076293945,0.0,5.960000038146973,5.801000118255615,5.9120001792907715,0.0,48015796
2016-04-01,3.3630728721618652,5.745999813079834,0.0,5.89900016784668,5.699999809265137,5.76200008392334,0.0,143053448
2016-04-04,3.365412950515747,5.75,0.0,5.840000152587891,5.692999839782715,5.745999813079834,0.0,26306436
2016-04-05,3.2929677963256836,5.5,0.129,5.607999801635742,5.484000205993652,5.585000038146973,0.0,36016584
2016-04-06,3.273808717727661,5.4679999351501465,0.0,5.618000030517578,5.422999858856201,5.5,0.0,118925123
2016-04-07,3.1875922679901123,5.323999881744385,0.0,5.480000019073486,5.302000045776367,5.46999979019165,0.0,50197788
2016-04-08,3.2372875213623047,5.4070000648498535,0.0,5.4720001220703125,5.318999767303467,5.318999767303467,0.0,53926635
2016-04-11,3.269617795944214,5.460999965667725,0.0,5.554999828338623,5.349999904632568,5.409999847412109,0.0,87652451
2016-04-12,3.293566942214966,5.500999927520752,0.0,5.617000102996826,5.383999824523926,5.51200008392334,0.0,71710514
2016-04-13,3.4947376251220703,5.836999893188477,0.0,5.836999893188477,5.579999923706055,5.605999946594238,0.0,99668713
2016-04-14,3.534851312637329,5.9039998054504395,0.0,5.914999961853027,5.7230000495910645,5.8460001945495605,0.0,85325517
2016-04-15,3.547424793243408,5.925000190734863,0.0,5.949999809265137,5.840000152587891,5.894999980926514,0.0,41727321
2016-04-18,3.5701756477355957,5.9629998207092285,0.0,5.988999843597412,5.760000228881836,5.813000202178955,0.0,35114029
2016-04-19,3.6025075912475586,6.017000198364258,0.0,6.059999942779541,5.9629998207092285,5.993000030517578,0.0,48625081
2016-04-20,3.81026291847229,6.363999843597412,0.0,6.370999813079834,6.007999897003174,6.046000003814697,0.0,100957305
2016-04-21,3.887498140335083,6.493000030517578,0.0,6.545000076293945,6.361999988555908,6.400000095367432,0.0,109773066
2016-04-22,3.921625852584839,6.550000190734863,0.0,6.573999881744385,6.445000171661377,6.465000152587891,0.0,58498371
2016-04-25,3.8419957160949707,6.416999816894531,0.0,6.570000171661377,6.374000072479248,6.525000095367432,0.0,37058877
2016-04-26,4.045560836791992,6.756999969482422,0.0,6.757999897003174,6.421999931335449,6.421999931335449,0.0,64113757
2016-04-27,4.035382270812988,6.739999771118164,0.0,6.803999900817871,6.664999961853027,6.71999979019165,0.0,41686693
2016-04-28,3.7617666721343994,6.2829999923706055,0.0,6.400000095367432,6.127999782562256,6.400000095367432,0.0,102578415
2016-04-29,3.582150459289551,5.982999801635742,0.0,6.218999862670898,5.942999839782715,6.150000095367432,0.0,63202962
2016-05-02,3.557603597640991,5.941999912261963,0.0,6.017000198364258,5.892000198364258,6.0,0.0,23286628
2016-05-03,3.4216930866241455,5.715000152587891,0.0,5.942999839782715,5.675000190734863,5.929999828338623,0.0,44368801
2016-05-04,3.3444578647613525,5.585999965667725,0.0,5.75600004196167,5.579999923706055,5.685999870300293,0.0,69811215
2016-05-05,3.322305202484131,5.548999786376953,0.0,5.688000202178955,5.507999897003174,5.619999885559082,0.0,38503527
2016-05-06,3.3684067726135254,5.625999927520752,0.0,5.715000152587891,5.4710001945495605,5.540999889373779,0.0,41110159
2016-05-09,3.309133291244507,5.5269999504089355,0.0,5.73799991607666,5.5,5.704999923706055,0.0,36381305
2016-05-10,3.3719990253448486,5.631999969482422,0.0,5.703999996185303,5.578000068664551,5.610000133514404,0.0,27742040
2016-05-11,3.300750494003296,5.513000011444092,0.0,5.659999847412109,5.440000057220459,5.639999866485596,0.0,30819177
2016-05-12,3.28159236907959,5.480999946594238,0.0,5.605000019073486,5.420000076293945,5.478000164031982,0.0,31499914
2016-05-13,3.2989556789398193,5.510000228881836,0.0,5.566999912261963,5.385000228881836,5.443999767303467,0.0,24639462
2016-05-16,3.3157198429107666,5.538000106811523,0.0,5.551000118255615,5.432000160217285,5.4670000076293945,0.0,16277151
2016-05-17,3.3594260215759277,5.611000061035156,0.0,5.72599983215332,5.552000045776367,5.585000038146973,0.0,32320105
2016-05-18,3.3827767372131348,5.650000095367432,0.0,5.699999809265137,5.535999774932861,5.578999996185303,0.0,31991715
2016-05-19,3.3360755443573,5.572000026702881,0.0,5.747000217437744,5.565999984741211,5.6519999504089355,0.0,26610643
2016-05-20,3.3725974559783936,5.632999897003174,0.0,5.659999847412109,5.580999851226807,5.605999946594238,0.0,34929715
2016-05-23,3.322904109954834,5.550000190734863,0.0,5.675000190734863,5.538000106811523,5.625999927520752,0.0,21904866
2016-05-24,3.465399980545044,5.788000106811523,0.0,5.804999828338623,5.520999908447266,5.540999889373779,0.0,28707653
2016-05-25,3.64801025390625,6.0929999351501465,0.0,6.135000228881836,5.835999965667725,5.848999977111816,0.0,47768236
2016-05-26,3.6186726093292236,6.044000148773193,0.0,6.063000202178955,5.934999942779541,6.0,0.0,34205787
2016-05-27,3.6270546913146973,6.058000087738037,0.0,6.122000217437744,5.998000144958496,6.008999824523926,0.0,24727213
2016-05-30,3.634239435195923,6.070000171661377,0.0,6.09499979019165,6.013000011444092,6.070000171661377,0.0,11084127
2016-05-31,3.5689783096313477,5.960999965667725,0.0,6.10699987411499,5.9070000648498535,6.079999923706055,0.0,26942749
2016-06-01,3.4971320629119873,5.841000080108643,0.0,5.980000019073486,5.784999847412109,5.961999893188477,0.0,23330744
2016-06-02,3.4971320629119873,5.841000080108643,0.0,6.044000148773193,5.824999809265137,5.828000068664551,0.0,47204307
2016-06-03,3.4204962253570557,5.7129998207092285,0.0,5.900000095367432,5.639999866485596,5.869999885559082,0.0,30870998
2016-06-06,3.428278923034668,5.72599983215332,0.0,5.811999797821045,5.669000148773193,5.699999809265137,0.0,19296283
2016-06-07,3.4336671829223633,5.735000133514404,0.0,5.833000183105469,5.699999809265137,5.760000228881836,0.0,23445296
2016-06-08,3.3690056800842285,5.626999855041504,0.0,5.718999862670898,5.591000080108643,5.718999862670898,0.0,23104109
2016-06-09,3.3360755443573,5.572000026702881,0.0,5.656000137329102,5.556000232696533,5.599999904632568,0.0,37000816
2016-06-10,3.1977710723876953,5.341000080108643,0.0,5.552000045776367,5.331999778747559,5.550000190734863,0.0,40745101
2016-06-13,3.0858099460601807,5.1539998054504395,0.0,5.293000221252441,5.131999969482422,5.28000020980835,0.0,41345449
2016-06-14,3.0157601833343506,5.0370001792907715,0.0,5.179999828338623,5.013000011444092,5.114999771118164,0.0,42800098
2016-06-15,3.070842742919922,5.129000186920166,0.0,5.232999801635742,5.065000057220459,5.098999977111816,0.0,44483397
2016-06-16,3.0977845191955566,5.173999786376953,0.0,5.183000087738037,5.005000114440918,5.034999847412109,0.0,64378770
2016-06-17,3.2312989234924316,5.396999835968018,0.0,5.420000076293945,5.267000198364258,5.281000137329102,0.0,89984977
2016-06-20,3.3258979320526123,5.554999828338623,0.0,5.627999782562256,5.486000061035156,5.591000080108643,0.0,47929492
2016-06-21,3.3414645195007324,5.580999851226807,0.0,5.610000133514404,5.519999980926514,5.525000095367432,0.0,57736923
2016-06-22,3.3678083419799805,5.625,0.0,5.692999839782715,5.539000034332275,5.63100004196167,0.0,37512619
2016-06-23,3.460010528564453,5.7789998054504395,0.0,5.797999858856201,5.572999954223633,5.646999835968018,0.0,45799853
2016-06-24,2.9002065658569336,4.843999862670898,0.0,5.144999980926514,4.5,4.5,0.0,207612400
2016-06-27,2.851710319519043,4.763000011444092,0.0,5.150000095367432,4.666999816894531,5.139999866485596,0.0,119067231
2016-06-28,2.9043972492218018,4.85099983215332,0.0,4.988999843597412,4.830999851226807,4.906000137329102,0.0,91223020
2016-06-29,3.0037856101989746,5.017000198364258,0.0,5.0269999504089355,4.929999828338623,4.956999778747559,0.0,104237102
2016-06-30,3.0319254398345947,5.064000129699707,0.0,5.123000144958496,4.9019999504089355,5.0269999504089355,0.0,91625257
2016-07-01,3.0660526752471924,5.120999813079834,0.0,5.184999942779541,4.980999946594238,5.123000144958496,0.0,45380551
2016-07-04,3.0552754402160645,5.103000164031982,0.0,5.171999931335449,5.0269999504089355,5.140999794006348,0.0,62469363
2016-07-05,2.981632709503174,4.980000019073486,0.0,5.105999946594238,4.9629998207092285,5.050000190734863,0.0,111878884
2016-07-06,2.927476167678833,4.810999870300293,0.08,4.922999858856201,4.742000102996826,4.849999904632568,0.0,46194152
2016-07-07,2.9536421298980713,4.854000091552734,0.0,4.920000076293945,4.802000045776367,4.849999904632568,0.0,29229700
2016-07-08,3.045525074005127,5.005000114440918,0.0,5.085999965667725,4.791999816894531,4.834000110626221,0.0,34043847
2016-07-11,3.0771663188934326,5.057000160217285,0.0,5.085000038146973,4.916999816894531,5.050000190734863,0.0,181999617
2016-07-12,3.209820032119751,5.275000095367432,0.0,5.294000148773193,5.033999919891357,5.056000232696533,0.0,43381349
2016-07-13,3.1860873699188232,5.236000061035156,0.0,5.409999847412109,5.140999794006348,5.235000133514404,0.0,40855769
2016-07-14,3.256673574447632,5.3520002365112305,0.0,5.396999835968018,5.281000137329102,5.318999767303467,0.0,111502133
2016-07-15,3.2524144649505615,5.34499979019165,0.0,5.438000202178955,5.236999988555908,5.335999965667725,0.0,71732356
2016-07-18,3.1611392498016357,5.195000171661377,0.0,5.348999977111816,5.09499979019165,5.296999931335449,0.0,67502167
2016-07-19,3.1319315433502197,5.146999835968018,0.0,5.264999866485596,5.103000164031982,5.173999786376953,0.0,110767379
2016-07-20,3.1629645824432373,5.197999954223633,0.0,5.243000030517578,5.136000156402588,5.199999809265137,0.0,23930672
2016-07-21,3.1933889389038086,5.248000144958496,0.0,5.303999900817871,5.158999919891357,5.203000068664551,0.0,83218805
2016-07-22,3.1970407962799072,5.254000186920166,0.0,5.288000106811523,5.198999881744385,5.21999979019165,0.0,30432850
2016-07-25,3.1489696502685547,5.175000190734863,0.0,5.2769999504089355,5.144000053405762,5.24399995803833,0.0,22430017
2016-07-26,3.1221954822540283,5.13100004196167,0.0,5.182000160217285,5.043000221252441,5.160999774932861,0.0,24206328
2016-07-27,3.178786039352417,5.223999977111816,0.0,5.2779998779296875,5.140999794006348,5.142000198364258,0.0,27041462
2016-07-28,3.0656049251556396,5.038000106811523,0.0,5.228000164031982,5.026000022888184,5.201000213623047,0.0,24898014
2016-07-29,3.179393768310547,5.224999904632568,0.0,5.289000034332275,5.119999885559082,5.215000152587891,0.0,38154278
2016-08-01,3.060736894607544,5.03000020980835,0.0,5.300000190734863,4.97599983215332,5.260000228881836,0.0,47000078
2016-08-02,2.911655902862549,4.784999847412109,0.0,5.004000186920166,4.761000156402588,5.000999927520752,0.0,50478750
2016-08-03,2.9420809745788574,4.835000038146973,0.0,4.88100004196167,4.75600004196167,4.833000183105469,0.0,43521489
2016-08-04,3.016925811767578,4.958000183105469,0.0,5.019999980926514,4.874000072479248,4.876999855041504,0.0,32782011
2016-08-05,3.0960304737091064,5.0879998207092285,0.0,5.093999862670898,4.960000038146973,5.0,0.0,27510203
2016-08-08,3.117327928543091,5.123000144958496,0.0,5.197000026702881,5.110000133514404,5.122000217437744,0.0,22588870
2016-08-09,3.1775684356689453,5.2220001220703125,0.0,5.23199987411499,5.0920000076293945,5.130000114440918,0.0,26989559
2016-08-10,3.209820032119751,5.275000095367432,0.0,5.297999858856201,5.166999816894531,5.181000232696533,0.0,21451885
2016-08-11,3.2268567085266113,5.302999973297119,0.0,5.316999912261963,5.232999801635742,5.300000190734863,0.0,13256155
2016-08-12,3.2067768573760986,5.269999980926514,0.0,5.335000038146973,5.265999794006348,5.289999961853027,0.0,12179246
2016-08-15,3.2159042358398438,5.284999847412109,0.0,5.309999942779541,5.249000072479248,5.264999866485596,0.0,8263127
2016-08-16,3.206167697906494,5.269000053405762,0.0,5.311999797821045,5.229000091552734,5.264999866485596,0.0,23855331
2016-08-17,3.15018630027771,5.177000045776367,0.0,5.315000057220459,5.173999786376953,5.308000087738037,0.0,11495267
2016-08-18,3.1635730266571045,5.198999881744385,0.0,5.239999771118164,5.129000186920166,5.230000019073486,0.0,12016215
2016-08-19,3.0978548526763916,5.091000080108643,0.0,5.190000057220459,5.039000034332275,5.188000202178955,0.0,17909839
2016-08-22,3.1228041648864746,5.131999969482422,0.0,5.183000087738037,5.078999996185303,5.093999862670898,0.0,13289554
2016-08-23,3.182436943054199,5.230000019073486,0.0,5.255000114440918,5.136000156402588,5.140999794006348,0.0,37346278
2016-08-24,3.2889232635498047,5.40500020980835,0.0,5.408999919891357,5.21999979019165,5.258999824523926,0.0,43671448
2016-08-25,3.2511963844299316,5.3429999351501465,0.0,5.39900016784668,5.317999839782715,5.36299991607666,0.0,17525425
2016-08-26,3.30352783203125,5.428999900817871,0.0,5.442999839782715,5.328000068664551,5.340000152587891,0.0,12577006
2016-08-29,3.293792486190796,5.413000106811523,0.0,5.464000225067139,5.372000217437744,5.4019999504089355,0.0,8221034
2016-08-30,3.358900547027588,5.519999980926514,0.0,5.53000020980835,5.4120001792907715,5.420000076293945,0.0,27069395
2016-08-31,3.394193649291992,5.578000068664551,0.0,5.633999824523926,5.48799991607666,5.5,0.0,33778824
2016-09-01,3.406363010406494,5.5980000495910645,0.0,5.734000205993652,5.564000129699707,5.578000068664551,0.0,28568009
2016-09-02,3.4623453617095947,5.690000057220459,0.0,5.701000213623047,5.515999794006348,5.619999885559082,0.0,19277121
2016-09-05,3.465996503829956,5.696000099182129,0.0,5.735000133514404,5.639999866485596,5.690000057220459,0.0,16642036
2016-09-06,3.402711868286133,5.5920000076293945,0.0,5.739999771118164,5.590000152587891,5.734000205993652,0.0,19130209
2016-09-07,3.4422645568847656,5.6570000648498535,0.0,5.679999828338623,5.546000003814697,5.629000186920166,0.0,16420204
2016-09-08,3.4994640350341797,5.750999927520752,0.0,5.764999866485596,5.605000019073486,5.6570000648498535,0.0,24212245
2016-09-09,3.465388298034668,5.695000171661377,0.0,5.8420000076293945,5.693999767303467,5.739999771118164,0.0,28044028
2016-09-12,3.3808064460754395,5.556000232696533,0.0,5.599999904632568,5.465000152587891,5.565000057220459,0.0,25511115
2016-09-13,3.301093816757202,5.425000190734863,0.0,5.607999801635742,5.425000190734863,5.572999954223633,0.0,34630480
2016-09-14,3.2645833492279053,5.364999771118164,0.0,5.438000202178955,5.3480000495910645,5.429999828338623,0.0,27236326
2016-09-15,3.2420694828033447,5.328000068664551,0.0,5.440000057220459,5.281000137329102,5.39300012588501,0.0,26232850
2016-09-16,3.1836535930633545,5.23199987411499,0.0,5.320000171661377,5.216000080108643,5.298999786376953,0.0,64231569
2016-09-19,3.201908588409424,5.26200008392334,0.0,5.316999912261963,5.25,5.309000015258789,0.0,18869084
2016-09-20,3.1868786811828613,5.237299919128418,0.0,5.28000020980835,5.202000141143799,5.230999946594238,0.0,21819142
2016-09-21,3.269451856613159,5.373000144958496,0.0,5.418000221252441,5.316999912261963,5.369999885559082,0.0,23885161
2016-09-22,3.361334800720215,5.52400016784668,0.0,5.552999973297119,5.390999794006348,5.426000118255615,0.0,63784751
2016-09-23,3.338212251663208,5.486000061035156,0.0,5.50600004196167,5.409999847412109,5.4770002365112305,0.0,25176775
2016-09-26,3.2317254543304443,5.310999870300293,0.0,5.425000190734863,5.244999885559082,5.425000190734863,0.0,69202353
2016-09-27,3.223205804824829,5.296999931335449,0.0,5.400000095367432,5.236999988555908,5.400000095367432,0.0,26363756
2016-09-28,3.251805067062378,5.343999862670898,0.0,5.420000076293945,5.320000171661377,5.333000183105469,0.0,18302567
2016-09-29,3.2560644149780273,5.35099983215332,0.0,5.432000160217285,5.334000110626221,5.400000095367432,0.0,20241190
2016-09-30,3.274928569793701,5.381999969482422,0.0,5.388999938964844,5.10099983215332,5.199999809265137,0.0,59443516
2016-10-03,3.26628041267395,5.288000106811523,0.08,5.348999977111816,5.241000175476074,5.283999919891357,0.0,18194113
2016-10-04,3.2817230224609375,5.313000202178955,0.0,5.35099983215332,5.252999782562256,5.304999828338623,0.0,24883495
2016-10-05,3.3471970558166504,5.419000148773193,0.0,5.434999942779541,5.25,5.260000228881836,0.0,34272644
2016-10-06,3.372520923614502,5.460000038146973,0.0,5.547999858856201,5.434999942779541,5.447999954223633,0.0,100068085
2016-10-07,3.352755069732666,5.427999973297119,0.0,5.52400016784668,5.359000205993652,5.485000133514404,0.0,23365045
2016-10-10,3.375610113143921,5.465000152587891,0.0,5.478000164031982,5.3429999351501465,5.4079999923706055,0.0,36150247
2016-10-11,3.4762911796569824,5.627999782562256,0.0,5.644000053405762,5.421999931335449,5.458000183105469,0.0,70061105
2016-10-12,3.4923508167266846,5.6539998054504395,0.0,5.73799991607666,5.624000072479248,5.63700008392334,0.0,24496836
2016-10-13,3.423170566558838,5.541999816894531,0.0,5.6020002365112305,5.46999979019165,5.6020002365112305,0.0,33072245
2016-10-14,3.5219995975494385,5.702000141143799,0.0,5.744999885559082,5.565999984741211,5.578999996185303,0.0,27708293
2016-10-17,3.534970283508301,5.7230000495910645,0.0,5.78000020980835,5.665999889373779,5.683000087738037,0.0,29097839
2016-10-18,3.641211986541748,5.894999980926514,0.0,5.926000118255615,5.757999897003174,5.794000148773193,0.0,58623444
2016-10-19,3.713479518890381,6.01200008392334,0.0,6.019000053405762,5.8520002365112305,5.928999900817871,0.0,45123186
2016-10-20,3.831455945968628,6.203000068664551,0.0,6.229000091552734,6.038000106811523,6.061999797821045,0.0,68071004
2016-10-21,3.811073064804077,6.170000076293945,0.0,6.25,6.111000061035156,6.203000068664551,0.0,44040362
2016-10-24,3.933372735977173,6.368000030517578,0.0,6.4070000648498535,6.230000019073486,6.25,0.0,42170551
2016-10-25,3.892606019973755,6.302000045776367,0.0,6.383999824523926,6.263000011444092,6.376999855041504,0.0,32684935
2016-10-26,3.9716689586639404,6.429999828338623,0.0,6.429999828338623,6.317999839782715,6.320000171661377,0.0,32292779
2016-10-27,4.082850933074951,6.610000133514404,0.0,6.610000133514404,6.408999919891357,6.480000019073486,0.0,56223559
2016-10-28,4.070497512817383,6.590000152587891,0.0,6.610000133514404,6.500999927520752,6.599999904632568,0.0,60180564
2016-10-31,4.063085556030273,6.578000068664551,0.0,6.599999904632568,6.489999771118164,6.5,0.0,42090228
2016-11-01,3.9753756523132324,6.435999870300293,0.0,6.644999980926514,6.421999931335449,6.619999885559082,0.0,31379278
2016-11-02,3.8178675174713135,6.181000232696533,0.0,6.349999904632568,6.181000232696533,6.3470001220703125,0.0,44351496
2016-11-03,3.8641934394836426,6.25600004196167,0.0,6.3429999351501465,6.183000087738037,6.201000213623047,0.0,29791726
2016-11-04,3.8271329402923584,6.196000099182129,0.0,6.243000030517578,6.125,6.223999977111816,0.0,25201765
2016-11-07,3.9469621181488037,6.389999866485596,0.0,6.440999984741211,6.3480000495910645,6.410999774932861,0.0,23927381
2016-11-08,4.008729457855225,6.489999771118164,0.0,6.5289998054504395,6.390999794006348,6.440000057220459,0.0,30526603
2016-11-09,3.78018856048584,6.119999885559082,0.0,6.123000144958496,5.849999904632568,5.913000106811523,0.0,174978962
2016-11-10,3.7369508743286133,6.050000190734863,0.0,6.2829999923706055,5.980000019073486,6.179999828338623,0.0,74358920
2016-11-11,3.6517117023468018,5.9120001792907715,0.0,6.130000114440918,5.877999782562256,6.11299991607666,0.0,42853840
2016-11-14,3.6634480953216553,5.931000232696533,0.0,6.03000020980835,5.815000057220459,5.965000152587891,0.0,45560111
2016-11-15,3.7060675621032715,6.0,0.0,6.014999866485596,5.836999893188477,5.933000087738037,0.0,32069182
2016-11-16,3.6869194507598877,5.968999862670898,0.0,6.105000019073486,5.909999847412109,6.043000221252441,0.0,32393923
2016-11-17,3.723979949951172,6.0289998054504395,0.0,6.039999961853027,5.900000095367432,5.920000076293945,0.0,35282741
2016-11-18,3.6189751625061035,5.859000205993652,0.0,6.076000213623047,5.859000205993652,6.070000171661377,0.0,87046558
2016-11-21,3.615886926651001,5.854000091552734,0.0,5.874000072479248,5.785999774932861,5.855999946594238,0.0,24383589
2016-11-22,3.628857135772705,5.875,0.0,5.926000118255615,5.854000091552734,5.900000095367432,0.0,19637124
2016-11-23,3.6115620136260986,5.8470001220703125,0.0,5.894000053405762,5.751999855041504,5.880000114440918,0.0,27829210
2016-11-24,3.596120834350586,5.822000026702881,0.0,5.867000102996826,5.7820000648498535,5.804999828338623,0.0,16245187
2016-11-25,3.5646185874938965,5.770999908447266,0.0,5.801000118255615,5.732999801635742,5.796999931335449,0.0,18111851
2016-11-28,3.536823034286499,5.72599983215332,0.0,5.7769999504089355,5.684999942779541,5.75,0.0,18798089
2016-11-29,3.570178270339966,5.78000020980835,0.0,5.816999912261963,5.684999942779541,5.690000057220459,0.0,22173527
2016-11-30,3.598590850830078,5.826000213623047,0.0,5.860000133514404,5.745999813079834,5.769999980926514,0.0,32992915
2016-12-01,3.6257691383361816,5.869999885559082,0.0,5.889999866485596,5.785999774932861,5.820000171661377,0.0,25597691
2016-12-02,3.575120210647583,5.788000106811523,0.0,5.848999977111816,5.750999927520752,5.800000190734863,0.0,24625377
2016-12-05,3.6115620136260986,5.8470001220703125,0.0,5.914999961853027,5.670000076293945,5.703000068664551,0.0,23790515
2016-12-06,3.781424045562744,6.122000217437744,0.0,6.14900016784668,5.839000225067139,5.869999885559082,0.0,33806082
2016-12-07,3.830221652984619,6.201000213623047,0.0,6.260000228881836,6.135000228881836,6.175000190734863,0.0,36172108
2016-12-08,4.001317024230957,6.478000164031982,0.0,6.579999923706055,6.192999839782715,6.21999979019165,0.0,61932019
2016-12-09,3.9617855548858643,6.414000034332275,0.0,6.47599983215332,6.3429999351501465,6.445000171661377,0.0,42058427
2016-12-12,3.933990716934204,6.36899995803833,0.0,6.465000152587891,6.3520002365112305,6.400000095367432,0.0,32110351
2016-12-13,3.996375322341919,6.46999979019165,0.0,6.48199987411499,6.251999855041504,6.334000110626221,0.0,39320662
2016-12-14,3.934607982635498,6.369999885559082,0.0,6.493000030517578,6.369999885559082,6.438000202178955,0.0,37032365
2016-12-15,4.035907745361328,6.533999919891357,0.0,6.547999858856201,6.389999866485596,6.395999908447266,0.0,39787526
2016-12-16,4.047025680541992,6.552000045776367,0.0,6.605000019073486,6.464000225067139,6.519999980926514,0.0,100465167
2016-12-19,3.9988465309143066,6.473999977111816,0.0,6.546999931335449,6.453000068664551,6.53000020980835,0.0,19486426
2016-12-20,4.024171352386475,6.514999866485596,0.0,6.557000160217285,6.434000015258789,6.449999809265137,0.0,30954041
2016-12-21,3.9871113300323486,6.454999923706055,0.0,6.547999858856201,6.357999801635742,6.494999885559082,0.0,36362414
2016-12-22,3.980316162109375,6.443999767303467,0.0,6.486999988555908,6.4070000648498535,6.422999858856201,0.0,12615459
2016-12-23,3.990199089050293,6.460000038146973,0.0,6.53000020980835,6.429999828338623,6.486000061035156,0.0,10998044
2016-12-27,3.980316162109375,6.443999767303467,0.0,6.459000110626221,6.400000095367432,6.420000076293945,0.0,6562347
2016-12-28,3.9617855548858643,6.414000034332275,0.0,6.461999893188477,6.374000072479248,6.449999809265137,0.0,12438014
2016-12-29,3.937696695327759,6.375,0.0,6.394999980926514,6.326000213623047,6.330999851226807,0.0,16543873
2016-12-30,3.9617855548858643,6.414000034332275,0.0,6.414000034332275,6.334000110626221,6.368000030517578,0.0,15092392
2017-01-02,3.97784686088562,6.440000057220459,0.0,6.473999977111816,6.374000072479248,6.459000110626221,0.0,19607737
2017-01-03,4.055055618286133,6.565000057220459,0.0,6.685999870300293,6.452000141143799,6.480000019073486,0.0,160332414
2017-01-04,4.0118184089660645,6.494999885559082,0.0,6.60099983215332,6.434000015258789,6.585000038146973,0.0,179333129
2017-01-05,4.026025772094727,6.51800012588501,0.0,6.553999900817871,6.436999797821045,6.4629998207092285,0.0,144550880
2017-01-06,4.055673599243164,6.565999984741211,0.0,6.578000068664551,6.453999996185303,6.53000020980835,0.0,113930823
2017-01-09,4.037760257720947,6.5370001792907715,0.0,6.589000225067139,6.46999979019165,6.585000038146973,0.0,33421900
2017-01-10,3.975226640701294,6.35699987411499,0.08,6.464000225067139,6.343999862670898,6.464000225067139,0.0,98132610
2017-01-11,3.845158576965332,6.14900016784668,0.0,6.329999923706055,6.120999813079834,6.329999923706055,0.0,96047571
2017-01-12,3.825773239135742,6.118000030517578,0.0,6.2179999351501465,6.034999847412109,6.099999904632568,0.0,31491231
2017-01-13,3.8995633125305176,6.236000061035156,0.0,6.302999973297119,6.138000011444092,6.159999847412109,0.0,86007013
2017-01-16,3.8395304679870605,6.139999866485596,0.0,6.178999900817871,6.111000061035156,6.164999961853027,0.0,51069191
2017-01-17,3.8326518535614014,6.129000186920166,0.0,6.177999973297119,6.091000080108643,6.119999885559082,0.0,160809033
2017-01-18,3.8376550674438477,6.13700008392334,0.0,6.175000190734863,6.0929999351501465,6.159999847412109,0.0,108035084
2017-01-19,3.825148344039917,6.117000102996826,0.0,6.189000129699707,6.0879998207092285,6.165999889373779,0.0,85487738
2017-01-20,3.8282742500305176,6.122000217437744,0.0,6.184999942779541,6.099999904632568,6.138000011444092,0.0,36164836
2017-01-23,3.805762767791748,6.085999965667725,0.0,6.119999885559082,6.010000228881836,6.072000026702881,0.0,32722475
2017-01-24,3.9189469814300537,6.267000198364258,0.0,6.269999980926514,6.0929999351501465,6.110000133514404,0.0,44258490
2017-01-25,4.0427632331848145,6.465000152587891,0.0,6.5320000648498535,6.340000152587891,6.349999904632568,0.0,46973058
2017-01-26,4.010245323181152,6.413000106811523,0.0,6.568999767303467,6.38700008392334,6.521999835968018,0.0,34914763
2017-01-27,3.9921109676361084,6.383999824523926,0.0,6.4079999923706055,6.275000095367432,6.40500020980835,0.0,28575827
2017-01-30,3.9477128982543945,6.313000202178955,0.0,6.394999980926514,6.298999786376953,6.3379998207092285,0.0,18157751
2017-01-31,3.923950433731079,6.275000095367432,0.0,6.440000057220459,6.270999908447266,6.323999881744385,0.0,25278830
2017-02-01,3.869546890258789,6.188000202178955,0.0,6.432000160217285,6.10099983215332,6.420000076293945,0.0,57064424
2017-02-02,3.8314015865325928,6.126999855041504,0.0,6.165999889373779,6.065000057220459,6.150000095367432,0.0,44245028
2017-02-03,3.8657946586608887,6.182000160217285,0.0,6.2170000076293945,6.119999885559082,6.170000076293945,0.0,37690071
2017-02-06,3.827023506164551,6.119999885559082,0.0,6.249000072479248,6.099999904632568,6.216000080108643,0.0,23254523
2017-02-07,3.8195202350616455,6.107999801635742,0.0,6.163000106811523,6.051000118255615,6.099999904632568,0.0,19695978
2017-02-08,3.7719950675964355,6.0320000648498535,0.0,6.173999786376953,5.915999889373779,6.15500020980835,0.0,49043832
2017-02-09,3.7851266860961914,6.052999973297119,0.0,6.063000202178955,5.954999923706055,6.039999961853027,0.0,49844215
2017-02-10,3.735100269317627,5.9730000495910645,0.0,6.125,5.949999809265137,6.117000102996826,0.0,30270635
2017-02-13,3.789504289627075,6.059999942779541,0.0,6.093999862670898,5.945000171661377,6.000999927520752,0.0,22224425
2017-02-14,3.8920581340789795,6.223999977111816,0.0,6.244999885559082,6.035999774932861,6.071000099182129,0.0,52411055
2017-02-15,4.014623641967773,6.420000076293945,0.0,6.46999979019165,6.349999904632568,6.360000133514404,0.0,57833734
2017-02-16,3.948338270187378,6.314000129699707,0.0,6.428999900817871,6.281000137329102,6.400000095367432,0.0,25294971
2017-02-17,3.902064085006714,6.239999771118164,0.0,6.340000152587891,6.178999900817871,6.322999954223633,0.0,33666684
2017-02-20,3.9064407348632812,6.247000217437744,0.0,6.326000213623047,6.23199987411499,6.296999931335449,0.0,22118845
2017-02-21,3.8958098888397217,6.230000019073486,0.0,6.290999889373779,6.144999980926514,6.2220001220703125,0.0,15577400
2017-02-22,3.8764257431030273,6.198999881744385,0.0,6.315000057220459,6.114999771118164,6.230999946594238,0.0,30509640
2017-02-23,3.8426568508148193,6.144999980926514,0.0,6.224999904632568,6.113999843597412,6.2179999351501465,0.0,28695875
2017-02-24,3.7982590198516846,6.073999881744385,0.0,6.186999797821045,6.006999969482422,6.159999847412109,0.0,28972838
2017-02-27,3.8339028358459473,6.13100004196167,0.0,6.158999919891357,6.079999923706055,6.090000152587891,0.0,15711177
2017-02-28,3.863293409347534,6.177999973297119,0.0,6.197999954223633,6.114999771118164,6.1539998054504395,0.0,31188548
2017-03-01,3.9771029949188232,6.360000133514404,0.0,6.375,6.216000080108643,6.21999979019165,0.0,32617818
2017-03-02,3.9864838123321533,6.375,0.0,6.447999954223633,6.310999870300293,6.361999988555908,0.0,26860631
2017-03-03,4.118427753448486,6.585999965667725,0.0,6.590000152587891,6.340000152587891,6.369999885559082,0.0,48236879
2017-03-06,4.128433704376221,6.6020002365112305,0.0,6.6529998779296875,6.531000137329102,6.554999828338623,0.0,28217134
2017-03-07,4.1221795082092285,6.5920000076293945,0.0,6.6020002365112305,6.5289998054504395,6.5920000076293945,0.0,16726168
2017-03-08,4.147192478179932,6.631999969482422,0.0,6.697000026702881,6.576000213623047,6.598999977111816,0.0,26414734
2017-03-09,4.302900314331055,6.88100004196167,0.0,6.89900016784668,6.60699987411499,6.607999801635742,0.0,52657784
2017-03-10,4.309778213500977,6.892000198364258,0.0,7.013000011444092,6.821000099182129,6.896999835968018,0.0,51039834
2017-03-13,4.304776668548584,6.883999824523926,0.0,6.938000202178955,6.810999870300293,6.89900016784668,0.0,16862832
2017-03-14,4.2497477531433105,6.796000003814697,0.0,6.900000095367432,6.7729997634887695,6.89900016784668,0.0,21699995
2017-03-15,4.277887344360352,6.841000080108643,0.0,6.919000148773193,6.793000221252441,6.793000221252441,0.0,27586179
2017-03-16,4.412333965301514,7.056000232696533,0.0,7.0980000495910645,6.931000232696533,6.9770002365112305,0.0,60788046
2017-03-17,4.427966594696045,7.080999851226807,0.0,7.176000118255615,7.056000232696533,7.085999965667725,0.0,67175349
2017-03-20,4.429843425750732,7.084000110626221,0.0,7.138000011444092,7.019999980926514,7.041999816894531,0.0,18424436
2017-03-21,4.452979564666748,7.120999813079834,0.0,7.235000133514404,7.086999893188477,7.164000034332275,0.0,34580017
2017-03-22,4.471114635467529,7.150000095367432,0.0,7.228000164031982,6.96999979019165,7.063000202178955,0.0,117249163
2017-03-23,4.508009433746338,7.209000110626221,0.0,7.23199987411499,7.105000019073486,7.170000076293945,0.0,31287746
2017-03-24,4.4955034255981445,7.189000129699707,0.0,7.208000183105469,7.133999824523926,7.1570000648498535,0.0,52763703
2017-03-27,4.496752738952637,7.190999984741211,0.0,7.195000171661377,7.043000221252441,7.066999912261963,0.0,45987236
2017-03-28,4.543652534484863,7.265999794006348,0.0,7.289000034332275,7.192999839782715,7.210000038146973,0.0,46609886
2017-03-29,4.491750717163086,7.183000087738037,0.0,7.315000057220459,7.120999813079834,7.289999961853027,0.0,35157185
2017-03-30,4.508634567260742,7.210000038146973,0.0,7.216000080108643,7.118000030517578,7.177000045776367,0.0,20032057
2017-03-31,4.546154022216797,7.269999980926514,0.0,7.269999980926514,7.140999794006348,7.179999828338623,0.0,37177222
2017-04-03,4.423251628875732,6.946000099182129,0.131,7.1620001792907715,6.934999942779541,7.145999908447266,0.0,38870467
2017-04-04,4.446176052093506,6.98199987411499,0.0,7.010000228881836,6.8470001220703125,6.948999881744385,0.0,26742495
2017-04-05,4.492025852203369,7.053999900817871,0.0,7.119999885559082,6.995999813079834,7.0,0.0,31863781
2017-04-06,4.541696071624756,7.131999969482422,0.0,7.145999908447266,6.940000057220459,6.965000152587891,0.0,27129121
2017-04-07,4.534691333770752,7.120999813079834,0.0,7.140999794006348,7.0279998779296875,7.086999893188477,0.0,47359426
2017-04-10,4.485021114349365,7.043000221252441,0.0,7.11299991607666,7.019999980926514,7.10099983215332,0.0,40586192
2017-04-11,4.471648216247559,7.021999835968018,0.0,7.078000068664551,6.96999979019165,6.991000175476074,0.0,52551200
2017-04-12,4.425798416137695,6.949999809265137,0.0,7.0960001945495605,6.910999774932861,7.059999942779541,0.0,44883350
2017-04-13,4.365938186645508,6.855999946594238,0.0,6.949999809265137,6.801000118255615,6.940000057220459,0.0,34749187
2017-04-18,4.325819492340088,6.793000221252441,0.0,6.885000228881836,6.74399995803833,6.869999885559082,0.0,24913033
2017-04-19,4.418156623840332,6.938000202178955,0.0,6.965000152587891,6.802999973297119,6.811999797821045,0.0,124232158
2017-04-20,4.470374584197998,7.019999980926514,0.0,7.074999809265137,6.908999919891357,6.931000232696533,0.0,38413990
2017-04-21,4.5181355476379395,7.09499979019165,0.0,7.146999835968018,6.9629998207092285,7.059999942779541,0.0,47690158
2017-04-24,4.848637104034424,7.613999843597412,0.0,7.613999843597412,7.389999866485596,7.499000072479248,0.0,96462708
2017-04-25,4.85882568359375,7.630000114440918,0.0,7.697999954223633,7.525000095367432,7.650000095367432,0.0,45236080
2017-04-26,4.8473639488220215,7.611999988555908,0.0,7.704999923706055,7.5229997634887695,7.699999809265137,0.0,39533289
2017-04-27,4.747384548187256,7.454999923706055,0.0,7.5879998207092285,7.34499979019165,7.550000190734863,0.0,45616293
2017-04-28,4.6798834800720215,7.348999977111816,0.0,7.519000053405762,7.300000190734863,7.376999855041504,0.0,38041538
2017-05-02,4.737832546234131,7.440000057220459,0.0,7.474999904632568,7.3429999351501465,7.3480000495910645,0.0,30394488
2017-05-03,4.7792253494262695,7.505000114440918,0.0,7.519000053405762,7.426000118255615,7.460000038146973,0.0,43928201
2017-05-04,4.881750583648682,7.665999889373779,0.0,7.665999889373779,7.53000020980835,7.565000057220459,0.0,37916248
2017-05-05,4.967082500457764,7.800000190734863,0.0,7.827000141143799,7.605999946594238,7.64300012588501,0.0,33002864
2017-05-08,4.94288444519043,7.76200008392334,0.0,7.888999938964844,7.670000076293945,7.869999885559082,0.0,24237998
2017-05-09,4.842905044555664,7.605000019073486,0.0,7.815000057220459,7.605000019073486,7.769999980926514,0.0,25130994
2017-05-10,4.808518409729004,7.551000118255615,0.0,7.610000133514404,7.461999893188477,7.552999973297119,0.0,38199085
2017-05-11,4.703444957733154,7.386000156402588,0.0,7.5960001945495605,7.385000228881836,7.571000099182129,0.0,42860382
2017-05-12,4.704718589782715,7.388000011444092,0.0,7.440000057220459,7.328999996185303,7.400000095367432,0.0,26452186
2017-05-15,4.73719596862793,7.439000129699707,0.0,7.4670000076293945,7.372000217437744,7.448999881744385,0.0,19980529
2017-05-16,4.737832546234131,7.440000057220459,0.0,7.5,7.38100004196167,7.429999828338623,0.0,19160943
2017-05-17,4.648680210113525,7.300000190734863,0.0,7.443999767303467,7.249000072479248,7.379000186920166,0.0,27435077
2017-05-18,4.610471725463867,7.239999771118164,0.0,7.329999923706055,7.135000228881836,7.239999771118164,0.0,35561958
2017-05-19,4.721275806427002,7.414000034332275,0.0,7.422999858856201,7.25600004196167,7.25600004196167,0.0,48959780
2017-05-22,4.666511058807373,7.328000068664551,0.0,7.434000015258789,7.303999900817871,7.420000076293945,0.0,20036836
2017-05-23,4.762669086456299,7.479000091552734,0.0,7.538000106811523,7.267000198364258,7.2779998779296875,0.0,19983343
2017-05-24,4.767763137817383,7.486999988555908,0.0,7.539999961853027,7.433000087738037,7.505000114440918,0.0,18111830
2017-05-25,4.762031555175781,7.478000164031982,0.0,7.5879998207092285,7.461999893188477,7.550000190734863,0.0,14684647
2017-05-26,4.744200706481934,7.449999809265137,0.0,7.459000110626221,7.284999847412109,7.459000110626221,0.0,20103419
2017-05-29,4.766489028930664,7.485000133514404,0.0,7.5,7.386000156402588,7.386000156402588,0.0,10302689
2017-05-30,4.688162326812744,7.361999988555908,0.0,7.505000114440918,7.306000232696533,7.392000198364258,0.0,32717890
2017-05-31,4.618113040924072,7.251999855041504,0.0,7.436999797821045,7.251999855041504,7.382999897003174,0.0,28350402
2017-06-01,4.595188140869141,7.216000080108643,0.0,7.2779998779296875,7.144999980926514,7.269999980926514,0.0,32453775
2017-06-02,4.609834671020508,7.238999843597412,0.0,7.383999824523926,7.210999965667725,7.316999912261963,0.0,22108889
2017-06-05,4.618750095367432,7.252999782562256,0.0,7.297999858856201,7.178999900817871,7.2230000495910645,0.0,12810554
2017-06-06,4.575447082519531,7.184999942779541,0.0,7.234000205993652,7.1519999504089355,7.208000183105469,0.0,26038606
2017-06-07,4.668420314788818,7.330999851226807,0.0,7.425000190734863,7.179999828338623,7.248000144958496,0.0,33769977
2017-06-08,4.74038028717041,7.443999767303467,0.0,7.485000133514404,7.300000190734863,7.333000183105469,0.0,39227134
2017-06-09,4.749296188354492,7.458000183105469,0.0,7.579999923706055,7.333000183105469,7.406000137329102,0.0,23205306
2017-06-12,4.680520057678223,7.349999904632568,0.0,7.456999778747559,7.315999984741211,7.426000118255615,0.0,35685831
2017-06-13,4.723186492919922,7.416999816894531,0.0,7.482999801635742,7.340000152587891,7.34499979019165,0.0,22178159
2017-06-14,4.655047416687012,7.309999942779541,0.0,7.514999866485596,7.2829999923706055,7.440000057220459,0.0,32783255
2017-06-15,4.6467695236206055,7.296999931335449,0.0,7.316999912261963,7.170000076293945,7.315000057220459,0.0,40063685
2017-06-16,4.6556854248046875,7.310999870300293,0.0,7.380000114440918,7.21999979019165,7.334000110626221,0.0,83332177
2017-06-19,4.718728542327881,7.409999847412109,0.0,7.459000110626221,7.360000133514404,7.38100004196167,0.0,30024329
2017-06-20,4.675425052642822,7.3420000076293945,0.0,7.4720001220703125,7.320000171661377,7.4679999351501465,0.0,15441546
2017-06-21,4.673515796661377,7.339000225067139,0.0,7.355000019073486,7.196000099182129,7.309999942779541,0.0,18671841
2017-06-22,4.6563215255737305,7.311999797821045,0.0,7.335000038146973,7.215000152587891,7.300000190734863,0.0,29978209
2017-06-23,4.609197616577148,7.23799991607666,0.0,7.355999946594238,7.224999904632568,7.2729997634887695,0.0,12263283
2017-06-26,4.655047416687012,7.309999942779541,0.0,7.38700008392334,7.263000011444092,7.269999980926514,0.0,14022473
2017-06-27,4.695803642272949,7.374000072479248,0.0,7.410999774932861,7.2829999923706055,7.304999828338623,0.0,33920075
2017-06-28,4.762031555175781,7.478000164031982,0.0,7.494999885559082,7.289999961853027,7.349999904632568,0.0,33297286
2017-06-29,4.712997913360596,7.401000022888184,0.0,7.610000133514404,7.385000228881836,7.513000011444092,0.0,30285954
2017-06-30,4.626392364501953,7.264999866485596,0.0,7.482999801635742,7.258999824523926,7.423999786376953,0.0,25194599
2017-07-03,4.781772136688232,7.508999824523926,0.0,7.508999824523926,7.320000171661377,7.341000080108643,0.0,20405931
2017-07-04,4.750568389892578,7.460000038146973,0.0,7.53000020980835,7.422999858856201,7.440999984741211,0.0,47661858
2017-07-05,4.753116130828857,7.464000225067139,0.0,7.570000171661377,7.438000202178955,7.459000110626221,0.0,23387740
2017-07-06,4.789413928985596,7.520999908447266,0.0,7.539999961853027,7.392000198364258,7.5,0.0,22371111
2017-07-07,4.795782566070557,7.531000137329102,0.0,7.557000160217285,7.464000225067139,7.507999897003174,0.0,17632038
2017-07-10,4.790050506591797,7.521999835968018,0.0,7.586999893188477,7.466000080108643,7.570000171661377,0.0,14096802
2017-07-11,4.789413928985596,7.520999908447266,0.0,7.566999912261963,7.48799991607666,7.550000190734863,0.0,26138041
2017-07-12,4.785593509674072,7.514999866485596,0.0,7.564000129699707,7.492000102996826,7.558000087738037,0.0,14191083
2017-07-13,4.874745845794678,7.65500020980835,0.0,7.679999828338623,7.559000015258789,7.559999942779541,0.0,20122180
2017-07-14,4.889392375946045,7.677999973297119,0.0,7.767000198364258,7.627999782562256,7.679999828338623,0.0,26374296
2017-07-17,4.860737323760986,7.632999897003174,0.0,7.709000110626221,7.576000213623047,7.709000110626221,0.0,27085143
2017-07-18,4.769035816192627,7.488999843597412,0.0,7.660999774932861,7.458000183105469,7.618000030517578,0.0,18116751
2017-07-19,4.78049898147583,7.506999969482422,0.0,7.51800012588501,7.375,7.51200008392334,0.0,43415049
2017-07-20,4.795145034790039,7.53000020980835,0.0,7.585999965667725,7.485000133514404,7.53000020980835,0.0,39857835
2017-07-21,4.725733757019043,7.421000003814697,0.0,7.514999866485596,7.361000061035156,7.514999866485596,0.0,28569674
2017-07-24,4.784956455230713,7.513999938964844,0.0,7.538000106811523,7.366000175476074,7.449999809265137,0.0,21909955
2017-07-25,4.881750583648682,7.665999889373779,0.0,7.749000072479248,7.491000175476074,7.494999885559082,0.0,27989172
2017-07-26,4.884297847747803,7.670000076293945,0.0,7.698999881744385,7.5929999351501465,7.64300012588501,0.0,15361164
2017-07-27,4.90467643737793,7.702000141143799,0.0,7.739999771118164,7.590000152587891,7.590000152587891,0.0,16396808
2017-07-28,4.908497333526611,7.708000183105469,0.0,7.724999904632568,7.604000091552734,7.684999942779541,0.0,29133285
2017-07-31,4.872198581695557,7.651000022888184,0.0,7.755000114440918,7.627999782562256,7.702000141143799,0.0,19451185
2017-08-01,4.94479513168335,7.764999866485596,0.0,7.809999942779541,7.679999828338623,7.800000190734863,0.0,19199004
2017-08-02,4.933332443237305,7.747000217437744,0.0,7.820000171661377,7.689000129699707,7.803999900817871,0.0,19821707
2017-08-03,4.97854471206665,7.817999839782715,0.0,7.817999839782715,7.640999794006348,7.7270002365112305,0.0,24628650
2017-08-04,4.988734245300293,7.834000110626221,0.0,7.876999855041504,7.752999782562256,7.761000156402588,0.0,18924428
2017-08-07,5.011021614074707,7.86899995803833,0.0,7.880000114440918,7.834000110626221,7.860000133514404,0.0,9724406
2017-08-08,5.0466837882995605,7.925000190734863,0.0,7.932000160217285,7.849999904632568,7.860000133514404,0.0,21632574
2017-08-09,4.920596122741699,7.7270002365112305,0.0,7.885000228881836,7.651000022888184,7.85099983215332,0.0,25000652
2017-08-10,4.8346266746521,7.5920000076293945,0.0,7.730999946594238,7.545000076293945,7.699999809265137,0.0,24801527
2017-08-11,4.7454752922058105,7.452000141143799,0.0,7.570000171661377,7.375,7.513999938964844,0.0,24302903
2017-08-14,4.826985836029053,7.579999923706055,0.0,7.620999813079834,7.48799991607666,7.48799991607666,0.0,29793133
2017-08-15,4.865193843841553,7.639999866485596,0.0,7.646999835968018,7.585000038146973,7.630000114440918,0.0,9924040
2017-08-16,4.881113529205322,7.664999961853027,0.0,7.729000091552734,7.664999961853027,7.684999942779541,0.0,11093672
2017-08-17,4.788141250610352,7.519000053405762,0.0,7.630000114440918,7.474999904632568,7.626999855041504,0.0,20429555
2017-08-18,4.777951717376709,7.502999782562256,0.0,7.513000011444092,7.389999866485596,7.420000076293945,0.0,28185546
2017-08-21,4.73655891418457,7.438000202178955,0.0,7.525000095367432,7.421999931335449,7.449999809265137,0.0,8994525
2017-08-22,4.782409191131592,7.510000228881836,0.0,7.556000232696533,7.468999862670898,7.5,0.0,15806305
2017-08-23,4.725096702575684,7.420000076293945,0.0,7.564000129699707,7.395999908447266,7.5279998779296875,0.0,12302052
2017-08-24,4.760120391845703,7.474999904632568,0.0,7.539000034332275,7.435999870300293,7.461999893188477,0.0,10835234
2017-08-25,4.750568389892578,7.460000038146973,0.0,7.548999786376953,7.460000038146973,7.507999897003174,0.0,6165181
2017-08-28,4.732738494873047,7.432000160217285,0.0,7.495999813079834,7.408999919891357,7.427999973297119,0.0,5217450
2017-08-29,4.662053108215332,7.321000099182129,0.0,7.4070000648498535,7.295000076293945,7.394999980926514,0.0,23603209
2017-08-30,4.673515796661377,7.339000225067139,0.0,7.386000156402588,7.302999973297119,7.375,0.0,15792739
2017-08-31,4.726370334625244,7.421999931335449,0.0,7.486999988555908,7.366000175476074,7.375,0.0,20954723
2017-09-01,4.734011650085449,7.434000015258789,0.0,7.488999843597412,7.389999866485596,7.447999954223633,0.0,9361050
2017-09-04,4.693892955780029,7.370999813079834,0.0,7.395999908447266,7.339000225067139,7.339000225067139,0.0,7530276
2017-09-05,4.611745357513428,7.242000102996826,0.0,7.4079999923706055,7.22599983215332,7.369999885559082,0.0,17508488
2017-09-06,4.606650352478027,7.234000205993652,0.0,7.269999980926514,7.15500020980835,7.214000225067139,0.0,14742761
2017-09-07,4.580541610717773,7.192999839782715,0.0,7.302999973297119,7.171000003814697,7.2779998779296875,0.0,37463382
2017-09-08,4.568442344665527,7.173999786376953,0.0,7.265999794006348,7.120999813079834,7.150000095367432,0.0,18017782
2017-09-11,4.691983699798584,7.368000030517578,0.0,7.390999794006348,7.230000019073486,7.230999946594238,0.0,15817198
2017-09-12,4.712997913360596,7.401000022888184,0.0,7.433000087738037,7.374000072479248,7.4120001792907715,0.0,18983786
2017-09-13,4.734649181365967,7.434999942779541,0.0,7.484000205993652,7.39300012588501,7.414999961853027,0.0,19174879
2017-09-14,4.73719596862793,7.439000129699707,0.0,7.459000110626221,7.360000133514404,7.409999847412109,0.0,13263567
2017-09-15,4.697713851928711,7.376999855041504,0.0,7.473999977111816,7.334000110626221,7.414000034332275,0.0,52400382
2017-09-18,4.721275806427002,7.414000034332275,0.0,7.473999977111816,7.400000095367432,7.420000076293945,0.0,48625209
2017-09-19,4.750568389892578,7.460000038146973,0.0,7.495999813079834,7.409999847412109,7.414999961853027,0.0,36189311
2017-09-20,4.69835090637207,7.377999782562256,0.0,7.485000133514404,7.334000110626221,7.460000038146973,0.0,29646250
2017-09-21,4.778589248657227,7.504000186920166,0.0,7.545000076293945,7.409999847412109,7.419000148773193,0.0,21087600
2017-09-22,4.78049898147583,7.506999969482422,0.0,7.553999900817871,7.47599983215332,7.5,0.0,13294063
2017-09-25,4.690709590911865,7.366000175476074,0.0,7.492000102996826,7.329999923706055,7.46999979019165,0.0,21853564
2017-09-26,4.677973747253418,7.3460001945495605,0.0,7.38700008392334,7.309999942779541,7.367000102996826,0.0,57388617
2017-09-27,4.777314186096191,7.501999855041504,0.0,7.558000087738037,7.366000175476074,7.380000114440918,0.0,20852654
2017-09-28,4.74038028717041,7.443999767303467,0.0,7.590000152587891,7.432000160217285,7.579999923706055,0.0,26162435
2017-09-29,4.814887046813965,7.560999870300293,0.0,7.560999870300293,7.381999969482422,7.464000225067139,0.0,44091034
2017-10-02,4.70089864730835,7.381999969482422,0.0,7.519999980926514,7.315999984741211,7.47599983215332,0.0,187343675
2017-10-03,4.742927551269531,7.447999954223633,0.0,7.447999954223633,7.320000171661377,7.410999774932861,0.0,262697254
2017-10-04,4.571627140045166,7.178999900817871,0.0,7.427000045776367,7.114999771118164,7.413000106811523,0.0,74121105
2017-10-05,4.69835090637207,7.377999782562256,0.0,7.48199987411499,7.111999988555908,7.127999782562256,0.0,64438567
2017-10-06,4.7183356285095215,7.318999767303467,0.09,7.368000030517578,7.228000164031982,7.2769999504089355,0.0,22874783
2017-10-09,4.664828777313232,7.236000061035156,0.0,7.396999835968018,7.230000019073486,7.304999828338623,0.0,18046035
2017-10-10,4.6351728439331055,7.190000057220459,0.0,7.2220001220703125,7.0920000076293945,7.210000038146973,0.0,236450426
2017-10-11,4.747989654541016,7.364999771118164,0.0,7.386000156402588,7.291999816894531,7.361999988555908,0.0,76893722
2017-10-12,4.7486348152160645,7.366000175476074,0.0,7.380000114440918,7.308000087738037,7.3470001220703125,0.0,46076715
2017-10-13,4.7267165184021,7.331999778747559,0.0,7.39300012588501,7.318999767303467,7.380000114440918,0.0,13467402
2017-10-16,4.644198417663574,7.203999996185303,0.0,7.309999942779541,7.172999858856201,7.306000232696533,0.0,44102169
2017-10-17,4.65000057220459,7.2129998207092285,0.0,7.295000076293945,7.138000011444092,7.189000129699707,0.0,51291568
2017-10-18,4.68997049331665,7.275000095367432,0.0,7.284999847412109,7.1620001792907715,7.241000175476074,0.0,21461356
2017-10-19,4.654513359069824,7.21999979019165,0.0,7.297999858856201,7.176000118255615,7.264999866485596,0.0,30710478
2017-10-20,4.717690944671631,7.317999839782715,0.0,7.368000030517578,7.209000110626221,7.2220001220703125,0.0,25304510
2017-10-23,4.630015850067139,7.182000160217285,0.0,7.300000190734863,7.15500020980835,7.289999961853027,0.0,35399548
2017-10-24,4.681589603424072,7.26200008392334,0.0,7.296000003814697,7.150000095367432,7.176000118255615,0.0,26706339
2017-10-25,4.677076816558838,7.255000114440918,0.0,7.4029998779296875,7.234000205993652,7.264999866485596,0.0,32928467
2017-10-26,4.7608842849731445,7.385000228881836,0.0,7.506999969482422,7.211999893188477,7.28000020980835,0.0,33715078
2017-10-27,4.6371073722839355,7.192999839782715,0.0,7.449999809265137,7.110000133514404,7.400000095367432,0.0,61726072
2017-10-30,4.777000904083252,7.409999847412109,0.0,7.440999984741211,7.293000221252441,7.329999923706055,0.0,31143825
2017-10-31,4.843401908874512,7.513000011444092,0.0,7.541999816894531,7.400000095367432,7.420000076293945,0.0,32251104
2017-11-01,4.82083797454834,7.478000164031982,0.0,7.579999923706055,7.429999828338623,7.556000232696533,0.0,23184416
2017-11-02,4.809878349304199,7.460999965667725,0.0,7.517000198364258,7.379000186920166,7.4710001945495605,0.0,17169691
2017-11-03,4.725426197052002,7.329999923706055,0.0,7.452000141143799,7.260000228881836,7.452000141143799,0.0,21324319
2017-11-06,4.680944919586182,7.261000156402588,0.0,7.331999778747559,7.196000099182129,7.331999778747559,0.0,31042875
2017-11-07,4.648712158203125,7.210999965667725,0.0,7.3470001220703125,7.209000110626221,7.324999809265137,0.0,17979064
2017-11-08,4.653223991394043,7.2179999351501465,0.0,7.2179999351501465,7.125999927520752,7.199999809265137,0.0,31030172
2017-11-09,4.6255035400390625,7.175000190734863,0.0,7.311999797821045,7.170000076293945,7.21999979019165,0.0,43578004
2017-11-10,4.607452392578125,7.146999835968018,0.0,7.228000164031982,7.131999969482422,7.176000118255615,0.0,23208291
2017-11-13,4.59584903717041,7.129000186920166,0.0,7.175000190734863,7.059999942779541,7.175000190734863,0.0,16153564
2017-11-14,4.579732418060303,7.104000091552734,0.0,7.189000129699707,7.070000171661377,7.150000095367432,0.0,14802748
2017-11-15,4.639040946960449,7.196000099182129,0.0,7.223999977111816,7.020999908447266,7.050000190734863,0.0,23499067
2017-11-16,4.673853397369385,7.25,0.0,7.333000183105469,7.210999965667725,7.24399995803833,0.0,23741337
2017-11-17,4.6351728439331055,7.190000057220459,0.0,7.293000221252441,7.173999786376953,7.25,0.0,22558136
2017-11-20,4.589401721954346,7.11899995803833,0.0,7.2230000495910645,7.078000068664551,7.1620001792907715,0.0,18508569
2017-11-21,4.526869297027588,7.021999835968018,0.0,7.135000228881836,7.021999835968018,7.1020002365112305,0.0,34439165
2017-11-22,4.543630123138428,7.047999858856201,0.0,7.156000137329102,7.0320000648498535,7.048999786376953,0.0,15708759
2017-11-23,4.557168006896973,7.068999767303467,0.0,7.133999824523926,7.021999835968018,7.03000020980835,0.0,22458599
2017-11-24,4.59584903717041,7.129000186920166,0.0,7.172999858856201,7.070000171661377,7.0879998207092285,0.0,14168403
2017-11-27,4.558457851409912,7.071000099182129,0.0,7.184999942779541,7.071000099182129,7.0929999351501465,0.0,10889976
2017-11-28,4.601006031036377,7.13700008392334,0.0,7.140999794006348,7.079999923706055,7.0960001945495605,0.0,14642446
2017-11-29,4.6925482749938965,7.2789998054504395,0.0,7.322000026702881,7.202000141143799,7.230000019073486,0.0,37807623
2017-11-30,4.630015850067139,7.182000160217285,0.0,7.361999988555908,7.182000160217285,7.270999908447266,0.0,35197988
2017-12-01,4.560390949249268,7.073999881744385,0.0,7.205999851226807,7.059999942779541,7.199999809265137,0.0,32173350
2017-12-04,4.615832805633545,7.159999847412109,0.0,7.199999809265137,7.11299991607666,7.169000148773193,0.0,14956110
2017-12-05,4.630015850067139,7.182000160217285,0.0,7.229000091552734,7.119999885559082,7.144999980926514,0.0,14562804
2017-12-06,4.561680793762207,7.076000213623047,0.0,7.150000095367432,7.054999828338623,7.130000114440918,0.0,17988117
2017-12-07,4.6190571784973145,7.164999961853027,0.0,7.164999961853027,7.050000190734863,7.078999996185303,0.0,25720473
2017-12-08,4.648066520690918,7.210000038146973,0.0,7.335000038146973,7.198999881744385,7.21999979019165,0.0,20034987
2017-12-11,4.655801773071289,7.2220001220703125,0.0,7.2829999923706055,7.205999851226807,7.234000205993652,0.0,12195297
2017-12-12,4.650645732879639,7.214000225067139,0.0,7.23799991607666,7.165999889373779,7.2179999351501465,0.0,19386271
2017-12-13,4.639040946960449,7.196000099182129,0.0,7.252999782562256,7.181000232696533,7.186999797821045,0.0,24025194
2017-12-14,4.601006031036377,7.13700008392334,0.0,7.234000205993652,7.135000228881836,7.169000148773193,0.0,17105560
2017-12-15,4.6087422370910645,7.14900016784668,0.0,7.182000160217285,7.0920000076293945,7.117000102996826,0.0,35816473
2017-12-18,4.675142765045166,7.251999855041504,0.0,7.269999980926514,7.179999828338623,7.190000057220459,0.0,21054086
2017-12-19,4.693838119506836,7.281000137329102,0.0,7.320000171661377,7.235000133514404,7.239999771118164,0.0,11916198
2017-12-20,4.68803596496582,7.271999835968018,0.0,7.302999973297119,7.203999996185303,7.2870001792907715,0.0,14785831
2017-12-21,4.752502918243408,7.372000217437744,0.0,7.40500020980835,7.216000080108643,7.248000144958496,0.0,19588584
2017-12-22,4.682878494262695,7.263999938964844,0.0,7.340000152587891,7.199999809265137,7.199999809265137,0.0,19494042
2017-12-27,4.650645732879639,7.214000225067139,0.0,7.28000020980835,7.190999984741211,7.230999946594238,0.0,10893895
2017-12-28,4.607452392578125,7.146999835968018,0.0,7.218999862670898,7.13100004196167,7.190999984741211,0.0,11086399
2017-12-29,4.584888935089111,7.111999988555908,0.0,7.166999816894531,7.068999767303467,7.139999866485596,0.0,15650276
2018-01-02,4.565548896789551,7.081999778747559,0.0,7.169000148773193,7.050000190734863,7.138999938964844,0.0,16739343
2018-01-03,4.573285102844238,7.093999862670898,0.0,7.119999885559082,7.054999828338623,7.11299991607666,0.0,14425017
2018-01-04,4.655158042907715,7.2210001945495605,0.0,7.27400016784668,7.104000091552734,7.11299991607666,0.0,21636964
2018-01-05,4.675787925720215,7.252999782562256,0.0,7.2820000648498535,7.203000068664551,7.258999824523926,0.0,13665667
2018-01-08,4.664184093475342,7.235000133514404,0.0,7.293000221252441,7.21999979019165,7.27400016784668,0.0,13623906
2018-01-09,4.681589603424072,7.26200008392334,0.0,7.283999919891357,7.2170000076293945,7.2270002365112305,0.0,14546942
2018-01-10,4.738320350646973,7.349999904632568,0.0,7.380000114440918,7.258999824523926,7.28000020980835,0.0,29206121
2018-01-11,4.734452724456787,7.343999862670898,0.0,7.449999809265137,7.296999931335449,7.348999977111816,0.0,28447094
2018-01-12,4.801497459411621,7.447999954223633,0.0,7.447999954223633,7.359000205993652,7.390999794006348,0.0,21860572
2018-01-15,4.822772026062012,7.480999946594238,0.0,7.515999794006348,7.427999973297119,7.465000152587891,0.0,19574432
2018-01-16,4.820193290710449,7.4770002365112305,0.0,7.510000228881836,7.439000129699707,7.478000164031982,0.0,18110019
2018-01-17,4.769264221191406,7.3979997634887695,0.0,7.456999778747559,7.330999851226807,7.400000095367432,0.0,21261370
2018-01-18,4.757017135620117,7.379000186920166,0.0,7.428999900817871,7.34499979019165,7.420000076293945,0.0,17142419
2018-01-19,4.770554542541504,7.400000095367432,0.0,7.447999954223633,7.354000091552734,7.375,0.0,15502621
2018-01-22,4.8317975997924805,7.494999885559082,0.0,7.534999847412109,7.375,7.422999858856201,0.0,24869495
2018-01-23,4.828573703765869,7.489999771118164,0.0,7.568999767303467,7.449999809265137,7.53000020980835,0.0,29930004
2018-01-24,4.822126865386963,7.480000019073486,0.0,7.5329999923706055,7.454999923706055,7.478000164031982,0.0,14458879
2018-01-25,4.900131702423096,7.60099983215332,0.0,7.60099983215332,7.480999946594238,7.482999801635742,0.0,19909292
2018-01-26,4.921407222747803,7.633999824523926,0.0,7.650000095367432,7.565000057220459,7.590000152587891,0.0,14670963
2018-01-29,4.927208423614502,7.64300012588501,0.0,7.673999786376953,7.593999862670898,7.658999919891357,0.0,23438452
2018-01-30,4.875634670257568,7.563000202178955,0.0,7.617000102996826,7.51200008392334,7.590000152587891,0.0,22858509
2018-01-31,4.87885856628418,7.567999839782715,0.0,7.631999969482422,7.511000156402588,7.568999767303467,0.0,21098911
2018-02-01,4.925210475921631,7.639900207519531,0.0,7.730000019073486,7.420000076293945,7.679999828338623,0.0,25814905
2018-02-02,4.740899562835693,7.354000091552734,0.0,7.4670000076293945,7.291999816894531,7.449999809265137,0.0,35066327
2018-02-05,4.677076816558838,7.255000114440918,0.0,7.322000026702881,7.211999893188477,7.285999774932861,0.0,20252138
2018-02-06,4.567482948303223,7.085000038146973,0.0,7.230000019073486,7.03000020980835,7.099999904632568,0.0,33745565
2018-02-07,4.659027576446533,7.2270002365112305,0.0,7.26800012588501,7.086999893188477,7.195000171661377,0.0,24484234
2018-02-08,4.597137451171875,7.13100004196167,0.0,7.2870001792907715,7.0980000495910645,7.192999839782715,0.0,27476160
2018-02-09,4.518487930297852,7.008999824523926,0.0,7.0980000495910645,6.927999973297119,7.066999912261963,0.0,63175950
2018-02-12,4.575218200683594,7.0970001220703125,0.0,7.1529998779296875,7.052999973297119,7.084000110626221,0.0,20957507
2018-02-13,4.511397361755371,6.998000144958496,0.0,7.124000072479248,6.984000205993652,7.1020002365112305,0.0,25459770
2018-02-14,4.492056846618652,6.9679999351501465,0.0,7.077000141143799,6.914999961853027,7.060999870300293,0.0,33737532
2018-02-15,4.50817346572876,6.993000030517578,0.0,7.139999866485596,6.9679999351501465,7.059999942779541,0.0,18462918
2018-02-16,4.550721645355225,7.059000015258789,0.0,7.077000141143799,6.973999977111816,7.057000160217285,0.0,24017531
2018-02-19,4.526869297027588,7.021999835968018,0.0,7.117000102996826,7.021999835968018,7.085000038146973,0.0,10915409
2018-02-20,4.529447078704834,7.026000022888184,0.0,7.071000099182129,6.974999904632568,7.011000156402588,0.0,16981677
2018-02-21,4.493345737457275,6.96999979019165,0.0,7.03000020980835,6.935999870300293,7.01200008392334,0.0,14858037
2018-02-22,4.493345737457275,6.96999979019165,0.0,6.978000164031982,6.8520002365112305,6.929999828338623,0.0,26565691
2018-02-23,4.454665660858154,6.909999847412109,0.0,6.9679999351501465,6.889999866485596,6.9670000076293945,0.0,21212909
2018-02-26,4.486255168914795,6.959000110626221,0.0,6.960000038146973,6.900000095367432,6.945000171661377,0.0,15224216
2018-02-27,4.480452537536621,6.949999809265137,0.0,6.998000144958496,6.921999931335449,6.980999946594238,0.0,14425654
2018-02-28,4.441772937774658,6.889999866485596,0.0,6.940000057220459,6.870999813079834,6.909999847412109,0.0,21102558
2018-03-01,4.377305507659912,6.789999961853027,0.0,6.880000114440918,6.78000020980835,6.85099983215332,0.0,30156640
2018-03-02,4.281894207000732,6.642000198364258,0.0,6.75,6.639999866485596,6.75,0.0,28250550
2018-03-05,4.261265754699707,6.610000133514404,0.0,6.672999858856201,6.571000099182129,6.60699987411499,0.0,20467163
2018-03-06,4.287051200866699,6.650000095367432,0.0,6.763999938964844,6.646999835968018,6.668000221252441,0.0,19602466
2018-03-07,4.274158000946045,6.630000114440918,0.0,6.64900016784668,6.599999904632568,6.631999969482422,0.0,15837388
2018-03-08,4.288341522216797,6.6519999504089355,0.0,6.7170000076293945,6.618000030517578,6.6570000648498535,0.0,18402445
2018-03-09,4.284472942352295,6.645999908447266,0.0,6.702000141143799,6.63700008392334,6.668000221252441,0.0,15448901
2018-03-12,4.302524089813232,6.673999786376953,0.0,6.699999809265137,6.64300012588501,6.690999984741211,0.0,23696540
2018-03-13,4.299944877624512,6.670000076293945,0.0,6.763999938964844,6.646999835968018,6.673999786376953,0.0,20014352
2018-03-14,4.235477924346924,6.570000171661377,0.0,6.697000026702881,6.552000045776367,6.670000076293945,0.0,19585295
2018-03-15,4.208401679992676,6.5279998779296875,0.0,6.604000091552734,6.505000114440918,6.585000038146973,0.0,20815734
2018-03-16,4.287696361541748,6.651000022888184,0.0,6.677999973297119,6.52400016784668,6.557000160217285,0.0,49663059
2018-03-19,4.2245192527771,6.552999973297119,0.0,6.6519999504089355,6.5269999504089355,6.629000186920166,0.0,16233600
2018-03-20,4.252884387969971,6.5970001220703125,0.0,6.617000102996826,6.548999786376953,6.572999954223633,0.0,27168959
2018-03-21,4.210336208343506,6.531000137329102,0.0,6.660999774932861,6.5,6.635000228881836,0.0,26439075
2018-03-22,4.1548943519592285,6.445000171661377,0.0,6.59499979019165,6.375,6.500999927520752,0.0,40077092
2018-03-23,4.044656753540039,6.27400016784668,0.0,6.381999969482422,6.254000186920166,6.333000183105469,0.0,33873856
2018-03-26,4.036275863647461,6.261000156402588,0.0,6.318999767303467,6.224999904632568,6.300000190734863,0.0,57934122
2018-03-27,4.05432653427124,6.289000034332275,0.0,6.369999885559082,6.256999969482422,6.368000030517578,0.0,55327520
2018-03-28,4.088493824005127,6.3420000076293945,0.0,6.3420000076293945,6.209000110626221,6.2220001220703125,0.0,27257271
2018-03-29,4.144579887390137,6.428999900817871,0.0,6.485000133514404,6.354000091552734,6.360000133514404,0.0,152512915
2018-04-03,4.103965759277344,6.366000175476074,0.0,6.419000148773193,6.322000026702881,6.380000114440918,0.0,278552550
2018-04-04,4.093651294708252,6.349999904632568,0.0,6.373000144958496,6.244999885559082,6.363999843597412,0.0,188042877
2018-04-05,4.196797847747803,6.510000228881836,0.0,6.548999786376953,6.420000076293945,6.427000045776367,0.0,51760732
2018-04-06,4.187559604644775,6.3460001945495605,0.15,6.4079999923706055,6.323999881744385,6.349999904632568,0.0,67026659
2018-04-09,4.243649482727051,6.431000232696533,0.0,6.4670000076293945,6.38100004196167,6.400000095367432,0.0,100418612
2018-04-10,4.2370500564575195,6.421000003814697,0.0,6.494999885559082,6.4079999923706055,6.480000019073486,0.0,127212639
2018-04-11,4.188880443572998,6.3480000495910645,0.0,6.431000232696533,6.340000152587891,6.40500020980835,0.0,151503776
2018-04-12,4.176342010498047,6.328999996185303,0.0,6.372000217437744,6.315000057220459,6.3470001220703125,0.0,101189760
2018-04-13,4.229791641235352,6.409999847412109,0.0,6.498000144958496,6.3379998207092285,6.353000164031982,0.0,46476461
2018-04-16,4.233091354370117,6.414999961853027,0.0,6.452000141143799,6.394999980926514,6.4079999923706055,0.0,46442816
2018-04-17,4.224512577056885,6.4019999504089355,0.0,6.485000133514404,6.4019999504089355,6.432000160217285,0.0,138465664
2018-04-18,4.283900737762451,6.492000102996826,0.0,6.513000011444092,6.382999897003174,6.410999774932861,0.0,106455603
2018-04-19,4.301058292388916,6.51800012588501,0.0,6.538000106811523,6.47599983215332,6.47599983215332,0.0,22079534
2018-04-20,4.340651512145996,6.578000068664551,0.0,6.585000038146973,6.500999927520752,6.520999908447266,0.0,31900287
2018-04-23,4.343289852142334,6.581999778747559,0.0,6.5929999351501465,6.540999889373779,6.5920000076293945,0.0,21414269
2018-04-24,4.343289852142334,6.581999778747559,0.0,6.5929999351501465,6.513999938964844,6.5929999351501465,0.0,24691187
2018-04-25,4.324154376983643,6.552999973297119,0.0,6.552999973297119,6.4730000495910645,6.538000106811523,0.0,17551473
2018-04-26,4.316895008087158,6.541999816894531,0.0,6.590000152587891,6.5,6.544000148773193,0.0,12579185
2018-04-27,4.412576198577881,6.686999797821045,0.0,6.739999771118164,6.579999923706055,6.59499979019165,0.0,34508389
2018-04-30,4.440951347351074,6.730000019073486,0.0,6.744999885559082,6.682000160217285,6.684000015258789,0.0,23872692
2018-05-02,4.464047431945801,6.764999866485596,0.0,6.7820000648498535,6.7179999351501465,6.7179999351501465,0.0,13089722
2018-05-03,4.398719310760498,6.665999889373779,0.0,6.760000228881836,6.638000011444092,6.760000228881836,0.0,21502091
2018-05-04,4.448870658874512,6.742000102996826,0.0,6.751999855041504,6.630000114440918,6.679999828338623,0.0,15853284
2018-05-07,4.47922420501709,6.788000106811523,0.0,6.811999797821045,6.752999782562256,6.769999980926514,0.0,13997103
2018-05-08,4.458108425140381,6.75600004196167,0.0,6.816999912261963,6.730000019073486,6.790999889373779,0.0,14733147
2018-05-09,4.4911017417907715,6.806000232696533,0.0,6.809999942779541,6.735000133514404,6.76800012588501,0.0,13014601
2018-05-10,4.521456718444824,6.8520002365112305,0.0,6.8520002365112305,6.789000034332275,6.820000171661377,0.0,11695143
2018-05-11,4.522776126861572,6.854000091552734,0.0,6.885000228881836,6.8379998207092285,6.8520002365112305,0.0,10440243
2018-05-14,4.508918762207031,6.833000183105469,0.0,6.886000156402588,6.796000003814697,6.84499979019165,0.0,11957980
2018-05-15,4.440291404724121,6.729000091552734,0.0,6.855000019073486,6.669000148773193,6.828000068664551,0.0,23286596
2018-05-16,4.368365287780762,6.619999885559082,0.0,6.743000030517578,6.558000087738037,6.708000183105469,0.0,26357238
2018-05-17,4.425774574279785,6.706999778747559,0.0,6.708000183105469,6.610000133514404,6.639999866485596,0.0,21490061
2018-05-18,4.341969966888428,6.579999923706055,0.0,6.705999851226807,6.546000003814697,6.699999809265137,0.0,32373083
2018-05-21,4.294460296630859,6.507999897003174,0.0,6.623000144958496,6.488999843597412,6.610000133514404,0.0,25198841
2018-05-22,4.365066051483154,6.614999771118164,0.0,6.64900016784668,6.513000011444092,6.526000022888184,0.0,16624150
2018-05-23,4.267405033111572,6.4670000076293945,0.0,6.572000026702881,6.392000198364258,6.572000026702881,0.0,35696613
2018-05-24,4.213954925537109,6.386000156402588,0.0,6.52400016784668,6.3470001220703125,6.484000205993652,0.0,20716064
2018-05-25,4.096498012542725,6.208000183105469,0.0,6.415999889373779,6.124000072479248,6.4079999923706055,0.0,38816362
2018-05-28,4.047666549682617,6.133999824523926,0.0,6.3379998207092285,6.090000152587891,6.307000160217285,0.0,25479382
2018-05-29,3.8787388801574707,5.877999782562256,0.0,6.086999893188477,5.849999904632568,6.070000171661377,0.0,49828929
2018-05-30,3.9038145542144775,5.915999889373779,0.0,6.021999835968018,5.824999809265137,5.949999809265137,0.0,38820861
2018-05-31,3.8530044555664062,5.839000225067139,0.0,6.065999984741211,5.7829999923706055,5.980999946594238,0.0,54235540
2018-06-01,3.971121072769165,6.01800012588501,0.0,6.073999881744385,5.889999866485596,5.9710001945495605,0.0,45349942
2018-06-04,3.996856927871704,6.057000160217285,0.0,6.146999835968018,6.019999980926514,6.086999893188477,0.0,24460588
2018-06-05,3.903154134750366,5.914999961853027,0.0,6.074999809265137,5.914000034332275,6.0370001792907715,0.0,24880766
2018-06-06,3.9546241760253906,5.993000030517578,0.0,5.999000072479248,5.84499979019165,5.923999786376953,0.0,30313824
2018-06-07,4.034468650817871,6.113999843597412,0.0,6.188000202178955,6.050000190734863,6.050000190734863,0.0,28514154
2018-06-08,4.010715007781982,6.078000068664551,0.0,6.078000068664551,6.004000186920166,6.039000034332275,0.0,23088629
2018-06-11,4.095178127288818,6.205999851226807,0.0,6.23199987411499,6.099999904632568,6.177000045776367,0.0,32349280
2018-06-12,4.084619522094727,6.190000057220459,0.0,6.269000053405762,6.190000057220459,6.25,0.0,18643237
2018-06-13,4.025230884552002,6.099999904632568,0.0,6.211999893188477,6.0960001945495605,6.176000118255615,0.0,50600095
2018-06-14,4.021271228790283,6.093999862670898,0.0,6.110000133514404,6.03000020980835,6.079999923706055,0.0,24973790
2018-06-15,3.9440665245056152,5.9770002365112305,0.0,6.113999843597412,5.90500020980835,6.103000164031982,0.0,74538213
2018-06-18,3.905794143676758,5.919000148773193,0.0,6.014999866485596,5.906000137329102,5.949999809265137,0.0,16415863
2018-06-19,3.9335086345672607,5.960999965667725,0.0,5.99399995803833,5.800000190734863,5.849999904632568,0.0,22392033
2018-06-20,3.965841293334961,6.010000228881836,0.0,6.079999923706055,6.0,6.019999980926514,0.0,27411424
2018-06-21,3.940767765045166,5.9720001220703125,0.0,6.076000213623047,5.908999919891357,6.046000003814697,0.0,30148577
2018-06-22,3.998836040496826,6.059999942779541,0.0,6.078000068664551,5.974999904632568,6.013999938964844,0.0,16627914
2018-06-25,3.929548740386963,5.954999923706055,0.0,6.039999961853027,5.945000171661377,5.998000144958496,0.0,18597277
2018-06-26,3.9684817790985107,6.013999938964844,0.0,6.044000148773193,5.915999889373779,6.001999855041504,0.0,19159175
2018-06-27,3.9381277561187744,5.9679999351501465,0.0,6.01800012588501,5.886000156402588,6.007999897003174,0.0,47011794
2018-06-28,3.936807870864868,5.966000080108643,0.0,6.005000114440918,5.910999774932861,5.920000076293945,0.0,14780354
2018-06-29,4.0080742835998535,6.073999881744385,0.0,6.159999847412109,6.0370001792907715,6.050000190734863,0.0,24205246
2018-07-02,3.9236104488372803,5.946000099182129,0.0,5.986999988555908,5.88100004196167,5.980000019073486,0.0,25000963
2018-07-03,3.9724414348602295,6.019999980926514,0.0,6.059000015258789,5.914999961853027,5.97599983215332,0.0,17933719
2018-07-04,4.048986911773682,6.136000156402588,0.0,6.15500020980835,5.998000144958496,6.0,0.0,19716683
2018-07-05,4.163144111633301,6.309000015258789,0.0,6.359000205993652,6.159999847412109,6.159999847412109,0.0,23401449
2018-07-06,4.2027363777160645,6.36899995803833,0.0,6.409999847412109,6.302000045776367,6.360000133514404,0.0,25673423
2018-07-09,4.202077388763428,6.368000030517578,0.0,6.439000129699707,6.363999843597412,6.400000095367432,0.0,12886727
2018-07-10,4.0991363525390625,6.211999893188477,0.0,6.353000164031982,6.175000190734863,6.349999904632568,0.0,30879204
2018-07-11,3.9889378547668457,6.045000076293945,0.0,6.159999847412109,6.045000076293945,6.139999866485596,0.0,27095487
2018-07-12,3.996856927871704,6.057000160217285,0.0,6.090000152587891,5.984000205993652,6.078999996185303,0.0,14354283
2018-07-13,3.9810192584991455,6.0329999923706055,0.0,6.083000183105469,5.99399995803833,6.083000183105469,0.0,19676392
2018-07-16,3.9546241760253906,5.993000030517578,0.0,6.064000129699707,5.9670000076293945,6.013999938964844,0.0,12241249
2018-07-17,3.916351795196533,5.934999942779541,0.0,6.046000003814697,5.921000003814697,6.0,0.0,30099073
2018-07-18,3.961883306503296,6.004000186920166,0.0,6.004000186920166,5.870999813079834,5.921000003814697,0.0,18177617
2018-07-19,3.943406343460083,5.97599983215332,0.0,6.071000099182129,5.948999881744385,6.0,0.0,18844366
2018-07-20,3.9401073455810547,5.9710001945495605,0.0,5.999000072479248,5.915999889373779,5.949999809265137,0.0,18154493
2018-07-23,3.97640061378479,6.026000022888184,0.0,6.043000221252441,5.915999889373779,5.939000129699707,0.0,12874159
2018-07-24,4.0621843338012695,6.156000137329102,0.0,6.199999809265137,6.077000141143799,6.079999923706055,0.0,24455636
2018-07-25,3.990917444229126,6.047999858856201,0.0,6.159999847412109,6.033999919891357,6.156000137329102,0.0,33414084
2018-07-26,4.039087772369385,6.120999813079834,0.0,6.168000221252441,6.070000171661377,6.073999881744385,0.0,17092547
2018-07-27,4.0918779373168945,6.201000213623047,0.0,6.328000068664551,6.158999919891357,6.190000057220459,0.0,19339011
2018-07-30,4.109694957733154,6.228000164031982,0.0,6.255000114440918,6.1519999504089355,6.165999889373779,0.0,14386865
2018-07-31,4.14796781539917,6.285999774932861,0.0,6.329999923706055,6.210000038146973,6.210000038146973,0.0,19884467
2018-08-01,4.107055187225342,6.223999977111816,0.0,6.329999923706055,6.203999996185303,6.294000148773193,0.0,12355326
2018-08-02,3.9922373294830322,6.050000190734863,0.0,6.190000057220459,6.021999835968018,6.189000129699707,0.0,40637842
2018-08-03,4.000816822052002,6.063000202178955,0.0,6.110000133514404,6.010000228881836,6.053999900817871,0.0,11490903
2018-08-06,3.9862983226776123,6.040999889373779,0.0,6.099999904632568,6.00600004196167,6.072999954223633,0.0,10343490
2018-08-07,3.98563814163208,6.039999961853027,0.0,6.085999965667725,6.025000095367432,6.059999942779541,0.0,12020994
2018-08-08,3.9605636596679688,6.001999855041504,0.0,6.051000118255615,5.966000080108643,6.025000095367432,0.0,11854786
2018-08-09,3.9242701530456543,5.947000026702881,0.0,6.005000114440918,5.916999816894531,6.0,0.0,17577924
2018-08-10,3.7216897010803223,5.639999866485596,0.0,5.824999809265137,5.599999904632568,5.820000171661377,0.0,62976602
2018-08-13,3.6015923023223877,5.458000183105469,0.0,5.5279998779296875,5.400000095367432,5.478000164031982,0.0,47446787
2018-08-14,3.598292350769043,5.453000068664551,0.0,5.567999839782715,5.385000228881836,5.484000205993652,0.0,33658509
2018-08-15,3.562659502029419,5.39900016784668,0.0,5.53000020980835,5.335000038146973,5.479000091552734,0.0,29976005
2018-08-16,3.6207282543182373,5.486999988555908,0.0,5.515999794006348,5.409999847412109,5.466000080108643,0.0,25579272
2018-08-17,3.5897140502929688,5.440000057220459,0.0,5.513999938964844,5.379000186920166,5.513999938964844,0.0,23647680
2018-08-20,3.5738770961761475,5.415999889373779,0.0,5.513999938964844,5.394000053405762,5.468999862670898,0.0,15085126
2018-08-21,3.626666784286499,5.495999813079834,0.0,5.539000034332275,5.389999866485596,5.400000095367432,0.0,13607768
2018-08-22,3.662961006164551,5.551000118255615,0.0,5.581999778747559,5.480000019073486,5.488999843597412,0.0,24955003
2018-08-23,3.6438241004943848,5.521999835968018,0.0,5.5970001220703125,5.519999980926514,5.570000171661377,0.0,12248441
2018-08-24,3.6510820388793945,5.5329999923706055,0.0,5.566999912261963,5.501999855041504,5.501999855041504,0.0,10030513
2018-08-27,3.6761579513549805,5.571000099182129,0.0,5.586999893188477,5.50600004196167,5.551000118255615,0.0,8974449
2018-08-28,3.6227073669433594,5.489999771118164,0.0,5.607999801635742,5.489999771118164,5.590000152587891,0.0,25653913
2018-08-29,3.6510820388793945,5.5329999923706055,0.0,5.545000076293945,5.454999923706055,5.510000228881836,0.0,20781154
2018-08-30,3.5507819652557373,5.38100004196167,0.0,5.510000228881836,5.377999782562256,5.500999927520752,0.0,34060208
2018-08-31,3.543523073196411,5.369999885559082,0.0,5.410999774932861,5.353000164031982,5.394000053405762,0.0,27870062
2018-09-03,3.5329647064208984,5.354000091552734,0.0,5.394999980926514,5.328000068664551,5.369999885559082,0.0,15644415
2018-09-04,3.542203187942505,5.368000030517578,0.0,5.421999931335449,5.297999858856201,5.354000091552734,0.0,21954834
2018-09-05,3.53890323638916,5.36299991607666,0.0,5.426000118255615,5.296999931335449,5.3470001220703125,0.0,50562721
2018-09-06,3.4498205184936523,5.228000164031982,0.0,5.320000171661377,5.2210001945495605,5.320000171661377,0.0,26602808
2018-09-07,3.4181463718414307,5.179999828338623,0.0,5.256999969482422,5.118000030517578,5.230000019073486,0.0,32655323
2018-09-10,3.4306845664978027,5.198999881744385,0.0,5.275000095367432,5.150000095367432,5.165999889373779,0.0,18923341
2018-09-11,3.437283515930176,5.209000110626221,0.0,5.255000114440918,5.15500020980835,5.229000091552734,0.0,18139368
2018-09-12,3.4412426948547363,5.215000152587891,0.0,5.21999979019165,5.13700008392334,5.210000038146973,0.0,15838289
2018-09-13,3.5883941650390625,5.438000202178955,0.0,5.460999965667725,5.209000110626221,5.2129998207092285,0.0,41753930
2018-09-14,3.5956528186798096,5.448999881744385,0.0,5.479000091552734,5.383999824523926,5.478000164031982,0.0,21795973
2018-09-17,3.631286859512329,5.502999782562256,0.0,5.5279998779296875,5.427999973297119,5.429999828338623,0.0,20753129
2018-09-18,3.6200692653656006,5.486000061035156,0.0,5.508999824523926,5.442999839782715,5.501999855041504,0.0,23392980
2018-09-19,3.692654609680176,5.5960001945495605,0.0,5.605999946594238,5.474999904632568,5.505000114440918,0.0,30839221
2018-09-21,3.7190492153167725,5.636000156402588,0.0,5.784999847412109,5.605000019073486,5.742000102996826,0.0,102356766
2018-09-24,3.6906745433807373,5.5929999351501465,0.0,5.635000228881836,5.567999839782715,5.599999904632568,0.0,64075456
2018-09-25,3.693974256515503,5.5980000495910645,0.0,5.677999973297119,5.59499979019165,5.630000114440918,0.0,55871393
2018-09-26,3.68011736869812,5.577000141143799,0.0,5.624000072479248,5.560999870300293,5.60099983215332,0.0,33099820
2018-09-27,3.70123291015625,5.609000205993652,0.0,5.609000205993652,5.461999893188477,5.535999774932861,0.0,70833365
2018-09-28,3.6227073669433594,5.489999771118164,0.0,5.548999786376953,5.383999824523926,5.547999858856201,0.0,60517793
2018-10-01,3.639204740524292,5.514999866485596,0.0,5.605000019073486,5.4670000076293945,5.4770002365112305,0.0,133000967
2018-10-02,3.542862892150879,5.36899995803833,0.0,5.4679999351501465,5.36899995803833,5.458000183105469,0.0,317105362
2018-10-03,3.526366710662842,5.343999862670898,0.0,5.440000057220459,5.341000080108643,5.426000118255615,0.0,63634787
2018-10-04,3.495352029800415,5.296999931335449,0.0,5.3979997634887695,5.289999961853027,5.34499979019165,0.0,116536006
2018-10-05,3.4729161262512207,5.263000011444092,0.0,5.308000087738037,5.244999885559082,5.300000190734863,0.0,23148403
2018-10-08,3.50789475440979,5.215000152587891,0.1,5.242000102996826,5.103000164031982,5.199999809265137,0.0,46150733
2018-10-09,3.5617072582244873,5.295000076293945,0.0,5.302999973297119,5.181000232696533,5.242000102996826,0.0,201365181
2018-10-10,3.56036114692688,5.293000221252441,0.0,5.357999801635742,5.247000217437744,5.256999969482422,0.0,121994503
2018-10-11,3.557670831680298,5.289000034332275,0.0,5.355999946594238,5.182000160217285,5.192999839782715,0.0,168796646
2018-10-12,3.5408546924591064,5.263999938964844,0.0,5.389999866485596,5.263999938964844,5.369999885559082,0.0,50955754
2018-10-15,3.577850103378296,5.318999767303467,0.0,5.3429999351501465,5.232999801635742,5.249000072479248,0.0,64930864
2018-10-16,3.6061019897460938,5.361000061035156,0.0,5.383999824523926,5.302999973297119,5.3460001945495605,0.0,122234201
2018-10-17,3.563725471496582,5.297999858856201,0.0,5.4070000648498535,5.276000022888184,5.380000114440918,0.0,26164575
2018-10-18,3.4675357341766357,5.15500020980835,0.0,5.339000225067139,5.0920000076293945,5.28000020980835,0.0,57601700
2018-10-19,3.501840353012085,5.205999851226807,0.0,5.244999885559082,5.015999794006348,5.130000114440918,0.0,41425822
2018-10-22,3.4271762371063232,5.09499979019165,0.0,5.321000099182129,5.093999862670898,5.284999847412109,0.0,19954017
2018-10-23,3.4090142250061035,5.067999839782715,0.0,5.123000144958496,5.006999969482422,5.019999980926514,0.0,36343776
2018-10-24,3.3393945693969727,4.9644999504089355,0.0,5.077000141143799,4.9644999504089355,5.077000141143799,0.0,19857407
2018-10-25,3.434574842453003,5.105999946594238,0.0,5.133999824523926,4.9720001220703125,4.985000133514404,0.0,30572041
2018-10-26,3.4224677085876465,5.0879998207092285,0.0,5.0929999351501465,5.007999897003174,5.072000026702881,0.0,23175251
2018-10-29,3.4527363777160645,5.132999897003174,0.0,5.201000213623047,5.076000213623047,5.168000221252441,0.0,25115957
2018-10-30,3.3444392681121826,4.9720001220703125,0.0,5.22599983215332,4.968999862670898,5.199999809265137,0.0,41159633
2018-10-31,3.285918951034546,4.885000228881836,0.0,5.021999835968018,4.866000175476074,5.015999794006348,0.0,54935115
2018-11-01,3.384798765182495,5.0320000648498535,0.0,5.035999774932861,4.884500026702881,4.894999980926514,0.0,23516374
2018-11-02,3.4735889434814453,5.164000034332275,0.0,5.193999767303467,5.080999851226807,5.093999862670898,0.0,26953347
2018-11-05,3.5025126934051514,5.206999778747559,0.0,5.255000114440918,5.164999961853027,5.165999889373779,0.0,16550894
2018-11-06,3.4675357341766357,5.15500020980835,0.0,5.204999923706055,5.10099983215332,5.198999881744385,0.0,14127398
2018-11-07,3.5274016857147217,5.24399995803833,0.0,5.400000095367432,5.236999988555908,5.400000095367432,0.0,27906472
2018-11-08,3.509239673614502,5.2170000076293945,0.0,5.289999961853027,5.199999809265137,5.267000198364258,0.0,16788971
2018-11-09,3.303743839263916,4.911499977111816,0.0,5.050000190734863,4.8520002365112305,5.050000190734863,0.0,71288107
2018-11-12,3.3044166564941406,4.912499904632568,0.0,5.048999786376953,4.900000095367432,5.025000095367432,0.0,29175160
2018-11-13,3.362938165664673,4.999499797821045,0.0,5.008999824523926,4.925000190734863,4.925000190734863,0.0,24532760
2018-11-14,3.3444392681121826,4.9720001220703125,0.0,5.0289998054504395,4.949999809265137,4.9745001792907715,0.0,16353471
2018-11-15,3.3478026390075684,4.9770002365112305,0.0,5.0289998054504395,4.911499977111816,4.993000030517578,0.0,21685831
2018-11-16,3.303407669067383,4.910999774932861,0.0,5.014999866485596,4.9085001945495605,5.002999782562256,0.0,39648168
2018-11-19,3.3030714988708496,4.9105000495910645,0.0,4.984499931335449,4.9029998779296875,4.921000003814697,0.0,24517172
2018-11-20,3.263721466064453,4.8520002365112305,0.0,4.900000095367432,4.822000026702881,4.900000095367432,0.0,20910248
2018-11-21,3.321233034133911,4.9375,0.0,4.9629998207092285,4.865499973297119,4.880000114440918,0.0,21182856
2018-11-22,3.2997078895568848,4.9054999351501465,0.0,4.944499969482422,4.873499870300293,4.900000095367432,0.0,18136459
2018-11-23,3.306434392929077,4.915500164031982,0.0,4.96150016784668,4.894999980926514,4.922999858856201,0.0,9740268
2018-11-26,3.4204490184783936,5.085000038146973,0.0,5.0980000495910645,4.949999809265137,4.960999965667725,0.0,28658622
2018-11-27,3.3084523677825928,4.918499946594238,0.0,5.059000015258789,4.855000019073486,5.019999980926514,0.0,44196875
2018-11-28,3.348475933074951,4.978000164031982,0.0,5.010000228881836,4.925000190734863,4.925000190734863,0.0,40259840
2018-11-29,3.3565473556518555,4.989999771118164,0.0,5.070000171661377,4.981500148773193,5.03000020980835,0.0,15393556
2018-11-30,3.3753814697265625,5.01800012588501,0.0,5.019000053405762,4.947000026702881,5.002999782562256,0.0,21913352
2018-12-03,3.424485683441162,5.091000080108643,0.0,5.159999847412109,5.091000080108643,5.099999904632568,0.0,20507910
2018-12-04,3.3158516883850098,4.929500102996826,0.0,5.073999881744385,4.929500102996826,5.056000232696533,0.0,31396495
2018-12-05,3.272465467453003,4.864999771118164,0.0,4.902500152587891,4.809999942779541,4.888000011444092,0.0,32526885
2018-12-06,3.155423879623413,4.690999984741211,0.0,4.835999965667725,4.660999774932861,4.811999797821045,0.0,28858927
2018-12-07,3.155423879623413,4.690999984741211,0.0,4.7829999923706055,4.689000129699707,4.7210001945495605,0.0,20132545
2018-12-10,3.0773959159851074,4.574999809265137,0.0,4.710000038146973,4.565000057220459,4.676499843597412,0.0,41842271
2018-12-11,3.052170753479004,4.537499904632568,0.0,4.623000144958496,4.53000020980835,4.5980000495910645,0.0,38137453
2018-12-12,3.127845287322998,4.650000095367432,0.0,4.68149995803833,4.519999980926514,4.519999980926514,0.0,36528665
2018-12-13,3.186365842819214,4.736999988555908,0.0,4.811500072479248,4.665999889373779,4.706999778747559,0.0,25129963
2018-12-14,3.1702215671539307,4.7129998207092285,0.0,4.723999977111816,4.600500106811523,4.702000141143799,0.0,24974271
2018-12-17,3.165513277053833,4.705999851226807,0.0,4.758500099182129,4.691999912261963,4.704999923706055,0.0,19564668
2018-12-18,3.1497063636779785,4.682499885559082,0.0,4.763999938964844,4.671000003814697,4.702000141143799,0.0,23963096
2018-12-19,3.179975986480713,4.727499961853027,0.0,4.7835001945495605,4.703999996185303,4.704999923706055,0.0,30431707
2018-12-20,3.1305348873138428,4.6539998054504395,0.0,4.715000152587891,4.623000144958496,4.650000095367432,0.0,27462924
2018-12-21,3.106656551361084,4.618500232696533,0.0,4.659999847412109,4.533999919891357,4.632999897003174,0.0,96489872
2018-12-24,3.06596040725708,4.558000087738037,0.0,4.598999977111816,4.542500019073486,4.57450008392334,0.0,5652399
2018-12-27,3.0572164058685303,4.545000076293945,0.0,4.638000011444092,4.476500034332275,4.599999904632568,0.0,32726196
2018-12-28,3.121790647506714,4.640999794006348,0.0,4.6479997634887695,4.550000190734863,4.558499813079834,0.0,20924025
2018-12-31,3.118091106414795,4.635499954223633,0.0,4.66349983215332,4.619999885559082,4.635000228881836,0.0,6885185
2019-01-02,3.1369259357452393,4.66349983215332,0.0,4.696000099182129,4.510000228881836,4.573500156402588,0.0,19834470
2019-01-03,3.1453335285186768,4.676000118255615,0.0,4.738999843597412,4.625999927520752,4.625999927520752,0.0,19019827
2019-01-04,3.262712240219116,4.850500106811523,0.0,4.877999782562256,4.7220001220703125,4.738500118255615,0.0,24676124
2019-01-07,3.251276731491089,4.833499908447266,0.0,4.893499851226807,4.801000118255615,4.883500099182129,0.0,15376663
2019-01-08,3.278855323791504,4.874499797821045,0.0,4.923500061035156,4.834499835968018,4.860000133514404,0.0,25603840
2019-01-09,3.3232507705688477,4.940499782562256,0.0,5.0269999504089355,4.898499965667725,4.920000076293945,0.0,23501867
2019-01-10,3.3525118827819824,4.984000205993652,0.0,5.005000114440918,4.882999897003174,4.9079999923706055,0.0,16193913
2019-01-11,3.387488842010498,5.035999774932861,0.0,5.048999786376953,4.943999767303467,4.980000019073486,0.0,24160526
2019-01-14,3.3555381298065186,4.988500118255615,0.0,5.015999794006348,4.927000045776367,4.999000072479248,0.0,20986389
2019-01-15,3.356210947036743,4.989500045776367,0.0,5.068999767303467,4.910999774932861,5.013000011444092,0.0,18600378
2019-01-16,3.437265634536743,5.110000133514404,0.0,5.110000133514404,5.0,5.013000011444092,0.0,25342179
2019-01-17,3.3881616592407227,5.0370001792907715,0.0,5.110000133514404,5.02400016784668,5.065000057220459,0.0,19652507
2019-01-18,3.497805118560791,5.199999809265137,0.0,5.199999809265137,5.073999881744385,5.089000225067139,0.0,31302793
2019-01-21,3.501840353012085,5.205999851226807,0.0,5.210000038146973,5.156000137329102,5.199999809265137,0.0,8285333
2019-01-22,3.4776248931884766,5.170000076293945,0.0,5.177999973297119,5.133999824523926,5.15500020980835,0.0,31732897
2019-01-23,3.5159666538238525,5.2270002365112305,0.0,5.264999866485596,5.140999794006348,5.1579999923706055,0.0,20085898
2019-01-24,3.5011682510375977,5.204999923706055,0.0,5.269999980926514,5.144999980926514,5.247000217437744,0.0,22846541
2019-01-25,3.5677602291107178,5.303999900817871,0.0,5.309000015258789,5.21999979019165,5.252999782562256,0.0,21265203
2019-01-28,3.528073787689209,5.244999885559082,0.0,5.330999851226807,5.234000205993652,5.275000095367432,0.0,15830273
2019-01-29,3.538163900375366,5.260000228881836,0.0,5.281000137329102,5.210999965667725,5.25600004196167,0.0,13877927
2019-01-30,3.5368192195892334,5.257999897003174,0.0,5.298999786376953,5.235000133514404,5.269999980926514,0.0,21445792
2019-01-31,3.4776248931884766,5.170000076293945,0.0,5.293000221252441,5.086999893188477,5.283999919891357,0.0,26593989
2019-02-01,3.495786428451538,5.197000026702881,0.0,5.261000156402588,5.061999797821045,5.204999923706055,0.0,25487453
2019-02-04,3.4782979488372803,5.171000003814697,0.0,5.2220001220703125,5.110000133514404,5.177999973297119,0.0,18914727
2019-02-05,3.5132758617401123,5.2230000495910645,0.0,5.230000019073486,5.156000137329102,5.183000087738037,0.0,25543242
2019-02-06,3.525383234024048,5.241000175476074,0.0,5.244999885559082,5.164000034332275,5.171000003814697,0.0,38241211
2019-02-07,3.4150679111480713,5.077000141143799,0.0,5.235000133514404,5.067999839782715,5.210000038146973,0.0,19900996
2019-02-08,3.402287483215332,5.058000087738037,0.0,5.116000175476074,5.017000198364258,5.070000171661377,0.0,16812897
2019-02-11,3.44062876701355,5.114999771118164,0.0,5.173999786376953,5.089000225067139,5.1020002365112305,0.0,15736127
2019-02-12,3.4984774589538574,5.201000213623047,0.0,5.209000110626221,5.099999904632568,5.164999961853027,0.0,19759675
2019-02-13,3.431211471557617,5.10099983215332,0.0,5.216000080108643,5.10099983215332,5.189000129699707,0.0,19557997
2019-02-14,3.382108449935913,5.0279998779296875,0.0,5.125,4.989999771118164,5.122000217437744,0.0,25569651
2019-02-15,3.4937689304351807,5.193999767303467,0.0,5.2179999351501465,4.998499870300293,5.025000095367432,0.0,32310361
2019-02-18,3.5159666538238525,5.2270002365112305,0.0,5.258999824523926,5.203000068664551,5.208000183105469,0.0,11667295
2019-02-19,3.490405321121216,5.189000129699707,0.0,5.248000144958496,5.127999782562256,5.199999809265137,0.0,19183939
2019-02-20,3.522693157196045,5.236999988555908,0.0,5.250999927520752,5.177999973297119,5.198999881744385,0.0,17642761
2019-02-21,3.513948678970337,5.223999977111816,0.0,5.25600004196167,5.190000057220459,5.244999885559082,0.0,17236530
2019-02-22,3.5159666538238525,5.2270002365112305,0.0,5.28000020980835,5.203999996185303,5.210000038146973,0.0,14998080
2019-02-25,3.5348007678985596,5.255000114440918,0.0,5.289000034332275,5.230000019073486,5.264999866485596,0.0,10919299
2019-02-26,3.53076434135437,5.249000072479248,0.0,5.255000114440918,5.177000045776367,5.228000164031982,0.0,26476277
2019-02-27,3.6168646812438965,5.376999855041504,0.0,5.385000228881836,5.22599983215332,5.23199987411499,0.0,31576822
2019-02-28,3.682112455368042,5.473999977111816,0.0,5.492000102996826,5.318999767303467,5.343999862670898,0.0,34997795
2019-03-01,3.6182103157043457,5.379000186920166,0.0,5.510000228881836,5.379000186920166,5.495999813079834,0.0,23937193
2019-03-04,3.5892858505249023,5.335999965667725,0.0,5.449999809265137,5.321000099182129,5.421999931335449,0.0,15456296
2019-03-05,3.5697789192199707,5.307000160217285,0.0,5.389999866485596,5.244999885559082,5.3379998207092285,0.0,22738005
2019-03-06,3.6135013103485107,5.372000217437744,0.0,5.426000118255615,5.289999961853027,5.300000190734863,0.0,16851126
2019-03-07,3.510585308074951,5.218999862670898,0.0,5.436999797821045,5.171999931335449,5.388000011444092,0.0,27831516
2019-03-08,3.4547553062438965,5.136000156402588,0.0,5.190000057220459,5.0929999351501465,5.164999961853027,0.0,18920786
2019-03-11,3.4984774589538574,5.201000213623047,0.0,5.224999904632568,5.130000114440918,5.171999931335449,0.0,16758755
2019-03-12,3.4850244522094727,5.181000232696533,0.0,5.245999813079834,5.150000095367432,5.232999801635742,0.0,17263372
2019-03-13,3.548253297805786,5.275000095367432,0.0,5.298999786376953,5.179999828338623,5.190999984741211,0.0,20829975
2019-03-14,3.5529625415802,5.2820000648498535,0.0,5.3420000076293945,5.263999938964844,5.275000095367432,0.0,19468758
2019-03-15,3.6141741275787354,5.373000144958496,0.0,5.381999969482422,5.269999980926514,5.298999786376953,0.0,55042005
2019-03-18,3.6464614868164062,5.421000003814697,0.0,5.4720001220703125,5.389999866485596,5.396999835968018,0.0,14839483
2019-03-19,3.689511299133301,5.485000133514404,0.0,5.550000190734863,5.4120001792907715,5.439000129699707,0.0,26046144
2019-03-20,3.645115613937378,5.419000148773193,0.0,5.489999771118164,5.418000221252441,5.46999979019165,0.0,17012143
2019-03-21,3.6135013103485107,5.372000217437744,0.0,5.4079999923706055,5.341000080108643,5.388000011444092,0.0,19350587
2019-03-22,3.4897332191467285,5.188000202178955,0.0,5.410999774932861,5.163000106811523,5.406000137329102,0.0,35078880
2019-03-25,3.497805118560791,5.199999809265137,0.0,5.263999938964844,5.11899995803833,5.163000106811523,0.0,52417513
2019-03-26,3.459463357925415,5.14300012588501,0.0,5.228000164031982,5.126999855041504,5.2129998207092285,0.0,69252444
2019-03-27,3.4413015842437744,5.116000175476074,0.0,5.283999919891357,5.0929999351501465,5.164999961853027,0.0,32475664
2019-03-28,3.394888401031494,5.046999931335449,0.0,5.093999862670898,5.005000114440918,5.070000171661377,0.0,29680329
2019-03-29,3.425830364227295,5.0929999351501465,0.0,5.123000144958496,5.051000118255615,5.0960001945495605,0.0,22807436
2019-04-01,3.569106101989746,5.306000232696533,0.0,5.336999893188477,5.156000137329102,5.197000026702881,0.0,294978529
2019-04-02,3.58390474319458,5.328000068664551,0.0,5.38100004196167,5.2820000648498535,5.309999942779541,0.0,61395406
2019-04-03,3.641080379486084,5.413000106811523,0.0,5.446000099182129,5.386000156402588,5.4070000648498535,0.0,39446117
2019-04-04,3.698256015777588,5.498000144958496,0.0,5.506999969482422,5.381999969482422,5.406000137329102,0.0,22119823
2019-04-05,3.696237564086914,5.494999885559082,0.0,5.534999847412109,5.480999946594238,5.500999927520752,0.0,30178133
2019-04-08,3.694852113723755,5.333000183105469,0.16,5.372000217437744,5.308000087738037,5.340000152587891,0.0,35377285
2019-04-09,3.7038588523864746,5.3460001945495605,0.0,5.414999961853027,5.315999984741211,5.318999767303467,0.0,36343154
2019-04-10,3.667832612991333,5.294000148773193,0.0,5.381999969482422,5.26800012588501,5.36299991607666,0.0,16391259
2019-04-11,3.720487117767334,5.369999885559082,0.0,5.408999919891357,5.269999980926514,5.317999839782715,0.0,134610094
2019-04-12,3.81886887550354,5.51200008392334,0.0,5.521999835968018,5.324999809265137,5.368000030517578,0.0,40437151
2019-04-15,3.7973906993865967,5.480999946594238,0.0,5.567999839782715,5.425000190734863,5.510000228881836,0.0,156296983
2019-04-16,3.828568458557129,5.526000022888184,0.0,5.546000003814697,5.453000068664551,5.49399995803833,0.0,72093656
2019-04-17,3.8791444301605225,5.598999977111816,0.0,5.678999900817871,5.525000095367432,5.546000003814697,0.0,65910881
2019-04-18,3.875680685043335,5.593999862670898,0.0,5.632999897003174,5.505000114440918,5.619999885559082,0.0,77415490
2019-04-23,3.793926239013672,5.47599983215332,0.0,5.589000225067139,5.446000099182129,5.577000141143799,0.0,78353226
2019-04-24,3.747506618499756,5.408999919891357,0.0,5.504000186920166,5.361999988555908,5.449999809265137,0.0,22100004
2019-04-25,3.7163302898406982,5.363999843597412,0.0,5.421999931335449,5.323999881744385,5.414999961853027,0.0,39551318
2019-04-26,3.725337028503418,5.376999855041504,0.0,5.390999794006348,5.302999973297119,5.375,0.0,22605828
2019-04-29,3.75166392326355,5.414999961853027,0.0,5.434000015258789,5.354000091552734,5.395999908447266,0.0,19724333
2019-04-30,3.7537424564361572,5.418000221252441,0.0,5.418000221252441,5.302999973297119,5.385000228881836,0.0,26498664
2019-05-02,3.705937147140503,5.348999977111816,0.0,5.468999862670898,5.3420000076293945,5.409999847412109,0.0,35493815
2019-05-03,3.6969308853149414,5.335999965667725,0.0,5.4070000648498535,5.285999774932861,5.374000072479248,0.0,13377010
2019-05-06,3.657439947128296,5.2789998054504395,0.0,5.297999858856201,5.205999851226807,5.230000019073486,0.0,15400333
2019-05-07,3.5639076232910156,5.144000053405762,0.0,5.264999866485596,5.140999794006348,5.25600004196167,0.0,27880429
2019-05-08,3.60270619392395,5.199999809265137,0.0,5.199999809265137,5.105000019073486,5.15500020980835,0.0,21814177
2019-05-09,3.529266834259033,5.093999862670898,0.0,5.172999858856201,5.065000057220459,5.127999782562256,0.0,29929358
2019-05-10,3.518181324005127,5.078000068664551,0.0,5.1579999923706055,5.039999961853027,5.138000011444092,0.0,14640973
2019-05-13,3.452016592025757,4.982500076293945,0.0,5.0929999351501465,4.9664998054504395,5.084000110626221,0.0,22476479
2019-05-14,3.5216453075408936,5.083000183105469,0.0,5.083000183105469,5.000999927520752,5.0229997634887695,0.0,18607230
2019-05-15,3.527188301086426,5.091000080108643,0.0,5.117000102996826,5.007999897003174,5.064000129699707,0.0,64276239
2019-05-16,3.597163677215576,5.191999912261963,0.0,5.191999912261963,5.045000076293945,5.076000213623047,0.0,19089404
2019-05-17,3.569451093673706,5.1519999504089355,0.0,5.178999900817871,5.090000152587891,5.150000095367432,0.0,31836316
2019-05-20,3.5154101848602295,5.073999881744385,0.0,5.206999778747559,5.052999973297119,5.130000114440918,0.0,20240369
2019-05-21,3.545201063156128,5.117000102996826,0.0,5.1479997634887695,5.071000099182129,5.107999801635742,0.0,14242427
2019-05-22,3.482154607772827,5.026000022888184,0.0,5.139999866485596,5.0,5.114999771118164,0.0,22571724
2019-05-23,3.4457805156707764,4.973499774932861,0.0,5.026000022888184,4.95550012588501,4.989999771118164,0.0,41055174
2019-05-24,3.4807686805725098,5.02400016784668,0.0,5.050000190734863,4.968999862670898,4.991499900817871,0.0,26447612
2019-05-27,3.489082098007202,5.035999774932861,0.0,5.0970001220703125,5.011000156402588,5.083000183105469,0.0,6602808
2019-05-28,3.4967033863067627,5.046999931335449,0.0,5.046999931335449,4.955999851226807,5.040999889373779,0.0,22878669
2019-05-29,3.4617154598236084,4.996500015258789,0.0,5.0279998779296875,4.947999954223633,4.995999813079834,0.0,21105010
2019-05-30,3.5161023139953613,5.074999809265137,0.0,5.0929999351501465,5.0329999923706055,5.048999786376953,0.0,12321189
2019-05-31,3.3723409175872803,4.867499828338623,0.0,4.94950008392334,4.843500137329102,4.922999858856201,0.0,50629127
2019-06-03,3.368530035018921,4.861999988555908,0.0,4.865499973297119,4.7779998779296875,4.817500114440918,0.0,22424329
2019-06-04,3.4710686206817627,5.010000228881836,0.0,5.015999794006348,4.840000152587891,4.843500137329102,0.0,28187482
2019-06-05,3.450284481048584,4.980000019073486,0.0,5.017000198364258,4.90500020980835,5.0,0.0,51910630
2019-06-06,3.4256880283355713,4.944499969482422,0.0,5.078999996185303,4.895999908447266,4.960000038146973,0.0,30595338
2019-06-07,3.410792350769043,4.922999858856201,0.0,4.9745001792907715,4.880000114440918,4.94950008392334,0.0,29437856
2019-06-10,3.5112528800964355,5.067999839782715,0.0,5.079999923706055,4.989500045776367,5.014999866485596,0.0,19201699
2019-06-11,3.4641406536102295,5.0,0.0,5.061999797821045,5.0,5.040999889373779,0.0,15871570
2019-06-12,3.4215314388275146,4.938499927520752,0.0,4.9604997634887695,4.877999782562256,4.949999809265137,0.0,20577179
2019-06-13,3.4049034118652344,4.9145002365112305,0.0,4.9679999351501465,4.894499778747559,4.920000076293945,0.0,14040688
2019-06-14,3.3799614906311035,4.878499984741211,0.0,4.915500164031982,4.861499786376953,4.90500020980835,0.0,13663826
2019-06-17,3.371647834777832,4.866499900817871,0.0,4.939000129699707,4.866499900817871,4.917500019073486,0.0,18138012
2019-06-18,3.396243095397949,4.9019999504089355,0.0,4.921999931335449,4.80049991607666,4.861000061035156,0.0,24139843
2019-06-19,3.4710686206817627,5.010000228881836,0.0,5.010000228881836,4.892000198364258,4.921000003814697,0.0,66346353
2019-06-20,3.4218783378601074,4.939000129699707,0.0,5.0289998054504395,4.939000129699707,5.010000228881836,0.0,27200957
2019-06-21,3.406982183456421,4.917500019073486,0.0,5.013999938964844,4.890999794006348,4.960000038146973,0.0,142298038
2019-06-24,3.4066357612609863,4.916999816894531,0.0,4.973999977111816,4.882500171661377,4.921000003814697,0.0,11181919
2019-06-25,3.379615545272827,4.877999782562256,0.0,4.89300012588501,4.830999851226807,4.88700008392334,0.0,35919204
2019-06-26,3.391047239303589,4.894499778747559,0.0,4.929999828338623,4.834000110626221,4.860499858856201,0.0,19973132
2019-06-27,3.3969361782073975,4.9029998779296875,0.0,4.9720001220703125,4.864999771118164,4.912499904632568,0.0,15790997
2019-06-28,3.4066357612609863,4.916999816894531,0.0,4.934000015258789,4.888000011444092,4.9105000495910645,0.0,13813382
2019-07-01,3.4457805156707764,4.973499774932861,0.0,5.026000022888184,4.972499847412109,4.980999946594238,0.0,18808913
2019-07-02,3.415642738342285,4.929999828338623,0.0,4.992000102996826,4.888000011444092,4.976500034332275,0.0,16388393
2019-07-03,3.482846975326538,5.0269999504089355,0.0,5.0269999504089355,4.886000156402588,4.9029998779296875,0.0,14669463
2019-07-04,3.524416923522949,5.086999893188477,0.0,5.0980000495910645,5.008999824523926,5.008999824523926,0.0,21757370
2019-07-05,3.518181324005127,5.078000068664551,0.0,5.135000228881836,5.033999919891357,5.083000183105469,0.0,15022491
2019-07-08,3.4537484645843506,4.985000133514404,0.0,5.081999778747559,4.960999965667725,5.050000190734863,0.0,15708142
2019-07-09,3.430191993713379,4.951000213623047,0.0,4.972499847412109,4.9105000495910645,4.965000152587891,0.0,42699352
2019-07-10,3.425341844558716,4.943999767303467,0.0,5.004000186920166,4.888000011444092,4.929999828338623,0.0,28339432
2019-07-11,3.415642738342285,4.929999828338623,0.0,4.973499774932861,4.882500171661377,4.962500095367432,0.0,26454725
2019-07-12,3.3931260108947754,4.897500038146973,0.0,4.985000133514404,4.897500038146973,4.952000141143799,0.0,23630590
2019-07-15,3.4125254154205322,4.92549991607666,0.0,4.940999984741211,4.873000144958496,4.914999961853027,0.0,14828628
2019-07-16,3.4440484046936035,4.9710001945495605,0.0,5.007999897003174,4.91349983215332,4.947500228881836,0.0,30729369
2019-07-17,3.3983218669891357,4.90500020980835,0.0,4.9654998779296875,4.900000095367432,4.952000141143799,0.0,22412190
2019-07-18,3.3640270233154297,4.855500221252441,0.0,4.894499778747559,4.811999797821045,4.879000186920166,0.0,35820658
2019-07-19,3.311718463897705,4.78000020980835,0.0,4.901000022888184,4.758500099182129,4.861000061035156,0.0,22848128
2019-07-22,3.2871227264404297,4.744500160217285,0.0,4.791500091552734,4.710999965667725,4.776500225067139,0.0,16574992
2019-07-23,3.380654811859131,4.879499912261963,0.0,4.9019999504089355,4.770500183105469,4.7870001792907715,0.0,18288079
2019-07-24,3.379615545272827,4.877999782562256,0.0,4.90500020980835,4.829999923706055,4.85099983215332,0.0,14071344
2019-07-25,3.3907008171081543,4.894000053405762,0.0,5.046000003814697,4.860000133514404,4.877999782562256,0.0,28469733
2019-07-26,3.3484385013580322,4.833000183105469,0.0,4.88700008392334,4.816500186920166,4.866499900817871,0.0,15290892
2019-07-29,3.326960325241089,4.802000045776367,0.0,4.8480000495910645,4.777500152587891,4.820499897003174,0.0,11693378
2019-07-30,3.226154088973999,4.656499862670898,0.0,4.793499946594238,4.622499942779541,4.786499977111816,0.0,31956350
2019-07-31,3.1866636276245117,4.5995001792907715,0.0,4.724999904632568,4.570000171661377,4.679999828338623,0.0,25249381
2019-08-01,3.211604595184326,4.635499954223633,0.0,4.722499847412109,4.590000152587891,4.60099983215332,0.0,20998227
2019-08-02,3.1329681873321533,4.521999835968018,0.0,4.587500095367432,4.492499828338623,4.53000020980835,0.0,27649101
2019-08-05,3.090013265609741,4.460000038146973,0.0,4.501999855041504,4.434999942779541,4.473999977111816,0.0,20462325
2019-08-06,3.058143377304077,4.414000034332275,0.0,4.486499786376953,4.406499862670898,4.477499961853027,0.0,18467932
2019-08-07,3.053292989730835,4.4070000648498535,0.0,4.485000133514404,4.368000030517578,4.447000026702881,0.0,22532031
2019-08-08,3.1298508644104004,4.517499923706055,0.0,4.538000106811523,4.422999858856201,4.46999979019165,0.0,17927341
2019-08-09,3.07338547706604,4.435999870300293,0.0,4.484000205993652,4.420000076293945,4.456500053405762,0.0,23267682
2019-08-12,2.9625332355499268,4.276000022888184,0.0,4.451000213623047,4.276000022888184,4.44350004196167,0.0,21567369
2019-08-13,3.015880823135376,4.353000164031982,0.0,4.394999980926514,4.230000019073486,4.262499809265137,0.0,27246213
2019-08-14,2.940016031265259,4.243500232696533,0.0,4.324999809265137,4.215000152587891,4.322000026702881,0.0,36886859
2019-08-15,2.933434247970581,4.234000205993652,0.0,4.298500061035156,4.186999797821045,4.281000137329102,0.0,22103015
2019-08-16,3.024541139602661,4.365499973297119,0.0,4.375,4.208499908447266,4.234000205993652,0.0,46904413
2019-08-19,2.957336664199829,4.268499851226807,0.0,4.425000190734863,4.268499851226807,4.396500110626221,0.0,18945256
2019-08-20,2.914727210998535,4.206999778747559,0.0,4.258500099182129,4.190000057220459,4.25,0.0,19633702
2019-08-21,2.9313557147979736,4.230999946594238,0.0,4.261499881744385,4.203499794006348,4.203499794006348,0.0,10036583
2019-08-22,2.996481418609619,4.324999809265137,0.0,4.370999813079834,4.229000091552734,4.229000091552734,0.0,22627162
2019-08-23,2.937591552734375,4.239999771118164,0.0,4.373000144958496,4.239999771118164,4.353499889373779,0.0,24086916
2019-08-26,2.9625332355499268,4.276000022888184,0.0,4.307499885559082,4.2129998207092285,4.2129998207092285,0.0,10595942
2019-08-27,2.972579002380371,4.290500164031982,0.0,4.333000183105469,4.260499954223633,4.295000076293945,0.0,17020565
2019-08-28,2.9611475467681885,4.27400016784668,0.0,4.311999797821045,4.24399995803833,4.289999961853027,0.0,26011522
2019-08-29,2.9947495460510254,4.322500228881836,0.0,4.368000030517578,4.263500213623047,4.266499996185303,0.0,14914028
2019-08-30,2.985396385192871,4.309000015258789,0.0,4.359000205993652,4.291999816894531,4.331500053405762,0.0,19954261
2019-09-02,2.9635725021362305,4.277500152587891,0.0,4.33050012588501,4.2769999504089355,4.296000003814697,0.0,15951338
2019-09-03,2.969460964202881,4.285999774932861,0.0,4.31850004196167,4.242000102996826,4.26800012588501,0.0,15503054
2019-09-04,2.9881680011749268,4.313000202178955,0.0,4.36299991607666,4.302999973297119,4.337500095367432,0.0,18471254
2019-09-05,3.114955186843872,4.495999813079834,0.0,4.497000217437744,4.349999904632568,4.359000205993652,0.0,24773131
2019-09-06,3.1107983589172363,4.489999771118164,0.0,4.559999942779541,4.4604997634887695,4.482999801635742,0.0,15901890
2019-09-09,3.1883950233459473,4.6020002365112305,0.0,4.6020002365112305,4.500999927520752,4.507500171661377,0.0,16018511
2019-09-10,3.253520965576172,4.696000099182129,0.0,4.702000141143799,4.541999816894531,4.599999904632568,0.0,26239350
2019-09-11,3.2400104999542236,4.676499843597412,0.0,4.772500038146973,4.6529998779296875,4.739999771118164,0.0,21114413
2019-09-12,3.276384115219116,4.729000091552734,0.0,4.775000095367432,4.553999900817871,4.678500175476074,0.0,30150772
2019-09-13,3.370955228805542,4.865499973297119,0.0,4.871500015258789,4.757999897003174,4.769999980926514,0.0,28148275
2019-09-16,3.322110414505005,4.795000076293945,0.0,4.8460001945495605,4.758500099182129,4.825500011444092,0.0,16208802
2019-09-17,3.254560708999634,4.697500228881836,0.0,4.78249979019165,4.669000148773193,4.770999908447266,0.0,18595966
2019-09-18,3.251096487045288,4.692500114440918,0.0,4.743000030517578,4.645500183105469,4.71999979019165,0.0,17034874
2019-09-19,3.314836263656616,4.7845001220703125,0.0,4.7845001220703125,4.693999767303467,4.7220001220703125,0.0,14996730
2019-09-20,3.3948581218719482,4.900000095367432,0.0,4.900000095367432,4.751500129699707,4.769999980926514,0.0,76454628
2019-09-23,3.246246099472046,4.685500144958496,0.0,4.849999904632568,4.673999786376953,4.841000080108643,0.0,26389092
2019-09-24,3.2355072498321533,4.670000076293945,0.0,4.72599983215332,4.653500080108643,4.703000068664551,0.0,16305054
2019-09-25,3.239664077758789,4.676000118255615,0.0,4.682499885559082,4.560500144958496,4.637499809265137,0.0,34858352
2019-09-26,3.25248122215271,4.694499969482422,0.0,4.710999965667725,4.634500026702881,4.652500152587891,0.0,43790193
2019-09-27,3.2888550758361816,4.747000217437744,0.0,4.769000053405762,4.68149995803833,4.710000038146973,0.0,12392956
2019-09-30,3.3120646476745605,4.7804999351501465,0.0,4.805500030517578,4.738500118255615,4.78000020980835,0.0,29459697
2019-10-01,3.256638765335083,4.700500011444092,0.0,4.828000068664551,4.700500011444092,4.820000171661377,0.0,52888114
2019-10-02,3.1308906078338623,4.519000053405762,0.0,4.705999851226807,4.519000053405762,4.685500144958496,0.0,24890371
2019-10-03,3.1308906078338623,4.519000053405762,0.0,4.554999828338623,4.4629998207092285,4.554999828338623,0.0,168557909
2019-10-04,3.1419754028320312,4.534999847412109,0.0,4.559999942779541,4.484499931335449,4.546000003814697,0.0,100362540
2019-10-07,3.1780025959014893,4.586999893188477,0.0,4.613500118255615,4.486999988555908,4.542500019073486,0.0,83643872
2019-10-08,3.121537446975708,4.505499839782715,0.0,4.619500160217285,4.4629998207092285,4.607500076293945,0.0,68238903
2019-10-09,3.1218836307525635,4.50600004196167,0.0,4.554999828338623,4.480500221252441,4.519999980926514,0.0,65270721
2019-10-10,3.2064082622528076,4.627999782562256,0.0,4.627999782562256,4.509500026702881,4.515999794006348,0.0,20806921
2019-10-11,3.339536428451538,4.716000080108643,0.1,4.718999862670898,4.541999816894531,4.541999816894531,0.0,36912994
2019-10-14,3.281824827194214,4.634500026702881,0.0,4.682000160217285,4.586999893188477,4.670000076293945,0.0,35413955
2019-10-15,3.3629050254821777,4.749000072479248,0.0,4.753499984741211,4.631999969482422,4.689000129699707,0.0,32539813
2019-10-16,3.4043304920196533,4.807499885559082,0.0,4.83650016784668,4.6545000076293945,4.731500148773193,0.0,22851872
2019-10-17,3.3473260402679443,4.7270002365112305,0.0,4.875999927520752,4.7270002365112305,4.778500080108643,0.0,113579755
2019-10-18,3.3837950229644775,4.778500080108643,0.0,4.789999961853027,4.704500198364258,4.704500198364258,0.0,79672939
2019-10-21,3.464167594909668,4.892000198364258,0.0,4.9085001945495605,4.788000106811523,4.800000190734863,0.0,117577506
2019-10-22,3.4606270790100098,4.88700008392334,0.0,4.919000148773193,4.817999839782715,4.892499923706055,0.0,124358854
2019-10-23,3.4754977226257324,4.9079999923706055,0.0,4.923999786376953,4.822500228881836,4.8379998207092285,0.0,65135072
2019-10-24,3.459918975830078,4.886000156402588,0.0,4.9670000076293945,4.865499973297119,4.929999828338623,0.0,67122400
2019-10-25,3.4592111110687256,4.885000228881836,0.0,4.929999828338623,4.8420000076293945,4.892000198364258,0.0,29722210
2019-10-28,3.4570865631103516,4.881999969482422,0.0,4.90500020980835,4.849999904632568,4.886000156402588,0.0,12183891
2019-10-29,3.4390294551849365,4.856500148773193,0.0,4.893499851226807,4.818999767303467,4.879000186920166,0.0,23960745
2019-10-30,3.352637529373169,4.734499931335449,0.0,4.863999843597412,4.690999984741211,4.85099983215332,0.0,33393432
2019-10-31,3.344494342803955,4.7230000495910645,0.0,4.754499912261963,4.605500221252441,4.736999988555908,0.0,24066080
2019-11-01,3.3515748977661133,4.732999801635742,0.0,4.73799991607666,4.630499839782715,4.71999979019165,0.0,22491433
2019-11-04,3.454253673553467,4.877999782562256,0.0,4.889999866485596,4.760000228881836,4.793499946594238,0.0,21608587
2019-11-05,3.5080718994140625,4.953999996185303,0.0,4.973499774932861,4.88100004196167,4.900000095367432,0.0,29839757
2019-11-06,3.4726650714874268,4.9039998054504395,0.0,5.034999847412109,4.885000228881836,4.980000019073486,0.0,19114256
2019-11-07,3.5328562259674072,4.988999843597412,0.0,4.998000144958496,4.885000228881836,4.9039998054504395,0.0,18898037
2019-11-08,3.510903835296631,4.958000183105469,0.0,5.004000186920166,4.915999889373779,4.960000038146973,0.0,27200291
2019-11-11,3.5006368160247803,4.94350004196167,0.0,4.965000152587891,4.892000198364258,4.925000190734863,0.0,14024272
2019-11-12,3.4815170764923096,4.916500091552734,0.0,5.001999855041504,4.90749979019165,4.9704999923706055,0.0,18788260
2019-11-13,3.368215560913086,4.756499767303467,0.0,4.880000114440918,4.715000152587891,4.864999771118164,0.0,26064497
2019-11-14,3.3565316200256348,4.739999771118164,0.0,4.774499893188477,4.713500022888184,4.764500141143799,0.0,13963545
2019-11-15,3.3760058879852295,4.767499923706055,0.0,4.80649995803833,4.732500076293945,4.7820000648498535,0.0,18058110
2019-11-18,3.3533449172973633,4.735499858856201,0.0,4.822000026702881,4.690499782562256,4.793000221252441,0.0,16592162
2019-11-19,3.3721108436584473,4.76200008392334,0.0,4.822999954223633,4.744999885559082,4.759500026702881,0.0,12407940
2019-11-20,3.346618175506592,4.72599983215332,0.0,4.741000175476074,4.6595001220703125,4.718500137329102,0.0,12884699
2019-11-21,3.3714029788970947,4.761000156402588,0.0,4.771999835968018,4.677499771118164,4.703000068664551,0.0,13928950
2019-11-22,3.397249937057495,4.797500133514404,0.0,4.854000091552734,4.764500141143799,4.7820000648498535,0.0,19153160
2019-11-25,3.4099950790405273,4.815499782562256,0.0,4.866499900817871,4.797999858856201,4.823999881744385,0.0,10698076
2019-11-26,3.393000841140747,4.791500091552734,0.0,4.823999881744385,4.763500213623047,4.823999881744385,0.0,19658412
2019-11-27,3.419201374053955,4.828499794006348,0.0,4.8495001792907715,4.775000095367432,4.795000076293945,0.0,18110871
2019-11-28,3.4039769172668457,4.807000160217285,0.0,4.819499969482422,4.781499862670898,4.797500133514404,0.0,12979706
2019-11-29,3.3859188556671143,4.781499862670898,0.0,4.831500053405762,4.76800012588501,4.797999858856201,0.0,15581654
2019-12-02,3.323603630065918,4.69350004196167,0.0,4.8429999351501465,4.690499782562256,4.788000106811523,0.0,26560961
2019-12-03,3.297757387161255,4.6570000648498535,0.0,4.729000091552734,4.632999897003174,4.706500053405762,0.0,46600285
2019-12-04,3.3487424850463867,4.729000091552734,0.0,4.749499797821045,4.640500068664551,4.640500068664551,0.0,28815581
2019-12-05,3.3452017307281494,4.723999977111816,0.0,4.784999847412109,4.716000080108643,4.73799991607666,0.0,30109122
2019-12-06,3.386981725692749,4.7829999923706055,0.0,4.797500133514404,4.715000152587891,4.73799991607666,0.0,13331490
2019-12-09,3.3678624629974365,4.75600004196167,0.0,4.836999893188477,4.75600004196167,4.789999961853027,0.0,22674629
2019-12-10,3.370694875717163,4.760000228881836,0.0,4.772500038146973,4.682000160217285,4.760000228881836,0.0,19879773
2019-12-11,3.3738811016082764,4.764500141143799,0.0,4.808499813079834,4.732500076293945,4.738999843597412,0.0,25838344
2019-12-12,3.484703302383423,4.921000003814697,0.0,4.939000129699707,4.744999885559082,4.7820000648498535,0.0,37281439
2019-12-13,3.5048844814300537,4.94950008392334,0.0,5.068999767303467,4.945000171661377,5.039999961853027,0.0,51157541
2019-12-16,3.5866739749908447,5.065000057220459,0.0,5.067999839782715,4.9679999351501465,4.972499847412109,0.0,19826011
2019-12-17,3.5746352672576904,5.047999858856201,0.0,5.061999797821045,5.015999794006348,5.046999931335449,0.0,14755944
2019-12-18,3.6079177856445312,5.09499979019165,0.0,5.110000133514404,5.041999816894531,5.041999816894531,0.0,25783109
2019-12-19,3.6496970653533936,5.1539998054504395,0.0,5.1539998054504395,5.078000068664551,5.086999893188477,0.0,79883031
2019-12-20,3.641199827194214,5.142000198364258,0.0,5.165999889373779,5.105999946594238,5.111999988555908,0.0,69143939
2019-12-23,3.6043777465820312,5.090000152587891,0.0,5.123000144958496,5.066999912261963,5.099999904632568,0.0,36278575
2019-12-24,3.583841562271118,5.060999870300293,0.0,5.070000171661377,5.031000137329102,5.041999816894531,0.0,2890976
2019-12-25,3.583841562271118,5.060999870300293,0.0,5.060999870300293,5.060999870300293,5.060999870300293,0.0,0
2019-12-27,3.568263053894043,5.039000034332275,0.0,5.084000110626221,4.920000076293945,5.019999980926514,0.0,10071772
2019-12-30,3.544186592102051,5.005000114440918,0.0,5.045000076293945,5.005000114440918,5.013000011444092,0.0,9533134
2019-12-31,3.5286073684692383,4.982999801635742,0.0,5.004000186920166,4.953000068664551,4.994999885559082,0.0,5624533
2020-01-02,3.618539810180664,5.110000133514404,0.0,5.124000072479248,5.020999908447266,5.031000137329102,0.0,11845254
2020-01-03,3.5788848400115967,5.053999900817871,0.0,5.078000068664551,5.015999794006348,5.078000068664551,0.0,13399207
2020-01-06,3.5633058547973633,5.0320000648498535,0.0,5.039000034332275,4.94350004196167,5.0,0.0,11340344
2020-01-07,3.547726631164551,5.010000228881836,0.0,5.078999996185303,4.982999801635742,5.051000118255615,0.0,10427840
2020-01-08,3.581716537475586,5.058000087738037,0.0,5.068999767303467,4.960999965667725,4.968500137329102,0.0,12830856
2020-01-09,3.5972955226898193,5.079999923706055,0.0,5.117000102996826,5.063000202178955,5.0960001945495605,0.0,19150316
2020-01-10,3.5385217666625977,4.997000217437744,0.0,5.078000068664551,4.997000217437744,5.070000171661377,0.0,12668991
2020-01-13,3.4857656955718994,4.922500133514404,0.0,5.004000186920166,4.895999908447266,4.998000144958496,0.0,18045437
2020-01-14,3.4407997131347656,4.859000205993652,0.0,4.914999961853027,4.825500011444092,4.913000106811523,0.0,31747299
2020-01-15,3.3823790550231934,4.776500225067139,0.0,4.8520002365112305,4.771500110626221,4.846499919891357,0.0,18948045
2020-01-16,3.390167474746704,4.787499904632568,0.0,4.826000213623047,4.723499774932861,4.7754998207092285,0.0,36776862
2020-01-17,3.4036221504211426,4.80649995803833,0.0,4.854000091552734,4.800000190734863,4.818999767303467,0.0,28121545
2020-01-20,3.3735270500183105,4.763999938964844,0.0,4.814000129699707,4.75,4.814000129699707,0.0,9568853
2020-01-21,3.362196683883667,4.748000144958496,0.0,4.764999866485596,4.713500022888184,4.727499961853027,0.0,35627364
2020-01-22,3.3267905712127686,4.697999954223633,0.0,4.757999897003174,4.677000045776367,4.747499942779541,0.0,15589639
2020-01-23,3.3027141094207764,4.664000034332275,0.0,4.738500118255615,4.63100004196167,4.703999996185303,0.0,30744031
2020-01-24,3.2623510360717773,4.60699987411499,0.0,4.745999813079834,4.603499889373779,4.7170000076293945,0.0,16467529
2020-01-27,3.2088871002197266,4.531499862670898,0.0,4.585999965667725,4.497000217437744,4.554500102996826,0.0,19359016
2020-01-28,3.2577481269836426,4.600500106811523,0.0,4.629499912261963,4.507999897003174,4.550000190734863,0.0,16602129
2020-01-29,3.305192232131958,4.667500019073486,0.0,4.692500114440918,4.608500003814697,4.639999866485596,0.0,25612284
2020-01-30,3.3342251777648926,4.708499908447266,0.0,4.708499908447266,4.5980000495910645,4.618500232696533,0.0,30488948
2020-01-31,3.305901050567627,4.668499946594238,0.0,4.849999904632568,4.650000095367432,4.820000171661377,0.0,31944522
2020-02-03,3.303422451019287,4.664999961853027,0.0,4.718500137329102,4.612500190734863,4.699999809265137,0.0,19108172
2020-02-04,3.3887510299682617,4.7855000495910645,0.0,4.815499782562256,4.697000026702881,4.699999809265137,0.0,18494719
2020-02-05,3.488952398300171,4.927000045776367,0.0,4.927000045776367,4.755000114440918,4.760000228881836,0.0,39880725
2020-02-06,3.611457586288452,5.099999904632568,0.0,5.13700008392334,4.9695000648498535,4.980500221252441,0.0,49680163
2020-02-07,3.7013909816741943,5.2270002365112305,0.0,5.230000019073486,5.071000099182129,5.079999923706055,0.0,27160014
2020-02-10,3.712012767791748,5.242000102996826,0.0,5.289999961853027,5.197000026702881,5.202000141143799,0.0,27471586
2020-02-11,3.705639600753784,5.232999801635742,0.0,5.2820000648498535,5.175000190734863,5.25,0.0,18566382
2020-02-12,3.773620367050171,5.328999996185303,0.0,5.339000225067139,5.23799991607666,5.25,0.0,20423238
2020-02-13,3.7516684532165527,5.297999858856201,0.0,5.304999828338623,5.191999912261963,5.28000020980835,0.0,21910450
2020-02-14,3.7127199172973633,5.243000030517578,0.0,5.313000202178955,5.232999801635742,5.308000087738037,0.0,12772542
2020-02-17,3.7020986080169678,5.228000164031982,0.0,5.26800012588501,5.204999923706055,5.248000144958496,0.0,10321285
2020-02-18,3.659611940383911,5.168000221252441,0.0,5.249000072479248,5.158999919891357,5.2220001220703125,0.0,15638567
2020-02-19,3.6638600826263428,5.173999786376953,0.0,5.210000038146973,5.144999980926514,5.197999954223633,0.0,13887811
2020-02-20,3.614290714263916,5.104000091552734,0.0,5.2129998207092285,5.104000091552734,5.158999919891357,0.0,19876679
2020-02-21,3.618539810180664,5.110000133514404,0.0,5.125,5.050000190734863,5.083000183105469,0.0,22907866
2020-02-24,3.478330373764038,4.9120001792907715,0.0,5.0,4.9029998779296875,5.0,0.0,37140245
2020-02-25,3.366446018218994,4.754000186920166,0.0,4.949999809265137,4.73799991607666,4.949999809265137,0.0,34671828
2020-02-26,3.3575937747955322,4.741499900817871,0.0,4.7870001792907715,4.629000186920166,4.738999843597412,0.0,32623012
2020-02-27,3.219863176345825,4.546999931335449,0.0,4.697000026702881,4.492499828338623,4.6645002365112305,0.0,49772385
2020-02-28,3.069385528564453,4.334499835968018,0.0,4.420000076293945,4.235000133514404,4.420000076293945,0.0,68805196
2020-03-02,3.035041093826294,4.285999774932861,0.0,4.43149995803833,4.142000198364258,4.420000076293945,0.0,41815748
2020-03-03,3.008840560913086,4.249000072479248,0.0,4.453999996185303,4.225500106811523,4.369999885559082,0.0,36434406
2020-03-04,3.063720464706421,4.326499938964844,0.0,4.358500003814697,4.190000057220459,4.2779998779296875,0.0,34587171
2020-03-05,2.9199700355529785,4.123499870300293,0.0,4.364500045776367,4.093999862670898,4.361999988555908,0.0,36710532
2020-03-06,2.8551766872406006,4.0320000648498535,0.0,4.087500095367432,3.9554998874664307,4.025000095367432,0.0,31918480
2020-03-09,2.478097915649414,3.499500036239624,0.0,3.75,3.4600000381469727,3.75,0.0,66366176
2020-03-10,2.4441077709198,3.4514999389648438,0.0,3.7695000171661377,3.4119999408721924,3.5810000896453857,0.0,49459649
2020-03-11,2.5081934928894043,3.5420000553131104,0.0,3.7144999504089355,3.4644999504089355,3.5374999046325684,0.0,48935944
2020-03-12,2.130052328109741,3.007999897003174,0.0,3.4019999504089355,2.9539999961853027,3.3405001163482666,0.0,71568740
2020-03-13,2.1558992862701416,3.0445001125335693,0.0,3.436000108718872,2.9489998817443848,3.309999942779541,0.0,43980635
2020-03-16,1.8676904439926147,2.637500047683716,0.0,2.9800000190734863,2.561000108718872,2.9100000858306885,0.0,62763655
2020-03-17,1.9969239234924316,2.819999933242798,0.0,2.890000104904175,2.6440000534057617,2.880500078201294,0.0,67533309
2020-03-18,1.9179675579071045,2.7084999084472656,0.0,2.9730000495910645,2.6600000858306885,2.7790000438690186,0.0,44611317
2020-03-19,1.9852397441864014,2.803499937057495,0.0,2.8399999141693115,2.6489999294281006,2.7135000228881836,0.0,36966237
2020-03-20,2.0436606407165527,2.885999917984009,0.0,3.0,2.7230000495910645,2.9240000247955322,0.0,47092505
2020-03-23,1.971785545349121,2.7844998836517334,0.0,2.939500093460083,2.690000057220459,2.7074999809265137,0.0,28910030
2020-03-24,2.1888270378112793,3.0910000801086426,0.0,3.0910000801086426,2.8499999046325684,2.9040000438690186,0.0,28726223
2020-03-25,2.310979127883911,3.2634999752044678,0.0,3.450000047683716,3.009999990463257,3.3894999027252197,0.0,33886871
2020-03-26,2.322309732437134,3.2795000076293945,0.0,3.322000026702881,3.0940001010894775,3.119999885559082,0.0,19785735
2020-03-27,2.1983869075775146,3.1045000553131104,0.0,3.200000047683716,3.0290000438690186,3.1579999923706055,0.0,46217167
2020-03-30,2.067737102508545,2.9200000762939453,0.0,3.0804998874664307,2.8864998817443848,3.0404999256134033,0.0,26931196
2020-03-31,2.0645503997802734,2.9154999256134033,0.0,2.9865000247955322,2.8364999294281006,2.9619998931884766,0.0,37374919
2020-04-01,1.9310680627822876,2.7269999980926514,0.0,2.7980000972747803,2.7139999866485596,2.7799999713897705,0.0,272033720
2020-04-02,1.8935374021530151,2.6740000247955322,0.0,2.759999990463257,2.6040000915527344,2.75,0.0,286125680
2020-04-03,1.9459388256072998,2.747999906539917,0.0,2.7690000534057617,2.640000104904175,2.674999952316284,0.0,38610042
2020-04-06,2.103851318359375,2.9709999561309814,0.0,2.994999885559082,2.8299999237060547,2.885999917984009,0.0,31788687
2020-04-07,2.1906702518463135,2.927000045776367,0.16,3.065999984741211,2.8389999866485596,2.930000066757202,0.0,28052329
2020-04-08,2.2146201133728027,2.9590001106262207,0.0,2.9760000705718994,2.819000005722046,2.8610000610351562,0.0,31901910
2020-04-09,2.2482993602752686,3.003999948501587,0.0,3.068000078201294,2.9230000972747803,3.015000104904175,0.0,22517280
2020-04-14,2.196657657623291,2.934999942779541,0.0,3.049999952316284,2.9189999103546143,3.0439999103546143,0.0,32077677
2020-04-15,2.0439770221710205,2.7309999465942383,0.0,2.9059998989105225,2.7130000591278076,2.9059998989105225,0.0,252448857
2020-04-16,1.9638943672180176,2.624000072479248,0.0,2.819999933242798,2.6070001125335693,2.7850000858306885,0.0,246182533
2020-04-17,1.993831753730774,2.6640000343322754,0.0,2.7890000343322754,2.634000062942505,2.7890000343322754,0.0,48024970
2020-04-20,1.9893410205841064,2.6579999923706055,0.0,2.688999891281128,2.552999973297119,2.674999952316284,0.0,22937450
2020-04-21,1.8553708791732788,2.4790000915527344,0.0,2.5969998836517334,2.4790000915527344,2.5859999656677246,0.0,31763399
2020-04-22,1.9347050189971924,2.5850000381469727,0.0,2.5850000381469727,2.4830000400543213,2.507999897003174,0.0,29273112
2020-04-23,2.023768901824951,2.7039999961853027,0.0,2.75600004196167,2.6110000610351562,2.625999927520752,0.0,38270928
2020-04-24,1.9406927824020386,2.5929999351501465,0.0,2.6549999713897705,2.5820000171661377,2.618000030517578,0.0,35728310
2020-04-27,2.0102972984313965,2.686000108718872,0.0,2.7060000896453857,2.621000051498413,2.690000057220459,0.0,20908593
2020-04-28,2.1906702518463135,2.927000045776367,0.0,2.927000045776367,2.6610000133514404,2.678999900817871,0.0,33083545
2020-04-29,2.3665523529052734,3.1619999408721924,0.0,3.1619999408721924,2.9030001163482666,2.9240000247955322,0.0,37325855
2020-04-30,2.2355761528015137,2.986999988555908,0.0,3.114000082015991,2.928999900817871,3.049999952316284,0.0,52526746
2020-05-04,2.095618724822998,2.799999952316284,0.0,2.88100004196167,2.7950000762939453,2.88100004196167,0.0,47351517
2020-05-05,2.095618724822998,2.799999952316284,0.0,2.9079999923706055,2.753999948501587,2.8580000400543213,0.0,24413213
2020-05-06,2.0349955558776855,2.7190001010894775,0.0,2.819999933242798,2.697999954223633,2.8010001182556152,0.0,27115732
2020-05-07,2.015536308288574,2.693000078201294,0.0,2.74399995803833,2.671999931335449,2.73799991607666,0.0,18699794
2020-05-08,2.040983200073242,2.7269999980926514,0.0,2.734999895095825,2.6459999084472656,2.7200000286102295,0.0,13909990
2020-05-11,1.98110830783844,2.6470000743865967,0.0,2.7799999713897705,2.621000051498413,2.75,0.0,18143211
2020-05-12,1.9923346042633057,2.6619999408721924,0.0,2.7290000915527344,2.618000030517578,2.628000020980835,0.0,16542907
2020-05-13,1.9017740488052368,2.5409998893737793,0.0,2.6410000324249268,2.5409998893737793,2.619999885559082,0.0,35929526
2020-05-14,1.9526677131652832,2.6089999675750732,0.0,2.622999906539917,2.4749999046325684,2.5269999504089355,0.0,28311572
2020-05-15,1.9294660091400146,2.578000068664551,0.0,2.677999973297119,2.558000087738037,2.615000009536743,0.0,19872381
2020-05-18,2.037240743637085,2.7219998836517334,0.0,2.74399995803833,2.6010000705718994,2.61899995803833,0.0,23861942
2020-05-19,1.9451837539672852,2.5989999771118164,0.0,2.819999933242798,2.5320000648498535,2.799999952316284,0.0,42365870
2020-05-20,1.9332083463668823,2.5829999446868896,0.0,2.5989999771118164,2.4570000171661377,2.546999931335449,0.0,35655355
2020-05-21,1.9204849004745483,2.565999984741211,0.0,2.618000030517578,2.505000114440918,2.5439999103546143,0.0,21854172
2020-05-22,1.9376988410949707,2.5889999866485596,0.0,2.6570000648498535,2.494999885559082,2.5220000743865967,0.0,32614624
2020-05-25,1.983353614807129,2.6500000953674316,0.0,2.6530001163482666,2.5899999141693115,2.640000104904175,0.0,13928455
2020-05-26,2.1143298149108887,2.825000047683716,0.0,2.8259999752044678,2.684999942779541,2.690000057220459,0.0,37507524
2020-05-27,2.1861793994903564,2.9210000038146973,0.0,2.9779999256134033,2.8420000076293945,2.8499999046325684,0.0,52071160
2020-05-28,2.193664073944092,2.930999994277954,0.0,2.999000072479248,2.8610000610351562,2.9860000610351562,0.0,30618946
2020-05-29,2.0903799533843994,2.7929999828338623,0.0,2.8970000743865967,2.7820000648498535,2.880000114440918,0.0,40197537
2020-06-01,2.141273021697998,2.8610000610351562,0.0,2.8889999389648438,2.7960000038146973,2.871000051498413,0.0,18136613
2020-06-02,2.2490479946136475,3.005000114440918,0.0,3.0439999103546143,2.8410000801086426,2.871999979019165,0.0,31192816
2020-06-03,2.365055799484253,3.1600000858306885,0.0,3.1710000038146973,3.0380001068115234,3.049999952316284,0.0,32899173
2020-06-04,2.4039740562438965,3.2119998931884766,0.0,3.2699999809265137,3.0929999351501465,3.117000102996826,0.0,48966605
2020-06-05,2.6397314071655273,3.5269999504089355,0.0,3.5390000343322754,3.2769999504089355,3.299999952316284,0.0,51923774
2020-06-08,2.65694522857666,3.549999952316284,0.0,3.6459999084472656,3.4649999141693115,3.484999895095825,0.0,45134191
2020-06-09,2.5506675243377686,3.4079999923706055,0.0,3.5290000438690186,3.3269999027252197,3.500999927520752,0.0,38346687
2020-06-10,2.4795658588409424,3.312999963760376,0.0,3.496000051498413,3.309000015258789,3.450000047683716,0.0,46917994
2020-06-11,2.3164072036743164,3.0950000286102295,0.0,3.23799991607666,3.0869998931884766,3.1700000762939453,0.0,35112705
2020-06-12,2.3418540954589844,3.128999948501587,0.0,3.2100000381469727,3.0239999294281006,3.0360000133514404,0.0,37840196
2020-06-15,2.2864699363708496,3.055000066757202,0.0,3.1029999256134033,2.9730000495910645,2.9779999256134033,0.0,30677232
2020-06-16,2.359816551208496,3.1530001163482666,0.0,3.2279999256134033,3.0840001106262207,3.190000057220459,0.0,29121399
2020-06-17,2.364307403564453,3.1589999198913574,0.0,3.24399995803833,3.121999979019165,3.1500000953674316,0.0,25482678
2020-06-18,2.3208978176116943,3.1010000705718994,0.0,3.2170000076293945,3.055000066757202,3.134999990463257,0.0,42076869
2020-06-19,2.3246400356292725,3.1059999465942383,0.0,3.188999891281128,3.0929999351501465,3.1470000743865967,0.0,89746274
2020-06-22,2.2924575805664062,3.062999963760376,0.0,3.111999988555908,3.0260000228881836,3.0759999752044678,0.0,16093990
2020-06-23,2.3837664127349854,3.184999942779541,0.0,3.2290000915527344,3.0810000896453857,3.0950000286102295,0.0,32441247
2020-06-24,2.2692556381225586,3.0320000648498535,0.0,3.194999933242798,3.0260000228881836,3.1500000953674316,0.0,18545400
2020-06-25,2.298444986343384,3.071000099182129,0.0,3.0840001106262207,2.9600000381469727,3.0,0.0,59819081
2020-06-26,2.2438087463378906,2.997999906539917,0.0,3.130000114440918,2.997999906539917,3.109999895095825,0.0,24638639
2020-06-29,2.3066775798797607,3.0820000171661377,0.0,3.11299991607666,2.9639999866485596,3.0,0.0,18478173
2020-06-30,2.293205976486206,3.063999891281128,0.0,3.0940001010894775,2.994999885559082,3.069999933242798,0.0,21807227
2020-07-01,2.251293420791626,3.007999897003174,0.0,3.0959999561309814,2.9749999046325684,3.065000057220459,0.0,20192031
2020-07-02,2.415200710296631,3.2269999980926514,0.0,3.257999897003174,3.0450000762939453,3.053999900817871,0.0,31444865
2020-07-03,2.355325937271118,3.1470000743865967,0.0,3.242000102996826,3.122999906539917,3.2269999980926514,0.0,15327981
2020-07-06,2.4750754833221436,3.306999921798706,0.0,3.36899995803833,3.25600004196167,3.259000062942505,0.0,22841646
2020-07-07,2.41445255279541,3.2260000705718994,0.0,3.2829999923706055,3.2070000171661377,3.263000011444092,0.0,13733856
2020-07-08,2.334369659423828,3.11899995803833,0.0,3.196000099182129,3.1059999465942383,3.187000036239624,0.0,16942890
2020-07-09,2.301438570022583,3.075000047683716,0.0,3.1649999618530273,3.059999942779541,3.1489999294281006,0.0,13381319
2020-07-10,2.35457706451416,3.1459999084472656,0.0,3.1619999408721924,3.0260000228881836,3.046999931335449,0.0,14636062
2020-07-13,2.3987348079681396,3.2049999237060547,0.0,3.2330000400543213,3.1500000953674316,3.2100000381469727,0.0,12503611
2020-07-14,2.3717916011810303,3.1689999103546143,0.0,3.2070000171661377,3.117000102996826,3.178999900817871,0.0,25788558
2020-07-15,2.4324145317077637,3.25,0.0,3.2829999923706055,3.1089999675750732,3.2049999237060547,0.0,25052616
2020-07-16,2.4413957595825195,3.26200008392334,0.0,3.2829999923706055,3.2160000801086426,3.25,0.0,18978272
2020-07-17,2.406968116760254,3.2160000801086426,0.0,3.265000104904175,3.177999973297119,3.263000011444092,0.0,25230197
2020-07-20,2.3905022144317627,3.194000005722046,0.0,3.2049999237060547,3.132999897003174,3.2039999961853027,0.0,21218952
2020-07-21,2.382269859313965,3.183000087738037,0.0,3.319000005722046,3.1630001068115234,3.2300000190734863,0.0,20638470
2020-07-22,2.382269859313965,3.183000087738037,0.0,3.2290000915527344,3.1500000953674316,3.197000026702881,0.0,13854951
2020-07-23,2.35158371925354,3.1419999599456787,0.0,3.2060000896453857,3.121999979019165,3.200000047683716,0.0,19126208
2020-07-24,2.3328726291656494,3.117000102996826,0.0,3.1570000648498535,3.0980000495910645,3.109999895095825,0.0,12242914
2020-07-27,2.258777618408203,3.0179998874664307,0.0,3.1070001125335693,2.992000102996826,3.1040000915527344,0.0,18811032
2020-07-28,2.280482292175293,3.046999931335449,0.0,3.0899999141693115,3.005000114440918,3.0239999294281006,0.0,17016250
2020-07-29,2.196657657623291,2.934999942779541,0.0,3.055999994277954,2.875,3.049999952316284,0.0,19798424
2020-07-30,2.0192785263061523,2.697999954223633,0.0,2.9049999713897705,2.631999969482422,2.9049999713897705,0.0,45680871
2020-07-31,1.9736239910125732,2.63700008392334,0.0,2.740000009536743,2.63700008392334,2.7139999866485596,0.0,32180881
2020-08-03,2.0387375354766846,2.7239999771118164,0.0,2.7279999256134033,2.5840001106262207,2.617000102996826,0.0,32136378
2020-08-04,2.0769078731536865,2.7750000953674316,0.0,2.8289999961853027,2.7219998836517334,2.750999927520752,0.0,42763094
2020-08-05,1.9953281879425049,2.6659998893737793,0.0,2.821000099182129,2.6610000133514404,2.7960000038146973,0.0,23357146
2020-08-06,1.9489257335662842,2.6040000915527344,0.0,2.700000047683716,2.5820000171661377,2.6600000858306885,0.0,30310792
2020-08-07,1.8897991180419922,2.5250000953674316,0.0,2.5920000076293945,2.4619998931884766,2.569000005722046,0.0,36807929
2020-08-10,1.9294660091400146,2.578000068664551,0.0,2.617000102996826,2.5239999294281006,2.575000047683716,0.0,19297851
2020-08-11,2.0170328617095947,2.694999933242798,0.0,2.694999933242798,2.6050000190734863,2.6070001125335693,0.0,27500015
2020-08-12,1.9706299304962158,2.632999897003174,0.0,2.76200008392334,2.630000114440918,2.697999954223633,0.0,24448505
2020-08-13,1.91599440574646,2.559999942779541,0.0,2.6740000247955322,2.555000066757202,2.609999895095825,0.0,17966665
2020-08-14,1.891296148300171,2.5269999504089355,0.0,2.5510001182556152,2.436000108718872,2.5510001182556152,0.0,32828742
2020-08-17,1.882314920425415,2.515000104904175,0.0,2.555999994277954,2.4820001125335693,2.5269999504089355,0.0,28207855
2020-08-18,1.8546226024627686,2.4779999256134033,0.0,2.556999921798706,2.4639999866485596,2.5169999599456787,0.0,16487572
2020-08-19,1.9107551574707031,2.552999973297119,0.0,2.552999973297119,2.4579999446868896,2.4700000286102295,0.0,14459757
2020-08-20,1.8441449403762817,2.4639999866485596,0.0,2.497999906539917,2.447999954223633,2.490000009536743,0.0,19486563
2020-08-21,1.8157042264938354,2.4260001182556152,0.0,2.48799991607666,2.388000011444092,2.484999895095825,0.0,24478176
2020-08-24,1.8591134548187256,2.4839999675750732,0.0,2.4839999675750732,2.4149999618530273,2.453000068664551,0.0,15737392
2020-08-25,1.8748302459716797,2.505000114440918,0.0,2.5840001106262207,2.503000020980835,2.509999990463257,0.0,28033585
2020-08-26,1.9017740488052368,2.5409998893737793,0.0,2.569999933242798,2.4800000190734863,2.490999937057495,0.0,26362807
2020-08-27,1.896535038948059,2.5339999198913574,0.0,2.5450000762939453,2.4660000801086426,2.5250000953674316,0.0,18903141
2020-08-28,1.9459319114685059,2.5999999046325684,0.0,2.628999948501587,2.5460000038146973,2.556999921798706,0.0,25572592
2020-08-31,1.8359116315841675,2.453000068664551,0.0,2.63100004196167,2.4489998817443848,2.619999885559082,0.0,22978657
2020-09-01,1.8433964252471924,2.4630000591278076,0.0,2.5,2.4200000762939453,2.496999979019165,0.0,26992987
2020-09-02,1.783521056175232,2.382999897003174,0.0,2.4769999980926514,2.371999979019165,2.4579999446868896,0.0,32243565
2020-09-03,1.8186975717544556,2.430000066757202,0.0,2.505000114440918,2.4059998989105225,2.4170000553131104,0.0,29290543
2020-09-04,1.9137487411499023,2.556999921798706,0.0,2.5920000076293945,2.444999933242798,2.4560000896453857,0.0,44375592
2020-09-07,1.8897991180419922,2.5250000953674316,0.0,2.617000102996826,2.502000093460083,2.5910000801086426,0.0,21003630
2020-09-08,1.8628557920455933,2.489000082015991,0.0,2.578000068664551,2.4749999046325684,2.5260000228881836,0.0,39311995
2020-09-09,1.883811593055725,2.5169999599456787,0.0,2.5239999294281006,2.4570000171661377,2.489000082015991,0.0,35711121
2020-09-10,1.8815664052963257,2.5139999389648438,0.0,2.546999931335449,2.4709999561309814,2.5179998874664307,0.0,20558020
2020-09-11,1.8224400281906128,2.434999942779541,0.0,2.503000020980835,2.428999900817871,2.500999927520752,0.0,28056586
2020-09-14,1.863604187965393,2.490000009536743,0.0,2.499000072479248,2.427000045776367,2.4639999866485596,0.0,20739239
2020-09-15,1.8059742450714111,2.4130001068115234,0.0,2.4760000705718994,2.4000000953674316,2.4670000076293945,0.0,28192961
2020-09-16,1.8179492950439453,2.428999900817871,0.0,2.430000066757202,2.3510000705718994,2.4119999408721924,0.0,29897626
2020-09-17,1.8097163438796997,2.4179999828338623,0.0,2.434999942779541,2.3410000801086426,2.3910000324249268,0.0,39641009
2020-09-18,1.729634165763855,2.311000108718872,0.0,2.4130001068115234,2.2980000972747803,2.4049999713897705,0.0,257015411
2020-09-21,1.6196141242980957,2.1640000343322754,0.0,2.2890000343322754,2.1500000953674316,2.2890000343322754,0.0,49644366
2020-09-22,1.6166205406188965,2.1600000858306885,0.0,2.2260000705718994,2.1459999084472656,2.2039999961853027,0.0,40053620
2020-09-23,1.6233562231063843,2.1689999103546143,0.0,2.2790000438690186,2.1679999828338623,2.1989998817443848,0.0,33874378
2020-09-24,1.7094260454177856,2.2839999198913574,0.0,2.2950000762939453,2.128000020980835,2.1500000953674316,0.0,46041399
2020-09-25,1.7154136896133423,2.2920000553131104,0.0,2.3889999389648438,2.2880001068115234,2.312000036239624,0.0,43011501
2020-09-28,1.7842696905136108,2.384000062942505,0.0,2.384000062942505,2.313999891281128,2.3440001010894775,0.0,24076205
2020-09-29,1.7446026802062988,2.3310000896453857,0.0,2.371999979019165,2.321000099182129,2.371999979019165,0.0,30942847
2020-09-30,1.775288462638855,2.371999979019165,0.0,2.4159998893737793,2.2790000438690186,2.2929999828338623,0.0,21108468
2020-10-01,1.7790309190750122,2.377000093460083,0.0,2.4200000762939453,2.3550000190734863,2.4010000228881836,0.0,23103868
2020-10-02,1.779779314994812,2.378000020980835,0.0,2.3940000534057617,2.315999984741211,2.3420000076293945,0.0,16177858
2020-10-05,1.7992385625839233,2.4040000438690186,0.0,2.444000005722046,2.372999906539917,2.4110000133514404,0.0,18270325
2020-10-06,1.8538743257522583,2.4769999980926514,0.0,2.509999990463257,2.384000062942505,2.4100000858306885,0.0,33370823
2020-10-07,1.8059742450714111,2.4130001068115234,0.0,2.4609999656677246,2.4040000438690186,2.450000047683716,0.0,19119163
2020-10-08,1.8224400281906128,2.434999942779541,0.0,2.4730000495910645,2.4189999103546143,2.430000066757202,0.0,16231689
2020-10-09,1.7887604236602783,2.390000104904175,0.0,2.4509999752044678,2.372999906539917,2.430000066757202,0.0,18334974
2020-10-12,1.7603199481964111,2.3519999980926514,0.0,2.3989999294281006,2.3399999141693115,2.388000011444092,0.0,14478832
2020-10-13,1.6899670362472534,2.257999897003174,0.0,2.3480000495910645,2.252000093460083,2.3480000495910645,0.0,24956467
2020-10-14,1.697451114654541,2.2679998874664307,0.0,2.312999963760376,2.247999906539917,2.259999990463257,0.0,38176535
2020-10-15,1.689218521118164,2.256999969482422,0.0,2.2690000534057617,2.183000087738037,2.2230000495910645,0.0,19407733
2020-10-16,1.7468478679656982,2.3340001106262207,0.0,2.3469998836517334,2.2100000381469727,2.2780001163482666,0.0,20039775
2020-10-19,1.7633135318756104,2.3559999465942383,0.0,2.381999969482422,2.319999933242798,2.3429999351501465,0.0,17276411
2020-10-20,1.817201018333435,2.427999973297119,0.0,2.4679999351501465,2.3329999446868896,2.3429999351501465,0.0,24553251
2020-10-21,1.791754126548767,2.3940000534057617,0.0,2.500999927520752,2.3940000534057617,2.4609999656677246,0.0,19855350
2020-10-22,1.8164523839950562,2.427000045776367,0.0,2.440000057220459,2.3320000171661377,2.365999937057495,0.0,17173310
2020-10-23,1.8673460483551025,2.494999885559082,0.0,2.503000020980835,2.430999994277954,2.441999912261963,0.0,20242367
2020-10-26,1.8231885433197021,2.436000108718872,0.0,2.489000082015991,2.384000062942505,2.4100000858306885,0.0,21052870
2020-10-27,1.8007349967956543,2.4059998989105225,0.0,2.5399999618530273,2.380000114440918,2.490999937057495,0.0,30713496
2020-10-28,1.7707977294921875,2.365999937057495,0.0,2.4040000438690186,2.305000066757202,2.3499999046325684,0.0,29533996
2020-10-29,1.750590205192566,2.3389999866485596,0.0,2.4119999408721924,2.305000066757202,2.369999885559082,0.0,18548560
2020-10-30,1.842647671699524,2.4619998931884766,0.0,2.4619998931884766,2.3320000171661377,2.3399999141693115,0.0,23553071
2020-11-02,1.8703398704528809,2.499000072479248,0.0,2.5179998874664307,2.453000068664551,2.5,0.0,25434425
2020-11-03,1.9691334962844849,2.63100004196167,0.0,2.6410000324249268,2.509999990463257,2.5269999504089355,0.0,33530829
2020-11-04,1.8381571769714355,2.4560000896453857,0.0,2.5299999713897705,2.4260001182556152,2.490000009536743,0.0,65108969
2020-11-05,1.91599440574646,2.559999942779541,0.0,2.569000005722046,2.421999931335449,2.4860000610351562,0.0,36104917
2020-11-06,1.8606101274490356,2.4860000610351562,0.0,2.619999885559082,2.4820001125335693,2.559999942779541,0.0,21937084
2020-11-09,2.1704623699188232,2.9000000953674316,0.0,2.9000000953674316,2.5139999389648438,2.5329999923706055,0.0,79145680
2020-11-10,2.313413381576538,3.0910000801086426,0.0,3.0910000801086426,2.884000062942505,2.9070000648498535,0.0,65826709
2020-11-11,2.3523318767547607,3.1429998874664307,0.0,3.1649999618530273,3.061000108718872,3.078000068664551,0.0,38876259
2020-11-12,2.3126652240753174,3.0899999141693115,0.0,3.115999937057495,3.009999990463257,3.049999952316284,0.0,46621942
2020-11-13,2.3755338191986084,3.1740000247955322,0.0,3.194999933242798,3.0490000247955322,3.049999952316284,0.0,29839812
2020-11-16,2.737776041030884,3.6579999923706055,0.0,3.8369998931884766,3.5799999237060547,3.799999952316284,0.0,89416230
2020-11-17,2.6172778606414795,3.496999979019165,0.0,3.640000104904175,3.3929998874664307,3.624000072479248,0.0,53349717
2020-11-18,2.627756357192993,3.510999917984009,0.0,3.552000045776367,3.428999900817871,3.490000009536743,0.0,28293824
2020-11-19,2.6734111309051514,3.572000026702881,0.0,3.5980000495910645,3.428999900817871,3.433000087738037,0.0,25851326
2020-11-20,2.6936185359954834,3.5989999771118164,0.0,3.624000072479248,3.571000099182129,3.5980000495910645,0.0,27491796
2020-11-23,2.716820001602173,3.630000114440918,0.0,3.674999952316284,3.611999988555908,3.630000114440918,0.0,22827790
2020-11-24,2.8260912895202637,3.7760000228881836,0.0,3.7760000228881836,3.6440000534057617,3.680000066757202,0.0,23387750
2020-11-25,2.832827568054199,3.7850000858306885,0.0,3.8399999141693115,3.683000087738037,3.809999942779541,0.0,23853531
2020-11-26,2.821601390838623,3.7699999809265137,0.0,3.812999963760376,3.674999952316284,3.7950000762939453,0.0,30274416
2020-11-27,2.9623069763183594,3.9579999446868896,0.0,3.9579999446868896,3.73799991607666,3.740000009536743,0.0,45249829
2020-11-30,2.9413504600524902,3.930000066757202,0.0,3.9660000801086426,3.815000057220459,3.865000009536743,0.0,51849364
2020-12-01,2.997483491897583,4.005000114440918,0.0,4.006999969482422,3.8369998931884766,3.865000009536743,0.0,45127272
2020-12-02,3.0536160469055176,4.079999923706055,0.0,4.079999923706055,3.944999933242798,3.9830000400543213,0.0,43622604
2020-12-03,3.052119493484497,4.078000068664551,0.0,4.103000164031982,3.989000082015991,4.079999923706055,0.0,26349754
2020-12-04,3.2212657928466797,4.303999900817871,0.0,4.303999900817871,4.054999828338623,4.066999912261963,0.0,53906462
2020-12-07,3.143428087234497,4.199999809265137,0.0,4.301000118255615,4.172999858856201,4.25,0.0,24370848
2020-12-08,3.1097488403320312,4.15500020980835,0.0,4.23799991607666,4.1539998054504395,4.178999900817871,0.0,14456337
2020-12-09,3.1097488403320312,4.15500020980835,0.0,4.197000026702881,4.138999938964844,4.177000045776367,0.0,17472817
2020-12-10,3.034156560897827,4.053999900817871,0.0,4.196000099182129,4.002999782562256,4.196000099182129,0.0,24864263
2020-12-11,2.972036361694336,3.9709999561309814,0.0,4.058000087738037,3.864000082015991,4.026000022888184,0.0,41358829
2020-12-14,3.014697313308716,4.0279998779296875,0.0,4.113999843597412,4.013000011444092,4.019999980926514,0.0,27257966
2020-12-15,3.067836046218872,4.098999977111816,0.0,4.107999801635742,3.9830000400543213,4.03000020980835,0.0,18943343
2020-12-16,3.035653829574585,4.056000232696533,0.0,4.118000030517578,4.015999794006348,4.061999797821045,0.0,17859127
2020-12-17,3.037898540496826,4.059000015258789,0.0,4.0879998207092285,4.00600004196167,4.068999767303467,0.0,23603295
2020-12-18,3.034156560897827,4.053999900817871,0.0,4.0970001220703125,4.013000011444092,4.0329999923706055,0.0,71767881
2020-12-21,2.904677629470825,3.88100004196167,0.0,3.9579999446868896,3.7960000038146973,3.9119999408721924,0.0,21393382
2020-12-22,2.968294620513916,3.9660000801086426,0.0,3.999000072479248,3.8929998874664307,3.8949999809265137,0.0,12281484
2020-12-23,3.0543644428253174,4.080999851226807,0.0,4.09499979019165,3.9560000896453857,3.9679999351501465,0.0,29162348
2020-12-24,3.068584680557251,4.099999904632568,0.0,4.105000019073486,4.059999942779541,4.0929999351501465,0.0,3838517
2020-12-28,3.052119493484497,4.078000068664551,0.0,4.150000095367432,4.000999927520752,4.136000156402588,0.0,9906186
2020-12-29,3.0446345806121826,4.067999839782715,0.0,4.119999885559082,4.039000034332275,4.104000091552734,0.0,9927906
2020-12-30,3.0491251945495605,4.073999881744385,0.0,4.1479997634887695,4.061999797821045,4.070000171661377,0.0,9544365
2020-12-31,3.0199360847473145,4.034999847412109,0.0,4.081999778747559,4.034999847412109,4.051000118255615,0.0,6323207
2021-01-04,3.052119493484497,4.078000068664551,0.0,4.0980000495910645,3.9830000400543213,4.0980000495910645,0.0,17697478
2021-01-05,3.0491251945495605,4.073999881744385,0.0,4.0929999351501465,4.021999835968018,4.039999961853027,0.0,10364379
2021-01-06,3.2250075340270996,4.309000015258789,0.0,4.360000133514404,4.15500020980835,4.15500020980835,0.0,23840511
2021-01-07,3.2571909427642822,4.3520002365112305,0.0,4.363999843597412,4.236000061035156,4.330999851226807,0.0,16392749
2021-01-08,3.2003092765808105,4.276000022888184,0.0,4.375,4.243000030517578,4.375,0.0,17999939
2021-01-11,3.181598424911499,4.250999927520752,0.0,4.309000015258789,4.2129998207092285,4.275000095367432,0.0,18714251
2021-01-12,3.185340642929077,4.25600004196167,0.0,4.295000076293945,4.243000030517578,4.283999919891357,0.0,13919658
2021-01-13,3.140434503555298,4.196000099182129,0.0,4.263999938964844,4.190999984741211,4.25,0.0,15753851
2021-01-14,3.1239688396453857,4.173999786376953,0.0,4.224999904632568,4.136000156402588,4.190000057220459,0.0,15361594
2021-01-15,3.059603214263916,4.0879998207092285,0.0,4.216000080108643,4.019999980926514,4.158999919891357,0.0,47387693
2021-01-18,3.098522424697876,4.139999866485596,0.0,4.1519999504089355,4.057000160217285,4.070000171661377,0.0,8693398
2021-01-19,3.010206460952759,4.021999835968018,0.0,4.195000171661377,4.021999835968018,4.159999847412109,0.0,14226056
2021-01-20,3.0319113731384277,4.051000118255615,0.0,4.073999881744385,4.013999938964844,4.0269999504089355,0.0,18621280
2021-01-21,3.0199360847473145,4.034999847412109,0.0,4.098999977111816,4.019999980926514,4.070000171661377,0.0,24091369
2021-01-22,2.9952378273010254,4.001999855041504,0.0,4.065999984741211,3.9579999446868896,3.990000009536743,0.0,23884878
2021-01-25,2.909168004989624,3.88700008392334,0.0,4.0879998207092285,3.86299991607666,4.050000190734863,0.0,14230938
2021-01-26,2.951828718185425,3.944000005722046,0.0,3.9760000705718994,3.8910000324249268,3.9119999408721924,0.0,16326429
2021-01-27,2.8702492713928223,3.8350000381469727,0.0,3.9619998931884766,3.7880001068115234,3.944999933242798,0.0,30115874
2021-01-28,2.9495835304260254,3.940999984741211,0.0,3.9560000896453857,3.7820000648498535,3.7820000648498535,0.0,22505578
2021-01-29,2.8193557262420654,3.7669999599456787,0.0,3.9079999923706055,3.7669999599456787,3.882999897003174,0.0,26872725
2021-02-01,2.812619924545288,3.757999897003174,0.0,3.8480000495910645,3.7360000610351562,3.8459999561309814,0.0,22706793
2021-02-02,2.9817662239074707,3.9839999675750732,0.0,3.9839999675750732,3.763000011444092,3.8010001182556152,0.0,34448529
2021-02-03,3.005715847015381,4.015999794006348,0.0,4.150000095367432,3.924999952316284,4.103000164031982,0.0,24659917
2021-02-04,3.2309951782226562,4.316999912261963,0.0,4.340000152587891,4.064000129699707,4.099999904632568,0.0,40878743
2021-02-05,3.3088326454162598,4.421000003814697,0.0,4.441999912261963,4.260000228881836,4.301000118255615,0.0,35813250
2021-02-08,3.3597259521484375,4.488999843597412,0.0,4.52400016784668,4.409999847412109,4.4720001220703125,0.0,21637405
2021-02-09,3.2766494750976562,4.377999782562256,0.0,4.488999843597412,4.361000061035156,4.484000205993652,0.0,14276780
2021-02-10,3.2886245250701904,4.394000053405762,0.0,4.460999965667725,4.361999988555908,4.400000095367432,0.0,30183781
2021-02-11,3.2796432971954346,4.381999969482422,0.0,4.415999889373779,4.322000026702881,4.394000053405762,0.0,11088054
2021-02-12,3.2931156158447266,4.400000095367432,0.0,4.406000137329102,4.256999969482422,4.367000102996826,0.0,16971411
2021-02-15,3.41735577583313,4.565999984741211,0.0,4.586999893188477,4.458000183105469,4.48799991607666,0.0,15305315
2021-02-16,3.373197317123413,4.506999969482422,0.0,4.544000148773193,4.446000099182129,4.519999980926514,0.0,18287664
2021-02-17,3.329040050506592,4.447999954223633,0.0,4.551000118255615,4.4039998054504395,4.494999885559082,0.0,16269546
2021-02-18,3.32978892326355,4.448999881744385,0.0,4.499000072479248,4.385000228881836,4.426000118255615,0.0,19760444
2021-02-19,3.3717010021209717,4.505000114440918,0.0,4.538000106811523,4.390999794006348,4.446000099182129,0.0,15370429
2021-02-22,3.3484995365142822,4.473999977111816,0.0,4.506999969482422,4.409999847412109,4.480000019073486,0.0,17051887
2021-02-23,3.4353179931640625,4.590000152587891,0.0,4.619999885559082,4.48199987411499,4.48199987411499,0.0,28838962
2021-02-24,3.4652557373046875,4.630000114440918,0.0,4.630000114440918,4.541999816894531,4.590000152587891,0.0,15645544
2021-02-25,3.5206398963928223,4.703999996185303,0.0,4.808000087738037,4.671999931335449,4.699999809265137,0.0,27426358
2021-02-26,3.445047616958618,4.603000164031982,0.0,4.690000057220459,4.540999889373779,4.593999862670898,0.0,23371217
2021-03-01,3.450287103652954,4.610000133514404,0.0,4.699999809265137,4.580999851226807,4.669000148773193,0.0,14453255
2021-03-02,3.4151105880737305,4.563000202178955,0.0,4.638999938964844,4.533999919891357,4.572000026702881,0.0,13274103
2021-03-03,3.516897201538086,4.698999881744385,0.0,4.736999988555908,4.5960001945495605,4.5970001220703125,0.0,18290382
2021-03-04,3.497438430786133,4.672999858856201,0.0,4.698999881744385,4.611000061035156,4.630000114440918,0.0,15817550
2021-03-05,3.5198910236358643,4.703000068664551,0.0,4.789000034332275,4.580999851226807,4.650000095367432,0.0,20250039
2021-03-08,3.5924904346466064,4.800000190734863,0.0,4.8379998207092285,4.74399995803833,4.789999961853027,0.0,16964482
2021-03-09,3.5266270637512207,4.711999893188477,0.0,4.7820000648498535,4.60699987411499,4.78000020980835,0.0,25519968
2021-03-10,3.480224847793579,4.650000095367432,0.0,4.783999919891357,4.646999835968018,4.699999809265137,0.0,21383383
2021-03-11,3.4981865882873535,4.673999786376953,0.0,4.763999938964844,4.585000038146973,4.730999946594238,0.0,16524852
2021-03-12,3.5737786293029785,4.775000095367432,0.0,4.809999942779541,4.678999900817871,4.679999828338623,0.0,15182254
2021-03-15,3.516897201538086,4.698999881744385,0.0,4.822999954223633,4.639999866485596,4.7789998054504395,0.0,15630085
2021-03-16,3.4981865882873535,4.673999786376953,0.0,4.789999961853027,4.633999824523926,4.724999904632568,0.0,18251836
2021-03-17,3.5707855224609375,4.770999908447266,0.0,4.811999797821045,4.670000076293945,4.695000171661377,0.0,19986398
2021-03-18,3.6403889656066895,4.863999843597412,0.0,4.896999835968018,4.747000217437744,4.809999942779541,0.0,22255064
2021-03-19,3.501180410385132,4.677999973297119,0.0,4.808000087738037,4.670000076293945,4.806000232696533,0.0,32876983
2021-03-22,3.2309951782226562,4.316999912261963,0.0,4.453000068664551,4.311999797821045,4.438000202178955,0.0,48750221
2021-03-23,3.2459640502929688,4.336999893188477,0.0,4.383999824523926,4.301000118255615,4.328000068664551,0.0,24111447
2021-03-24,3.2893731594085693,4.394999980926514,0.0,4.394999980926514,4.224999904632568,4.289999961853027,0.0,16671245
2021-03-25,3.2601842880249023,4.355999946594238,0.0,4.38100004196167,4.2729997634887695,4.380000114440918,0.0,12275900
2021-03-26,3.3178138732910156,4.433000087738037,0.0,4.480000019073486,4.377999782562256,4.420000076293945,0.0,18252624
2021-03-29,3.2684171199798584,4.367000102996826,0.0,4.461999893188477,4.364999771118164,4.400000095367432,0.0,16581640
2021-03-30,3.367210626602173,4.499000072479248,0.0,4.510000228881836,4.423999786376953,4.423999786376953,0.0,17184277
2021-03-31,3.312574625015259,4.426000118255615,0.0,4.521999835968018,4.426000118255615,4.460000038146973,0.0,12792146
2021-04-01,3.3271689414978027,4.445499897003174,0.0,4.484000205993652,4.427999973297119,4.456999778747559,0.0,9423887
2021-04-06,3.3877928256988525,4.526500225067139,0.0,4.5929999351501465,4.5,4.531000137329102,0.0,15071444
2021-04-07,3.3814306259155273,4.51800012588501,0.0,4.565999984741211,4.488999843597412,4.508999824523926,0.0,11160563
2021-04-08,3.39677357673645,4.53849983215332,0.0,4.564499855041504,4.44350004196167,4.556000232696533,0.0,15852148
2021-04-09,3.3163161277770996,4.431000232696533,0.0,4.561999797821045,4.431000232696533,4.534999847412109,0.0,17166477
2021-04-12,3.35074520111084,4.4770002365112305,0.0,4.478499889373779,4.360000133514404,4.409999847412109,0.0,14217346
2021-04-13,3.3088326454162598,4.421000003814697,0.0,4.512499809265137,4.388000011444092,4.456999778747559,0.0,16116832
2021-04-14,3.3571066856384277,4.485499858856201,0.0,4.495999813079834,4.4045000076293945,4.428500175476074,0.0,11575796
2021-04-15,3.246338129043579,4.337500095367432,0.0,4.50600004196167,4.337500095367432,4.491499900817871,0.0,16772431
2021-04-16,3.2650492191314697,4.362500190734863,0.0,4.409999847412109,4.325500011444092,4.373000144958496,0.0,25299177
2021-04-19,3.3780627250671387,4.513500213623047,0.0,4.53849983215332,4.357500076293945,4.380000114440918,0.0,24009159
2021-04-20,3.2276272773742676,4.3125,0.0,4.52400016784668,4.302999973297119,4.500500202178955,0.0,27005849
2021-04-21,3.2074198722839355,4.2855000495910645,0.0,4.386000156402588,4.223999977111816,4.323999881744385,0.0,28404164
2021-04-22,3.293489933013916,4.4004998207092285,0.0,4.418000221252441,4.28000020980835,4.298500061035156,0.0,15758197
2021-04-23,3.2429702281951904,4.333000183105469,0.0,4.447000026702881,4.320000171661377,4.389999866485596,0.0,10244333
2021-04-26,3.351867437362671,4.478499889373779,0.0,4.481500148773193,4.320000171661377,4.363500118255615,0.0,19905310
2021-04-27,3.4015445709228516,4.485000133514404,0.059,4.489999771118164,4.360000133514404,4.434000015258789,0.0,19346268
2021-04-28,3.4072329998016357,4.492499828338623,0.0,4.659999847412109,4.423999786376953,4.570000171661377,0.0,32283073
2021-04-29,3.451221227645874,4.55049991607666,0.0,4.620500087738037,4.494500160217285,4.519999980926514,0.0,18170890
2021-04-30,3.5422322750091553,4.670499801635742,0.0,4.71999979019165,4.46999979019165,4.540500164031982,0.0,23622902
2021-05-03,3.5464041233062744,4.676000118255615,0.0,4.710000038146973,4.630000114440918,4.652500152587891,0.0,11349378
2021-05-04,3.5380611419677734,4.664999961853027,0.0,4.795000076293945,4.643499851226807,4.699999809265137,0.0,22502585
2021-05-05,3.6195919513702393,4.772500038146973,0.0,4.795499801635742,4.699999809265137,4.735499858856201,0.0,16996685
2021-05-06,3.645378351211548,4.80649995803833,0.0,4.80649995803833,4.7104997634887695,4.769999980926514,0.0,15459849
2021-05-07,3.656754970550537,4.821499824523926,0.0,4.860000133514404,4.727499961853027,4.820000171661377,0.0,13968168
2021-05-10,3.7375283241271973,4.927999973297119,0.0,4.9654998779296875,4.8445000648498535,4.869500160217285,0.0,19672113
2021-05-11,3.7231175899505615,4.908999919891357,0.0,4.949999809265137,4.8460001945495605,4.875500202178955,0.0,13871899
2021-05-12,3.718566656112671,4.9029998779296875,0.0,4.947500228881836,4.826499938964844,4.889999866485596,0.0,17755129
2021-05-13,3.710224151611328,4.892000198364258,0.0,4.922500133514404,4.801000118255615,4.835000038146973,0.0,15496774
2021-05-14,3.8133704662323,5.0279998779296875,0.0,5.0279998779296875,4.925000190734863,4.929999828338623,0.0,23649851
2021-05-17,3.798201560974121,5.007999897003174,0.0,5.044000148773193,4.951000213623047,5.0,0.0,12019135
2021-05-18,3.8869376182556152,5.125,0.0,5.129000186920166,5.044000148773193,5.050000190734863,0.0,21833300
2021-05-19,3.7887210845947266,4.995500087738037,0.0,5.10699987411499,4.927999973297119,5.050000190734863,0.0,21935438
2021-05-20,3.79440975189209,5.002999782562256,0.0,5.039000034332275,4.928500175476074,5.011000156402588,0.0,12774418
2021-05-21,3.8839035034179688,5.120999813079834,0.0,5.139999866485596,5.008999824523926,5.010000228881836,0.0,17745397
2021-05-24,3.867976427078247,5.099999904632568,0.0,5.14300012588501,5.052999973297119,5.125999927520752,0.0,23687278
2021-05-25,3.875561475753784,5.110000133514404,0.0,5.1529998779296875,5.078000068664551,5.099999904632568,0.0,13294237
2021-05-26,3.8558425903320312,5.084000110626221,0.0,5.125999927520752,5.011000156402588,5.09499979019165,0.0,20118795
2021-05-27,3.9005889892578125,5.14300012588501,0.0,5.197000026702881,5.072999954223633,5.079999923706055,0.0,28763225
2021-05-28,3.8876965045928955,5.125999927520752,0.0,5.199999809265137,5.090000152587891,5.199999809265137,0.0,17136855
2021-05-31,3.895280361175537,5.136000156402588,0.0,5.171999931335449,5.13100004196167,5.151000022888184,0.0,5860234
2021-06-01,3.9635391235351562,5.22599983215332,0.0,5.247000217437744,5.140999794006348,5.1529998779296875,0.0,15340313
2021-06-02,3.980982542037964,5.249000072479248,0.0,5.28000020980835,5.168000221252441,5.2170000076293945,0.0,31789391
2021-06-03,4.009044170379639,5.285999774932861,0.0,5.295000076293945,5.2220001220703125,5.228000164031982,0.0,17316609
2021-06-04,3.9567127227783203,5.2170000076293945,0.0,5.293000221252441,5.210000038146973,5.289999961853027,0.0,28100848
2021-06-07,4.040897846221924,5.328000068664551,0.0,5.341000080108643,5.210000038146973,5.218999862670898,0.0,13033939
2021-06-08,4.029521465301514,5.313000202178955,0.0,5.3979997634887695,5.260000228881836,5.349999904632568,0.0,14754023
2021-06-09,3.993117570877075,5.264999866485596,0.0,5.301000118255615,5.196000099182129,5.290999889373779,0.0,10983054
2021-06-10,3.9991841316223145,5.2729997634887695,0.0,5.35099983215332,5.239999771118164,5.270999908447266,0.0,15075048
2021-06-11,3.978708028793335,5.245999813079834,0.0,5.276000022888184,5.223999977111816,5.25,0.0,8086048
2021-06-14,4.052274703979492,5.3429999351501465,0.0,5.3429999351501465,5.257999897003174,5.257999897003174,0.0,17337872
2021-06-15,4.072751522064209,5.369999885559082,0.0,5.377999782562256,5.291999816894531,5.34499979019165,0.0,22940752
2021-06-16,4.026488304138184,5.309000015258789,0.0,5.440000057220459,5.285999774932861,5.413000106811523,0.0,15058342
2021-06-17,4.093229293823242,5.396999835968018,0.0,5.547999858856201,5.359000205993652,5.360000133514404,0.0,25333802
2021-06-18,3.960505485534668,5.2220001220703125,0.0,5.38100004196167,5.183000087738037,5.320000171661377,0.0,52514651
2021-06-21,3.972639799118042,5.23799991607666,0.0,5.264999866485596,5.090000152587891,5.119999885559082,0.0,23520257
2021-06-22,4.002976894378662,5.2779998779296875,0.0,5.297999858856201,5.188000202178955,5.297999858856201,0.0,13830238
2021-06-23,3.9969091415405273,5.269999980926514,0.0,5.340000152587891,5.269999980926514,5.300000190734863,0.0,12679182
2021-06-24,4.042415142059326,5.329999923706055,0.0,5.39300012588501,5.2829999923706055,5.289000034332275,0.0,20442645
2021-06-25,4.119016170501709,5.431000232696533,0.0,5.436999797821045,5.328999996185303,5.369999885559082,0.0,15899536
2021-06-28,4.002218723297119,5.2769999504089355,0.0,5.440000057220459,5.2769999504089355,5.426000118255615,0.0,14757515
2021-06-29,4.013594627380371,5.291999816894531,0.0,5.3379998207092285,5.263999938964844,5.2769999504089355,0.0,8637147
2021-06-30,3.9650557041168213,5.228000164031982,0.0,5.2870001792907715,5.188000202178955,5.255000114440918,0.0,21850283
2021-07-01,4.102331161499023,5.408999919891357,0.0,5.408999919891357,5.283999919891357,5.289999961853027,0.0,13174031
2021-07-02,4.015870094299316,5.295000076293945,0.0,5.423999786376953,5.285999774932861,5.400000095367432,0.0,10122214
2021-07-05,4.117499351501465,5.428999900817871,0.0,5.439000129699707,5.295000076293945,5.295000076293945,0.0,7540236
2021-07-06,4.007527828216553,5.283999919891357,0.0,5.438000202178955,5.276000022888184,5.406000137329102,0.0,14087349
2021-07-07,3.9589879512786865,5.21999979019165,0.0,5.306000232696533,5.1620001792907715,5.289999961853027,0.0,16897228
2021-07-08,3.8292970657348633,5.048999786376953,0.0,5.158999919891357,5.01800012588501,5.150000095367432,0.0,20123985
2021-07-09,3.9642975330352783,5.2270002365112305,0.0,5.2270002365112305,5.045000076293945,5.079999923706055,0.0,12218060
2021-07-12,3.9878082275390625,5.257999897003174,0.0,5.26800012588501,5.125999927520752,5.243000030517578,0.0,13774331
2021-07-13,3.90438175201416,5.1479997634887695,0.0,5.284999847412109,5.118000030517578,5.260000228881836,0.0,12500114
2021-07-14,3.921067237854004,5.170000076293945,0.0,5.245999813079834,5.126999855041504,5.142000198364258,0.0,10057768
2021-07-15,3.940786361694336,5.196000099182129,0.0,5.210000038146973,5.107999801635742,5.156000137329102,0.0,7792625
2021-07-16,3.8603930473327637,5.090000152587891,0.0,5.244999885559082,5.043000221252441,5.215000152587891,0.0,13601713
2021-07-19,3.7269091606140137,4.914000034332275,0.0,5.052999973297119,4.853000164031982,5.011000156402588,0.0,16695473
2021-07-20,3.8118536472320557,5.026000022888184,0.0,5.039000034332275,4.908999919891357,4.963500022888184,0.0,12425023
2021-07-21,3.962021589279175,5.223999977111816,0.0,5.22599983215332,5.013000011444092,5.033999919891357,0.0,15857135
2021-07-22,3.982499599456787,5.250999927520752,0.0,5.333000183105469,5.2230000495910645,5.239999771118164,0.0,13182014
2021-07-23,4.069718837738037,5.366000175476074,0.0,5.389999866485596,5.230000019073486,5.230000019073486,0.0,13841780
2021-07-26,4.156179428100586,5.480000019073486,0.0,5.489999771118164,5.236000061035156,5.306000232696533,0.0,18132044
2021-07-27,4.128117084503174,5.442999839782715,0.0,5.479000091552734,5.392000198364258,5.427999973297119,0.0,11598783
2021-07-28,4.0742692947387695,5.372000217437744,0.0,5.491000175476074,5.357999801635742,5.464000225067139,0.0,21229257
2021-07-29,4.104605674743652,5.4120001792907715,0.0,5.492000102996826,5.388000011444092,5.388999938964844,0.0,13771739
2021-07-30,4.103847026824951,5.410999774932861,0.0,5.454999923706055,5.301000118255615,5.353000164031982,0.0,17910869
2021-08-02,4.133426189422607,5.449999809265137,0.0,5.563000202178955,5.4029998779296875,5.420000076293945,0.0,29049719
2021-08-03,4.224437236785889,5.570000171661377,0.0,5.622000217437744,5.455999851226807,5.480000019073486,0.0,18605118
2021-08-04,4.295729637145996,5.664000034332275,0.0,5.670000076293945,5.568999767303467,5.590000152587891,0.0,14046076
2021-08-05,4.287387847900391,5.6529998779296875,0.0,5.685999870300293,5.580999851226807,5.581999778747559,0.0,14126734
2021-08-06,4.37005615234375,5.76200008392334,0.0,5.7829999923706055,5.631999969482422,5.650000095367432,0.0,13849220
2021-08-09,4.368539333343506,5.760000228881836,0.0,5.794000148773193,5.7129998207092285,5.747000217437744,0.0,10518060
2021-08-10,4.418595314025879,5.826000213623047,0.0,5.830999851226807,5.7220001220703125,5.735000133514404,0.0,11816635
2021-08-11,4.47851037979126,5.90500020980835,0.0,5.909999847412109,5.807000160217285,5.840000152587891,0.0,11163564
2021-08-12,4.466375827789307,5.888999938964844,0.0,5.932000160217285,5.854000091552734,5.892000198364258,0.0,10567279
2021-08-13,4.4451398849487305,5.861000061035156,0.0,5.913000106811523,5.84499979019165,5.900000095367432,0.0,19239212
2021-08-16,4.4110107421875,5.815999984741211,0.0,5.9039998054504395,5.75,5.789999961853027,0.0,8086118
2021-08-17,4.302555561065674,5.672999858856201,0.0,5.775000095367432,5.671999931335449,5.752999782562256,0.0,18238708
2021-08-18,4.395084381103516,5.795000076293945,0.0,5.806000232696533,5.656000137329102,5.670000076293945,0.0,19929259
2021-08-19,4.238847255706787,5.589000225067139,0.0,5.685999870300293,5.539999961853027,5.650000095367432,0.0,12714054
2021-08-20,4.2123026847839355,5.553999900817871,0.0,5.629000186920166,5.507999897003174,5.585000038146973,0.0,15899169
2021-08-23,4.234297752380371,5.583000183105469,0.0,5.625999927520752,5.554999828338623,5.6020002365112305,0.0,10257628
2021-08-24,4.171347618103027,5.5,0.0,5.613999843597412,5.453999996185303,5.599999904632568,0.0,13382475
2021-08-25,4.328341484069824,5.706999778747559,0.0,5.7230000495910645,5.507999897003174,5.513999938964844,0.0,16087675
2021-08-26,4.257050514221191,5.61299991607666,0.0,5.709000110626221,5.603000164031982,5.684000015258789,0.0,10038040
2021-08-27,4.232021331787109,5.579999923706055,0.0,5.611999988555908,5.507999897003174,5.599999904632568,0.0,7953758
2021-08-30,4.197892189025879,5.534999847412109,0.0,5.619999885559082,5.5269999504089355,5.589000225067139,0.0,5222088
2021-08-31,4.206993579864502,5.546999931335449,0.0,5.574999809265137,5.4710001945495605,5.534999847412109,0.0,18690447
2021-09-01,4.275251865386963,5.63700008392334,0.0,5.688000202178955,5.6020002365112305,5.624000072479248,0.0,13229785
2021-09-02,4.254015922546387,5.609000205993652,0.0,5.672999858856201,5.559999942779541,5.650000095367432,0.0,15794366
2021-09-03,4.222920894622803,5.567999839782715,0.0,5.665999889373779,5.565000057220459,5.639999866485596,0.0,15224363
2021-09-06,4.2198872566223145,5.564000129699707,0.0,5.636000156402588,5.556000232696533,5.589000225067139,0.0,4133474
2021-09-07,4.241881370544434,5.5929999351501465,0.0,5.627999782562256,5.556000232696533,5.564000129699707,0.0,9855859
2021-09-08,4.186516761779785,5.519999980926514,0.0,5.6020002365112305,5.468999862670898,5.559999942779541,0.0,19836678
2021-09-09,4.18044900894165,5.51200008392334,0.0,5.545000076293945,5.429999828338623,5.489999771118164,0.0,12711737
2021-09-10,4.171347618103027,5.5,0.0,5.598999977111816,5.479000091552734,5.547999858856201,0.0,12278613
2021-09-13,4.244915962219238,5.5970001220703125,0.0,5.6020002365112305,5.48199987411499,5.519000053405762,0.0,14537552
2021-09-14,4.232021331787109,5.579999923706055,0.0,5.684999942779541,5.568999767303467,5.6020002365112305,0.0,21584625
2021-09-15,4.2487077713012695,5.6020002365112305,0.0,5.668000221252441,5.551000118255615,5.583000183105469,0.0,21017089
2021-09-16,4.341235637664795,5.723999977111816,0.0,5.756999969482422,5.618000030517578,5.630000114440918,0.0,22507768
2021-09-17,4.301796913146973,5.671999931335449,0.0,5.859000205993652,5.665999889373779,5.7789998054504395,0.0,228528294
2021-09-20,3.980224609375,5.248000144958496,0.0,5.589000225067139,5.248000144958496,5.581999778747559,0.0,51902596
2021-09-21,4.005252361297607,5.281000137329102,0.0,5.36299991607666,5.25,5.318999767303467,0.0,31220683
2021-09-22,4.109156608581543,5.418000221252441,0.0,5.460000038146973,5.289999961853027,5.36899995803833,0.0,19993018
2021-09-23,4.224437236785889,5.570000171661377,0.0,5.572000026702881,5.440999984741211,5.482999801635742,0.0,29085498
2021-09-24,4.293454647064209,5.660999774932861,0.0,5.690999984741211,5.489999771118164,5.5289998054504395,0.0,27448351
2021-09-27,4.3837080001831055,5.78000020980835,0.0,5.789999961853027,5.618000030517578,5.677999973297119,0.0,21280073
2021-09-28,4.313172817230225,5.686999797821045,0.0,5.829999923706055,5.684000015258789,5.795000076293945,0.0,22088151
2021-09-29,4.354887008666992,5.742000102996826,0.0,5.744999885559082,5.618000030517578,5.718999862670898,0.0,16786860
2021-09-30,4.3359270095825195,5.7170000076293945,0.0,5.811999797821045,5.699999809265137,5.789999961853027,0.0,24467243
2021-10-01,4.272218704223633,5.632999897003174,0.0,5.645999908447266,5.511000156402588,5.610000133514404,0.0,72674647
2021-10-04,4.272976875305176,5.633999824523926,0.0,5.710000038146973,5.557000160217285,5.599999904632568,0.0,159270777
2021-10-05,4.55056095123291,6.0,0.0,6.0,5.599999904632568,5.603000164031982,0.0,75905029
2021-10-06,4.508847713470459,5.945000171661377,0.0,5.999000072479248,5.869999885559082,5.96999979019165,0.0,96665299
2021-10-07,4.580897808074951,6.039999961853027,0.0,6.078000068664551,5.925000190734863,6.0,0.0,62144455
2021-10-08,4.557839870452881,5.929999828338623,0.08,6.001999855041504,5.900000095367432,5.964000225067139,0.0,15036824
2021-10-11,4.545542240142822,5.914000034332275,0.0,5.982999801635742,5.882999897003174,5.913000106811523,0.0,25593390
2021-10-12,4.537856578826904,5.9039998054504395,0.0,5.9039998054504395,5.756999969482422,5.809999942779541,0.0,44775025
2021-10-13,4.373373985290527,5.690000057220459,0.0,5.920000076293945,5.690000057220459,5.875,0.0,18621548
2021-10-14,4.332637786865234,5.63700008392334,0.0,5.754000186920166,5.579999923706055,5.710000038146973,0.0,20399896
2021-10-15,4.434094429016113,5.769000053405762,0.0,5.835000038146973,5.675000190734863,5.679999828338623,0.0,49382233
2021-10-18,4.475599765777588,5.822999954223633,0.0,5.822999954223633,5.736000061035156,5.747000217437744,0.0,142724592
2021-10-19,4.439475059509277,5.776000022888184,0.0,5.85699987411499,5.754000186920166,5.801000118255615,0.0,67112623
2021-10-20,4.4809794425964355,5.829999923706055,0.0,5.861999988555908,5.7170000076293945,5.763000011444092,0.0,84651212
2021-10-21,4.3510847091674805,5.660999774932861,0.0,5.7870001792907715,5.63700008392334,5.7769999504089355,0.0,49572742
2021-10-22,4.37030029296875,5.685999870300293,0.0,5.7270002365112305,5.631999969482422,5.671000003814697,0.0,15533697
2021-10-25,4.381829261779785,5.701000213623047,0.0,5.734000205993652,5.585999965667725,5.650000095367432,0.0,15565415
2021-10-26,4.36799430847168,5.683000087738037,0.0,5.735000133514404,5.611000061035156,5.701000213623047,0.0,13944816
2021-10-27,4.315729141235352,5.614999771118164,0.0,5.74399995803833,5.561999797821045,5.679999828338623,0.0,17130098
2021-10-28,4.335712432861328,5.640999794006348,0.0,5.673999786376953,5.500999927520752,5.598999977111816,0.0,15379792
2021-10-29,4.659296035766602,6.061999797821045,0.0,6.098999977111816,5.760000228881836,5.760000228881836,0.0,45392845
2021-11-01,4.826083660125732,6.2789998054504395,0.0,6.291999816894531,6.03000020980835,6.052000045776367,0.0,19040383
2021-11-02,4.736157417297363,6.1620001792907715,0.0,6.254000186920166,6.140999794006348,6.202000141143799,0.0,14286905
2021-11-03,4.752297878265381,6.183000087738037,0.0,6.189000129699707,6.064000129699707,6.15500020980835,0.0,14959578
2021-11-04,4.642386436462402,6.039999961853027,0.0,6.260000228881836,6.005000114440918,6.21999979019165,0.0,37116283
2021-11-05,4.631626129150391,6.026000022888184,0.0,6.10699987411499,5.997000217437744,6.0279998779296875,0.0,17161028
2021-11-08,4.62778377532959,6.020999908447266,0.0,6.089000225067139,5.994999885559082,6.00600004196167,0.0,17911959
2021-11-09,4.590890407562256,5.9730000495910645,0.0,6.039999961853027,5.935999870300293,5.991000175476074,0.0,10129829
2021-11-10,4.636238098144531,6.0320000648498535,0.0,6.046999931335449,5.9670000076293945,5.97599983215332,0.0,10650999
2021-11-11,4.673130989074707,6.079999923706055,0.0,6.118000030517578,6.03000020980835,6.039999961853027,0.0,23857692
2021-11-12,4.709255695343018,6.126999855041504,0.0,6.185999870300293,6.072999954223633,6.179999828338623,0.0,14899334
2021-11-15,4.507880687713623,5.864999771118164,0.0,5.949999809265137,5.704999923706055,5.928999900817871,0.0,24492827
2021-11-16,4.457152366638184,5.798999786376953,0.0,5.900000095367432,5.784999847412109,5.883999824523926,0.0,19188366
2021-11-17,4.421027660369873,5.751999855041504,0.0,5.813000202178955,5.749000072479248,5.800000190734863,0.0,15938745
2021-11-18,4.177379131317139,5.434999942779541,0.0,5.78000020980835,5.355000019073486,5.75,0.0,47146455
2021-11-19,4.1527838706970215,5.4029998779296875,0.0,5.578000068664551,5.300000190734863,5.494999885559082,0.0,35036691
2021-11-22,4.168924808502197,5.423999786376953,0.0,5.500999927520752,5.314000129699707,5.465000152587891,0.0,23669423
2021-11-23,4.0682373046875,5.293000221252441,0.0,5.4029998779296875,5.267000198364258,5.327000141143799,0.0,33280647
2021-11-24,3.989070415496826,5.190000057220459,0.0,5.360000133514404,5.190000057220459,5.302999973297119,0.0,35447788
2021-11-25,4.019814968109131,5.230000019073486,0.0,5.252999782562256,5.166999816894531,5.216000080108643,0.0,14510790
2021-11-26,3.7246696949005127,4.8460001945495605,0.0,5.053999900817871,4.8460001945495605,4.995999813079834,0.0,43912406
2021-11-29,3.691235303878784,4.802499771118164,0.0,4.9730000495910645,4.801499843597412,4.959499835968018,0.0,27514385
2021-11-30,3.6143743991851807,4.702499866485596,0.0,4.804500102996826,4.666999816894531,4.75,0.0,44517157
2021-12-01,3.7027645111083984,4.817500114440918,0.0,4.838500022888184,4.730000019073486,4.75600004196167,0.0,29658420
2021-12-02,3.667793035507202,4.771999835968018,0.0,4.809999942779541,4.718500137329102,4.764999866485596,0.0,31532994
2021-12-03,3.681243896484375,4.7895002365112305,0.0,4.869999885559082,4.752500057220459,4.8454999923706055,0.0,25699385
2021-12-06,3.843803644180298,5.000999927520752,0.0,5.007999897003174,4.820499897003174,4.8480000495910645,0.0,25099231
2021-12-07,3.9452600479125977,5.132999897003174,0.0,5.139999866485596,5.026000022888184,5.073999881744385,0.0,27703079
2021-12-08,3.999063014984131,5.203000068664551,0.0,5.2870001792907715,5.0960001945495605,5.1020002365112305,0.0,36765954
2021-12-09,3.962169885635376,5.15500020980835,0.0,5.235000133514404,5.142000198364258,5.176000118255615,0.0,18451887
2021-12-10,3.927582025527954,5.110000133514404,0.0,5.145999908447266,5.040999889373779,5.099999904632568,0.0,27869605
2021-12-13,3.927582025527954,5.110000133514404,0.0,5.203999996185303,5.090000152587891,5.110000133514404,0.0,23865701
2021-12-14,3.9352681636810303,5.119999885559082,0.0,5.203000068664551,5.061999797821045,5.125999927520752,0.0,19820792
2021-12-15,3.9152843952178955,5.093999862670898,0.0,5.175000190734863,5.0929999351501465,5.125,0.0,14827227
2021-12-16,3.949103593826294,5.138000011444092,0.0,5.211999893188477,5.10699987411499,5.1620001792907715,0.0,20209852
2021-12-17,3.8411142826080322,4.997499942779541,0.0,5.1539998054504395,4.827000141143799,5.059999942779541,0.0,57597090
2021-12-20,3.8015308380126953,4.946000099182129,0.0,4.998000144958496,4.7804999351501465,4.800000190734863,0.0,23759025
2021-12-21,3.8906891345977783,5.061999797821045,0.0,5.070000171661377,4.988999843597412,5.059999942779541,0.0,20385921
2021-12-22,3.917590379714966,5.0970001220703125,0.0,5.10699987411499,5.0269999504089355,5.061999797821045,0.0,13808342
2021-12-23,3.973698616027832,5.170000076293945,0.0,5.205999851226807,5.109000205993652,5.120999813079834,0.0,13673203
2021-12-27,4.019814968109131,5.230000019073486,0.0,5.251999855041504,5.091000080108643,5.099999904632568,0.0,11191500
2021-12-28,4.033649921417236,5.248000144958496,0.0,5.275000095367432,5.201000213623047,5.211999893188477,0.0,13652822
2021-12-29,4.0474853515625,5.265999794006348,0.0,5.265999794006348,5.205999851226807,5.2220001220703125,0.0,11362800
2021-12-30,4.035186767578125,5.25,0.0,5.2820000648498535,5.232999801635742,5.245999813079834,0.0,13971730
2022-01-03,4.042873382568359,5.260000228881836,0.0,5.320000171661377,5.21999979019165,5.269999980926514,0.0,12901797
2022-01-04,4.1450982093811035,5.39300012588501,0.0,5.440000057220459,5.290999889373779,5.300000190734863,0.0,17063846
2022-01-05,4.135105609893799,5.380000114440918,0.0,5.429999828338623,5.380000114440918,5.401000022888184,0.0,14649412
2022-01-06,4.195057392120361,5.458000183105469,0.0,5.458000183105469,5.290999889373779,5.309999942779541,0.0,19913127
2022-01-07,4.29420804977417,5.586999893188477,0.0,5.586999893188477,5.458000183105469,5.48199987411499,0.0,19757343
2022-01-10,4.286522388458252,5.577000141143799,0.0,5.679999828338623,5.552999973297119,5.611000061035156,0.0,20397469
2022-01-11,4.300356388092041,5.59499979019165,0.0,5.65500020980835,5.577000141143799,5.579999923706055,0.0,18272642
2022-01-12,4.379523277282715,5.697999954223633,0.0,5.718999862670898,5.63100004196167,5.6539998054504395,0.0,15476810
2022-01-13,4.426408290863037,5.758999824523926,0.0,5.770999908447266,5.659999847412109,5.704999923706055,0.0,17295621
2022-01-14,4.431788444519043,5.765999794006348,0.0,5.7820000648498535,5.697999954223633,5.705999851226807,0.0,15738499
2022-01-17,4.443317413330078,5.781000137329102,0.0,5.833000183105469,5.76800012588501,5.800000190734863,0.0,23020486
2022-01-18,4.443317413330078,5.781000137329102,0.0,5.809999942779541,5.730000019073486,5.73799991607666,0.0,16995797
2022-01-19,4.374911308288574,5.691999912261963,0.0,5.821000099182129,5.691999912261963,5.769999980926514,0.0,28345358
2022-01-20,4.383366584777832,5.703000068664551,0.0,5.757999897003174,5.642000198364258,5.664000034332275,0.0,15412690
2022-01-21,4.324183464050293,5.625999927520752,0.0,5.699999809265137,5.585999965667725,5.610000133514404,0.0,21237024
2022-01-24,4.174305438995361,5.431000232696533,0.0,5.59499979019165,5.38700008392334,5.573999881744385,0.0,28255555
2022-01-25,4.224264621734619,5.495999813079834,0.0,5.543000221252441,5.419000148773193,5.420000076293945,0.0,24158708
2022-01-26,4.321108818054199,5.622000217437744,0.0,5.681000232696533,5.519999980926514,5.519999980926514,0.0,33486623
2022-01-27,4.36799430847168,5.683000087738037,0.0,5.758999824523926,5.543000221252441,5.543000221252441,0.0,16767262
2022-01-28,4.338018417358398,5.644000053405762,0.0,5.668000221252441,5.580999851226807,5.630000114440918,0.0,16607672
2022-01-31,4.330332279205322,5.633999824523926,0.0,5.71999979019165,5.607999801635742,5.703999996185303,0.0,17204345
2022-02-01,4.421027660369873,5.751999855041504,0.0,5.752999782562256,5.644999980926514,5.684999942779541,0.0,24838785
2022-02-02,4.469449996948242,5.815000057220459,0.0,5.900000095367432,5.752999782562256,5.800000190734863,0.0,33290586
2022-02-03,4.3772172927856445,5.695000171661377,0.0,5.7870001792907715,5.505000114440918,5.64900016784668,0.0,55903374
2022-02-04,4.37030029296875,5.685999870300293,0.0,5.78000020980835,5.586999893188477,5.739999771118164,0.0,30488866
2022-02-07,4.419490337371826,5.75,0.0,5.770999908447266,5.64900016784668,5.744999885559082,0.0,37758613
2022-02-08,4.523252487182617,5.885000228881836,0.0,5.89300012588501,5.744999885559082,5.75,0.0,22746842
2022-02-09,4.623171806335449,6.014999866485596,0.0,6.014999866485596,5.860000133514404,5.900000095367432,0.0,24235389
2022-02-10,4.6546854972839355,6.056000232696533,0.0,6.119999885559082,5.940999984741211,5.945000171661377,0.0,37012017
2022-02-11,4.586278438568115,5.9670000076293945,0.0,6.034999847412109,5.934000015258789,6.0,0.0,19104735
2022-02-14,4.4048871994018555,5.730999946594238,0.0,5.822999954223633,5.676000118255615,5.75,0.0,28727806
2022-02-15,4.514797687530518,5.874000072479248,0.0,5.88100004196167,5.664999961853027,5.681000232696533,0.0,20900344
2022-02-16,4.470219135284424,5.815999984741211,0.0,5.940999984741211,5.741000175476074,5.900000095367432,0.0,21103580
2022-02-17,4.4179534912109375,5.748000144958496,0.0,5.833000183105469,5.710000038146973,5.7789998054504395,0.0,23504922
2022-02-18,4.390284061431885,5.711999893188477,0.0,5.814000129699707,5.689000129699707,5.756999969482422,0.0,18721153
2022-02-21,4.320340156555176,5.620999813079834,0.0,5.806000232696533,5.5920000076293945,5.771999835968018,0.0,20435449
2022-02-22,4.337249755859375,5.64300012588501,0.0,5.73199987411499,5.449999809265137,5.47599983215332,0.0,29665237
2022-02-23,4.345705032348633,5.6539998054504395,0.0,5.765999794006348,5.633999824523926,5.699999809265137,0.0,19436309
2022-02-24,4.072848320007324,5.298999786376953,0.0,5.449999809265137,5.234000205993652,5.343999862670898,0.0,59139776
2022-02-25,4.177379131317139,5.434999942779541,0.0,5.486000061035156,5.2129998207092285,5.300000190734863,0.0,43031544
2022-02-28,4.06593132019043,5.289999961853027,0.0,5.321000099182129,5.1620001792907715,5.257999897003174,0.0,43882265
2022-03-01,3.9075980186462402,5.084000110626221,0.0,5.372000217437744,5.084000110626221,5.269000053405762,0.0,47610782
2022-03-02,3.9875340461730957,5.188000202178955,0.0,5.245999813079834,4.9704999923706055,5.068999767303467,0.0,45358006
2022-03-03,3.912210464477539,5.090000152587891,0.0,5.26800012588501,5.054999828338623,5.22599983215332,0.0,33178403
2022-03-04,3.688930034637451,4.799499988555908,0.0,5.114999771118164,4.791500091552734,5.050000190734863,0.0,47433538
2022-03-07,3.447587251663208,4.485499858856201,0.0,4.65500020980835,4.445000171661377,4.5980000495910645,0.0,51000024
2022-03-08,3.532902479171753,4.596499919891357,0.0,4.742000102996826,4.383999824523926,4.400000095367432,0.0,38632275
2022-03-09,3.8391921520233154,4.994999885559082,0.0,5.000999927520752,4.742000102996826,4.775000095367432,0.0,42279913
2022-03-10,3.8365018367767334,4.991499900817871,0.0,5.111000061035156,4.898499965667725,5.0,0.0,30087094
2022-03-11,3.8376553058624268,4.993000030517578,0.0,5.289999961853027,4.923999786376953,5.0229997634887695,0.0,29308381
2022-03-14,3.923739194869995,5.105000019073486,0.0,5.15500020980835,4.985499858856201,5.0,0.0,25805847
2022-03-15,3.9460289478302,5.133999824523926,0.0,5.193999767303467,5.001999855041504,5.046000003814697,0.0,20199881
2022-03-16,4.128957748413086,5.372000217437744,0.0,5.449999809265137,5.24399995803833,5.275000095367432,0.0,30934748
2022-03-17,4.06746768951416,5.291999816894531,0.0,5.420000076293945,5.2210001945495605,5.388999938964844,0.0,24815898
2022-03-18,4.058245658874512,5.28000020980835,0.0,5.323999881744385,5.224999904632568,5.302999973297119,0.0,36182599
2022-03-21,4.06593132019043,5.289999961853027,0.0,5.383999824523926,5.26800012588501,5.270999908447266,0.0,13790678
2022-03-22,4.123576641082764,5.364999771118164,0.0,5.400000095367432,5.327000141143799,5.328000068664551,0.0,20701402
2022-03-23,3.995988368988037,5.198999881744385,0.0,5.381999969482422,5.198999881744385,5.355999946594238,0.0,26557315
2022-03-24,3.9352681636810303,5.119999885559082,0.0,5.264999866485596,5.119999885559082,5.260000228881836,0.0,58146962
2022-03-25,3.931425094604492,5.114999771118164,0.0,5.13700008392334,5.054999828338623,5.110000133514404,0.0,18058476
2022-03-28,3.962169885635376,5.15500020980835,0.0,5.291999816894531,5.119999885559082,5.119999885559082,0.0,33028366
2022-03-29,4.228107929229736,5.500999927520752,0.0,5.552999973297119,5.208000183105469,5.230000019073486,0.0,35106942
2022-03-30,4.142792701721191,5.389999866485596,0.0,5.4710001945495605,5.35699987411499,5.460999965667725,0.0,16876617
2022-03-31,4.004443168640137,5.210000038146973,0.0,5.421999931335449,5.210000038146973,5.343999862670898,0.0,59683147
2022-04-01,4.06593132019043,5.289999961853027,0.0,5.321000099182129,5.235000133514404,5.263000011444092,0.0,35337292
2022-04-04,4.090527057647705,5.322000026702881,0.0,5.3429999351501465,5.21999979019165,5.3429999351501465,0.0,80374678
2022-04-05,4.035186767578125,5.25,0.0,5.318999767303467,5.203999996185303,5.318999767303467,0.0,42865728
2022-04-06,3.9037628173828125,4.856500148773193,0.23,5.122000217437744,4.808000087738037,5.0980000495910645,0.0,39499159
2022-04-07,3.894920587539673,4.8454999923706055,0.0,4.994999885559082,4.833499908447266,4.884500026702881,0.0,61463789
2022-04-08,3.9331016540527344,4.89300012588501,0.0,4.999000072479248,4.892499923706055,4.928500175476074,0.0,24398729
2022-04-11,3.9885659217834473,4.961999893188477,0.0,5.053999900817871,4.906499862670898,4.928500175476074,0.0,49220508
2022-04-12,3.9949958324432373,4.96999979019165,0.0,5.053999900817871,4.8414998054504395,4.873000144958496,0.0,23135931
2022-04-13,3.981733798980713,4.953499794006348,0.0,4.99399995803833,4.9120001792907715,4.952000141143799,0.0,71753254
2022-04-14,4.046440124511719,5.033999919891357,0.0,5.072999954223633,4.935999870300293,4.954500198364258,0.0,48695975
2022-04-19,4.085023880004883,5.081999778747559,0.0,5.114999771118164,4.971499919891357,5.019999980926514,0.0,176772192
2022-04-20,4.092258453369141,5.091000080108643,0.0,5.202000141143799,5.085000038146973,5.105000019073486,0.0,19700580
2022-04-21,4.141292095184326,5.1519999504089355,0.0,5.177999973297119,5.107999801635742,5.122000217437744,0.0,11775977
2022-04-22,4.0239338874816895,5.00600004196167,0.0,5.168000221252441,5.00600004196167,5.105000019073486,0.0,15307329
2022-04-25,3.866786479949951,4.810500144958496,0.0,4.942500114440918,4.810500144958496,4.900000095367432,0.0,27007056
2022-04-26,3.763897180557251,4.682499885559082,0.0,4.926000118255615,4.682499885559082,4.926000118255615,0.0,36798330
2022-04-27,3.7739450931549072,4.695000171661377,0.0,4.78000020980835,4.639999866485596,4.776000022888184,0.0,24501863
2022-04-28,3.816547393798828,4.748000144958496,0.0,4.821000099182129,4.680500030517578,4.804999828338623,0.0,17942309
2022-04-29,4.0665364265441895,5.059000015258789,0.0,5.059000015258789,4.860000133514404,4.890999794006348,0.0,24729346
2022-05-02,3.8945181369781494,4.84499979019165,0.0,5.031000137329102,4.843500137329102,4.9720001220703125,0.0,14685468
2022-05-03,3.9347097873687744,4.894999980926514,0.0,4.977499961853027,4.865499973297119,4.900000095367432,0.0,25872469
2022-05-04,3.8342318534851074,4.769999980926514,0.0,4.923500061035156,4.756499767303467,4.918499946594238,0.0,21081518
2022-05-05,3.6895434856414795,4.590000152587891,0.0,4.9019999504089355,4.590000152587891,4.880000114440918,0.0,38663911
2022-05-06,3.6887400150299072,4.589000225067139,0.0,4.662499904632568,4.505499839782715,4.599999904632568,0.0,26657051
2022-05-09,3.680701494216919,4.578999996185303,0.0,4.695499897003174,4.578999996185303,4.632999897003174,0.0,20681738
2022-05-10,3.7297353744506836,4.639999866485596,0.0,4.813000202178955,4.632500171661377,4.6479997634887695,0.0,24825092
2022-05-11,3.8161461353302,4.747499942779541,0.0,4.796999931335449,4.575500011444092,4.677499771118164,0.0,26415865
2022-05-12,3.7847964763641357,4.708499908447266,0.0,4.755499839782715,4.61299991607666,4.626500129699707,0.0,23752462
2022-05-13,3.8985378742218018,4.849999904632568,0.0,4.856500148773193,4.754000186920166,4.763000011444092,0.0,22719289
2022-05-16,3.89693021774292,4.8480000495910645,0.0,4.869500160217285,4.769499778747559,4.803999900817871,0.0,14407324
2022-05-17,3.9391300678253174,4.9004998207092285,0.0,4.928999900817871,4.873499870300293,4.900000095367432,0.0,11185307
2022-05-18,3.9017527103424072,4.854000091552734,0.0,4.96750020980835,4.831999778747559,4.909999847412109,0.0,19251919
2022-05-19,3.83141827583313,4.766499996185303,0.0,4.820000171661377,4.701499938964844,4.814499855041504,0.0,13748139
2022-05-20,3.8161461353302,4.747499942779541,0.0,4.828499794006348,4.735499858856201,4.815999984741211,0.0,24941682
2022-05-23,3.9154176712036133,4.870999813079834,0.0,4.870999813079834,4.7855000495910645,4.841000080108643,0.0,13308047
2022-05-24,3.894116163253784,4.8445000648498535,0.0,4.909999847412109,4.795000076293945,4.817500114440918,0.0,16519897
2022-05-25,3.9347097873687744,4.894999980926514,0.0,4.951000213623047,4.828499794006348,4.900000095367432,0.0,15395544
2022-05-26,4.02473783493042,5.006999969482422,0.0,5.019000053405762,4.915500164031982,4.927999973297119,0.0,17612354
2022-05-27,4.052067279815674,5.040999889373779,0.0,5.044000148773193,4.96750020980835,5.01200008392334,0.0,14885728
2022-05-30,4.137272357940674,5.146999835968018,0.0,5.146999835968018,5.060999870300293,5.079999923706055,0.0,24778675
2022-05-31,4.082613468170166,5.078999996185303,0.0,5.159999847412109,5.046000003814697,5.123000144958496,0.0,24684618
2022-06-01,4.02554178237915,5.007999897003174,0.0,5.138999938964844,5.000999927520752,5.110000133514404,0.0,13527223
2022-06-02,4.009867191314697,4.988500118255615,0.0,5.052000045776367,4.96750020980835,5.034999847412109,0.0,9121877
2022-06-03,3.9849486351013184,4.957499980926514,0.0,5.033999919891357,4.941999912261963,5.020999908447266,0.0,7829737
2022-06-06,4.102708339691162,5.104000091552734,0.0,5.11899995803833,4.992000102996826,4.99399995803833,0.0,9630234
2022-06-07,4.050459384918213,5.039000034332275,0.0,5.10699987411499,5.035999774932861,5.074999809265137,0.0,8672979
2022-06-08,4.00062370300293,4.9770002365112305,0.0,5.051000118255615,4.947500228881836,5.050000190734863,0.0,11902062
2022-06-09,3.8129303455352783,4.743500232696533,0.0,4.949999809265137,4.743500232696533,4.946499824523926,0.0,27636656
2022-06-10,3.4648754596710205,4.310500144958496,0.0,4.685999870300293,4.310500144958496,4.685500144958496,0.0,51185376
2022-06-13,3.3390769958496094,4.1539998054504395,0.0,4.315000057220459,4.1539998054504395,4.309999942779541,0.0,35463199
2022-06-14,3.371230125427246,4.193999767303467,0.0,4.261499881744385,4.143499851226807,4.231500148773193,0.0,24177668
2022-06-15,3.425487756729126,4.261499881744385,0.0,4.3470001220703125,4.257500171661377,4.3460001945495605,0.0,25682213
2022-06-16,3.353545665740967,4.171999931335449,0.0,4.251500129699707,4.127500057220459,4.25,0.0,24819492
2022-06-17,3.4343302249908447,4.272500038146973,0.0,4.38100004196167,4.195499897003174,4.228000164031982,0.0,69369073
2022-06-20,3.4801483154296875,4.329500198364258,0.0,4.354499816894531,4.239999771118164,4.293000221252441,0.0,14582899
2022-06-21,3.4628660678863525,4.308000087738037,0.0,4.420000076293945,4.288000106811523,4.336999893188477,0.0,16309814
2022-06-22,3.514711856842041,4.372499942779541,0.0,4.415999889373779,4.204500198364258,4.239999771118164,0.0,19040386
2022-06-23,3.4106173515319824,4.243000030517578,0.0,4.375,4.212500095367432,4.315999984741211,0.0,16535966
2022-06-24,3.490999937057495,4.3429999351501465,0.0,4.354000091552734,4.211999893188477,4.264999866485596,0.0,29510083
2022-06-27,3.5480709075927734,4.414000034332275,0.0,4.456999778747559,4.360000133514404,4.360499858856201,0.0,18756288
2022-06-28,3.5440518856048584,4.408999919891357,0.0,4.498000144958496,4.401000022888184,4.44950008392334,0.0,11798720
2022-06-29,3.4705023765563965,4.317500114440918,0.0,4.4029998779296875,4.309500217437744,4.35699987411499,0.0,10374717
2022-06-30,3.480952262878418,4.33050012588501,0.0,4.343999862670898,4.202499866485596,4.300000190734863,0.0,19574988
2022-07-01,3.467287063598633,4.313499927520752,0.0,4.423500061035156,4.2754998207092285,4.302499771118164,0.0,16961707
2022-07-04,3.5155160427093506,4.373499870300293,0.0,4.40749979019165,4.316999912261963,4.366000175476074,0.0,17807654
2022-07-05,3.388110637664795,4.215000152587891,0.0,4.439000129699707,4.215000152587891,4.414999961853027,0.0,18411390
2022-07-06,3.3836891651153564,4.209499835968018,0.0,4.304999828338623,4.160999774932861,4.265999794006348,0.0,19662337
2022-07-07,3.5066747665405273,4.362500190734863,0.0,4.4079999923706055,4.2820000648498535,4.295000076293945,0.0,20154428
2022-07-08,3.5344059467315674,4.396999835968018,0.0,4.440000057220459,4.30649995803833,4.352499961853027,0.0,15262543
2022-07-11,3.444377899169922,4.284999847412109,0.0,4.380499839782715,4.263999938964844,4.307000160217285,0.0,24856552
2022-07-12,3.3145604133605957,4.123499870300293,0.0,4.270999908447266,3.992500066757202,4.250500202178955,0.0,31607315
2022-07-13,3.3181777000427246,4.127999782562256,0.0,4.17549991607666,4.059999942779541,4.17549991607666,0.0,21973380
2022-07-14,3.2148869037628174,3.999500036239624,0.0,4.13700008392334,3.9860000610351562,4.104000091552734,0.0,20206259
2022-07-15,3.2964749336242676,4.10099983215332,0.0,4.118000030517578,3.9719998836517334,4.0,0.0,25001068
2022-07-18,3.295671224594116,4.099999904632568,0.0,4.190000057220459,4.064000129699707,4.170000076293945,0.0,23005482
2022-07-19,3.4246842861175537,4.260499954223633,0.0,4.278500080108643,4.059999942779541,4.072500228881836,0.0,20498187
2022-07-20,3.351938247680664,4.170000076293945,0.0,4.309999942779541,4.109499931335449,4.2855000495910645,0.0,23876748
2022-07-21,3.376455307006836,4.200500011444092,0.0,4.300000190734863,4.121500015258789,4.135499954223633,0.0,21146355
2022-07-22,3.334254026412964,4.1479997634887695,0.0,4.231500148773193,4.130499839782715,4.170000076293945,0.0,16413744
2022-07-25,3.3736417293548584,4.197000026702881,0.0,4.2179999351501465,4.138000011444092,4.139999866485596,0.0,12688875
2022-07-26,3.3004937171936035,4.105999946594238,0.0,4.166500091552734,4.08650016784668,4.162499904632568,0.0,16093777
2022-07-27,3.343900203704834,4.159999847412109,0.0,4.176000118255615,4.110000133514404,4.125999927520752,0.0,13878378
2022-07-28,3.3503310680389404,4.168000221252441,0.0,4.209499835968018,4.120999813079834,4.194499969482422,0.0,20742475
2022-07-29,3.5504825115203857,4.416999816894531,0.0,4.445000171661377,4.28000020980835,4.311500072479248,0.0,37570036
2022-08-01,3.5090858936309814,4.365499973297119,0.0,4.511000156402588,4.360499858856201,4.416999816894531,0.0,16471853
2022-08-02,3.5492770671844482,4.415500164031982,0.0,4.455999851226807,4.360000133514404,4.364999771118164,0.0,18142423
2022-08-03,3.6642234325408936,4.558499813079834,0.0,4.565000057220459,4.394999980926514,4.432499885559082,0.0,21055555
2022-08-04,3.7052178382873535,4.609499931335449,0.0,4.664000034332275,4.557499885559082,4.559999942779541,0.0,14944074
2022-08-05,3.7144622802734375,4.620999813079834,0.0,4.650000095367432,4.567999839782715,4.576499938964844,0.0,13916986
2022-08-08,3.734959840774536,4.646500110626221,0.0,4.68149995803833,4.5954999923706055,4.668499946594238,0.0,13271383
2022-08-09,3.7602803707122803,4.677999973297119,0.0,4.718999862670898,4.635000228881836,4.642499923706055,0.0,13778170
2022-08-10,3.785198926925659,4.709000110626221,0.0,4.710000038146973,4.6554999351501465,4.681000232696533,0.0,14489320
2022-08-11,3.8012754917144775,4.729000091552734,0.0,4.749000072479248,4.709499835968018,4.732500076293945,0.0,13035131
2022-08-12,3.839858293533325,4.7769999504089355,0.0,4.801499843597412,4.747499942779541,4.75,0.0,15004933
2022-08-15,3.8559346199035645,4.796999931335449,0.0,4.800000190734863,4.736999988555908,4.797500133514404,0.0,14912222
2022-08-16,3.9041643142700195,4.85699987411499,0.0,4.870999813079834,4.799499988555908,4.820000171661377,0.0,15471737
2022-08-17,3.877638578414917,4.823999881744385,0.0,4.947000026702881,4.819499969482422,4.887499809265137,0.0,14582909
2022-08-18,3.904968023300171,4.857999801635742,0.0,4.911499977111816,4.81850004196167,4.823999881744385,0.0,12412905
2022-08-19,3.7739450931549072,4.695000171661377,0.0,4.850500106811523,4.6585001945495605,4.826000213623047,0.0,17941612
2022-08-22,3.6581947803497314,4.551000118255615,0.0,4.671500205993652,4.507500171661377,4.656499862670898,0.0,15589268
2022-08-23,3.685926675796509,4.5854997634887695,0.0,4.617499828338623,4.514999866485596,4.531499862670898,0.0,9608698
2022-08-24,3.6529695987701416,4.54449987411499,0.0,4.579999923706055,4.503499984741211,4.558000087738037,0.0,8186952
2022-08-25,3.6344823837280273,4.521500110626221,0.0,4.5960001945495605,4.480500221252441,4.5960001945495605,0.0,7546750
2022-08-26,3.579420328140259,4.453000068664551,0.0,4.58650016784668,4.430500030517578,4.559999942779541,0.0,10322165
2022-08-29,3.5637454986572266,4.433499813079834,0.0,4.4679999351501465,4.355500221252441,4.4029998779296875,0.0,8921331
2022-08-30,3.6063473224639893,4.486499786376953,0.0,4.605500221252441,4.429500102996826,4.460000038146973,0.0,11888608
2022-08-31,3.6103672981262207,4.491499900817871,0.0,4.541999816894531,4.4670000076293945,4.5,0.0,17015208
2022-09-01,3.5653533935546875,4.435500144958496,0.0,4.508500099182129,4.39900016784668,4.449999809265137,0.0,11202643
2022-09-02,3.6658313274383545,4.560500144958496,0.0,4.573999881744385,4.448500156402588,4.506999969482422,0.0,10378166
2022-09-05,3.5926828384399414,4.4695000648498535,0.0,4.4710001945495605,4.394999980926514,4.43149995803833,0.0,8441398
2022-09-06,3.611171245574951,4.492499828338623,0.0,4.519000053405762,4.420499801635742,4.459499835968018,0.0,8131123
2022-09-07,3.6095635890960693,4.490499973297119,0.0,4.501500129699707,4.408999919891357,4.443999767303467,0.0,8851151
2022-09-08,3.717677593231201,4.625,0.0,4.668499946594238,4.493000030517578,4.546999931335449,0.0,22871922
2022-09-09,3.9001450538635254,4.8520002365112305,0.0,4.877999782562256,4.706999778747559,4.739999771118164,0.0,19018728
2022-09-12,3.9837424755096436,4.955999851226807,0.0,4.979499816894531,4.875999927520752,4.894000053405762,0.0,43403440
2022-09-13,3.928279161453247,4.88700008392334,0.0,4.994999885559082,4.850500106811523,4.965000152587891,0.0,18940797
2022-09-14,3.9210445880889893,4.877999782562256,0.0,4.95550012588501,4.830999851226807,4.854000091552734,0.0,13570641
2022-09-15,4.00866174697876,4.986999988555908,0.0,5.0229997634887695,4.9039998054504395,4.9070000648498535,0.0,19257310
2022-09-16,3.960833787918091,4.927499771118164,0.0,4.959000110626221,4.841000080108643,4.895999908447266,0.0,54574169
2022-09-19,3.949579954147339,4.91349983215332,0.0,4.956500053405762,4.861000061035156,4.912499904632568,0.0,10496925
2022-09-20,3.947570323944092,4.910999774932861,0.0,4.985000133514404,4.88100004196167,4.928999900817871,0.0,12255304
2022-09-21,3.9636476039886475,4.931000232696533,0.0,4.98799991607666,4.83650016784668,4.861000061035156,0.0,13226896
2022-09-22,3.9387285709381104,4.900000095367432,0.0,5.00600004196167,4.834000110626221,4.860000133514404,0.0,11702643
2022-09-23,3.8245856761932373,4.757999897003174,0.0,4.887499809265137,4.670499801635742,4.882500171661377,0.0,17837977
2022-09-26,3.8113224506378174,4.741499900817871,0.0,4.801000118255615,4.675000190734863,4.702000141143799,0.0,14381036
2022-09-27,3.7313427925109863,4.642000198364258,0.0,4.825500011444092,4.581999778747559,4.820000171661377,0.0,17428271
2022-09-28,3.7325479984283447,4.643499851226807,0.0,4.666999816894531,4.517499923706055,4.599999904632568,0.0,15610952
2022-09-29,3.659400224685669,4.552499771118164,0.0,4.633999824523926,4.501999855041504,4.605999946594238,0.0,38238457
2022-09-30,3.7140605449676514,4.620500087738037,0.0,4.631999969482422,4.542500019073486,4.5980000495910645,0.0,19088091
2022-10-03,3.763897180557251,4.682499885559082,0.0,4.690999984741211,4.51200008392334,4.567500114440918,0.0,32498591
2022-10-04,3.940336227416992,4.9019999504089355,0.0,4.9375,4.718500137329102,4.760000228881836,0.0,76390149
2022-10-05,3.8744237422943115,4.820000171661377,0.0,4.9045000076293945,4.791999816894531,4.86899995803833,0.0,19769293
2022-10-06,3.8579444885253906,4.799499988555908,0.0,4.863500118255615,4.78000020980835,4.854000091552734,0.0,11139414
2022-10-07,3.8088903427124023,4.619999885559082,0.12,4.728000164031982,4.593999862670898,4.673999786376953,0.0,13695477
2022-10-10,3.8088903427124023,4.619999885559082,0.0,4.65500020980835,4.577000141143799,4.579999923706055,0.0,9588511
2022-10-11,3.7738518714904785,4.577499866485596,0.0,4.599999904632568,4.520999908447266,4.596499919891357,0.0,9717699
2022-10-12,3.7783868312835693,4.583000183105469,0.0,4.599999904632568,4.50600004196167,4.55649995803833,0.0,9110135
2022-10-13,3.8921589851379395,4.7210001945495605,0.0,4.740499973297119,4.5320000648498535,4.550000190734863,0.0,14497280
2022-10-14,3.913182258605957,4.746500015258789,0.0,4.840000152587891,4.7270002365112305,4.790500164031982,0.0,14585162
2022-10-17,4.005106449127197,4.857999801635742,0.0,4.891499996185303,4.71750020980835,4.746500015258789,0.0,104740700
2022-10-18,4.075594902038574,4.94350004196167,0.0,5.015999794006348,4.86899995803833,4.882500171661377,0.0,87787590
2022-10-19,4.093320846557617,4.965000152587891,0.0,4.98799991607666,4.889500141143799,4.9604997634887695,0.0,16126987
2022-10-20,4.160923957824707,5.046999931335449,0.0,5.073999881744385,4.934999942779541,4.940000057220459,0.0,15099296
2022-10-21,4.121763706207275,4.999499797821045,0.0,5.0320000648498535,4.9029998779296875,5.010000228881836,0.0,14963528
2022-10-24,4.277993679046631,5.189000129699707,0.0,5.206999778747559,5.0269999504089355,5.059999942779541,0.0,19201990
2022-10-25,4.31179666519165,5.230000019073486,0.0,5.264999866485596,5.133999824523926,5.203999996185303,0.0,17192549
2022-10-26,4.304376125335693,5.2210001945495605,0.0,5.289999961853027,5.183000087738037,5.269000053405762,0.0,12919405
2022-10-27,4.3348798751831055,5.257999897003174,0.0,5.257999897003174,5.126999855041504,5.205999851226807,0.0,13733183
2022-10-28,4.324986934661865,5.245999813079834,0.0,5.248000144958496,5.020999908447266,5.197000026702881,0.0,20870488
2022-10-31,4.294483184814453,5.209000110626221,0.0,5.271999835968018,5.171999931335449,5.239999771118164,0.0,15559086
2022-11-01,4.332406520843506,5.255000114440918,0.0,5.298999786376953,5.229000091552734,5.249000072479248,0.0,14233887
2022-11-02,4.357964515686035,5.285999774932861,0.0,5.333000183105469,5.261000156402588,5.297999858856201,0.0,12864826
2022-11-03,4.309322357177734,5.2270002365112305,0.0,5.252999782562256,5.1539998054504395,5.252999782562256,0.0,12194861
2022-11-04,4.372804164886475,5.303999900817871,0.0,5.3379998207092285,5.2270002365112305,5.284999847412109,0.0,12721800
2022-11-07,4.400010108947754,5.336999893188477,0.0,5.369999885559082,5.255000114440918,5.2829999923706055,0.0,9767670
2022-11-08,4.385994911193848,5.320000171661377,0.0,5.35699987411499,5.298999786376953,5.340000152587891,0.0,8814803
2022-11-09,4.358789443969727,5.2870001792907715,0.0,5.392000198364258,5.285999774932861,5.294000148773193,0.0,20961922
2022-11-10,4.374453067779541,5.306000232696533,0.0,5.3470001220703125,5.206999778747559,5.260000228881836,0.0,16909620
2022-11-11,4.367033004760742,5.296999931335449,0.0,5.335000038146973,5.2230000495910645,5.289999961853027,0.0,12359194
2022-11-14,4.426392555236816,5.36899995803833,0.0,5.385000228881836,5.267000198364258,5.300000190734863,0.0,9242241
2022-11-15,4.4610185623168945,5.410999774932861,0.0,5.443999767303467,5.339000225067139,5.38100004196167,0.0,14879348
2022-11-16,4.420621871948242,5.361999988555908,0.0,5.425000190734863,5.35099983215332,5.395999908447266,0.0,11052103
2022-11-17,4.395888328552246,5.331999778747559,0.0,5.389999866485596,5.291999816894531,5.380000114440918,0.0,22771905
2022-11-18,4.491522789001465,5.447999954223633,0.0,5.447999954223633,5.354000091552734,5.380000114440918,0.0,16676800
2022-11-21,4.497293949127197,5.454999923706055,0.0,5.498000144958496,5.409999847412109,5.409999847412109,0.0,13628249
2022-11-22,4.550057411193848,5.519000053405762,0.0,5.557000160217285,5.459000110626221,5.460000038146973,0.0,13243272
2022-11-23,4.564072608947754,5.535999774932861,0.0,5.559000015258789,5.465000152587891,5.517000198364258,0.0,12082491
2022-11-24,4.600347995758057,5.579999923706055,0.0,5.5980000495910645,5.52400016784668,5.535999774932861,0.0,8363970
2022-11-25,4.650638580322266,5.640999794006348,0.0,5.644000053405762,5.572000026702881,5.590000152587891,0.0,11960544
2022-11-28,4.567370891571045,5.539999961853027,0.0,5.627999782562256,5.539999961853027,5.5929999351501465,0.0,10045849
2022-11-29,4.636623382568359,5.624000072479248,0.0,5.663000106811523,5.525000095367432,5.560999870300293,0.0,12411348
2022-11-30,4.626730442047119,5.611999988555908,0.0,5.642000198364258,5.534999847412109,5.611000061035156,0.0,70040432
2022-12-01,4.588806629180908,5.565999984741211,0.0,5.664999961853027,5.564000129699707,5.639999866485596,0.0,15277337
2022-12-02,4.626730442047119,5.611999988555908,0.0,5.61899995803833,5.51800012588501,5.552000045776367,0.0,11729593
2022-12-05,4.57891321182251,5.553999900817871,0.0,5.611999988555908,5.544000148773193,5.581999778747559,0.0,8399460
2022-12-06,4.5698442459106445,5.543000221252441,0.0,5.567999839782715,5.453000068664551,5.519999980926514,0.0,11066207
2022-12-07,4.5484089851379395,5.517000198364258,0.0,5.554999828338623,5.48799991607666,5.519000053405762,0.0,9466964
2022-12-08,4.544286727905273,5.51200008392334,0.0,5.546000003814697,5.497000217437744,5.53000020980835,0.0,8165849
2022-12-09,4.561600685119629,5.5329999923706055,0.0,5.539000034332275,5.4730000495910645,5.519999980926514,0.0,12669107
2022-12-12,4.525325298309326,5.488999843597412,0.0,5.531000137329102,5.4629998207092285,5.513000011444092,0.0,10473326
2022-12-13,4.580562114715576,5.556000232696533,0.0,5.629000186920166,5.485000133514404,5.5,0.0,17168872
2022-12-14,4.5648980140686035,5.5370001792907715,0.0,5.5370001792907715,5.4629998207092285,5.5269999504089355,0.0,10759763
2022-12-15,4.399186134338379,5.335999965667725,0.0,5.533999919891357,5.316999912261963,5.5320000648498535,0.0,18415383
2022-12-16,4.450301170349121,5.3979997634887695,0.0,5.425000190734863,5.301000118255615,5.315999984741211,0.0,41015118
2022-12-19,4.455247402191162,5.4039998054504395,0.0,5.427999973297119,5.374000072479248,5.400000095367432,0.0,9292518
2022-12-20,4.581386089324951,5.557000160217285,0.0,5.583000183105469,5.355000019073486,5.374000072479248,0.0,17604783
2022-12-21,4.688562393188477,5.686999797821045,0.0,5.686999797821045,5.538000106811523,5.577000141143799,0.0,13719069
2022-12-22,4.650638580322266,5.640999794006348,0.0,5.71999979019165,5.625,5.689000129699707,0.0,12372887
2022-12-23,4.671249866485596,5.665999889373779,0.0,5.692999839782715,5.622000217437744,5.650000095367432,0.0,6924974
2022-12-27,4.6572346687316895,5.64900016784668,0.0,5.690000057220459,5.629000186920166,5.666999816894531,0.0,6957865
2022-12-28,4.662181377410889,5.65500020980835,0.0,5.686999797821045,5.636000156402588,5.656000137329102,0.0,5817544
2022-12-29,4.700929641723633,5.702000141143799,0.0,5.71999979019165,5.610000133514404,5.627999782562256,0.0,8439852
2022-12-30,4.644867420196533,5.633999824523926,0.0,5.688000202178955,5.630000114440918,5.683000087738037,0.0,7801055
2023-01-02,4.766883850097656,5.7820000648498535,0.0,5.785999774932861,5.669000148773193,5.690999984741211,0.0,7785857
2023-01-03,4.83860969543457,5.86899995803833,0.0,5.89900016784668,5.739999771118164,5.763000011444092,0.0,13860514
2023-01-04,5.029054641723633,6.099999904632568,0.0,6.099999904632568,5.89900016784668,5.900000095367432,0.0,24333498
2023-01-05,5.073573589324951,6.1539998054504395,0.0,6.168000221252441,6.039999961853027,6.070000171661377,0.0,15587600
2023-01-06,5.119742393493652,6.210000038146973,0.0,6.228000164031982,6.15500020980835,6.170000076293945,0.0,12498717
2023-01-09,5.1749796867370605,6.2769999504089355,0.0,6.285999774932861,6.201000213623047,6.210000038146973,0.0,19838535
2023-01-10,5.202186107635498,6.309999942779541,0.0,6.328999996185303,6.236999988555908,6.25,0.0,12857059
2023-01-11,5.171681880950928,6.2729997634887695,0.0,6.333000183105469,6.250999927520752,6.329999923706055,0.0,12180488
2023-01-12,5.211255073547363,6.321000099182129,0.0,6.35699987411499,6.251999855041504,6.295000076293945,0.0,13218877
2023-01-13,5.245056629180908,6.361999988555908,0.0,6.4120001792907715,6.2870001792907715,6.336999893188477,0.0,12723765
2023-01-16,5.2747368812561035,6.3979997634887695,0.0,6.414000034332275,6.340000152587891,6.369999885559082,0.0,7109384
2023-01-17,5.288751602172852,6.414999961853027,0.0,6.448999881744385,6.388000011444092,6.3979997634887695,0.0,11518010
2023-01-18,5.311835765838623,6.442999839782715,0.0,6.486000061035156,6.4039998054504395,6.4039998054504395,0.0,15186643
2023-01-19,5.202186107635498,6.309999942779541,0.0,6.413000106811523,6.190999984741211,6.389999866485596,0.0,19966032
2023-01-20,5.249179363250732,6.367000102996826,0.0,6.4019999504089355,6.315000057220459,6.36899995803833,0.0,17583942
2023-01-23,5.317606449127197,6.449999809265137,0.0,6.507999897003174,6.340000152587891,6.38700008392334,0.0,11258761
2023-01-24,5.301942825317383,6.431000232696533,0.0,6.506999969482422,6.349999904632568,6.460999965667725,0.0,9183071
2023-01-25,5.1873459815979,6.291999816894531,0.0,6.38100004196167,6.263999938964844,6.355999946594238,0.0,17317160
2023-01-26,5.290400505065918,6.416999816894531,0.0,6.447000026702881,6.328999996185303,6.331999778747559,0.0,19022920
2023-01-27,5.304415702819824,6.434000015258789,0.0,6.506999969482422,6.4039998054504395,6.449999809265137,0.0,18637346
2023-01-30,5.30853796005249,6.439000129699707,0.0,6.466000080108643,6.372000217437744,6.409999847412109,0.0,6883831
2023-01-31,5.328324794769287,6.4629998207092285,0.0,6.48199987411499,6.375,6.460000038146973,0.0,13753129
2023-02-01,5.578952789306641,6.767000198364258,0.0,6.789999961853027,6.48199987411499,6.5,0.0,32228125
2023-02-02,5.60451078414917,6.797999858856201,0.0,6.960000038146973,6.699999809265137,6.7230000495910645,0.0,21938757
2023-02-03,5.694374084472656,6.9070000648498535,0.0,6.927999973297119,6.764999866485596,6.783999919891357,0.0,16188638
2023-02-06,5.597915172576904,6.789999961853027,0.0,6.8480000495910645,6.771999835968018,6.843999862670898,0.0,10804666
2023-02-07,5.587197303771973,6.7769999504089355,0.0,6.848999977111816,6.735000133514404,6.811999797821045,0.0,11214770
2023-02-08,5.567410469055176,6.752999782562256,0.0,6.820000171661377,6.7210001945495605,6.820000171661377,0.0,14731657
2023-02-09,5.606159687042236,6.800000190734863,0.0,6.828000068664551,6.650000095367432,6.797999858856201,0.0,11725016
2023-02-10,5.556692600250244,6.739999771118164,0.0,6.817999839782715,6.696000099182129,6.78000020980835,0.0,9963665
2023-02-13,5.631717205047607,6.830999851226807,0.0,6.841000080108643,6.749000072479248,6.75,0.0,20099210
2023-02-14,5.667992115020752,6.875,0.0,6.956999778747559,6.809000015258789,6.848999977111816,0.0,12319330
2023-02-15,5.673762798309326,6.881999969482422,0.0,6.9039998054504395,6.810999870300293,6.855999946594238,0.0,12556344
2023-02-16,5.779290676116943,7.010000228881836,0.0,7.014999866485596,6.914000034332275,6.914999961853027,0.0,18847498
2023-02-17,5.751260280609131,6.97599983215332,0.0,7.014999866485596,6.927000045776367,6.953000068664551,0.0,24243046
2023-02-20,5.748786926269531,6.9730000495910645,0.0,7.0229997634887695,6.964000225067139,7.000999927520752,0.0,5037248
2023-02-21,5.744663715362549,6.9679999351501465,0.0,6.988999843597412,6.8420000076293945,6.958000183105469,0.0,8365012
2023-02-22,5.727351188659668,6.947000026702881,0.0,6.949999809265137,6.877999782562256,6.922999858856201,0.0,11969996
2023-02-23,5.798252582550049,7.0329999923706055,0.0,7.052000045776367,6.960999965667725,6.9629998207092285,0.0,9957457
2023-02-24,5.794130325317383,7.0279998779296875,0.0,7.109000205993652,7.019999980926514,7.0370001792907715,0.0,16494300
2023-02-27,5.925215244293213,7.186999797821045,0.0,7.21999979019165,7.064000129699707,7.070000171661377,0.0,11033035
2023-02-28,6.078561305999756,7.373000144958496,0.0,7.449999809265137,7.129000186920166,7.151000022888184,0.0,35581494
2023-03-01,5.956543445587158,7.224999904632568,0.0,7.431000232696533,7.199999809265137,7.4120001792907715,0.0,15329341
2023-03-02,5.9853997230529785,7.260000228881836,0.0,7.26200008392334,7.135000228881836,7.204999923706055,0.0,9816692
2023-03-03,6.082682132720947,7.377999782562256,0.0,7.388000011444092,7.257999897003174,7.276000022888184,0.0,8337400
2023-03-06,6.138744354248047,7.446000099182129,0.0,7.453999996185303,7.369999885559082,7.400000095367432,0.0,6976496
2023-03-07,6.007659435272217,7.2870001792907715,0.0,7.554999828338623,7.2870001792907715,7.449999809265137,0.0,14557618
2023-03-08,6.035689830780029,7.321000099182129,0.0,7.353000164031982,7.183000087738037,7.252999782562256,0.0,8373407
2023-03-09,6.017552375793457,7.298999786376953,0.0,7.329999923706055,7.2779998779296875,7.300000190734863,0.0,7433930
2023-03-10,5.812268257141113,7.050000190734863,0.0,7.099999904632568,6.940000057220459,7.039999961853027,0.0,20608192
2023-03-13,5.33327054977417,6.468999862670898,0.0,7.050000190734863,6.374000072479248,7.050000190734863,0.0,43024277
2023-03-14,5.515471458435059,6.690000057220459,0.0,6.729000091552734,6.370999813079834,6.429999828338623,0.0,24003341
2023-03-15,4.986184120178223,6.047999858856201,0.0,6.686999797821045,5.928999900817871,6.681000232696533,0.0,49373416
2023-03-16,5.156018257141113,6.254000186920166,0.0,6.3979997634887695,6.041999816894531,6.389999866485596,0.0,27258427
2023-03-17,4.976290225982666,6.035999774932861,0.0,6.40500020980835,5.9670000076293945,6.275000095367432,0.0,40145383
2023-03-20,5.13705587387085,6.230999946594238,0.0,6.328999996185303,5.735000133514404,5.989999771118164,0.0,35743268
2023-03-21,5.414065837860107,6.566999912261963,0.0,6.631999969482422,6.355999946594238,6.357999801635742,0.0,25123677
2023-03-22,5.428905963897705,6.585000038146973,0.0,6.754000186920166,6.488999843597412,6.538000106811523,0.0,29831064
2023-03-23,5.287103176116943,6.413000106811523,0.0,6.578999996185303,6.374000072479248,6.449999809265137,0.0,21269709
2023-03-24,5.052963733673096,6.129000186920166,0.0,6.349999904632568,6.020999908447266,6.349999904632568,0.0,28578499
2023-03-27,5.1576666831970215,6.25600004196167,0.0,6.331999778747559,6.122000217437744,6.251999855041504,0.0,72800413
2023-03-28,5.2302165031433105,6.343999862670898,0.0,6.39900016784668,6.241000175476074,6.349999904632568,0.0,137228110
2023-03-29,5.343164443969727,6.480999946594238,0.0,6.497000217437744,6.360000133514404,6.380000114440918,0.0,70433496
2023-03-30,5.456936359405518,6.61899995803833,0.0,6.690000057220459,6.546999931335449,6.598999977111816,0.0,73021084
2023-03-31,5.41736364364624,6.571000099182129,0.0,6.695000171661377,6.543000221252441,6.659999847412109,0.0,48122106
2023-04-03,5.430342197418213,6.276000022888184,0.31,6.418000221252441,6.271999835968018,6.28000020980835,0.0,14518491
2023-04-04,5.5255208015441895,6.386000156402588,0.0,6.507999897003174,6.288000106811523,6.288000106811523,0.0,11826658
2023-04-05,5.589549541473389,6.460000038146973,0.0,6.492000102996826,6.375999927520752,6.406000137329102,0.0,14631330
2023-04-06,5.693380355834961,6.579999923706055,0.0,6.604000091552734,6.489999771118164,6.495999813079834,0.0,12542691
2023-04-11,5.608584880828857,6.48199987411499,0.0,6.685999870300293,6.47599983215332,6.624000072479248,0.0,170543510
2023-04-12,5.708954334259033,6.5980000495910645,0.0,6.677999973297119,6.486000061035156,6.486000061035156,0.0,61418243
2023-04-13,5.734912395477295,6.627999782562256,0.0,6.664000034332275,6.585999965667725,6.5980000495910645,0.0,51063229
2023-04-14,5.888927936553955,6.806000232696533,0.0,6.806000232696533,6.616000175476074,6.650000095367432,0.0,64723921
2023-04-17,5.807594299316406,6.711999893188477,0.0,6.860000133514404,6.679999828338623,6.831999778747559,0.0,18789938
2023-04-18,5.937381744384766,6.861999988555908,0.0,6.927999973297119,6.771999835968018,6.78000020980835,0.0,15652964
2023-04-19,5.985836505889893,6.918000221252441,0.0,6.943999767303467,6.815999984741211,6.8480000495910645,0.0,12202973
2023-04-20,5.89585018157959,6.814000129699707,0.0,7.047999858856201,6.75600004196167,6.989999771118164,0.0,11078945
2023-04-21,5.868161678314209,6.7820000648498535,0.0,6.7820000648498535,6.677999973297119,6.751999855041504,0.0,14922354
2023-04-24,5.89585018157959,6.814000129699707,0.0,6.8379998207092285,6.702000141143799,6.73199987411499,0.0,10985379
2023-04-25,5.7522172927856445,6.6479997634887695,0.0,6.723999977111816,6.613999843597412,6.716000080108643,0.0,9268063
2023-04-26,5.7816362380981445,6.682000160217285,0.0,6.693999767303467,6.484000205993652,6.599999904632568,0.0,11342926
2023-04-27,5.96160888671875,6.889999866485596,0.0,6.895999908447266,6.6579999923706055,6.703999996185303,0.0,12617198
2023-04-28,5.753948211669922,6.650000095367432,0.0,6.949999809265137,6.613999843597412,6.949999809265137,0.0,14450654
2023-05-02,5.54109525680542,6.4039998054504395,0.0,6.697999954223633,6.386000156402588,6.697999954223633,0.0,12236629
2023-05-03,5.442455768585205,6.289999961853027,0.0,6.515999794006348,6.2179999351501465,6.5,0.0,23857409
2023-05-04,5.347277641296387,6.179999828338623,0.0,6.311999797821045,6.113999843597412,6.26800012588501,0.0,11028201
2023-05-05,5.442455768585205,6.289999961853027,0.0,6.297999858856201,6.133999824523926,6.23799991607666,0.0,14528798
2023-05-08,5.527251243591309,6.388000011444092,0.0,6.406000137329102,6.335999965667725,6.340000152587891,0.0,5449964
2023-05-09,5.459760665893555,6.309999942779541,0.0,6.423999786376953,6.265999794006348,6.375999927520752,0.0,6906884
2023-05-10,5.452839374542236,6.302000045776367,0.0,6.421999931335449,6.25600004196167,6.369999885559082,0.0,7762670
2023-05-11,5.657039642333984,6.538000106811523,0.0,6.570000171661377,6.297999858856201,6.300000190734863,0.0,17816571
2023-05-12,5.708954334259033,6.5980000495910645,0.0,6.6519999504089355,6.567999839782715,6.576000213623047,0.0,15091119
2023-05-15,5.470144271850586,6.322000026702881,0.0,6.5279998779296875,6.276000022888184,6.466000080108643,0.0,15645401
2023-05-16,5.451108932495117,6.300000190734863,0.0,6.349999904632568,6.24399995803833,6.315999984741211,0.0,8067282
2023-05-17,5.509946346282959,6.368000030517578,0.0,6.368000030517578,6.25,6.25,0.0,7951562
2023-05-18,5.593010902404785,6.464000225067139,0.0,6.504000186920166,6.406000137329102,6.440000057220459,0.0,8610107
2023-05-19,5.6172380447387695,6.492000102996826,0.0,6.544000148773193,6.466000080108643,6.5,0.0,13636849
2023-05-22,5.627621173858643,6.504000186920166,0.0,6.567999839782715,6.460000038146973,6.460000038146973,0.0,11117836
2023-05-23,5.6172380447387695,6.492000102996826,0.0,6.510000228881836,6.461999893188477,6.510000228881836,0.0,6748187
2023-05-24,5.485719203948975,6.340000152587891,0.0,6.414000034332275,6.296000003814697,6.389999866485596,0.0,17611234
2023-05-25,5.551478385925293,6.415999889373779,0.0,6.461999893188477,6.285999774932861,6.329999923706055,0.0,13066698
2023-05-26,5.606854438781738,6.480000019073486,0.0,6.504000186920166,6.296000003814697,6.409999847412109,0.0,8255268
2023-05-29,5.537634372711182,6.400000095367432,0.0,6.550000190734863,6.360000133514404,6.550000190734863,0.0,5253842
2023-05-30,5.501293659210205,6.357999801635742,0.0,6.492000102996826,6.314000129699707,6.381999969482422,0.0,10616285
2023-05-31,5.29536247253418,6.119999885559082,0.0,6.360000133514404,6.058000087738037,6.300000190734863,0.0,83953672
2023-06-01,5.4130377769470215,6.25600004196167,0.0,6.323999881744385,6.182000160217285,6.216000080108643,0.0,8460690
2023-06-02,5.615507125854492,6.489999771118164,0.0,6.498000144958496,6.288000106811523,6.331999778747559,0.0,12187475
2023-06-05,5.593010902404785,6.464000225067139,0.0,6.570000171661377,6.3979997634887695,6.515999794006348,0.0,21451358
2023-06-06,5.605123996734619,6.478000164031982,0.0,6.486000061035156,6.3979997634887695,6.434000015258789,0.0,8163129
2023-06-07,5.613776683807373,6.48799991607666,0.0,6.510000228881836,6.363999843597412,6.492000102996826,0.0,9036263
2023-06-08,5.698571681976318,6.585999965667725,0.0,6.685999870300293,6.521999835968018,6.539999961853027,0.0,11152421
2023-06-09,5.6328125,6.510000228881836,0.0,6.633999824523926,6.426000118255615,6.593999862670898,0.0,7305539
2023-06-12,5.670883655548096,6.553999900817871,0.0,6.605999946594238,6.498000144958496,6.553999900817871,0.0,7502358
2023-06-13,5.651847839355469,6.5320000648498535,0.0,6.559999942779541,6.4079999923706055,6.553999900817871,0.0,14650742
2023-06-14,5.862970352172852,6.776000022888184,0.0,6.814000129699707,6.539999961853027,6.546000003814697,0.0,17036727
2023-06-15,5.826630115509033,6.734000205993652,0.0,6.796000003814697,6.685999870300293,6.75,0.0,11095504
2023-06-16,5.8750834465026855,6.789999961853027,0.0,6.8379998207092285,6.716000080108643,6.757999897003174,0.0,31481005
2023-06-19,5.88200569152832,6.797999858856201,0.0,6.855999946594238,6.757999897003174,6.771999835968018,0.0,5922262
2023-06-20,5.831821441650391,6.739999771118164,0.0,6.808000087738037,6.714000225067139,6.763999938964844,0.0,5884272
2023-06-21,5.857778549194336,6.769999980926514,0.0,6.857999801635742,6.71999979019165,6.74399995803833,0.0,7124768
2023-06-22,5.8248982429504395,6.73199987411499,0.0,6.73799991607666,6.585999965667725,6.673999786376953,0.0,9186356
2023-06-23,5.755678176879883,6.6519999504089355,0.0,6.710000038146973,6.550000190734863,6.6579999923706055,0.0,11663237
2023-06-26,5.838743209838867,6.748000144958496,0.0,6.754000186920166,6.533999919891357,6.6620001792907715,0.0,9436517
2023-06-27,5.869892120361328,6.783999919891357,0.0,6.811999797821045,6.682000160217285,6.760000228881836,0.0,9756756
2023-06-28,5.9304609298706055,6.854000091552734,0.0,6.860000133514404,6.7820000648498535,6.794000148773193,0.0,8462242
2023-06-29,6.02044677734375,6.958000183105469,0.0,6.9720001220703125,6.857999801635742,6.860000133514404,0.0,12195683
2023-06-30,6.084475994110107,7.0320000648498535,0.0,7.127999782562256,6.960000038146973,6.980000019073486,0.0,18402410
2023-07-03,6.134660720825195,7.090000152587891,0.0,7.164000034332275,7.03000020980835,7.03000020980835,0.0,7880415
2023-07-04,6.0775532722473145,7.02400016784668,0.0,7.136000156402588,7.021999835968018,7.099999904632568,0.0,5438141
2023-07-05,6.02044677734375,6.958000183105469,0.0,7.03000020980835,6.932000160217285,6.989999771118164,0.0,8773124
2023-07-06,5.918346881866455,6.840000152587891,0.0,6.938000202178955,6.794000148773193,6.895999908447266,0.0,9641714
2023-07-07,5.9650702476501465,6.894000053405762,0.0,6.926000118255615,6.791999816894531,6.8480000495910645,0.0,7846775
2023-07-10,5.951226234436035,6.877999782562256,0.0,6.964000225067139,6.843999862670898,6.854000091552734,0.0,5715710
2023-07-11,6.006602764129639,6.941999912261963,0.0,6.96999979019165,6.834000110626221,6.915999889373779,0.0,7168237
2023-07-12,6.148504734039307,7.105999946594238,0.0,7.127999782562256,6.953999996185303,6.953999996185303,0.0,10063480
2023-07-13,6.136390686035156,7.0920000076293945,0.0,7.1539998054504395,7.039999961853027,7.076000213623047,0.0,8373923
2023-07-14,6.126008033752441,7.079999923706055,0.0,7.176000118255615,7.061999797821045,7.090000152587891,0.0,6840764
2023-07-17,6.141582489013672,7.0980000495910645,0.0,7.133999824523926,7.035999774932861,7.078000068664551,0.0,4278948
2023-07-18,6.196959018707275,7.1620001792907715,0.0,7.173999786376953,7.064000129699707,7.145999908447266,0.0,7145089
2023-07-19,6.1467742919921875,7.104000091552734,0.0,7.205999851226807,7.050000190734863,7.179999828338623,0.0,7150889
2023-07-20,6.224647045135498,7.193999767303467,0.0,7.228000164031982,7.118000030517578,7.125999927520752,0.0,7862037
2023-07-21,6.165809631347656,7.125999927520752,0.0,7.190000057220459,7.061999797821045,7.190000057220459,0.0,10145133
2023-07-24,6.15888786315918,7.118000030517578,0.0,7.118000030517578,6.909999847412109,6.9679999351501465,0.0,6611877
2023-07-25,6.169270992279053,7.130000114440918,0.0,7.1620001792907715,7.0879998207092285,7.119999885559082,0.0,4842545
2023-07-26,6.153696060180664,7.111999988555908,0.0,7.144000053405762,7.015999794006348,7.119999885559082,0.0,9332934
2023-07-27,6.247143268585205,7.21999979019165,0.0,7.21999979019165,7.093999862670898,7.150000095367432,0.0,13244340
2023-07-28,6.344051837921143,7.331999778747559,0.0,7.438000202178955,7.1620001792907715,7.25,0.0,21800288
2023-07-31,6.238491058349609,7.210000038146973,0.0,7.386000156402588,7.185999870300293,7.375999927520752,0.0,11518870
2023-08-01,6.056787014007568,7.0,0.0,7.239999771118164,6.96999979019165,7.210000038146973,0.0,11735986
2023-08-02,5.951226234436035,6.877999782562256,0.0,6.964000225067139,6.822000026702881,6.900000095367432,0.0,15647645
2023-08-03,5.946034908294678,6.872000217437744,0.0,6.883999824523926,6.76200008392334,6.829999923706055,0.0,12325789
2023-08-04,5.99102783203125,6.923999786376953,0.0,6.989999771118164,6.863999843597412,6.927999973297119,0.0,12484336
2023-08-07,6.029099464416504,6.9679999351501465,0.0,6.989999771118164,6.855999946594238,6.947999954223633,0.0,6152792
2023-08-08,5.9131550788879395,6.834000110626221,0.0,6.895999908447266,6.690000057220459,6.869999885559082,0.0,13063336
2023-08-09,5.978914260864258,6.909999847412109,0.0,6.984000205993652,6.861999988555908,6.964000225067139,0.0,6609257
2023-08-10,6.200419902801514,7.165999889373779,0.0,7.199999809265137,6.949999809265137,6.964000225067139,0.0,21905247
2023-08-11,6.212533473968506,7.179999828338623,0.0,7.214000225067139,7.133999824523926,7.142000198364258,0.0,10820304
2023-08-14,6.231569290161133,7.202000141143799,0.0,7.302000045776367,7.164000034332275,7.164000034332275,0.0,8069992
2023-08-15,6.153696060180664,7.111999988555908,0.0,7.2220001220703125,7.041999816894531,7.203999996185303,0.0,5892964
2023-08-16,6.134660720825195,7.090000152587891,0.0,7.156000137329102,7.047999858856201,7.064000129699707,0.0,11525714
2023-08-17,6.124277591705322,7.078000068664551,0.0,7.170000076293945,7.033999919891357,7.065999984741211,0.0,7478339
2023-08-18,6.108703136444092,7.059999942779541,0.0,7.072000026702881,6.989999771118164,7.033999919891357,0.0,6683744
2023-08-21,6.1398515701293945,7.0960001945495605,0.0,7.170000076293945,7.061999797821045,7.064000129699707,0.0,5128446
2023-08-22,6.167540550231934,7.127999782562256,0.0,7.208000183105469,7.116000175476074,7.142000198364258,0.0,6788871
2023-08-23,6.124277591705322,7.078000068664551,0.0,7.214000225067139,7.044000148773193,7.142000198364258,0.0,6365871
2023-08-24,6.205611228942871,7.171999931335449,0.0,7.185999870300293,7.070000171661377,7.130000114440918,0.0,11095065
2023-08-25,6.186575412750244,7.150000095367432,0.0,7.23199987411499,7.124000072479248,7.165999889373779,0.0,5393872
2023-08-28,6.2990593910217285,7.28000020980835,0.0,7.291999816894531,7.202000141143799,7.202000141143799,0.0,1305694
2023-08-29,6.359626293182373,7.349999904632568,0.0,7.381999969482422,7.27400016784668,7.311999797821045,0.0,10415306
2023-08-30,6.397697925567627,7.394000053405762,0.0,7.5,7.377999782562256,7.380000114440918,0.0,11952596
2023-08-31,6.286945343017578,7.265999794006348,0.0,7.434000015258789,7.263999938964844,7.414000034332275,0.0,16219782
2023-09-01,6.285214900970459,7.263999938964844,0.0,7.414000034332275,7.263999938964844,7.303999900817871,0.0,10124044
2023-09-04,6.305980682373047,7.288000106811523,0.0,7.357999801635742,7.26200008392334,7.302000045776367,0.0,3654329
2023-09-05,6.191767692565918,7.156000137329102,0.0,7.254000186920166,7.144000053405762,7.223999977111816,0.0,12927896
2023-09-06,6.074092864990234,7.019999980926514,0.0,7.1519999504089355,6.995999813079834,7.1479997634887695,0.0,15099915
2023-09-07,6.0083327293396,6.943999767303467,0.0,7.067999839782715,6.941999912261963,7.0,0.0,9168559
2023-09-08,6.030829906463623,6.96999979019165,0.0,7.0,6.826000213623047,7.0,0.0,8841775
2023-09-11,6.1173553466796875,7.070000171661377,0.0,7.119999885559082,7.01200008392334,7.0279998779296875,0.0,7851523
2023-09-12,6.136390686035156,7.0920000076293945,0.0,7.119999885559082,7.050000190734863,7.078000068664551,0.0,9627032
2023-09-13,6.15888786315918,7.118000030517578,0.0,7.1579999923706055,7.056000232696533,7.0920000076293945,0.0,6346004
2023-09-14,6.267909526824951,7.24399995803833,0.0,7.260000228881836,7.061999797821045,7.099999904632568,0.0,19015732
2023-09-15,6.238491058349609,7.210000038146973,0.0,7.317999839782715,7.176000118255615,7.28000020980835,0.0,22765195
2023-09-18,6.191767692565918,7.156000137329102,0.0,7.24399995803833,7.105999946594238,7.208000183105469,0.0,7861595
2023-09-19,6.32847785949707,7.314000129699707,0.0,7.314000129699707,7.084000110626221,7.133999824523926,0.0,9903937
2023-09-20,6.48422384262085,7.49399995803833,0.0,7.507999897003174,7.300000190734863,7.329999923706055,0.0,17889246
2023-09-21,6.4824934005737305,7.492000102996826,0.0,7.504000186920166,7.375999927520752,7.409999847412109,0.0,10726271
2023-09-22,6.459996700286865,7.466000080108643,0.0,7.52400016784668,7.434000015258789,7.4679999351501465,0.0,24339333
2023-09-25,6.3942365646362305,7.389999866485596,0.0,7.547999858856201,7.349999904632568,7.449999809265137,0.0,6971179
2023-09-26,6.376931667327881,7.369999885559082,0.0,7.429999828338623,7.303999900817871,7.380000114440918,0.0,9135884
2023-09-27,6.442690849304199,7.446000099182129,0.0,7.46999979019165,7.329999923706055,7.354000091552734,0.0,9511093
2023-09-28,6.652083396911621,7.688000202178955,0.0,7.688000202178955,7.461999893188477,7.47599983215332,0.0,17714007
2023-09-29,6.67111873626709,7.710000038146973,0.0,7.75600004196167,7.636000156402588,7.677999973297119,0.0,19296251
2023-10-02,6.655543804168701,7.691999912261963,0.0,7.822000026702881,7.665999889373779,7.71999979019165,0.0,79605334
2023-10-03,6.690154075622559,7.73199987411499,0.0,7.881999969482422,7.618000030517578,7.636000156402588,0.0,81702271
2023-10-04,6.598437309265137,7.625999927520752,0.0,7.760000228881836,7.565999984741211,7.710000038146973,0.0,38065295
2023-10-05,6.612281322479248,7.642000198364258,0.0,7.745999813079834,7.576000213623047,7.685999870300293,0.0,12884419
2023-10-06,6.64169979095459,7.676000118255615,0.0,7.7179999351501465,7.584000110626221,7.691999912261963,0.0,15797816
2023-10-09,6.558634281158447,7.421999931335449,0.16,7.550000190734863,7.395999908447266,7.484000205993652,0.0,10581330
2023-10-10,6.760112285614014,7.650000095367432,0.0,7.708000183105469,7.492000102996826,7.492000102996826,0.0,12843005
2023-10-11,6.8767571449279785,7.7820000648498535,0.0,7.791999816894531,7.579999923706055,7.604000091552734,0.0,37239036
2023-10-12,6.890896320343018,7.797999858856201,0.0,7.8460001945495605,7.748000144958496,7.791999816894531,0.0,14344572
2023-10-13,6.788390159606934,7.682000160217285,0.0,7.808000087738037,7.650000095367432,7.78000020980835,0.0,12665493
2023-10-16,6.804296016693115,7.699999809265137,0.0,7.75600004196167,7.630000114440918,7.730000019073486,0.0,10279317
2023-10-17,6.843177795410156,7.74399995803833,0.0,7.757999897003174,7.6539998054504395,7.697999954223633,0.0,24423209
2023-10-18,6.793692111968994,7.688000202178955,0.0,7.797999858856201,7.668000221252441,7.765999794006348,0.0,14541712
2023-10-19,6.7371368408203125,7.624000072479248,0.0,7.679999828338623,7.565999984741211,7.665999889373779,0.0,15059932
2023-10-20,6.662908554077148,7.539999961853027,0.0,7.618000030517578,7.519999980926514,7.590000152587891,0.0,14938480
2023-10-23,6.647002220153809,7.521999835968018,0.0,7.544000148773193,7.429999828338623,7.521999835968018,0.0,9429359
2023-10-24,6.5321245193481445,7.392000198364258,0.0,7.5279998779296875,7.360000133514404,7.521999835968018,0.0,19719702
2023-10-25,6.565703868865967,7.429999828338623,0.0,7.46999979019165,7.322000026702881,7.369999885559082,0.0,16909629
2023-10-26,6.5939812660217285,7.461999893188477,0.0,7.473999977111816,7.306000232696533,7.377999782562256,0.0,15551700
2023-10-27,6.576307773590088,7.441999912261963,0.0,7.624000072479248,7.414000034332275,7.515999794006348,0.0,11428201
2023-10-30,6.631095886230469,7.504000186920166,0.0,7.535999774932861,7.406000137329102,7.466000080108643,0.0,11384617
2023-10-31,6.558634281158447,7.421999931335449,0.0,7.515999794006348,7.050000190734863,7.093999862670898,0.0,18349423
2023-11-01,6.707091808319092,7.590000152587891,0.0,7.6479997634887695,7.426000118255615,7.478000164031982,0.0,11478186
2023-11-02,6.747741222381592,7.636000156402588,0.0,7.665999889373779,7.550000190734863,7.622000217437744,0.0,11454498
2023-11-03,6.834341526031494,7.734000205993652,0.0,7.745999813079834,7.624000072479248,7.684000015258789,0.0,13747545
2023-11-06,6.820201873779297,7.7179999351501465,0.0,7.765999794006348,7.6519999504089355,7.708000183105469,0.0,10685482
2023-11-07,6.825504302978516,7.723999977111816,0.0,7.785999774932861,7.659999847412109,7.688000202178955,0.0,8733330
2023-11-08,6.92094087600708,7.831999778747559,0.0,7.861999988555908,7.6620001792907715,7.665999889373779,0.0,17550499
2023-11-09,7.0446553230285645,7.9720001220703125,0.0,7.978000164031982,7.814000129699707,7.840000152587891,0.0,13497102
2023-11-10,6.98103141784668,7.900000095367432,0.0,7.989999771118164,7.900000095367432,7.900000095367432,0.0,10272079
2023-11-13,7.072933197021484,8.003999710083008,0.0,8.02400016784668,7.8979997634887695,7.8979997634887695,0.0,12742353
2023-11-14,7.262040615081787,8.218000411987305,0.0,8.239999771118164,7.995999813079834,8.0,0.0,18856496
2023-11-15,7.2655744552612305,8.222000122070312,0.0,8.300000190734863,8.17199993133545,8.199999809265137,0.0,11848007
2023-11-16,7.217855930328369,8.168000221252441,0.0,8.260000228881836,8.166000366210938,8.222000122070312,0.0,10857034
2023-11-17,7.320362567901611,8.284000396728516,0.0,8.302000045776367,8.192000389099121,8.199999809265137,0.0,24591636
2023-11-20,7.322129726409912,8.28600025177002,0.0,8.331999778747559,8.270000457763672,8.279999732971191,0.0,12598889
2023-11-21,7.330965518951416,8.295999526977539,0.0,8.336000442504883,8.229999542236328,8.260000228881836,0.0,10608500
2023-11-22,7.398125648498535,8.371999740600586,0.0,8.38599967956543,8.29800033569336,8.300000190734863,0.0,11327942
2023-11-23,7.461750030517578,8.444000244140625,0.0,8.489999771118164,8.324000358581543,8.329999923706055,0.0,11424365
2023-11-24,7.414031505584717,8.390000343322754,0.0,8.513999938964844,8.390000343322754,8.4399995803833,0.0,11540843
2023-11-27,7.422868251800537,8.399999618530273,0.0,8.425999641418457,8.368000030517578,8.387999534606934,0.0,11357967
2023-11-28,7.58723258972168,8.586000442504883,0.0,8.586000442504883,8.387999534606934,8.404000282287598,0.0,12851618
2023-11-29,7.684435844421387,8.696000099182129,0.0,8.708000183105469,8.57800006866455,8.579999923706055,0.0,11677427
2023-11-30,7.516537666320801,8.505999565124512,0.0,8.72599983215332,8.479999542236328,8.704000473022461,0.0,22894079
2023-12-01,7.560722351074219,8.555999755859375,0.0,8.609999656677246,8.534000396728516,8.571999549865723,0.0,8048948
2023-12-04,7.652624130249023,8.65999984741211,0.0,8.687999725341797,8.553999900817871,8.618000030517578,0.0,6390576
2023-12-05,7.624346733093262,8.628000259399414,0.0,8.718000411987305,8.576000213623047,8.656000137329102,0.0,8085917
2023-12-06,7.606673240661621,8.607999801635742,0.0,8.680000305175781,8.593999862670898,8.65999984741211,0.0,7144553
2023-12-07,7.474122047424316,8.458000183105469,0.0,8.631999969482422,8.355999946594238,8.579999923706055,0.0,10036983
2023-12-08,7.516537666320801,8.505999565124512,0.0,8.52400016784668,8.406000137329102,8.47599983215332,0.0,7540619
2023-12-11,7.504166126251221,8.491999626159668,0.0,8.550000190734863,8.47599983215332,8.510000228881836,0.0,13259905
2023-12-12,7.440541744232178,8.420000076293945,0.0,8.517999649047852,8.383999824523926,8.5,0.0,9197199
2023-12-13,7.4458441734313965,8.425999641418457,0.0,8.460000038146973,8.324000358581543,8.402000427246094,0.0,15789056
2023-12-14,7.398125648498535,8.371999740600586,0.0,8.508000373840332,8.293999671936035,8.489999771118164,0.0,14778259
2023-12-15,7.320362567901611,8.284000396728516,0.0,8.418000221252441,8.232000350952148,8.394000053405762,0.0,30142739
2023-12-18,7.290317058563232,8.25,0.0,8.307999610900879,8.227999687194824,8.265999794006348,0.0,11061121
2023-12-19,7.30092191696167,8.26200008392334,0.0,8.288000106811523,8.170000076293945,8.22599983215332,0.0,8938893
2023-12-20,7.21962308883667,8.170000076293945,0.0,8.289999961853027,8.128000259399414,8.289999961853027,0.0,12584968
2023-12-21,7.274411201477051,8.232000350952148,0.0,8.241999626159668,8.157999992370605,8.168000221252441,0.0,4612825
2023-12-22,7.279713153839111,8.23799991607666,0.0,8.277999877929688,8.185999870300293,8.234000205993652,0.0,5924362
2023-12-27,7.283246994018555,8.241999626159668,0.0,8.284000396728516,8.20199966430664,8.25,0.0,5985913
2023-12-28,7.2390642166137695,8.192000389099121,0.0,8.258000373840332,8.161999702453613,8.248000144958496,0.0,4264480
2023-12-29,7.26910924911499,8.22599983215332,0.0,8.265999794006348,8.182000160217285,8.194000244140625,0.0,4492141
2024-01-02,7.4458441734313965,8.425999641418457,0.0,8.482000350952148,8.272000312805176,8.279999732971191,0.0,12884145
2024-01-03,7.352173805236816,8.319999694824219,0.0,8.5,8.300000190734863,8.460000038146973,0.0,7949923
2024-01-04,7.475889205932617,8.460000038146973,0.0,8.472000122070312,8.336000442504883,8.347999572753906,0.0,6040776
2024-01-05,7.5236077308654785,8.513999938964844,0.0,8.553999900817871,8.369999885559082,8.4399995803833,0.0,7361240
2024-01-08,7.601370811462402,8.60200023651123,0.0,8.628000259399414,8.446000099182129,8.5,0.0,6901166
2024-01-09,7.435239315032959,8.413999557495117,0.0,8.529999732971191,8.315999984741211,8.527999877929688,0.0,11057043
2024-01-10,7.4246368408203125,8.402000427246094,0.0,8.435999870300293,8.347999572753906,8.404000282287598,0.0,7736169
2024-01-11,7.316827774047852,8.279999732971191,0.0,8.505999565124512,8.279999732971191,8.454000473022461,0.0,7166372
2024-01-12,7.323896408081055,8.288000106811523,0.0,8.38599967956543,8.267999649047852,8.314000129699707,0.0,5656200
2024-01-15,7.292084217071533,8.251999855041504,0.0,8.305999755859375,8.215999603271484,8.270000457763672,0.0,4904142
2024-01-16,7.194880485534668,8.142000198364258,0.0,8.20199966430664,8.086000442504883,8.199999809265137,0.0,9543646
2024-01-17,7.152464389801025,8.093999862670898,0.0,8.112000465393066,7.99399995803833,8.050000190734863,0.0,9189726
2024-01-18,7.143626689910889,8.083999633789062,0.0,8.156000137329102,8.038000106811523,8.100000381469727,0.0,12720401
2024-01-19,7.065863609313965,7.995999813079834,0.0,8.140000343322754,7.973999977111816,8.140000343322754,0.0,8020369
2024-01-22,7.221390724182129,8.17199993133545,0.0,8.17199993133545,8.045999526977539,8.093999862670898,0.0,8136043
2024-01-23,7.187810897827148,8.133999824523926,0.0,8.197999954223633,8.064000129699707,8.184000015258789,0.0,7526002
2024-01-24,7.26910924911499,8.22599983215332,0.0,8.22599983215332,8.105999946594238,8.142000198364258,0.0,5783214
2024-01-25,7.148929595947266,8.09000015258789,0.0,8.187999725341797,8.010000228881836,8.185999870300293,0.0,7480872
2024-01-26,7.150696277618408,8.092000007629395,0.0,8.128000259399414,8.052000045776367,8.112000465393066,0.0,7031754
2024-01-29,7.170137405395508,8.11400032043457,0.0,8.154000282287598,7.998000144958496,8.105999946594238,0.0,7393341
2024-01-30,7.611975193023682,8.61400032043457,0.0,8.63599967956543,8.086000442504883,8.182000160217285,0.0,17780218
2024-01-31,7.666762351989746,8.675999641418457,0.0,8.739999771118164,8.607999801635742,8.670000076293945,0.0,16618609
2024-02-01,7.664995193481445,8.673999786376953,0.0,8.845999717712402,8.621999740600586,8.649999618530273,0.0,11350614
2024-02-02,7.919493675231934,8.961999893188477,0.0,8.98799991607666,8.71399974822998,8.784000396728516,0.0,13327203
2024-02-05,7.894750595092773,8.934000015258789,0.0,9.029999732971191,8.904000282287598,8.989999771118164,0.0,13757162
2024-02-06,8.044975280761719,9.104000091552734,0.0,9.157999992370605,8.979999542236328,8.989999771118164,0.0,13947145
2024-02-07,7.940701961517334,8.986000061035156,0.0,9.045999526977539,8.847999572753906,9.039999961853027,0.0,12626042
2024-02-08,8.055580139160156,9.116000175476074,0.0,9.154000282287598,9.017999649047852,9.050000190734863,0.0,10116776
2024-02-09,8.087392807006836,9.152000427246094,0.0,9.161999702453613,9.074000358581543,9.097999572753906,0.0,13668999
2024-02-12,8.173992156982422,9.25,0.0,9.253999710083008,9.156000137329102,9.170000076293945,0.0,18353632
2024-02-13,8.19520092010498,9.27400016784668,0.0,9.305999755859375,9.20199966430664,9.289999961853027,0.0,9047596
2024-02-14,8.117437362670898,9.185999870300293,0.0,9.359999656677246,9.180000305175781,9.27400016784668,0.0,10461236
2024-02-15,7.99018669128418,9.041999816894531,0.0,9.20199966430664,8.960000038146973,9.20199966430664,0.0,11297888
2024-02-16,7.967211723327637,9.015999794006348,0.0,9.121999740600586,8.954000473022461,9.100000381469727,0.0,11176991
2024-02-19,7.976048469543457,9.026000022888184,0.0,9.062000274658203,8.947999954223633,9.0,0.0,5992363
2024-02-20,8.0396728515625,9.097999572753906,0.0,9.109999656677246,8.954000473022461,9.020000457763672,0.0,7389607
2024-02-21,8.212873458862305,9.293999671936035,0.0,9.295999526977539,9.109999656677246,9.130000114440918,0.0,10037380
2024-02-22,8.246454238891602,9.331999778747559,0.0,9.406000137329102,9.27400016784668,9.324000358581543,0.0,8880989
2024-02-23,8.333053588867188,9.430000305175781,0.0,9.430000305175781,9.312000274658203,9.343999862670898,0.0,8376997
2024-02-26,8.356029510498047,9.456000328063965,0.0,9.489999771118164,9.407999992370605,9.40999984741211,0.0,5680949
2024-02-27,8.28003215789795,9.369999885559082,0.0,9.517999649047852,9.319999694824219,9.432000160217285,0.0,10890940
2024-02-28,8.235849380493164,9.319999694824219,0.0,9.442000389099121,9.253999710083008,9.342000007629395,0.0,9858549
2024-02-29,8.117437362670898,9.185999870300293,0.0,9.347999572753906,9.145999908447266,9.293999671936035,0.0,30979546
2024-03-01,8.272964477539062,9.362000465393066,0.0,9.42199993133545,9.173999786376953,9.197999954223633,0.0,8378798
2024-03-04,8.318914413452148,9.413999557495117,0.0,9.454000473022461,9.350000381469727,9.357999801635742,0.0,7263255
2024-03-05,8.384305953979492,9.48799991607666,0.0,9.498000144958496,9.394000053405762,9.416000366210938,0.0,7959209
2024-03-06,8.538065910339355,9.661999702453613,0.0,9.720000267028809,9.465999603271484,9.470000267028809,0.0,12860453
2024-03-07,8.70242977142334,9.847999572753906,0.0,9.868000030517578,9.637999534606934,9.637999534606934,0.0,17127158
2024-03-08,8.746613502502441,9.89799976348877,0.0,10.039999961853027,9.862000465393066,9.871999740600586,0.0,11939752
2024-03-11,8.780193328857422,9.935999870300293,0.0,9.973999977111816,9.829999923706055,9.859999656677246,0.0,11517140
2024-03-12,9.009064674377441,10.194999694824219,0.0,10.220000267028809,9.95199966430664,9.95199966430664,0.0,14800925
2024-03-13,9.07534122467041,10.270000457763672,0.0,10.354999542236328,10.170000076293945,10.175000190734863,0.0,14889385
2024-03-14,9.004645347595215,10.1899995803833,0.0,10.319999694824219,10.175000190734863,10.274999618530273,0.0,11590222
2024-03-15,9.203473091125488,10.414999961853027,0.0,10.515000343322754,10.164999961853027,10.180000305175781,0.0,47546237
2024-03-18,9.176962852478027,10.385000228881836,0.0,10.550000190734863,10.385000228881836,10.420000076293945,0.0,12848444
2024-03-19,9.283003807067871,10.505000114440918,0.0,10.53499984741211,10.385000228881836,10.385000228881836,0.0,10826867
2024-03-20,9.300677299499512,10.524999618530273,0.0,10.53499984741211,10.420000076293945,10.515000343322754,0.0,9734365
2024-03-21,9.54368782043457,10.800000190734863,0.0,10.869999885559082,10.619999885559082,10.619999885559082,0.0,14129689
2024-03-22,9.632054328918457,10.899999618530273,0.0,10.944999694824219,10.779999732971191,10.800000190734863,0.0,11765602
2024-03-25,9.592289924621582,10.854999542236328,0.0,10.989999771118164,10.8100004196167,10.8100004196167,0.0,8338177
2024-03-26,9.579035758972168,10.84000015258789,0.0,10.875,10.739999771118164,10.835000038146973,0.0,10372422
2024-03-27,9.636474609375,10.904999732971191,0.0,10.979999542236328,10.8100004196167,10.819999694824219,0.0,13875774
2024-03-28,9.755770683288574,11.039999961853027,0.0,11.140000343322754,10.885000228881836,10.904999732971191,0.0,15040664
2024-04-02,9.693912506103516,10.970000267028809,0.0,11.09000015258789,10.90999984741211,11.050000190734863,0.0,9892784
2024-04-03,9.764607429504395,11.050000190734863,0.0,11.130000114440918,11.010000228881836,11.015000343322754,0.0,47022984
2024-04-04,9.92808723449707,11.234999656677246,0.0,11.274999618530273,11.085000038146973,11.100000381469727,0.0,38040077
2024-04-05,9.724842071533203,11.005000114440918,0.0,11.140000343322754,10.904999732971191,11.135000228881836,0.0,80381394
2024-04-08,9.756905555725098,10.649999618530273,0.39,10.720000267028809,10.569999694824219,10.619999885559082,0.0,10501586
2024-04-09,9.60116195678711,10.479999542236328,0.0,10.670000076293945,10.479999542236328,10.649999618530273,0.0,9199477
2024-04-10,9.550774574279785,10.425000190734863,0.0,10.494999885559082,10.260000228881836,10.479999542236328,0.0,11371088
2024-04-11,9.271350860595703,10.119999885559082,0.0,10.395000457763672,9.986000061035156,10.300000190734863,0.0,14907351
2024-04-12,9.207221031188965,10.050000190734863,0.0,10.135000228881836,9.923999786376953,10.055000305175781,0.0,12236624
2024-04-15,9.317158699035645,10.170000076293945,0.0,10.25,9.90999984741211,9.9399995803833,0.0,10931585
2024-04-16,9.12660026550293,9.961999893188477,0.0,10.119999885559082,9.906000137329102,10.03499984741211,0.0,25637589
2024-04-17,9.36296558380127,10.220000267028809,0.0,10.295000076293945,9.960000038146973,9.965999603271484,0.0,8579535
2024-04-18,9.54619312286377,10.420000076293945,0.0,10.420000076293945,10.270000457763672,10.289999961853027,0.0,9899130
2024-04-19,9.349223136901855,10.204999923706055,0.0,10.270000457763672,10.135000228881836,10.164999961853027,0.0,50973015
2024-04-22,9.555355072021484,10.430000305175781,0.0,10.4350004196167,10.194999694824219,10.295000076293945,0.0,6364161
2024-04-23,9.766068458557129,10.65999984741211,0.0,10.65999984741211,10.460000038146973,10.479999542236328,0.0,10338467
2024-04-24,9.665292739868164,10.550000190734863,0.0,10.710000038146973,10.460000038146973,10.680000305175781,0.0,6263101
2024-04-25,9.624066352844238,10.505000114440918,0.0,10.670000076293945,10.404999732971191,10.585000038146973,0.0,9156861
2024-04-26,10.063813209533691,10.984999656677246,0.0,11.0,10.529999732971191,10.545000076293945,0.0,13868323
2024-04-29,9.985940933227539,10.899999618530273,0.0,11.25,10.630000114440918,11.0,0.0,17902046
2024-04-30,9.321739196777344,10.175000190734863,0.0,10.975000381469727,10.0600004196167,10.920000076293945,0.0,29250104
2024-05-02,8.963528633117676,9.784000396728516,0.0,10.079999923706055,9.770000457763672,10.0,0.0,27702493
2024-05-03,9.023993492126465,9.850000381469727,0.0,9.96399974822998,9.727999687194824,9.880000114440918,0.0,16793025
2024-05-06,9.01483154296875,9.84000015258789,0.0,9.890000343322754,9.727999687194824,9.855999946594238,0.0,11604186
2024-05-07,9.34006118774414,10.194999694824219,0.0,10.194999694824219,9.90999984741211,10.0,0.0,17398582
2024-05-08,9.427095413208008,10.289999961853027,0.0,10.425000190734863,10.225000381469727,10.395000457763672,0.0,12926731
2024-05-09,8.794958114624023,9.600000381469727,0.0,9.847999572753906,9.600000381469727,9.847999572753906,0.0,25561390
2024-05-10,8.895732879638672,9.710000038146973,0.0,9.817999839782715,9.619999885559082,9.637999534606934,0.0,12164163
2024-05-13,8.90855884552002,9.723999977111816,0.0,9.746000289916992,9.649999618530273,9.723999977111816,0.0,7228969
2024-05-14,9.06980037689209,9.899999618530273,0.0,9.932000160217285,9.680000305175781,9.697999954223633,0.0,40638532
2024-05-15,9.34464168548584,10.199999809265137,0.0,10.234999656677246,9.880000114440918,9.9399995803833,0.0,12532494
2024-05-16,9.137594223022461,9.973999977111816,0.0,10.234999656677246,9.961999893188477,10.199999809265137,0.0,9468774
2024-05-17,9.179737091064453,10.020000457763672,0.0,10.0600004196167,9.880000114440918,9.899999618530273,0.0,12116828
2024-05-20,9.099116325378418,9.932000160217285,0.0,10.024999618530273,9.911999702453613,9.973999977111816,0.0,7297753
2024-05-21,9.148588180541992,9.986000061035156,0.0,10.020000457763672,9.894000053405762,9.913999557495117,0.0,7017225
2024-05-22,9.170576095581055,10.010000228881836,0.0,10.085000038146973,9.986000061035156,10.005000114440918,0.0,6843296
2024-05-23,9.193479537963867,10.03499984741211,0.0,10.15999984741211,9.994000434875488,10.024999618530273,0.0,6111759
2024-05-24,9.128433227539062,9.96399974822998,0.0,10.0,9.906000137329102,9.949999809265137,0.0,6651940
2024-05-27,9.143091201782227,9.979999542236328,0.0,10.050000190734863,9.9399995803833,9.984000205993652,0.0,35081466
2024-05-28,9.102781295776367,9.935999870300293,0.0,10.050000190734863,9.859999656677246,9.970000267028809,0.0,6455993
2024-05-29,8.947037696838379,9.765999794006348,0.0,9.949999809265137,9.739999771118164,9.920000076293945,0.0,11443713
2024-05-30,9.133930206298828,9.970000267028809,0.0,9.986000061035156,9.739999771118164,9.739999771118164,0.0,17190278
2024-05-31,9.1064453125,9.9399995803833,0.0,9.998000144958496,9.904000282287598,9.970000267028809,0.0,35356618
2024-06-03,8.948869705200195,9.767999649047852,0.0,10.109999656677246,9.75,10.010000228881836,0.0,10841714
2024-06-04,8.663033485412598,9.456000328063965,0.0,9.763999938964844,9.289999961853027,9.753999710083008,0.0,20687885
2024-06-05,8.749150276184082,9.550000190734863,0.0,9.5600004196167,9.416000366210938,9.503999710083008,0.0,7922004
2024-06-06,8.976353645324707,9.79800033569336,0.0,9.79800033569336,9.501999855041504,9.571999549865723,0.0,10443753
2024-06-07,9.064303398132324,9.894000053405762,0.0,9.934000015258789,9.699999809265137,9.729999542236328,0.0,10300292
2024-06-10,8.941540718078613,9.760000228881836,0.0,9.887999534606934,9.723999977111816,9.887999534606934,0.0,9060413
2024-06-11,8.783964157104492,9.588000297546387,0.0,9.802000045776367,9.527999877929688,9.802000045776367,0.0,8231827
2024-06-12,8.560425758361816,9.343999862670898,0.0,9.5600004196167,9.307999610900879,9.510000228881836,0.0,13218549
2024-06-13,8.351546287536621,9.116000175476074,0.0,9.35200023651123,9.076000213623047,9.288000106811523,0.0,21317753
2024-06-14,8.263595581054688,9.020000457763672,0.0,9.100000381469727,8.789999961853027,9.050000190734863,0.0,21518269
2024-06-17,8.313067436218262,9.074000358581543,0.0,9.173999786376953,8.958000183105469,9.09000015258789,0.0,7285762
2024-06-18,8.44865608215332,9.222000122070312,0.0,9.236000061035156,9.093999862670898,9.199999809265137,0.0,11851373
2024-06-19,8.474308013916016,9.25,0.0,9.331999778747559,9.175999641418457,9.222000122070312,0.0,8724793
2024-06-20,8.565922737121582,9.350000381469727,0.0,9.350000381469727,9.222000122070312,9.284000396728516,0.0,7560976
2024-06-21,8.419339179992676,9.1899995803833,0.0,9.378000259399414,9.067999839782715,9.378000259399414,0.0,33156341
2024-06-24,8.604400634765625,9.392000198364258,0.0,9.420000076293945,9.178000450134277,9.180000305175781,0.0,7030487
2024-06-25,8.501791954040527,9.279999732971191,0.0,9.479999542236328,9.223999977111816,9.447999954223633,0.0,7378842
2024-06-26,8.42850112915039,9.199999809265137,0.0,9.359999656677246,9.107999801635742,9.289999961853027,0.0,13124586
2024-06-27,8.4651460647583,9.239999771118164,0.0,9.284000396728516,9.149999618530273,9.215999603271484,0.0,6070021
2024-06-28,8.567754745483398,9.35200023651123,0.0,9.36400032043457,9.220000267028809,9.319999694824219,0.0,8217894
2024-07-01,8.703344345092773,9.5,0.0,9.62399959564209,9.434000015258789,9.527999877929688,0.0,7020253
2024-07-02,8.611729621887207,9.399999618530273,0.0,9.45199966430664,9.265999794006348,9.449999809265137,0.0,7013100
2024-07-03,8.789460182189941,9.593999862670898,0.0,9.609999656677246,9.420000076293945,9.47599983215332,0.0,6969109
2024-07-04,8.800455093383789,9.605999946594238,0.0,9.682000160217285,9.571999549865723,9.645999908447266,0.0,4806696
2024-07-05,8.807784080505371,9.61400032043457,0.0,9.673999786376953,9.491999626159668,9.645999908447266,0.0,6296433
2024-07-08,8.771138191223145,9.574000358581543,0.0,9.715999603271484,9.550000190734863,9.59000015258789,0.0,8282809
2024-07-09,8.703344345092773,9.5,0.0,9.550000190734863,9.407999992370605,9.550000190734863,0.0,6431720
2024-07-10,8.851758003234863,9.661999702453613,0.0,9.661999702453613,9.458000183105469,9.520000457763672,0.0,6502592
2024-07-11,8.895732879638672,9.710000038146973,0.0,9.739999771118164,9.621999740600586,9.710000038146973,0.0,4728042
2024-07-12,8.965359687805176,9.78600025177002,0.0,9.805999755859375,9.704000473022461,9.708000183105469,0.0,5606168
2024-07-15,8.991011619567871,9.814000129699707,0.0,9.850000381469727,9.684000015258789,9.751999855041504,0.0,4608500
2024-07-16,8.86824893951416,9.680000305175781,0.0,9.779999732971191,9.619999885559082,9.779999732971191,0.0,5588386
2024-07-17,8.994675636291504,9.817999839782715,0.0,9.85200023651123,9.654000282287598,9.704000473022461,0.0,6692990
2024-07-18,9.113775253295898,9.947999954223633,0.0,10.005000114440918,9.829999923706055,9.894000053405762,0.0,7215848
2024-07-19,9.051477432250977,9.880000114440918,0.0,9.932000160217285,9.824000358581543,9.894000053405762,0.0,11083732
2024-07-22,9.239285469055176,10.085000038146973,0.0,10.09000015258789,9.902000427246094,9.9399995803833,0.0,7414409
2024-07-23,9.34006118774414,10.194999694824219,0.0,10.239999771118164,10.020000457763672,10.100000381469727,0.0,9156009
2024-07-24,9.253028869628906,10.100000381469727,0.0,10.220000267028809,10.03499984741211,10.21500015258789,0.0,7516054
2024-07-25,9.184316635131836,10.024999618530273,0.0,10.039999961853027,9.817999839782715,10.0,0.0,6269505
2024-07-26,9.193479537963867,10.03499984741211,0.0,10.045000076293945,9.928000450134277,9.989999771118164,0.0,7262476
2024-07-29,9.188899040222168,10.029999732971191,0.0,10.175000190734863,9.954000473022461,10.100000381469727,0.0,5079093
2024-07-30,9.321739196777344,10.175000190734863,0.0,10.225000381469727,10.005000114440918,10.015000343322754,0.0,6282615
2024-07-31,8.890235900878906,9.704000473022461,0.0,10.050000190734863,9.668000221252441,9.958000183105469,0.0,20946352
2024-08-01,8.437663078308105,9.210000038146973,0.0,9.642000198364258,9.168000221252441,9.51200008392334,0.0,14642184
2024-08-02,8.129838943481445,8.87399959564209,0.0,9.218000411987305,8.843999862670898,9.121999740600586,0.0,16628299
2024-08-05,7.964934349060059,8.694000244140625,0.0,8.751999855041504,8.46399974822998,8.553999900817871,0.0,14943325
2024-08-06,7.897139072418213,8.619999885559082,0.0,8.826000213623047,8.517999649047852,8.802000045776367,0.0,10728486
2024-08-07,8.117012977600098,8.859999656677246,0.0,8.949999809265137,8.670000076293945,8.748000144958496,0.0,10795746
2024-08-08,8.076703071594238,8.815999984741211,0.0,8.88599967956543,8.64799976348877,8.784000396728516,0.0,5662344
2024-08-09,8.151825904846191,8.89799976348877,0.0,9.003999710083008,8.819999694824219,8.899999618530273,0.0,5000347
2024-08-12,8.17564582824707,8.923999786376953,0.0,8.982000350952148,8.847999572753906,8.937999725341797,0.0,4596758
2024-08-13,8.217788696289062,8.970000267028809,0.0,8.986000061035156,8.880000114440918,8.970000267028809,0.0,3917699
2024-08-14,8.206794738769531,8.958000183105469,0.0,9.015999794006348,8.92199993133545,9.003999710083008,0.0,2907062
2024-08-15,8.41201114654541,9.182000160217285,0.0,9.192000389099121,8.930000305175781,9.0,0.0,5821920
2024-08-16,8.457818031311035,9.232000350952148,0.0,9.253999710083008,9.154000282287598,9.163999557495117,0.0,4140209
2024-08-19,8.611729621887207,9.399999618530273,0.0,9.456000328063965,9.253999710083008,9.255999565124512,0.0,5220992
2024-08-20,8.553096771240234,9.336000442504883,0.0,9.447999954223633,9.284000396728516,9.430000305175781,0.0,4488541
2024-08-21,8.57508373260498,9.359999656677246,0.0,9.442000389099121,9.270000457763672,9.295999526977539,0.0,3564398
2024-08-22,8.564088821411133,9.347999572753906,0.0,9.420000076293945,9.305999755859375,9.336000442504883,0.0,5536564
2024-08-23,8.6483736038208,9.4399995803833,0.0,9.468000411987305,9.355999946594238,9.392000198364258,0.0,5292549
2024-08-26,8.626388549804688,9.416000366210938,0.0,9.470000267028809,9.355999946594238,9.434000015258789,0.0,3335440
2024-08-27,8.672194480895996,9.465999603271484,0.0,9.498000144958496,9.395999908447266,9.411999702453613,0.0,7978715
2024-08-28,8.674027442932129,9.468000411987305,0.0,9.503999710083008,9.317999839782715,9.496000289916992,0.0,9722802
2024-08-29,8.714337348937988,9.51200008392334,0.0,9.552000045776367,9.45199966430664,9.468000411987305,0.0,4197306
2024-08-30,8.785797119140625,9.59000015258789,0.0,9.592000007629395,9.520000457763672,9.520000457763672,0.0,10433959
2024-09-02,8.750983238220215,9.552000045776367,0.0,9.654000282287598,9.5,9.600000381469727,0.0,4465178
2024-09-03,8.498128890991211,9.276000022888184,0.0,9.571999549865723,9.267999649047852,9.531999588012695,0.0,7802718
2024-09-04,8.287415504455566,9.045999526977539,0.0,9.15999984741211,9.001999855041504,9.086000442504883,0.0,8150116
2024-09-05,8.34238338470459,9.105999946594238,0.0,9.234000205993652,8.95199966430664,9.0,0.0,5211506
2024-09-06,8.164651870727539,8.911999702453613,0.0,9.149999618530273,8.911999702453613,9.027999877929688,0.0,7819217
2024-09-09,8.276421546936035,9.034000396728516,0.0,9.100000381469727,8.961999893188477,8.961999893188477,0.0,4984626
2024-09-10,8.173813819885254,8.92199993133545,0.0,9.133999824523926,8.902000427246094,9.015999794006348,0.0,7230866
2024-09-11,8.148162841796875,8.894000053405762,0.0,9.04800033569336,8.795999526977539,8.956000328063965,0.0,6120075
2024-09-12,8.307570457458496,9.067999839782715,0.0,9.116000175476074,8.956000328063965,9.005999565124512,0.0,10928444
2024-09-13,8.476140975952148,9.251999855041504,0.0,9.253999710083008,9.020000457763672,9.057999610900879,0.0,7905111
2024-09-16,8.54026985168457,9.321999549865723,0.0,9.380000114440918,9.218000411987305,9.229999542236328,0.0,4616785
2024-09-17,8.620890617370605,9.40999984741211,0.0,9.489999771118164,9.35200023651123,9.354000091552734,0.0,6887642
2024-09-18,8.668530464172363,9.461999893188477,0.0,9.5,9.420000076293945,9.425999641418457,0.0,6964570
2024-09-19,8.952533721923828,9.772000312805176,0.0,9.772000312805176,9.5,9.57800006866455,0.0,10969394
2024-09-20,8.923216819763184,9.739999771118164,0.0,9.871999740600586,9.720000267028809,9.770000457763672,0.0,20888265
2024-09-23,8.923216819763184,9.739999771118164,0.0,9.802000045776367,9.552000045776367,9.710000038146973,0.0,5301874
2024-09-24,8.90855884552002,9.723999977111816,0.0,9.878000259399414,9.64799976348877,9.803999900817871,0.0,5198140
2024-09-25,8.85359001159668,9.663999557495117,0.0,9.788000106811523,9.595999717712402,9.649999618530273,0.0,5059934
2024-09-26,9.119271278381348,9.954000473022461,0.0,9.970000267028809,9.772000312805176,9.777999877929688,0.0,7926635
2024-09-27,9.102781295776367,9.935999870300293,0.0,9.97599983215332,9.833999633789062,9.90999984741211,0.0,7299245
2024-09-30,8.893900871276855,9.708000183105469,0.0,9.958000183105469,9.708000183105469,9.871999740600586,0.0,20356664
2024-10-01,8.52011489868164,9.300000190734863,0.0,9.753999710083008,9.229999542236328,9.753999710083008,0.0,66450950
2024-10-02,8.477972984313965,9.253999710083008,0.0,9.387999534606934,9.1899995803833,9.3100004196167,0.0,9444415
2024-10-03,8.551263809204102,9.333999633789062,0.0,9.418000221252441,9.163999557495117,9.227999687194824,0.0,7977246
2024-10-04,8.750983238220215,9.552000045776367,0.0,9.668000221252441,9.342000007629395,9.354000091552734,0.0,11023009
2024-10-07,8.842597961425781,9.652000427246094,0.0,9.760000228881836,9.553999900817871,9.652000427246094,0.0,13455652
2024-10-08,8.795371055603027,9.312000274658203,0.29,9.36400032043457,9.215999603271484,9.362000465393066,0.0,9401024
2024-10-09,8.757590293884277,9.272000312805176,0.0,9.302000045776367,9.166000366210938,9.289999961853027,0.0,5642324
2024-10-10,8.717920303344727,9.229999542236328,0.0,9.315999984741211,9.13599967956543,9.27400016784668,0.0,8601966
2024-10-11,8.77270221710205,9.288000106811523,0.0,9.315999984741211,9.204000473022461,9.215999603271484,0.0,6418018
2024-10-14,8.878488540649414,9.399999618530273,0.0,9.404000282287598,9.267999649047852,9.279999732971191,0.0,5274061
2024-10-15,8.918158531188965,9.442000389099121,0.0,9.470000267028809,9.305999755859375,9.42199993133545,0.0,58035936
2024-10-16,8.77270221710205,9.288000106811523,0.0,9.428000450134277,9.239999771118164,9.390000343322754,0.0,57272109
2024-10-17,8.595132827758789,9.100000381469727,0.0,9.369999885559082,9.088000297546387,9.314000129699707,0.0,33619442
2024-10-18,8.774591445922852,9.289999961853027,0.0,9.36400032043457,9.069999694824219,9.100000381469727,0.0,12373037
2024-10-21,8.570575714111328,9.074000358581543,0.0,9.229999542236328,9.039999961853027,9.182000160217285,0.0,6092717
2024-10-22,8.63480281829834,9.142000198364258,0.0,9.17199993133545,8.973999977111816,9.081999778747559,0.0,7668624
2024-10-23,8.648025512695312,9.156000137329102,0.0,9.178000450134277,9.071999549865723,9.119999885559082,0.0,8194976
2024-10-24,8.529016494750977,9.029999732971191,0.0,9.194000244140625,9.029999732971191,9.131999969482422,0.0,5047870
2024-10-25,8.540349960327148,9.041999816894531,0.0,9.133999824523926,9.005999565124512,9.045999526977539,0.0,5134226
2024-10-28,8.555461883544922,9.057999610900879,0.0,9.145999908447266,8.911999702453613,9.104000091552734,0.0,7062988
2024-10-29,8.517681121826172,9.017999649047852,0.0,9.130000114440918,8.989999771118164,9.119999885559082,0.0,7794401
2024-10-30,8.589466094970703,9.093999862670898,0.0,9.100000381469727,8.92199993133545,8.960000038146973,0.0,8083827
2024-10-31,8.64235782623291,9.149999618530273,0.0,9.21399974822998,8.819999694824219,8.899999618530273,0.0,13710798
2024-11-01,8.893601417541504,9.416000366210938,0.0,9.416000366210938,9.109999656677246,9.152000427246094,0.0,30404514
2024-11-04,9.022055625915527,9.552000045776367,0.0,9.612000465393066,9.390000343322754,9.40999984741211,0.0,11324720
2024-11-05,9.073060035705566,9.605999946594238,0.0,9.62399959564209,9.505999565124512,9.552000045776367,0.0,7141848
2024-11-06,8.472345352172852,8.970000267028809,0.0,9.4399995803833,8.894000053405762,9.36400032043457,0.0,25327856
2024-11-07,8.82370662689209,9.342000007629395,0.0,9.399999618530273,9.097999572753906,9.170000076293945,0.0,19381291
2024-11-08,8.597021102905273,9.10200023651123,0.0,9.29800033569336,9.050000190734863,9.239999771118164,0.0,9787107
2024-11-11,8.61780071258545,9.12399959564209,0.0,9.246000289916992,9.121999740600586,9.180000305175781,0.0,8164379
2024-11-12,8.419451713562012,8.913999557495117,0.0,9.163999557495117,8.913999557495117,9.010000228881836,0.0,9149804
2024-11-13,8.385449409484863,8.878000259399414,0.0,8.986000061035156,8.767999649047852,8.899999618530273,0.0,9378801
2024-11-14,8.581910133361816,9.086000442504883,0.0,9.109999656677246,8.887999534606934,8.920000076293945,0.0,7403073
2024-11-15,8.855820655822754,9.37600040435791,0.0,9.392000198364258,9.015999794006348,9.020000457763672,0.0,17917462
2024-11-18,8.904935836791992,9.428000450134277,0.0,9.430000305175781,9.288000106811523,9.324000358581543,0.0,6524257
2024-11-19,8.8104829788208,9.32800006866455,0.0,9.442000389099121,9.121999740600586,9.434000015258789,0.0,8120903
2024-11-20,8.717920303344727,9.229999542236328,0.0,9.46399974822998,9.187999725341797,9.399999618530273,0.0,7376023
2024-11-21,8.740589141845703,9.253999710083008,0.0,9.272000312805176,9.11400032043457,9.239999771118164,0.0,5514638
2024-11-22,8.661249160766602,9.170000076293945,0.0,9.336000442504883,8.942000389099121,9.27400016784668,0.0,10624503
2024-11-25,8.738699913024902,9.251999855041504,0.0,9.319999694824219,9.166000366210938,9.276000022888184,0.0,19622848
2024-11-26,8.449676513671875,8.946000099182129,0.0,9.10200023651123,8.925999641418457,9.064000129699707,0.0,12004923
2024-11-27,8.306109428405762,8.793999671936035,0.0,8.934000015258789,8.723999977111816,8.920000076293945,0.0,9097680
2024-11-28,8.377893447875977,8.869999885559082,0.0,8.960000038146973,8.862000465393066,8.930000305175781,0.0,4881553
2024-11-29,8.440231323242188,8.935999870300293,0.0,8.958000183105469,8.699999809265137,8.8100004196167,0.0,6919031
2024-12-02,8.478012084960938,8.97599983215332,0.0,8.984000205993652,8.829999923706055,8.850000381469727,0.0,6549448
2024-12-03,8.64235782623291,9.149999618530273,0.0,9.175999641418457,8.989999771118164,9.0,0.0,8218564
2024-12-04,8.729253768920898,9.241999626159668,0.0,9.26200008392334,9.161999702453613,9.170000076293945,0.0,6731578
2024-12-05,9.097617149353027,9.631999969482422,0.0,9.649999618530273,9.229999542236328,9.236000061035156,0.0,12935146
2024-12-06,9.023944854736328,9.553999900817871,0.0,9.678000450134277,9.517999649047852,9.576000213623047,0.0,7158974
2024-12-09,9.05039119720459,9.581999778747559,0.0,9.661999702453613,9.567999839782715,9.607999801635742,0.0,5609752
2024-12-10,9.059836387634277,9.592000007629395,0.0,9.656000137329102,9.526000022888184,9.555999755859375,0.0,5148392
2024-12-11,8.980497360229492,9.508000373840332,0.0,9.656000137329102,9.484000205993652,9.57800006866455,0.0,7850592
2024-12-12,9.129731178283691,9.666000366210938,0.0,9.67199993133545,9.555999755859375,9.555999755859375,0.0,9285362
2024-12-13,9.16562271118164,9.704000473022461,0.0,9.833999633789062,9.666000366210938,9.666000366210938,0.0,8167552
2024-12-16,9.226072311401367,9.767999649047852,0.0,9.817999839782715,9.710000038146973,9.710000038146973,0.0,8264622
2024-12-17,8.99183177947998,9.520000457763672,0.0,9.781999588012695,9.501999855041504,9.711999893188477,0.0,6213448
2024-12-18,9.02961254119873,9.5600004196167,0.0,9.649999618530273,9.458000183105469,9.505999565124512,0.0,6487831
2024-12-19,8.853930473327637,9.37399959564209,0.0,9.47599983215332,9.319999694824219,9.399999618530273,0.0,9348876
2024-12-20,8.785924911499023,9.302000045776367,0.0,9.317999839782715,9.131999969482422,9.28600025177002,0.0,34278281
2024-12-23,8.784036636352539,9.300000190734863,0.0,9.366000175476074,9.206000328063965,9.32800006866455,0.0,3731184
2024-12-24,8.751922607421875,9.265999794006348,0.0,9.319999694824219,9.251999855041504,9.289999961853027,0.0,1616478
2024-12-27,8.865264892578125,9.38599967956543,0.0,9.395999908447266,9.239999771118164,9.239999771118164,0.0,4335543
2024-12-30,8.850152969360352,9.369999885559082,0.0,9.4399995803833,9.246000289916992,9.246000289916992,0.0,4311519
2024-12-31,8.927603721618652,9.45199966430664,0.0,9.45199966430664,9.368000030517578,9.368000030517578,0.0,2040991
2025-01-02,8.782148361206055,9.29800033569336,0.0,9.45199966430664,8.965999603271484,9.430000305175781,0.0,9691109
2025-01-03,8.801037788391113,9.317999839782715,0.0,9.347999572753906,9.236000061035156,9.29800033569336,0.0,5626158
2025-01-06,9.203404426574707,9.744000434875488,0.0,9.75,9.342000007629395,9.378000259399414,0.0,10516842
2025-01-07,9.326190948486328,9.87399959564209,0.0,9.925999641418457,9.605999946594238,9.744000434875488,0.0,12689770
2025-01-08,9.352638244628906,9.902000427246094,0.0,10.074999809265137,9.781999588012695,9.881999969482422,0.0,10062023
2025-01-09,9.439533233642578,9.994000434875488,0.0,9.994000434875488,9.753999710083008,9.800000190734863,0.0,6268002
2025-01-10,9.384751319885254,9.935999870300293,0.0,10.069999694824219,9.880000114440918,9.994000434875488,0.0,9622174
2025-01-13,9.676608085632324,10.244999885559082,0.0,10.244999885559082,9.979999542236328,9.989999771118164,0.0,11181152
2025-01-14,9.771060943603516,10.345000267028809,0.0,10.524999618530273,10.28499984741211,10.300000190734863,0.0,10782620
2025-01-15,9.832453727722168,10.40999984741211,0.0,10.489999771118164,10.265000343322754,10.364999771118164,0.0,9054226
2025-01-16,9.756892204284668,10.329999923706055,0.0,10.550000190734863,10.28499984741211,10.5,0.0,8489433
2025-01-17,9.761614799499512,10.335000038146973,0.0,10.454999923706055,10.28499984741211,10.420000076293945,0.0,10761180
2025-01-20,9.8466215133667,10.425000190734863,0.0,10.5,10.3149995803833,10.390000343322754,0.0,7862909
2025-01-21,9.86078929901123,10.4399995803833,0.0,10.4399995803833,10.199999809265137,10.305000305175781,0.0,9820701
2025-01-22,9.78050422668457,10.354999542236328,0.0,10.5,10.270000457763672,10.5,0.0,7176815
2025-01-23,10.044971466064453,10.635000228881836,0.0,10.670000076293945,10.395000457763672,10.414999961853027,0.0,8579327
2025-01-24,10.125255584716797,10.720000267028809,0.0,10.760000228881836,10.625,10.699999809265137,0.0,7139255
2025-01-27,10.18664836883545,10.78499984741211,0.0,10.845000267028809,10.5600004196167,10.574999809265137,0.0,11539779
2025-01-28,10.333048820495605,10.9399995803833,0.0,10.984999656677246,10.720000267028809,10.765000343322754,0.0,8742447
2025-01-29,10.451114654541016,11.0649995803833,0.0,11.09000015258789,10.944999694824219,10.960000038146973,0.0,9158026
2025-01-30,10.592792510986328,11.21500015258789,0.0,11.4350004196167,11.069999694824219,11.274999618530273,0.0,10800220
2025-01-31,10.436946868896484,11.050000190734863,0.0,11.305000305175781,11.024999618530273,11.229999542236328,0.0,8492186
2025-02-03,10.1488676071167,10.744999885559082,0.0,10.850000381469727,10.479999542236328,10.5600004196167,0.0,18090245
2025-02-04,10.389720916748047,11.0,0.0,11.015000343322754,10.765000343322754,10.885000228881836,0.0,9371079
2025-02-05,10.418055534362793,11.029999732971191,0.0,11.130000114440918,10.975000381469727,11.0,0.0,6936527
2025-02-06,10.98949146270752,11.635000228881836,0.0,11.680000305175781,11.079999923706055,11.140000343322754,0.0,16823382
2025-02-07,11.003658294677734,11.649999618530273,0.0,11.6850004196167,11.520000457763672,11.614999771118164,0.0,8737455
2025-02-10,10.866703033447266,11.505000114440918,0.0,11.635000228881836,11.454999923706055,11.614999771118164,0.0,16082327
2025-02-11,11.055606842041016,11.704999923706055,0.0,11.704999923706055,11.449999809265137,11.5,0.0,6099237
2025-02-12,11.296460151672363,11.960000038146973,0.0,11.989999771118164,11.765000343322754,11.800000190734863,0.0,9364993
2025-02-13,11.29173755645752,11.954999923706055,0.0,12.0,11.854999542236328,11.989999771118164,0.0,9192918
2025-02-14,11.38146686553955,12.050000190734863,0.0,12.109999656677246,11.880000114440918,11.90999984741211,0.0,8610366
2025-02-17,11.51842212677002,12.194999694824219,0.0,12.210000038146973,12.024999618530273,12.029999732971191,0.0,6175146
2025-02-18,11.75927448272705,12.449999809265137,0.0,12.46500015258789,12.204999923706055,12.239999771118164,0.0,10223820
2025-02-19,11.452305793762207,12.125,0.0,12.489999771118164,12.104999542236328,12.404999732971191,0.0,9738118
2025-02-20,11.4948091506958,12.170000076293945,0.0,12.3100004196167,12.069999694824219,12.09000015258789,0.0,7704691
2025-02-21,11.60815143585205,12.289999961853027,0.0,12.305000305175781,12.100000381469727,12.145000457763672,0.0,8441612
2025-02-24,11.716771125793457,12.404999732971191,0.0,12.425000190734863,12.239999771118164,12.289999961853027,0.0,6461205
2025-02-25,11.877339363098145,12.574999809265137,0.0,12.765000343322754,12.305000305175781,12.3100004196167,0.0,13173651
2025-02-26,12.217367172241211,12.9350004196167,0.0,12.9350004196167,12.585000038146973,12.604999542236328,0.0,10949387
2025-02-27,12.174863815307617,12.890000343322754,0.0,12.994999885559082,12.720000267028809,12.899999618530273,0.0,10551756
2025-02-28,12.113470077514648,12.824999809265137,0.0,12.824999809265137,12.614999771118164,12.744999885559082,0.0,24042421
2025-03-03,12.212644577026367,12.930000305175781,0.0,13.095000267028809,12.65999984741211,12.774999618530273,0.0,13131030
2025-03-04,11.5703706741333,12.25,0.0,12.760000228881836,12.114999771118164,12.699999809265137,0.0,17352465
2025-03-05,12.12763786315918,12.84000015258789,0.0,12.930000305175781,12.600000381469727,12.600000381469727,0.0,17274004
2025-03-06,12.401548385620117,13.130000114440918,0.0,13.204999923706055,12.835000038146973,12.994999885559082,0.0,12938651
2025-03-07,12.42988395690918,13.15999984741211,0.0,13.194999694824219,12.880000114440918,12.96500015258789,0.0,12602535
2025-03-10,12.05207633972168,12.760000228881836,0.0,13.1899995803833,12.71500015258789,13.109999656677246,0.0,13106345
2025-03-11,11.839558601379395,12.53499984741211,0.0,12.890000343322754,12.449999809265137,12.760000228881836,0.0,11038905
2025-03-12,12.160696029663086,12.875,0.0,12.984999656677246,12.619999885559082,12.645000457763672,0.0,7890363
2025-03-13,12.061521530151367,12.770000457763672,0.0,12.925000190734863,12.654999732971191,12.739999771118164,0.0,8230422
2025-03-14,12.448774337768555,13.180000305175781,0.0,13.229999542236328,12.694999694824219,12.739999771118164,0.0,8490578
2025-03-17,12.538503646850586,13.274999618530273,0.0,13.380000114440918,13.0649995803833,13.140000343322754,0.0,6527721
2025-03-18,12.831305503845215,13.585000038146973,0.0,13.59000015258789,13.270000457763672,13.3100004196167,0.0,8221614
2025-03-19,12.699071884155273,13.444999694824219,0.0,13.470000267028809,13.170000076293945,13.260000228881836,0.0,12903052
2025-03-20,12.35432243347168,13.079999923706055,0.0,13.505000114440918,12.96500015258789,13.4399995803833,0.0,8861752
2025-03-21,12.349599838256836,13.074999809265137,0.0,13.170000076293945,12.854999542236328,12.970000267028809,0.0,25543701
2025-03-24,12.406270980834961,13.135000228881836,0.0,13.345000267028809,13.069999694824219,13.255000114440918,0.0,6656600
2025-03-25,12.69434928894043,13.4399995803833,0.0,13.444999694824219,13.130000114440918,13.180000305175781,0.0,7817709
2025-03-26,12.585729598999023,13.324999809265137,0.0,13.539999961853027,13.239999771118164,13.444999694824219,0.0,5926461
2025-03-27,12.420437812805176,13.149999618530273,0.0,13.260000228881836,12.899999618530273,13.0600004196167,0.0,6618280
2025-03-28,12.019018173217773,12.725000381469727,0.0,13.045000076293945,12.699999809265137,12.920000076293945,0.0,11140790
2025-03-31,11.849003791809082,12.545000076293945,0.0,12.640000343322754,12.335000038146973,12.600000381469727,0.0,10940977
2025-04-01,12.047353744506836,12.755000114440918,0.0,12.850000381469727,12.5649995803833,12.614999771118164,0.0,30264451
2025-04-02,12.0237398147583,12.729999542236328,0.0,12.770000457763672,12.5649995803833,12.670000076293945,0.0,23128103
2025-04-03,11.839558601379395,12.53499984741211,0.0,12.805000305175781,12.28499984741211,12.399999618530273,0.0,20692222
2025-04-04,10.72974681854248,11.359999656677246,0.0,12.319999694824219,11.03499984741211,12.3149995803833,0.0,28042404
2025-04-07,10.210262298583984,10.8100004196167,0.0,11.354999542236328,10.109999656677246,10.6850004196167,0.0,35122274
2025-04-08,10.622599601745605,10.819999694824219,0.41,11.039999961853027,10.345000267028809,10.734999656677246,0.0,19268307
2025-04-09,10.504788398742676,10.699999809265137,0.0,10.824999809265137,10.385000228881836,10.449999809265137,0.0,14647290
2025-04-10,11.172383308410645,11.380000114440918,0.0,12.529999732971191,11.380000114440918,11.824999809265137,0.0,21544167
2025-04-11,11.074207305908203,11.279999732971191,0.0,11.5600004196167,11.020000457763672,11.420000076293945,0.0,8502679
2025-04-14,11.442365646362305,11.654999732971191,0.0,11.680000305175781,11.460000038146973,11.614999771118164,0.0,7665221
2025-04-15,11.692713737487793,11.90999984741211,0.0,11.9399995803833,11.604999542236328,11.699999809265137,0.0,42014284
2025-04-16,11.73198413848877,11.949999809265137,0.0,11.949999809265137,11.609999656677246,11.795000076293945,0.0,26189321
2025-04-17,11.648534774780273,11.864999771118164,0.0,12.024999618530273,11.734999656677246,12.0,0.0,20710857
2025-04-22,11.697622299194336,11.914999961853027,0.0,11.954999923706055,11.725000381469727,11.765000343322754,0.0,10724321
2025-04-23,12.129594802856445,12.354999542236328,0.0,12.404999732971191,12.055000305175781,12.085000038146973,0.0,9788029
2025-04-24,12.026510238647461,12.25,0.0,12.335000038146973,12.154999732971191,12.274999618530273,0.0,6481345
2025-04-25,12.227770805358887,12.454999923706055,0.0,12.5,12.295000076293945,12.369999885559082,0.0,8267865
2025-04-28,12.365216255187988,12.595000267028809,0.0,12.699999809265137,12.5,12.5,0.0,8163853
2025-04-29,12.114869117736816,12.34000015258789,0.0,12.789999961853027,12.170000076293945,12.739999771118164,0.0,11767027
2025-04-30,11.839977264404297,12.0600004196167,0.0,12.479999542236328,11.774999618530273,12.430000305175781,0.0,13610460
2025-05-02,11.997057914733887,12.220000267028809,0.0,12.335000038146973,12.039999961853027,12.300000190734863,0.0,10220777
2025-05-05,12.213044166564941,12.4399995803833,0.0,12.4399995803833,12.194999694824219,12.210000038146973,0.0,6483657
2025-05-06,12.286676406860352,12.515000343322754,0.0,12.529999732971191,12.175000190734863,12.4399995803833,0.0,8735868
2025-05-07,12.321037292480469,12.550000190734863,0.0,12.5649995803833,12.390000343322754,12.475000381469727,0.0,11914846
2025-05-08,12.571385383605957,12.805000305175781,0.0,12.805000305175781,12.569999694824219,12.600000381469727,0.0,8580926
2025-05-09,12.581202507019043,12.8149995803833,0.0,12.859999656677246,12.6899995803833,12.84000015258789,0.0,6986627
2025-05-12,12.8070068359375,13.045000076293945,0.0,13.09000015258789,12.885000228881836,12.920000076293945,0.0,10561033
2025-05-13,12.988631248474121,13.229999542236328,0.0,13.244999885559082,12.944999694824219,13.0,0.0,8576514
2025-05-14,13.160438537597656,13.404999732971191,0.0,13.404999732971191,13.145000457763672,13.25,0.0,9757758
2025-05-15,13.101533889770508,13.345000267028809,0.0,13.375,13.279999732971191,13.300000190734863,0.0,6093306
2025-05-16,13.155529975891113,13.399999618530273,0.0,13.420000076293945,13.305000305175781,13.34000015258789,0.0,7863270
2025-05-19,13.219344139099121,13.46500015258789,0.0,13.550000190734863,13.350000381469727,13.420000076293945,0.0,5877843
2025-05-20,13.518779754638672,13.770000457763672,0.0,13.805000305175781,13.5,13.5,0.0,7496109
2025-05-21,13.445147514343262,13.694999694824219,0.0,13.899999618530273,13.645000457763672,13.664999961853027,0.0,7241038
2025-05-22,13.430421829223633,13.680000305175781,0.0,13.729999542236328,13.364999771118164,13.614999771118164,0.0,6376905
2025-05-23,13.022993087768555,13.265000343322754,0.0,13.78499984741211,12.914999961853027,13.625,0.0,11946652
2025-05-26,13.189891815185547,13.4350004196167,0.0,13.609999656677246,13.414999961853027,13.585000038146973,0.0,5195548
2025-05-27,13.297884941101074,13.545000076293945,0.0,13.585000038146973,13.364999771118164,13.364999771118164,0.0,6771021
2025-05-28,12.998448371887207,13.239999771118164,0.0,13.640000343322754,13.239999771118164,13.524999618530273,0.0,11557633
2025-05-29,13.00826644897461,13.25,0.0,13.46500015258789,13.21500015258789,13.454999923706055,0.0,4686413
2025-05-30,12.968996047973633,13.210000038146973,0.0,13.375,13.199999809265137,13.25,0.0,13846056
2025-06-02,12.978814125061035,13.220000267028809,0.0,13.335000038146973,13.085000038146973,13.149999618530273,0.0,4687477
2025-06-03,12.924817085266113,13.164999961853027,0.0,13.270000457763672,12.899999618530273,13.239999771118164,0.0,8543717
2025-06-04,12.880638122558594,13.119999885559082,0.0,13.274999618530273,12.975000381469727,13.239999771118164,0.0,6511662
2025-06-05,12.959178924560547,13.199999809265137,0.0,13.199999809265137,12.960000038146973,13.015000343322754,0.0,12009372
2025-06-06,12.998448371887207,13.239999771118164,0.0,13.350000381469727,13.15999984741211,13.180000305175781,0.0,4692368
2025-06-09,13.00826644897461,13.25,0.0,13.3100004196167,13.164999961853027,13.199999809265137,0.0,7023943
2025-06-10,12.944453239440918,13.1850004196167,0.0,13.265000343322754,13.135000228881836,13.229999542236328,0.0,11512584
2025-06-11,13.013175964355469,13.255000114440918,0.0,13.3149995803833,13.095000267028809,13.220000267028809,0.0,8942289
2025-06-12,12.973905563354492,13.21500015258789,0.0,13.265000343322754,13.0,13.119999885559082,0.0,5683142
2025-06-13,12.718648910522461,12.954999923706055,0.0,13.050000190734863,12.850000381469727,12.994999885559082,0.0,7831457
2025-06-16,12.968996047973633,13.210000038146973,0.0,13.289999961853027,13.0,13.03499984741211,0.0,10256492
2025-06-17,12.811915397644043,13.050000190734863,0.0,13.175000190734863,12.869999885559082,13.145000457763672,0.0,12115815
2025-06-18,12.836459159851074,13.074999809265137,0.0,13.114999771118164,12.899999618530273,13.010000228881836,0.0,5026307
2025-06-19,12.60574722290039,12.84000015258789,0.0,13.069999694824219,12.84000015258789,12.989999771118164,0.0,5873425
2025-06-20,12.674468994140625,12.90999984741211,0.0,13.085000038146973,12.835000038146973,12.835000038146973,0.0,21003660
2025-06-23,12.556658744812012,12.789999961853027,0.0,12.920000076293945,12.645000457763672,12.859999656677246,0.0,12649918
2025-06-24,12.87572956085205,13.114999771118164,0.0,13.239999771118164,12.989999771118164,13.140000343322754,0.0,7815582
2025-06-25,12.478118896484375,12.710000038146973,0.0,13.175000190734863,12.6850004196167,13.175000190734863,0.0,8504003
2025-06-26,12.527206420898438,12.760000228881836,0.0,12.890000343322754,12.720000267028809,12.800000190734863,0.0,5276627
2025-06-27,12.772644996643066,13.010000228881836,0.0,13.010000228881836,12.739999771118164,12.850000381469727,0.0,5773433
2025-06-30,12.816824913024902,13.055000305175781,0.0,13.100000381469727,12.699999809265137,13.079999923706055,0.0,7148842
2025-07-01,12.615564346313477,12.850000381469727,0.0,13.0600004196167,12.78499984741211,13.029999732971191,0.0,5766344
2025-07-02,12.797188758850098,13.03499984741211,0.0,13.114999771118164,12.890000343322754,12.975000381469727,0.0,5928769
2025-07-03,13.013175964355469,13.255000114440918,0.0,13.28499984741211,13.029999732971191,13.0600004196167,0.0,12852605
2025-07-04,12.679378509521484,12.914999961853027,0.0,13.25,12.850000381469727,13.164999961853027,0.0,6011659
2025-07-07,12.910090446472168,13.149999618530273,0.0,13.149999618530273,12.859999656677246,12.875,0.0,6232876
2025-07-08,13.12116813659668,13.364999771118164,0.0,13.479999542236328,13.229999542236328,13.255000114440918,0.0,9131982
2025-07-09,13.351881980895996,13.600000381469727,0.0,13.670000076293945,13.425000190734863,13.449999809265137,0.0,10187531
2025-07-10,13.10644245147705,13.350000381469727,0.0,13.614999771118164,13.350000381469727,13.600000381469727,0.0,6846086
2025-07-11,12.699013710021973,12.9350004196167,0.0,13.28499984741211,12.914999961853027,13.239999771118164,0.0,6944580
2025-07-14,12.76282787322998,13.0,0.0,13.029999732971191,12.779999732971191,12.800000190734863,0.0,4394752
2025-07-15,12.512479782104492,12.744999885559082,0.0,13.055000305175781,12.710000038146973,13.045000076293945,0.0,5777181
2025-07-16,12.463391304016113,12.694999694824219,0.0,12.845000267028809,12.654999732971191,12.699999809265137,0.0,6163379
2025-07-17,12.53702449798584,12.770000457763672,0.0,12.880000114440918,12.694999694824219,12.800000190734863,0.0,6019281
2025-07-18,12.527206420898438,12.760000228881836,0.0,12.859999656677246,12.720000267028809,12.850000381469727,0.0,5871873
2025-07-21,12.433938980102539,12.664999961853027,0.0,12.739999771118164,12.550000190734863,12.699999809265137,0.0,5865158
2025-07-22,12.394669532775879,12.625,0.0,12.739999771118164,12.515000343322754,12.630000114440918,0.0,4822843
2025-07-23,12.615564346313477,12.850000381469727,0.0,12.914999961853027,12.699999809265137,12.795000076293945,0.0,10886232
2025-07-24,12.757918357849121,12.994999885559082,0.0,13.09000015258789,12.930000305175781,13.0,0.0,10053166
2025-07-25,12.792280197143555,13.029999732971191,0.0,13.069999694824219,12.895000457763672,13.0,0.0,5722689
2025-07-28,12.939543724060059,13.180000305175781,0.0,13.375,13.109999656677246,13.260000228881836,0.0,8131572
2025-07-29,13.253705978393555,13.5,0.0,13.5,13.199999809265137,13.210000038146973,0.0,8284115
2025-07-30,13.31261157989502,13.5600004196167,0.0,13.5649995803833,13.289999961853027,13.494999885559082,0.0,8726758
2025-07-31,14.372907638549805,14.640000343322754,0.0,14.789999961853027,13.96500015258789,14.0,0.0,21012989
2025-08-01,14.093106269836426,14.354999542236328,0.0,14.645000457763672,14.204999923706055,14.585000038146973,0.0,11828096
2025-08-04,14.529988288879395,14.800000190734863,0.0,14.835000038146973,14.335000038146973,14.470000267028809,0.0,6757222
2025-08-05,14.65761661529541,14.930000305175781,0.0,14.96500015258789,14.585000038146973,14.845000267028809,0.0,6654517
2025-08-06,14.961960792541504,15.239999771118164,0.0,15.265000343322754,14.895000457763672,14.989999771118164,0.0,8699520
2025-08-07,15.212308883666992,15.494999885559082,0.0,15.600000381469727,15.375,15.454999923706055,0.0,9042508
2025-08-08,15.649189949035645,15.9399995803833,0.0,16.010000228881836,15.484999656677246,15.5,0.0,9627105
2025-08-11,15.767000198364258,16.059999465942383,0.0,16.06999969482422,15.755000114440918,15.949999809265137,0.0,6090886
2025-08-12,15.472474098205566,15.760000228881836,0.0,16.15999984741211,15.760000228881836,16.049999237060547,0.0,8771944
2025-08-13,15.73263931274414,16.024999618530273,0.0,16.05500030517578,15.78499984741211,15.78499984741211,0.0,7061612
2025-08-14,16.04680061340332,16.344999313354492,0.0,16.389999389648438,16.014999389648438,16.030000686645508,0.0,6705680
2025-08-15,16.179338455200195,16.479999542236328,0.0,16.700000762939453,16.44499969482422,16.6299991607666,0.0,7121531
2025-08-18,16.0615291595459,16.360000610351562,0.0,16.44499969482422,16.200000762939453,16.399999618530273,0.0,5220754
2025-08-19,16.100797653198242,16.399999618530273,0.0,16.43000030517578,16.280000686645508,16.354999542236328,0.0,5807014
2025-08-20,15.953534126281738,16.25,0.0,16.395000457763672,16.190000534057617,16.290000915527344,0.0,4264401
2025-08-21,16.115524291992188,16.415000915527344,0.0,16.424999237060547,16.149999618530273,16.190000534057617,0.0,5505165
2025-08-22,16.154794692993164,16.454999923706055,0.0,16.530000686645508,16.325000762939453,16.334999084472656,0.0,4535874
2025-08-25,15.85045051574707,16.145000457763672,0.0,16.450000762939453,16.09000015258789,16.309999465942383,0.0,4974861
2025-08-26,15.555923461914062,15.845000267028809,0.0,16.040000915527344,15.84000015258789,15.949999809265137,0.0,9769102
2025-08-27,15.24666976928711,15.529999732971191,0.0,15.84000015258789,15.479999542236328,15.824999809265137,0.0,7240646
2025-08-28,15.271214485168457,15.555000305175781,0.0,15.614999771118164,15.414999961853027,15.529999732971191,0.0,6177207
2025-08-29,15.207399368286133,15.489999771118164,0.0,15.585000038146973,15.375,15.510000228881836,0.0,5457865
2025-09-01,15.315393447875977,15.600000381469727,0.0,15.600000381469727,15.475000381469727,15.5649995803833,0.0,2459135
2025-09-02,15.15831184387207,15.4399995803833,0.0,15.675000190734863,15.289999961853027,15.635000228881836,0.0,5342711
2025-09-03,15.148494720458984,15.430000305175781,0.0,15.5,15.279999732971191,15.46500015258789,0.0,4518077
2025-09-04,15.521562576293945,15.8100004196167,0.0,15.8149995803833,15.385000228881836,15.510000228881836,0.0,6616003
2025-09-05,15.320301055908203,15.604999542236328,0.0,16.030000686645508,15.550000190734863,15.895000457763672,0.0,6704915
2025-09-08,15.482292175292969,15.770000457763672,0.0,15.819999694824219,15.595000267028809,15.649999618530273,0.0,4465431
2025-09-09,15.644281387329102,15.9350004196167,0.0,15.960000038146973,15.609999656677246,15.835000038146973,0.0,6910434
2025-09-10,15.855358123779297,16.149999618530273,0.0,16.260000228881836,15.890000343322754,15.960000038146973,0.0,9667215
2025-09-11,15.914263725280762,16.209999084472656,0.0,16.270000457763672,16.0049991607666,16.15999984741211,0.0,5717806
2025-09-12,15.919173240661621,16.21500015258789,0.0,16.260000228881836,16.040000915527344,16.190000534057617,0.0,6610893
2025-09-15,16.0615291595459,16.360000610351562,0.0,16.385000228881836,16.174999237060547,16.299999237060547,0.0,4631926
2025-09-16,15.88971996307373,16.184999465942383,0.0,16.344999313354492,16.065000534057617,16.30500030517578,0.0,8185697
2025-09-17,15.762092590332031,16.05500030517578,0.0,16.28499984741211,15.975000381469727,16.25,0.0,6219970
2025-09-18,15.924080848693848,16.219999313354492,0.0,16.270000457763672,16.03499984741211,16.200000762939453,0.0,5602617
2025-09-19,16.110614776611328,16.40999984741211,0.0,16.53499984741211,16.225000381469727,16.299999237060547,0.0,24379650
2025-09-22,15.683551788330078,15.975000381469727,0.0,16.360000610351562,15.859999656677246,16.334999084472656,0.0,8132243
2025-09-23,15.879901885986328,16.174999237060547,0.0,16.2549991607666,15.930000305175781,16.1200008392334,0.0,6237228
2025-09-24,16.086071014404297,16.385000228881836,0.0,16.385000228881836,15.9350004196167,16.149999618530273,0.0,7615943
2025-09-25,15.811179161071777,16.104999542236328,0.0,16.3799991607666,16.045000076293945,16.364999771118164,0.0,7227061
2025-09-26,16.16461181640625,16.46500015258789,0.0,16.479999542236328,16.1299991607666,16.184999465942383,0.0,6731436
2025-09-29,15.943717002868652,16.239999771118164,0.0,16.479999542236328,16.219999313354492,16.469999313354492,0.0,5897273
2025-09-30,16.041893005371094,16.34000015258789,0.0,16.44499969482422,16.200000762939453,16.28499984741211,0.0,7128874
2025-10-01,16.07625389099121,16.375,0.0,16.440000534057617,16.045000076293945,16.299999237060547,0.0,8292053
2025-10-02,16.032075881958008,16.329999923706055,0.0,16.594999313354492,16.229999542236328,16.450000762939453,0.0,7206922
2025-10-03,16.120433807373047,16.420000076293945,0.0,16.59000015258789,16.360000610351562,16.420000076293945,0.0,6174322
2025-10-06,15.879901885986328,16.174999237060547,0.0,16.399999618530273,16.045000076293945,16.309999465942383,0.0,5369571
2025-10-07,15.762092590332031,16.05500030517578,0.0,16.239999771118164,16.049999237060547,16.100000381469727,0.0,6168600
2025-10-08,16.0615291595459,16.360000610351562,0.0,16.40999984741211,16.059999465942383,16.059999465942383,0.0,5980608
2025-10-09,15.771910667419434,16.065000534057617,0.0,16.360000610351562,16.024999618530273,16.360000610351562,0.0,4988409
2025-10-10,15.50192642211914,15.789999961853027,0.0,16.229999542236328,15.755000114440918,16.030000686645508,0.0,6871402
2025-10-13,15.580467224121094,15.869999885559082,0.0,15.895000457763672,15.6850004196167,15.800000190734863,0.0,3584352
2025-10-14,15.693368911743164,15.984999656677246,0.0,16.020000457763672,15.729999542236328,15.800000190734863,0.0,4759038
2025-10-15,15.497017860412598,15.78499984741211,0.0,16.139999389648438,15.78499984741211,15.984999656677246,0.0,5516295
2025-10-16,15.428295135498047,15.71500015258789,0.0,15.824999809265137,15.395000457763672,15.720000267028809,0.0,9712214
2025-10-17,16.351146697998047,16.655000686645508,0.0,17.3799991607666,16.395000457763672,16.655000686645508,0.0,32814118
2025-10-20,16.979469299316406,17.295000076293945,0.0,17.31999969482422,16.790000915527344,16.8700008392334,0.0,10945260
2025-10-21,16.753665924072266,17.065000534057617,0.0,17.299999237060547,17.0049991607666,17.270000457763672,0.0,7222921
2025-10-22,16.689851760864258,17.0,0.0,17.18000030517578,16.850000381469727,16.899999618530273,0.0,7052132
2025-10-23,16.65057945251465,16.959999084472656,0.0,17.174999237060547,16.899999618530273,17.0,0.0,4720528
2025-10-24,16.5916748046875,16.899999618530273,0.0,17.100000381469727,16.735000610351562,17.014999389648438,0.0,6644829
2025-10-27,16.88620376586914,17.200000762939453,0.0,17.235000610351562,17.0049991607666,17.049999237060547,0.0,6597073
2025-10-28,16.876384735107422,17.190000534057617,0.0,17.21500015258789,17.040000915527344,17.06999969482422,0.0,5314738
2025-10-29,17.25926971435547,17.579999923706055,0.0,17.584999084472656,17.05500030517578,17.209999084472656,0.0,10750147
2025-10-30,16.964744567871094,17.280000686645508,0.0,17.40999984741211,17.049999237060547,17.389999389648438,0.0,10839276
2025-10-31,17.116914749145508,17.434999465942383,0.0,17.700000762939453,17.2549991607666,17.350000381469727,0.0,9588805
