,Date,SAN_Adj_Close,SAN_Close,SAN_Volume,BBVA_Price,IBEX,SP500,EURUSD,OIL
0,2003-12-01,0.1548373043505646,0.545026548992654,0.0443037496982391,0.4515398836938782,0.138907966325655,0.0633355581293468,0.3706040804435957,0.3694511475884771
1,2003-12-02,0.1534225622896413,0.5420184803995918,0.1976510432253592,0.4492966662820533,0.1365928718734226,0.0627723464809231,0.3899978719908299,0.3739886500448715
2,2003-12-03,0.1555446128951792,0.546530604005055,0.0331584650156635,0.4532222550024166,0.1400851524809572,0.0624682098335826,0.3953173354042723,0.3757380470747254
3,2003-12-04,0.1541299958059499,0.543522493980253,0.0399512036120985,0.4549046263109551,0.1383978810649204,0.06327118715516,0.3887412089069026,0.3766127455896524
4,2003-12-05,0.1530688923958723,0.5412664528933913,0.0217720003413224,0.4492966662820533,0.136534002985692,0.0619484490838165,0.4053256926427393,0.3737153002419388
5,2003-12-09,0.152008070172106,0.5390103703747897,0.0478120688454032,0.4492966662820533,0.1407424339109318,0.0617360464765898,0.4151822357300758,0.3793461810556063
6,2003-12-10,0.149532474644493,0.5337462192631259,0.0387543553863467,0.4459318679978694,0.1375836319009401,0.0615542087872253,0.4059534646730895,0.3800021997281871
7,2003-12-11,0.1534225622896413,0.5420184803995918,0.0372858993064448,0.4521006184629507,0.1447841255374001,0.0635109528283136,0.4111293201057326,0.3798382002736563
8,2003-12-12,0.1534225622896413,0.5420184803995918,0.0320654313568668,0.4504182471544122,0.1449999142593092,0.0639824500798872,0.4197239780007493,0.3863437796022508
9,2003-12-15,0.154483603213872,0.5442745214864535,0.0370985786020759,0.4526614645662372,0.1486688015300354,0.0630008565641441,0.4261380326340744,0.3871091381960048
10,2003-12-16,0.1527152537450267,0.5405144253871907,0.0385934320567887,0.4577086341589595,0.1501599231533491,0.0641417569461231,0.4264466965408566,0.3855237406206816
11,2003-12-17,0.154483603213872,0.5442745214864535,0.0348395598810018,0.4588302150313185,0.1520532117265292,0.0643589917961481,0.438974721078798,0.3880384962442894
12,2003-12-18,0.1569591674985615,0.5495386725981173,0.0355718828199357,0.4666813924720452,0.1598226595114543,0.0664026572778153,0.4422528996223109,0.3900065731164895
13,2003-12-19,0.1580202084227922,0.5517947551167188,0.0702230827547413,0.4672421829082247,0.1629716420568531,0.0663189769756988,0.4363071562094878,0.3862344396810778
14,2003-12-22,0.1583737533448674,0.5525467826229193,0.1145980057621785,0.471167771628588,0.1631187903262658,0.0670076894340339,0.4384935410911856,0.3799475401948294
15,2003-12-23,0.1636787392655563,0.5638270709207078,0.0403738757004188,0.4773365777607764,0.1707116314479994,0.0675033282563354,0.4386619540868499,0.3803848894522929
16,2003-12-29,0.1675691393399395,0.5720992906254341,0.0459066379270839,0.4857485456376825,0.1769801381450179,0.0696692730527151,0.4517884695473682,0.382844985542543
17,2003-12-30,0.1703983422754746,0.578115510675038,0.0435358848996125,0.4879917073824005,0.1747042736513301,0.0696950253710425,0.4619598311692356,0.3849770618692739
18,2004-01-05,0.1781788612379296,0.5946599500844902,0.06700859711326,0.5059372240085719,0.1917930639325701,0.0717193618815166,0.4835554874194745,0.3903892524133664
19,2004-01-07,0.17570329695324,0.5893957989728265,0.0587245854926265,0.5059372240085719,0.1920187200188994,0.0723807309171883,0.4763543864498223,0.3895145538984395
20,2004-01-08,0.1742886486210873,0.5863876889480244,0.087793676077937,0.503694062263854,0.1949322270133758,0.0732802745216777,0.4973241357084228,0.3914826307706396
21,2004-01-09,0.1767643066345472,0.5916518400596882,0.0544247371883108,0.5031332161605675,0.1930879878633333,0.0716614338977275,0.5104571788044316,0.3932867081883088
22,2004-01-12,0.1767643066345472,0.5916518400596882,0.0541532336799426,0.4924780865389433,0.1940689763260852,0.0725255606982928,0.492001874736913,0.3955281244362127
23,2004-01-13,0.1746422247860859,0.5871397578859645,0.0597004630803612,0.4913565056665844,0.1951971130582497,0.0715584442676812,0.4990364277496126,0.3939427268608896
24,2004-01-14,0.1728740627747815,0.5833796617867018,0.0518565566716006,0.4891132882547594,0.1983362761390555,0.0730549859336555,0.4779305306650596,0.3943254061577665
25,2004-01-15,0.1707520434121671,0.5788674967494987,0.0482845908135025,0.4919172404356569,0.1962957913966354,0.0733011945972068,0.4700992331147322,0.3885305154623394
26,2004-01-16,0.1728740627747815,0.5833796617867018,0.0341878572335152,0.4980860465678451,0.1984539660146893,0.0745531187039657,0.4383491870949019,0.3974415209205975
27,2004-01-20,0.1658009460857115,0.5683391945261711,0.1388645206062245,0.487430916946221,0.1992976256726214,0.0743825562477972,0.4682377379766083,0.4036190909129016
28,2004-01-21,0.1682762916699367,0.5736033456378349,0.0824697751086061,0.4930388769751228,0.2055759518342329,0.0758066732015875,0.4791832771676925,0.3947627658424589
29,2004-01-22,0.1742886486210873,0.5863876889480244,0.1965111730664835,0.4986468926711317,0.2104220252602613,0.0752144877396375,0.4895163376458624,0.3966761623268436
30,2004-01-23,0.1742886486210873,0.5863876889480244,0.0358189325254294,0.4986468926711317,0.2117169491910246,0.0748299119286428,0.467296079931083,0.3967308218602013
31,2004-01-26,0.1707520434121671,0.5788674967494987,0.0776211913095305,0.4896741343580459,0.2035649254855916,0.0770537847088116,0.452422582709338,0.3941614067032358
32,2004-01-27,0.1711057757917831,0.579619565687439,0.1222377327718165,0.4879917073824005,0.2064784803798954,0.0752322059632311,0.4757295984814109,0.3922479893643935
33,2004-01-28,0.1742886486210873,0.5863876889480244,0.0857686395976767,0.4930388769751228,0.211903327418982,0.072726707715587,0.4452272633596918,0.3895145538984395
34,2004-01-29,0.1668617370665544,0.5705953184765122,0.07941976793125,0.4823837473534987,0.2017697357586868,0.0736326746672107,0.4402267215659461,0.3850864017904469
35,2004-01-30,0.1650933875977091,0.5668351809455099,0.0834036245342089,0.4745325699127719,0.1936078925886609,0.0731531433209034,0.449304610991158,0.3863984391356085
36,2004-02-02,0.1664308346659481,0.5638270709207078,0.0533945882000412,0.4678029733444041,0.1964233486366895,0.073817733851774,0.4438234487214134,0.3969495017025475
37,2004-02-03,0.1660741654515252,0.5630750848462469,0.1056885866310833,0.4616342228793229,0.1965900879354609,0.0739416435573494,0.4597695297062434,0.3921386494432204
38,2004-02-04,0.161080983907145,0.5525467826229193,0.1273707631722002,0.4492966662820533,0.1895760204267855,0.072411315478314,0.4605565760425707,0.3866717785113125
39,2004-02-05,0.1621511477650312,0.5548028237097813,0.1283946809254973,0.4470534488702283,0.1954914095970753,0.0727444062959173,0.4655636454718073,0.386562459444597
40,2004-02-06,0.1678575427665633,0.5668351809455099,0.0429092768856606,0.459391005467498,0.202927282984803,0.0750246159555392,0.4855971452971463,0.3832823243727776
41,2004-02-09,0.1714239537244814,0.574355414575775,0.0867535963224296,0.4818229012502122,0.2137476144688518,0.0745499168520303,0.4846640664296948,0.38519574171162
42,2004-02-10,0.1735638752822485,0.5788674967494987,0.155040882482337,0.4907957152304049,0.2173478133872545,0.0754719716363848,0.4832531646443119,0.3908812716314165
43,2004-02-11,0.1728505993392496,0.5773634417370979,0.0957512561490402,0.4907957152304049,0.2198297429379129,0.0774383801630697,0.5059400550447524,0.3915919706918126
44,2004-02-12,0.173207299796596,0.578115510675038,0.0781225032274387,0.4891132882547594,0.2242539625850617,0.0765291917162472,0.5040619610620947,0.3914826307706396
45,2004-02-13,0.17035410229583,0.5720992906254341,0.0299854162435502,0.4868700708429345,0.2200651226891806,0.0755154225350425,0.489972339610867,0.3946534259212858
46,2004-02-17,0.1664308346659481,0.5638270709207078,0.0479322794020793,0.4857485456376825,0.2258824609130224,0.0773144704574943,0.5103020075836204,0.3979335401386475
47,2004-02-18,0.1682141494951393,0.5675872084517104,0.0343970273122037,0.4896741343580459,0.2282466047883925,0.0764825193223907,0.4895163376458624,0.3995189377139706
48,2004-02-19,0.1742773074398649,0.5803715517618997,0.0418627940935401,0.5014508448520291,0.233897060013981,0.0757165695523367,0.4945194904938044,0.4025257125556285
49,2004-02-20,0.1699973705955601,0.5713473045509732,0.0394950586617598,0.4924780865389433,0.2238125177768234,0.0752418508055643,0.460876430181623,0.4003389558410822
50,2004-02-23,0.1696407638669841,0.5705953184765122,0.0413206102490828,0.4913565056665844,0.2245384875591216,0.0747397886361285,0.4655636454718073,0.3935053671761974
51,2004-02-24,0.1671442668235644,0.5653311259331089,0.0304457034052287,0.4829444821225711,0.2161412167380006,0.0744340412411886,0.482146077665061,0.3947627658424589
52,2004-02-25,0.1675008110662934,0.5660831534393094,0.0744879140902669,0.4851876995343961,0.2175146005858532,0.0751710564842432,0.4538388931069848,0.4007763155257745
53,2004-02-26,0.1653610144802202,0.5615710298338461,0.0278337651160029,0.4851876995343961,0.2162000856257312,0.075370592753938,0.4461722784748982,0.3998469366230323
54,2004-02-27,0.170710646538559,0.5728513595633742,0.0417699980195486,0.4964036752593067,0.2249505218734082,0.0753754053534728,0.4533746849716487,0.4034004110705554
55,2004-03-01,0.1678575427665633,0.5668351809455099,0.0434973296602198,0.4964036752593067,0.2299535630334425,0.0771503313484601,0.4461722784748982,0.4072272248937825
56,2004-03-02,0.1692840946525612,0.5698432495385721,0.0337692451447067,0.5020116352882086,0.2352116228739302,0.0760448281271417,0.408001650186252,0.4061338465365094
57,2004-03-03,0.1635776059222586,0.5578109337345831,0.0693692960557514,0.4958428291560202,0.2279915861079388,0.0763554077648799,0.4059534646730895,0.4014323341983554
58,2004-03-04,0.1692840946525612,0.5698432495385721,0.0980943997042347,0.5031332161605675,0.2336322697687617,0.0769733259018939,0.408467909864171,0.4060245066153363
59,2004-03-05,0.1692840946525612,0.5698432495385721,0.0448347548420677,0.5031332161605675,0.2344366036684945,0.0772935503819652,0.4336472379988956,0.4094139607538711
60,2004-03-08,0.1692840946525612,0.5698432495385721,0.0186785094308776,0.5064980144447514,0.2367517939203814,0.0757390807322018,0.4427359446486352,0.4056418273184594
61,2004-03-09,0.1653610144802202,0.5615710298338461,0.0346663047772259,0.4975252561316656,0.2286095896795416,0.0746738069143423,0.4259955436765024,0.4040564297431362
62,2004-03-10,0.1660741654515252,0.5630750848462469,0.0314149587248086,0.4975252561316656,0.2292178216863786,0.0719881013681965,0.4123691978412549,0.4030723913070362
63,2004-03-11,0.157158028706498,0.5442745214864535,0.0518754906880153,0.4818229012502122,0.2115109320338812,0.069234803352665,0.4309944069354074,0.4067898652090902
64,2004-03-12,0.1532347298336926,0.5360023017817275,0.053095745042832,0.4773365777607764,0.2036826632610529,0.0714538438900356,0.4111293201057326,0.4035644105250863
65,2004-03-15,0.1393252553296678,0.5066733947668667,0.0762400283811251,0.4470534488702283,0.1709666980282802,0.0688662957311377,0.418639644493781,0.4103979991899711
66,2004-03-16,0.1446750123597005,0.5179536830646552,0.0642145448687794,0.4554654724142416,0.1819145388525558,0.0698655878272111,0.4169210113209713,0.4106166790323173
67,2004-03-17,0.1543044875335736,0.5382583428685892,0.0630795220457694,0.4728501429371264,0.1953933107508001,0.0719655705450679,0.4115968853107499,0.4144434928555444
68,2004-03-18,0.1457449575171223,0.5202097655832567,0.0368226693829187,0.45714784372278,0.1828660689215286,0.0717354497142475,0.4369315711701569,0.4130767751225673
69,2004-03-19,0.1471716031318906,0.523217834176319,0.0410229581093835,0.4666813924720452,0.1886244903578127,0.0697175561941711,0.4181685357152116,0.4138968141041366
70,2004-03-22,0.1400385937585137,0.5081774083475281,0.0433760524577738,0.4543438358747756,0.1737821061764816,0.0674035601214881,0.4302071740952091,0.4085939426267595
71,2004-03-23,0.1439617364167016,0.516449669483994,0.0339962530821016,0.4621950133155024,0.1777551094506263,0.0671702177954687,0.4300641256260236,0.4104526795777865
72,2004-03-24,0.1428917912592797,0.5141935869653924,0.0479675124404176,0.4661206020358657,0.1762443967979541,0.0667486144329506,0.3978269314947036,0.4080472430208941
73,2004-03-25,0.1493113997179639,0.5277299577817824,0.0484496795423518,0.4767757873245969,0.1921265904299403,0.0696226006588586,0.3975040932937124,0.3998469366230323
74,2004-03-26,0.1521648471621177,0.5337462192631259,0.0587635844650914,0.4790189490693148,0.195854346588397,0.0694407826127575,0.3959383932952605,0.4010496549014784
75,2004-03-29,0.1553745264197659,0.5405144253871907,0.0382235673660641,0.4835053282258577,0.2025545265288882,0.0717595912849754,0.4020551607579443,0.3995189377139706
76,2004-03-30,0.1560878023627648,0.5420184803995918,0.0216485993333166,0.4807013760449603,0.2008966656068032,0.0724885527900328,0.4050237428753189,0.4038924302886054
77,2004-03-31,0.1539480682625385,0.5375063567941285,0.0303315701998468,0.4778973125298488,0.2022602299900627,0.0723614215892586,0.4250462389722591,0.4012136543560092
78,2004-04-01,0.1582279738639198,0.546530604005055,0.0384190807953046,0.4851876995343961,0.2100884987628911,0.0733205039251365,0.4331925415609889,0.3930680283459626
79,2004-04-02,0.1685708811954092,0.5683391945261711,0.0785897478285714,0.5008899987487425,0.2269419092928635,0.074871752079701,0.396260485480767,0.3937240470185435
80,2004-04-05,0.1692840946525612,0.5698432495385721,0.0264763614059241,0.5031332161605675,0.2285311297624523,0.0762813723050964,0.3781149643432573,0.3936693874851857
81,2004-04-06,0.1692840946525612,0.5698432495385721,0.0482499859578508,0.5031332161605675,0.2281288670129313,0.0758935749989029,0.3965827641701445,0.3968948421691898
82,2004-04-07,0.1724940238535971,0.5766114556626369,0.0297014544812285,0.5081803857532898,0.2294041520145087,0.0746657728196085,0.4020551607579443,0.4033457515371977
83,2004-04-08,0.177130442454784,0.5863876889480244,0.0401355056667785,0.5132276110131192,0.2387529529046024,0.0744710491494486,0.3881250001165648,0.4087579420812903
84,2004-04-13,0.1753472525972867,0.5826275928487616,0.0565558300888391,0.5143491918854781,0.2440699295326481,0.0728811823390247,0.3663805137771341,0.4091406213781672
85,2004-04-14,0.1714239537244814,0.574355414575775,0.0411933747970937,0.5008899987487425,0.2350154251813799,0.072676833469795,0.3677863799579957,0.4064618663000286
86,2004-04-15,0.1671442668235644,0.5653311259331089,0.0266524074958649,0.4958428291560202,0.2309345514961942,0.0727846356993762,0.3740372437040489,0.4111086982503673
87,2004-04-16,0.1724940238535971,0.5766114556626369,0.0312547373577831,0.502572481391495,0.2385372120825206,0.0737131334741283,0.3765358360660813,0.4120380771531096
88,2004-04-19,0.1696407638669841,0.5705953184765122,0.0188705309654186,0.4986468926711317,0.2338775168844497,0.0739078375010248,0.3771673381738547,0.4102886592687981
89,2004-04-20,0.1717806229389043,0.5751074006502359,0.0883690482050076,0.4992076274402041,0.2372913375748949,0.0710644358362426,0.3523065586510847,0.4112726977048981
90,2004-04-21,0.1682141494951393,0.5675872084517104,0.12405545420951,0.4930388769751228,0.228158277506883,0.0720202770336582,0.3463522360601878,0.4010496549014784
91,2004-04-22,0.1678575427665633,0.5668351809455099,0.1714607431453672,0.4997684735434906,0.2292864142390476,0.07456922617996,0.3643537762091557,0.4064071859122132
92,2004-04-23,0.1696407638669841,0.5705953184765122,0.0809118567497429,0.5008899987487425,0.2330240377619247,0.0746770284095411,0.3526141035346399,0.4050404681792363
93,2004-04-26,0.1714239537244814,0.574355414575775,0.1161122633163233,0.5081803857532898,0.2360847409256412,0.0738611847504317,0.3544834318353529,0.4078285840330056
94,2004-04-27,0.1724940238535971,0.5766114556626369,0.1163303934302791,0.5121059744736531,0.2357021171053062,0.0742763451225521,0.3649768856427269,0.4108900184080212
95,2004-04-28,0.1650042202941034,0.5608190023276456,0.1299589643770531,0.4986468926711317,0.2233122519806818,0.0717499464426423,0.3515163417489475,0.4105073391111442
96,2004-04-29,0.1600111637214171,0.5502907001043178,0.1154385437088675,0.4964036752593067,0.2161215778088148,0.0703789252298428,0.3698205776808205,0.4096873209840326
97,2004-04-30,0.1578711796778029,0.5457785764988545,0.0855176626963936,0.4913565056665844,0.2112264549596487,0.0693184836547816,0.3734081661466006,0.4100700002809095
98,2004-05-03,0.1614808308418143,0.5480346590174561,0.0473780441468178,0.4997684735434906,0.2172203040470277,0.0709582247109975,0.3660683062967995,0.4146074923100752
99,2004-05-04,0.1557289773866219,0.5360023017817275,0.1560956528591307,0.5020116352882086,0.2153564259677992,0.0712897244242647,0.3925164202670772,0.4188169854301792
100,2004-05-05,0.1586047635210624,0.5420184803995918,0.1188437934655187,0.5115452397045808,0.2236163200842731,0.0716083381567366,0.4009441571973988,0.4220424401141831
101,2004-05-06,0.1560885521929283,0.536754329287928,0.1652239093367032,0.4952820943869478,0.2121878044932146,0.0703950130625737,0.3881250001165648,0.42094906175691
102,2004-05-07,0.1503369486811237,0.52472188918872,0.0838488774713195,0.4835053282258577,0.2031333001419464,0.0679345764611867,0.3573054219099898,0.4240105169863832
103,2004-05-10,0.1409904406651893,0.5051693397544659,0.1529448139285834,0.4644382307273272,0.1823461641962012,0.066071157564548,0.3519773793184737,0.4185436460544753
104,2004-05-11,0.1474610063320658,0.5187057105708557,0.0602828495627669,0.4784581586331353,0.1915576362814751,0.0674115942162218,0.3576146453283857,0.4247212160467793
105,2004-05-12,0.1449446387893142,0.5134415594591919,0.0528547684726412,0.4694854003200496,0.1837097285794607,0.0677060860212291,0.3612220032045095,0.4286026894033642
106,2004-05-13,0.1456636009443861,0.5149456144715929,0.0626446246370085,0.473410989040413,0.187378615850187,0.0675709010824577,0.3454143080920859,0.4302974268998604
107,2004-05-14,0.1424283962182565,0.5081774083475281,0.0638332601119307,0.4689245542167631,0.1788734746180252,0.0674518236196806,0.3576146453283857,0.4319374840085412
108,2004-05-17,0.1366766364918346,0.4961450925435391,0.047726307152705,0.45714784372278,0.1682983902496644,0.0655851832278431,0.3799908202794611,0.4328668420568259
109,2004-05-18,0.1402714160242704,0.5036652847420648,0.072290304442805,0.4610733767760364,0.1734976291022489,0.066774366751278,0.3674737994699186,0.4273453115915603
110,2004-05-19,0.1510556608928077,0.526225944201121,0.0423046710757087,0.4818229012502122,0.1906747466649985,0.0663221984708976,0.3766936183410891,0.432593502681122
111,2004-05-20,0.1467420754199173,0.5172016969901945,0.0379532770091596,0.471167771628588,0.1825521813533445,0.0664042483821513,0.3693507744293494,0.4294227075304758
112,2004-05-21,0.1456636009443861,0.5149456144715929,0.0332592103410354,0.4689245542167631,0.1815025045382692,0.0671074772121447,0.3804660321431961,0.4240105169863832
113,2004-05-24,0.1499772801460469,0.5239698616825195,0.0267632406341463,0.4795797395054942,0.1890953456600026,0.0674051708690875,0.3759274604383325,0.4337962209595682
114,2004-05-25,0.1474610063320658,0.5187057105708557,0.0335313820840065,0.4778973125298488,0.1849359641579004,0.0702437599343349,0.3918746604463896,0.430625425808922
115,2004-05-26,0.1524936789317219,0.5292340127941833,0.0240742740779633,0.4846269090982166,0.1932351361327461,0.0705478769384119,0.3934338328093507,0.4282200101064872
116,2004-05-27,0.1539316032418657,0.5322422056824647,0.1206225644146458,0.4868700708429345,0.1970904016314298,0.0715681087532778,0.4192524962144377,0.421331741053787
117,2004-05-28,0.1506963672728127,0.5254739166949205,0.0498675806179489,0.4818229012502122,0.1957366567127633,0.0714715621136292,0.4101947492073119,0.4237371776106793
118,2004-06-01,0.1449446387893142,0.5134415594591919,0.0560638091615063,0.472289352500947,0.1856128366172337,0.0715552227724824,0.4144078716569881,0.4371310155647453
119,2004-06-02,0.1467420754199173,0.5172016969901945,0.0219646300325919,0.4767757873245969,0.1915282257875235,0.0721651068147627,0.4103346271106876,0.424174516440914
120,2004-06-03,0.1471016189833003,0.5179536830646552,0.0520338127510117,0.4790189490693148,0.1908611248929559,0.0708214486678901,0.4106617549007156,0.42045704253886
121,2004-06-04,0.1532127660584877,0.5307380678065843,0.0336343355347619,0.4891132882547594,0.2015343081075918,0.0717644235277737,0.4191109397762214,0.4161382303520405
122,2004-06-07,0.1578858326089141,0.5405144253871907,0.0266666406821076,0.4980860465678451,0.2111774055365111,0.0746480742392783,0.425829368727292,0.4170675884003252
123,2004-06-08,0.1560885521929283,0.536754329287928,0.0212587308184139,0.4980860465678451,0.2106575008111836,0.0749312908110896,0.4169210113209713,0.4095233006750441
124,2004-06-09,0.1542910530764782,0.532994233188665,0.0259307352046637,0.4935997230784094,0.2078616836923409,0.0731853189863651,0.3828003145947298,0.4109446987958365
125,2004-06-10,0.1571669641826126,0.5390103703747897,0.0194571777069174,0.4941604578474817,0.2100689077335324,0.0740124378786705,0.3931356131193537,0.4159195505096944
126,2004-06-14,0.149258380476822,0.5224658481018583,0.02341163093335,0.4818229012502122,0.1970708106020712,0.0722133899562187,0.3857774758901784,0.4112180381715404
127,2004-06-15,0.1542910530764782,0.532994233188665,0.0643191678520444,0.4891132882547594,0.2032902678759521,0.0732947516068091,0.4020551607579443,0.4090312814569942
128,2004-06-16,0.1560885521929283,0.536754329287928,0.023594080059904,0.4947213039507683,0.2072828621794555,0.0735441817655593,0.3771673381738547,0.4097419805173903
129,2004-06-17,0.1600428128029001,0.545026548992654,0.0332925778032741,0.5003292639796701,0.210578992994267,0.0733011945972068,0.3813944484138685,0.4159742100430521
130,2004-06-18,0.1578858326089141,0.5405144253871907,0.0620026156072555,0.502572481391495,0.2111970444656971,0.0737791151959146,0.3987725061215232,0.4175596076183753
131,2004-06-21,0.15824531368645,0.5412664528933913,0.0382564910952305,0.5014508448520291,0.2131687929559663,0.0730195887729949,0.3958001939267253,0.4114367180138865
132,2004-06-22,0.1532127660584877,0.5307380678065843,0.0285963788976078,0.4924780865389433,0.2060272161070642,0.0736809578086666,0.3951563825634547,0.4140608135586674
133,2004-06-23,0.1553695275520094,0.535250274275527,0.0312029565540411,0.4941604578474817,0.2110008467731468,0.0752338167108306,0.3895405644987271,0.4111086982503673
134,2004-06-24,0.157526476503072,0.5397623978809902,0.0234076130937501,0.4997684735434906,0.2164355132768263,0.0746850821475382,0.4033064152296077,0.4130767751225673
135,2004-06-25,0.1506963672728127,0.5254739166949205,0.0748327463333269,0.4941604578474817,0.2123055422686757,0.0736841793038655,0.4078386458028515,0.4109993583291942
136,2004-06-28,0.1535720909214063,0.5314900953127848,0.0516860809600139,0.4997684735434906,0.2185740489656943,0.0735103757092347,0.4053256926427393,0.4038377707552477
137,2004-06-29,0.1503369486811237,0.52472188918872,0.0313659235853262,0.4958428291560202,0.2133552190837511,0.0739689869800128,0.3914166069388018,0.4006669756046015
138,2004-06-30,0.1449446387893142,0.5134415594591919,0.0533831818358885,0.4896741343580459,0.2081657517959322,0.0747156470654005,0.404861298003532,0.4082659228632402
139,2004-07-01,0.1474610063320658,0.5187057105708557,0.0677345496895124,0.487430916946221,0.2088524437198584,0.072800723532107,0.4014301862856615,0.4175049480850175
140,2004-07-02,0.1449446387893142,0.5134415594591919,0.0647803445878631,0.4902348691271184,0.2038788609536032,0.0722278670413501,0.4247379480732192,0.4155915307461752
141,2004-07-06,0.1435068082079409,0.5104334908661297,0.023376111207611,0.4818229012502122,0.2027212658276597,0.070752245450905,0.4206680605965998,0.4224797997988754
142,2004-07-07,0.1463826568282284,0.516449669483994,0.03738047769071,0.4907957152304049,0.2067433185249421,0.0710933900065054,0.4341259934361827,0.4193636850360445
143,2004-07-08,0.1463826568282284,0.516449669483994,0.0358908868469946,0.4952820943869478,0.2088230332259067,0.0696097343213266,0.4378683801150318,0.4261972737009294
144,2004-07-09,0.1438661955567064,0.5111855183723302,0.0184997745925582,0.4896741343580459,0.2051443264905875,0.0702051412784755,0.4416253140958319,0.424174516440914
145,2004-07-12,0.1445852201976252,0.5126895319529914,0.0222365140341645,0.4857485456376825,0.2057427390328315,0.0704529410463628,0.4399135815662558,0.4216597608173062
146,2004-07-13,0.1467420754199173,0.5172016969901945,0.0168426718790595,0.4907957152304049,0.2079891930325678,0.070580072247137,0.4281823015659425,0.421331741053787
147,2004-07-14,0.142069008869491,0.5074254222730672,0.0375863297843354,0.4907957152304049,0.2033883667222272,0.0699894975327865,0.4363071562094878,0.4296960677606373
148,2004-07-15,0.1409904406651893,0.5051693397544659,0.0204001389434703,0.4835053282258577,0.1988267703704314,0.0692203066242702,0.4317823857910907,0.4286026894033642
149,2004-07-16,0.1424283962182565,0.5081774083475281,0.0253894672842915,0.4835053282258577,0.2015538991369505,0.0683674550569008,0.4474095451562241,0.4312267849481451
150,2004-07-19,0.1417093403344142,0.5066733947668667,0.0140443530514991,0.4812621108140327,0.1986599831718327,0.0682886069975826,0.4449124448251609,0.433358861274876
151,2004-07-20,0.1417093403344142,0.5066733947668667,0.034430241944762,0.4846269090982166,0.1995036428297647,0.0695389400000055,0.4283251635312568,0.4290947086214142
152,2004-07-21,0.142069008869491,0.5074254222730672,0.0239663151916727,0.486309336073862,0.2035649254855916,0.0671589622055361,0.4172268776696863,0.4275639914339064
153,2004-07-22,0.1381146232878253,0.4991531611366015,0.2021571167385203,0.4790189490693148,0.1931468567510639,0.0676352720566445,0.4161218422330184,0.4318281440873681
154,2004-07-23,0.1258923916232973,0.4735844330844829,0.1347189912812743,0.4706069811924086,0.1856520665757783,0.0659231062882447,0.3910960067842648,0.4337415405717529
155,2004-07-26,0.1183432265091956,0.4577918968860122,0.2874664061785595,0.4666813924720452,0.1750672106426518,0.0655803509850448,0.3978269314947036,0.4322654829176028
156,2004-07-27,0.1255329105457614,0.4728324055782824,0.1330447157816788,0.4812621108140327,0.1850144240749897,0.0673118260813744,0.3860962110060038,0.4344522396321491
157,2004-07-28,0.1219381310133254,0.4653122133797567,0.0591153931195658,0.4790189490693148,0.18175757111855,0.0674067816166869,0.3829590293890934,0.4402471303275762
158,2004-07-29,0.1205001442173347,0.4623041033549548,0.0477374531794021,0.4896741343580459,0.1880064388863827,0.0682129804334631,0.3820291210874518,0.439427091346007
159,2004-07-30,0.1222975808479379,0.4660642408859572,0.0576022464790984,0.4941604578474817,0.1925680352381785,0.0684205507978917,0.3785892436876366,0.4451673016536187
160,2004-08-02,0.1245863749360769,0.4645601858735562,0.0827678087955076,0.4919172404356569,0.1876336824304679,0.0692090510343376,0.3795159814234683,0.4452766415747918
161,2004-08-03,0.1267660687354314,0.4690723094790196,0.0954861588392786,0.4924780865389433,0.1901057925165333,0.0680938833274227,0.3843671336164089,0.4470807189924611
162,2004-08-04,0.1245863749360769,0.4645601858735562,0.045476953591424,0.4879917073824005,0.1820714586867343,0.0679233208712541,0.3854587407743528,0.4398644510306992
163,2004-08-05,0.1271293614496317,0.4698243369852201,0.1163190049840889,0.4907957152304049,0.1844454699265245,0.0650380594121502,0.3842082323181741,0.4485020962587958
164,2004-08-06,0.1231331415934291,0.461552117280494,0.1039402941362349,0.4812621108140327,0.169191099330734,0.0623459108756067,0.4242638552327111,0.4459873406351879
165,2004-08-09,0.1216800644653986,0.4585439243922127,0.065360918194059,0.4745325699127719,0.1645412235972559,0.0625470578929009,0.4187810144281259,0.4508528524278728
166,2004-08-10,0.1231331415934291,0.461552117280494,0.0201423785123695,0.4750933603489514,0.1666111188336277,0.0647709503163331,0.413001259460642,0.4491034553980189
167,2004-08-11,0.1224065874079521,0.4600480622680929,0.0593308249991628,0.4700461907562291,0.1620004730586942,0.0642479680713682,0.4108020058118335,0.4506341725855267
168,2004-08-12,0.1216800644653986,0.4585439243922127,0.0329443337693472,0.4728501429371264,0.1636191040222347,0.0622268334128296,0.4134699436888862,0.4544609864087537
169,2004-08-13,0.1202267998798272,0.4555358557991504,0.0813913741012169,0.4655598115996863,0.1591163286583421,0.0624794850667786,0.4348925243466817,0.4603652170253539
170,2004-08-17,0.1234964343076293,0.4623041033549548,0.0306572945168556,0.4756541507851309,0.1681807003740306,0.065200587773585,0.4300641256260236,0.4612945750736387
171,2004-08-18,0.1249496051644302,0.4653122133797567,0.0145173672365693,0.4835053282258577,0.1719476864910321,0.0673665522132281,0.4292774522974385,0.4641373504607656
172,2004-08-19,0.1253129916074009,0.4660642408859572,0.027121808576489,0.4807013760449603,0.1744393876064561,0.0667325266002198,0.4342696014169818,0.4719549775617506
173,2004-08-20,0.1224065874079521,0.4600480622680929,0.0142829128047427,0.4790189490693148,0.1717514887984816,0.067878259224997,0.4264466965408566,0.4673628051447697
174,2004-08-23,0.1271293614496317,0.4698243369852201,0.0153403318779988,0.4868700708429345,0.1797759552638606,0.0674486217677452,0.3998577721478475,0.4574677612504115
175,2004-08-24,0.1260395457928779,0.4675682544666186,0.0207846900394901,0.486309336073862,0.1801487596196026,0.0675306716789989,0.3889010427244932,0.4528755888334306
176,2004-08-25,0.1253129916074009,0.4660642408859572,0.0151224568315097,0.4818229012502122,0.1793050999616705,0.0689419222952572,0.3895405644987271,0.4433632450904071
177,2004-08-26,0.1282193020780793,0.4720804195038215,0.0387613823896553,0.4857485456376825,0.1846122571251233,0.0689628423707863,0.3915768137641349,0.4413404878303917
178,2004-08-27,0.1289459187494032,0.4735844330844829,0.0135834134651846,0.48855249781858,0.1889383779259968,0.0693941102189009,0.3791992978502259,0.441777847515084
179,2004-08-30,0.1285826572781265,0.4728324055782824,0.011634667453424,0.4879917073824005,0.1888795569380936,0.0680070011733706,0.3837537223841387,0.4368576553345838
180,2004-08-31,0.1303990896062042,0.4765925431092849,0.0318666442104706,0.4868700708429345,0.1876827318536055,0.0688260663276789,0.4039326952289885,0.4359829568196568
181,2004-09-01,0.1343951532477893,0.4848647628140111,0.0294009934374018,0.4947213039507683,0.1944907822051376,0.0690948058143588,0.4058139597774561,0.4462606800108918
182,2004-09-02,0.1373015886901617,0.4908809414318754,0.0277458701317648,0.5020116352882086,0.1989052302875207,0.07109018815457,0.4031441568616918,0.446588699774411
183,2004-09-03,0.1391181459899333,0.4946410375311381,0.0265277838504153,0.5098628127289353,0.2064784803798954,0.0703370850787846,0.384685495724492,0.4462060204775341
184,2004-09-07,0.140208024132534,0.4968971200497397,0.0259359008478639,0.5126668205769397,0.2114815215399297,0.0715713302484766,0.3915768137641349,0.4424885465754801
185,2004-09-08,0.1376649126472854,0.4916329689380758,0.0346937171519149,0.5098628127289353,0.2099413504934784,0.0707619099365015,0.4056511418979267,0.43953643126718
186,2004-09-09,0.1351219261337307,0.486368817826412,0.0300636956058917,0.5031332161605675,0.2043203057618415,0.0711014437445025,0.4139388144210014,0.4495954746160689
187,2004-09-10,0.1365750969905316,0.4893768864194743,0.0319743796492284,0.5053764335723925,0.2059683472193336,0.0719929336109947,0.4187810144281259,0.4397551111095261
188,2004-09-13,0.1380282366044091,0.4923849550125367,0.0318424834189836,0.5121059744736531,0.2122663123101311,0.0722986613626712,0.4173917470917985,0.4455499809504957
189,2004-09-14,0.1380282366044091,0.4923849550125367,0.0228088253516344,0.5087412318565763,0.2094900862206471,0.0727025661448591,0.4167565149066017,0.4483927563376227
190,2004-09-15,0.1300358281349274,0.4758405156030844,0.1368419968567108,0.504815643136213,0.2064392504213509,0.0714216682245738,0.4006435129570767,0.4439646042296302
191,2004-09-16,0.1318522917059286,0.4796006117023472,0.0436864916987391,0.5059372240085719,0.2082148012190697,0.0719253411416091,0.4058139597774561,0.445604661338311
192,2004-09-17,0.1300358281349274,0.4758405156030844,0.0525574230463007,0.5053764335723925,0.2088524437198584,0.072737982948783,0.4045593482361116,0.4549530056268037
193,2004-09-20,0.1274927166496788,0.4705763644914205,0.0806561452903583,0.5014508448520291,0.2057329195682387,0.0717161403863178,0.4033064152296077,0.4591078183590924
194,2004-09-21,0.1264027760212312,0.4683202819728191,0.0365180629657587,0.5031332161605675,0.2074594688426473,0.0728586711591595,0.4275399822336412,0.4632079715580234
195,2004-09-22,0.1234964343076293,0.4623041033549548,0.0554873124187869,0.4986468926711317,0.2026133954166188,0.070325829488852,0.4178389833748583,0.4700415602229083
196,2004-09-23,0.1224065874079521,0.4600480622680929,0.0428410927142131,0.4964036752593067,0.1995919222114469,0.0694890461109501,0.418639644493781,0.4706429193621314
197,2004-09-24,0.1224065874079521,0.4600480622680929,0.1242727073972992,0.4941604578474817,0.199121066909257,0.0697706519351619,0.4192524962144377,0.4729390159978507
198,2004-09-27,0.1209532603365337,0.4570398693798117,0.0360863517923364,0.487430916946221,0.194569290022054,0.0687102103601006,0.4242638552327111,0.4770938287301394
199,2004-09-28,0.1220432322079049,0.4592960347618924,0.0348945553780228,0.4924780865389433,0.199336855631166,0.0697626178404282,0.4263042075832848,0.4785152268509316
200,2004-09-29,0.1242229572501828,0.4638081583673558,0.0410236885298564,0.4941604578474817,0.2051933759137252,0.0705253657585468,0.4288013079143478,0.4763831296697431
201,2004-09-30,0.123859758264753,0.4630561308611553,0.0578881444353722,0.4952820943869478,0.2033491367636827,0.0704899489546228,0.4439687352370529,0.4770938287301394
202,2004-10-01,0.1285826572781265,0.4728324055782824,0.0572117940494166,0.5109843936012942,0.2221251984609594,0.073212682052292,0.4409981015770954,0.4797179242749202
203,2004-10-04,0.1362118042763314,0.4886248589132738,0.0833734527932889,0.5255651676103887,0.2303950078416807,0.0738032567666426,0.4214476467780803,0.4785698863842894
204,2004-10-05,0.135485156362084,0.4871208453326125,0.0794182069605135,0.5244435867380298,0.2304341899003981,0.0736922133985992,0.4255207048205096,0.4850207957522974
205,2004-10-06,0.1387548845186565,0.4938890100249376,0.0559987880374458,0.5300514910998246,0.2322293796273029,0.0749103707355604,0.42003077686882,0.4901049873873283
206,2004-10-07,0.1394813762182865,0.4953930650373386,0.0556778573024151,0.5412674668247353,0.2331221366081998,0.0730759060091846,0.4228665682299235,0.4936584409803939
207,2004-10-08,0.1398446689324868,0.4961450925435391,0.0727032860753852,0.5367811433352994,0.2321901975685856,0.0717064955439846,0.4402267215659461,0.4971572558945594
208,2004-10-11,0.1398446689324868,0.4961450925435391,0.0423053867402125,0.531733973742577,0.2300810723736692,0.0720685601751142,0.4361633617248177,0.498961312457771
209,2004-10-13,0.1416611325034879,0.4999051886428019,0.07640631023548,0.5362202972320129,0.2295611676483417,0.0703403065739834,0.4306842509976558,0.498961312457771
210,2004-10-14,0.1438409825174598,0.5044173122482654,0.0674472446461805,0.5334163450511155,0.225548886515825,0.0686732024518407,0.4369315711701569,0.5050842020622598
211,2004-10-15,0.1449307981742135,0.5066733947668667,0.0601365683705967,0.5339770798201879,0.2260982017351042,0.0694632937926227,0.4510085103581451,0.506013580965002
212,2004-10-18,0.1452942783459546,0.5074254222730672,0.0918779270250017,0.5373418781043718,0.2266770232479895,0.070399845305372,0.4525934202553274,0.4991253119123018
213,2004-10-19,0.1467473554739851,0.5104334908661297,0.0633040920862612,0.5474362729569235,0.2345936193023275,0.0686635379662441,0.4572655287319471,0.4970479159733862
214,2004-10-20,0.1449307981742135,0.5066733947668667,0.1114455879429321,0.5412674668247353,0.2287959200076716,0.0687327411832292,0.4666522685678125,0.5059589005771867
215,2004-10-21,0.1485637878020628,0.5141935869653924,0.1372893050895244,0.5440714746727396,0.2343875542453569,0.0691881309588085,0.473084787084383,0.5034988253413942
216,2004-10-22,0.1492903732304633,0.5156976419777934,0.0575528023884711,0.5446322651089192,0.2370166799652554,0.0674582666100783,0.4841851244885364,0.5073256183101638
217,2004-10-25,0.14420427523166,0.5051693397544659,0.0684776444859256,0.5311731276392906,0.2230670048649938,0.0673070134818395,0.502957298633169,0.5038815046382712
218,2004-10-26,0.1456575085743079,0.5081774083475281,0.0921800164954238,0.5328555546149361,0.2232926130514959,0.0699283480537985,0.4957679474074004,0.5073256183101638
219,2004-10-27,0.149653697187587,0.516449669483994,0.0711640076675515,0.5479970633931031,0.2336813191918992,0.072231088536549,0.4865313431878248,0.4925104030897631
220,2004-10-29,0.1561928723144207,0.5299860403003838,0.0788200537250713,0.5636994182745565,0.2415193595294934,0.0730034812970006,0.4999831213996593,0.488683589266536
221,2004-11-02,0.160829384644378,0.5269779717073215,0.0726497904172284,0.5788409827198305,0.2501324190725233,0.0730614289240532,0.4887311563482468,0.4769844888089662
222,2004-11-03,0.1611997382592842,0.5277299577817824,0.0855152996333341,0.5799625079250824,0.2520552139393096,0.0750954102768604,0.5051420049800261,0.4838727578616665
223,2004-11-04,0.160829384644378,0.5269779717073215,0.0473444036991498,0.578280136616544,0.2528497762742767,0.0780675735332797,0.5126584839958233,0.4726109962343314
224,2004-11-05,0.1630511314187336,0.5314900953127848,0.0676840948149983,0.580523354028369,0.2564597946572724,0.0787917027955389,0.5273615166793209,0.4769298292756085
225,2004-11-08,0.160829384644378,0.5269779717073215,0.1011011265700768,0.579401717488903,0.2571955360043363,0.0785857235354464,0.5181437493507335,0.4740870538884815
226,2004-11-09,0.1563859848244372,0.5179536830646552,0.0882627546352354,0.5709897496119968,0.2543997188854936,0.0784553708394733,0.5167371371543872,0.4646840292121734
227,2004-11-10,0.1537940406497928,0.5126895319529914,0.073748436614291,0.5693073783034583,0.2522710505610459,0.0782671098029745,0.514682610509605,0.4728296760766776
228,2004-11-11,0.160829384644378,0.5269779717073215,0.1290296450339792,0.5625778374021976,0.2552728369372046,0.0799680003381784,0.5184565163426813,0.4649573685878773
229,2004-11-12,0.1660134916941313,0.5375063567941285,0.1968325728305336,0.5569698217061887,0.2544389967438656,0.0816882198445754,0.5278350500082156,0.4644106898364696
230,2004-11-15,0.171197567500961,0.5480346590174561,0.1839063153974342,0.5580914025785476,0.2515058029203758,0.0816302918607863,0.5231349659509206,0.4619505937462195
231,2004-11-16,0.1682353321972573,0.5420184803995918,0.1178694747405249,0.5536050234220048,0.2454335418157349,0.0802818014711154,0.5265726053042818,0.4577957810139308
232,2004-11-17,0.1767517782222326,0.5593149473152446,0.1851641163157523,0.5726721765876422,0.2616983113682288,0.0813293570653813,0.538470433261548,0.4617865942916886
233,2004-11-18,0.1771221318371389,0.5600669748214451,0.1072275456775847,0.5715505957152832,0.2629049080174827,0.081588451709728,0.5245505303330831,0.4583971401531539
234,2004-11-19,0.1774923917232746,0.5608190023276456,0.0971653628325702,0.5687465878672788,0.2618847374960136,0.0794627166735437,0.5386300805752675,0.4705335794409583
235,2004-11-22,0.1760112272070376,0.5578109337345831,0.2210320702786927,0.5648209991469154,0.259677513454822,0.0805730521376604,0.5387895413851156,0.4716269577982314
236,2004-11-23,0.1715678586300203,0.548786645091917,0.0613456766987164,0.5670641608916334,0.2600502699107367,0.0805247689962045,0.5477139381243565,0.4732670149069122
237,2004-11-24,0.1715678586300203,0.548786645091917,0.1226370946448715,0.5721113304843557,0.2660146606043368,0.0813004028951184,0.5603779239843794,0.4760004503728662
238,2004-11-29,0.1730489606604104,0.5517947551167188,0.0349372264788104,0.5721113304843557,0.2706743558024078,0.0807870654924866,0.5739977421841356,0.4777498474027202
239,2004-11-30,0.1730489606604104,0.5517947551167188,0.079680219218725,0.5681857417639923,0.2684671317612163,0.0800227068267687,0.5791584908032144,0.4743057337308276
240,2004-12-01,0.173789480432682,0.5532987686973803,0.0604231925313522,0.5693073783034583,0.2764033667447402,0.0828468188068846,0.5866553869125386,0.454406326875396
241,2004-12-02,0.1741598028046647,0.5540507962035808,0.0485812026573767,0.579401717488903,0.2800820734800594,0.0826794582026516,0.5733647480453927,0.4421605268119609
242,2004-12-03,0.1726787007742746,0.5510427276105183,0.0540133776583393,0.5749153939994671,0.2777767505925927,0.0828146431414229,0.605437445762343,0.4382790534553761
243,2004-12-07,0.1726787007742746,0.5510427276105183,0.0445360307866095,0.577158500077078,0.2807687654039857,0.0805456890717336,0.599948077322267,0.4323748228387759
244,2004-12-09,0.1704569227569955,0.546530604005055,0.0485270872485157,0.5749153939994671,0.2765700581436844,0.0825040635036848,0.5800995893371261,0.4382243730675608
245,2004-12-10,0.1704569227569955,0.546530604005055,0.0288066567279803,0.5754761287685396,0.2816320160912764,0.08230452723399,0.5663180722810675,0.4282746696398449
246,2004-12-13,0.1726787007742746,0.5510427276105183,0.045162868572081,0.5833273062092663,0.2875866352201107,0.0840231359927876,0.5825948246294772,0.4299147267485258
247,2004-12-14,0.1723083784022918,0.5502907001043178,0.0743543008976118,0.5822057253369074,0.2881653609333415,0.0847794409205084,0.5808752589373121,0.434342899710976
248,2004-12-15,0.1704569227569955,0.546530604005055,0.0362949253082722,0.579401717488903,0.2859483653273843,0.0851559826367694,0.5957232051287071,0.4472993779803496
249,2004-12-16,0.1700865691420893,0.5457785764988545,0.0662286492838954,0.5878137410329162,0.2886558551647175,0.0847520778545816,0.5717977425198428,0.4472447184469919
250,2004-12-17,0.1697163092559535,0.545026548992654,0.1376292246488553,0.5861313140572707,0.2854382321668225,0.0833022085824639,0.5814851265960301,0.4587251390622154
251,2004-12-20,0.1693460181268943,0.5442745214864535,0.0752996199272352,0.5833273062092663,0.2882340492856651,0.0833746332946478,0.5938697296570437,0.4552263450025076
252,2004-12-21,0.1708272138860548,0.5472826315112556,0.0462277889476541,0.595664862806536,0.2928741055545502,0.0851125317381117,0.5902562171531713,0.4558823636750885
253,2004-12-22,0.1741598028046647,0.5540507962035808,0.0413873441195624,0.5990296054236128,0.301035948724576,0.0857755115213829,0.5937013166613794,0.4475727382105111
254,2004-12-23,0.1763816433077908,0.558562919809044,0.054665411261134,0.6029552498110832,0.3039004541957423,0.0858656348138971,0.612639479251351,0.4472447184469919
255,2004-12-27,0.1771221318371389,0.5600669748214451,0.0193696632158838,0.6018336689387243,0.3035571082337791,0.0850272603316592,0.6301503277152773,0.431609464245022
256,2004-12-28,0.1786033588392229,0.5630750848462469,0.0110060557896611,0.6035160402472627,0.3061468602956512,0.0864143693771895,0.6254563982857311,0.4340695603352721
257,2004-12-29,0.1786033588392229,0.5630750848462469,0.0561051406310946,0.6080023637366985,0.3084620505475381,0.0863998726487946,0.6274820168304822,0.4442926031386918
258,2004-12-30,0.1763816433077908,0.558562919809044,0.0378437972040488,0.6057592576590876,0.3065098451868002,0.0864159801247889,0.6307892899778975,0.443253905169234
259,2005-01-03,0.1789735562395117,0.5638270709207078,0.0666578951564719,0.6102455811485235,0.3107575060705846,0.0845702401652171,0.6060618607230122,0.4359829568196568
260,2005-01-04,0.1789735562395117,0.5638270709207078,0.026006483918296,0.60631999242816,0.3103553391207182,0.0823125809719871,0.5766438591082614,0.4457686607928418
261,2005-01-05,0.1741598028046647,0.5540507962035808,0.0602625780231486,0.6023944593749037,0.3009771277366728,0.0816190166275903,0.5763404173098718,0.4429258854057148
262,2005-01-07,0.1726787007742746,0.5510427276105183,0.079933697256779,0.609684846379451,0.3026153018297447,0.0820132569241816,0.5420669739131438,0.4540783071118768
263,2005-01-10,0.1719380872732326,0.5495386725981173,0.0323794963502517,0.6057592576590876,0.3013792946865392,0.0826665918651196,0.5497287394445804,0.453531628360469
264,2005-01-11,0.1723083784022918,0.5502907001043178,0.0688645122691019,0.5973472341150744,0.2952873946527123,0.0814983284172138,0.5508317233386653,0.4554450248448538
265,2005-01-12,0.1715678586300203,0.548786645091917,0.0445906415744348,0.5889353219052752,0.2932567293748852,0.082256244092534,0.57256725749228,0.4592171582802655
266,2005-01-13,0.1749004163057067,0.5555548512159816,0.0811642997619608,0.593421701061818,0.3002315190251887,0.0806068385507216,0.5655532199054087,0.4683468435808697
267,2005-01-14,0.1749004163057067,0.5555548512159816,0.1015569258091383,0.5906176932138136,0.3010457202893418,0.0817445370807651,0.5480091737524149,0.4702055805318966
268,2005-01-18,0.1786033588392229,0.5630750848462469,0.1543088694187553,0.5939824358308905,0.3080892940916234,0.0835886466494741,0.5353369817220612,0.4702055805318966
269,2005-01-19,0.1778625891235635,0.5615710298338461,0.044422635379685,0.5945432819341769,0.3071768981815406,0.0817622356610954,0.5330066158518221,0.4656680676482735
270,2005-01-20,0.1752706761918425,0.5563068787221821,0.0691882877441852,0.5861313140572707,0.3003198463066981,0.0802785799759165,0.5267302010754185,0.4621692735885656
271,2005-01-21,0.1723083784022918,0.5502907001043178,0.090266723807541,0.5822057253369074,0.2985246565797933,0.0790652548817536,0.5323719431782388,0.4710255986590083
272,2005-01-24,0.1715678586300203,0.548786645091917,0.1304488182849165,0.5754761287685396,0.2953559872053813,0.0784022750984825,0.5386300805752675,0.4725563367009737
273,2005-01-25,0.1723083784022918,0.5502907001043178,0.1443769459454078,0.5816449349007279,0.3018403784239635,0.079152156679069,0.5279928322832232,0.4770938287301394
274,2005-01-26,0.1730489606604104,0.5517947551167188,0.2117676172598661,0.5838881523125529,0.3042829822164228,0.0800629362302275,0.5447395743869758,0.4723923163919853
275,2005-01-27,0.1749004163057067,0.5555548512159816,0.1618552122236315,0.5889353219052752,0.3108752438460458,0.0801401931852097,0.5389491886988351,0.4727203361555046
276,2005-01-28,0.1752706761918425,0.5563068787221821,0.3145263303284302,0.5894961123414546,0.3122584950583186,0.079626855782578,0.5395614809078786,0.4636453312427157
277,2005-01-31,0.1756410298067487,0.5570589062283826,0.0756896412718183,0.5984688706545404,0.3205478475685712,0.0812215548358002,0.5406534610735647,0.4692215420957967
278,2005-02-01,0.1779953403054208,0.5555548512159816,0.0521473356916695,0.6029552498110832,0.3237948810604178,0.0825314265696116,0.5386300805752675,0.4633173114791964
279,2005-02-02,0.1798636983723186,0.5593149473152446,0.2247741703530916,0.608563209839985,0.3286998233741769,0.0831396802210291,0.5375399654482929,0.4609665553101194
280,2005-02-03,0.1802374262229605,0.5600669748214451,0.0777583480427772,0.609684846379451,0.3290333977713743,0.0826086638813305,0.5281509875659733,0.4596545179649578
281,2005-02-04,0.1862164157318367,0.5720992906254341,0.4174353624547226,0.6136103794327074,0.3400302401189602,0.0847231236843187,0.5103020075836204,0.4598185174194886
282,2005-02-07,0.1895796227154549,0.5788674967494987,0.314352522929809,0.6141711698688868,0.3438757340528782,0.084512312181428,0.4956148277291716,0.4532582681303075
283,2005-02-08,0.1944375848870231,0.5886438128983655,0.1193833033175665,0.6130495889965278,0.3455924638626938,0.0846056569691411,0.4965329862869299,0.453914307657346
284,2005-02-09,0.1936902541574333,0.5871397578859645,0.0616839836414187,0.6108064272518099,0.3428064183086169,0.082946586941732,0.5032654030283379,0.4542423065664076
285,2005-02-10,0.1918217398759181,0.5833796617867018,0.0790115946366171,0.6169752333839983,0.3428456961669888,0.0837543965061077,0.5131253031853558,0.4632079715580234
286,2005-02-11,0.2015377579478248,0.6029322112209561,0.0651246666959896,0.6242655647214385,0.3562950096714541,0.0850884098106471,0.5101468363628088,0.4635359913215425
287,2005-02-14,0.2026588790139033,0.6051882523078178,0.0819021783232795,0.6214615568734341,0.3559713026386769,0.0852235751061551,0.5283089563448524,0.4650667085090504
288,2005-02-15,0.2015377579478248,0.6029322112209561,0.0488369457366952,0.622583137745793,0.3608075566001124,0.0858640240662977,0.5351778939199552,0.4640826700729503
289,2005-02-16,0.1970534611410515,0.5939079640100293,0.0677090787787644,0.6113672176879894,0.3550491351638284,0.0858994212269583,0.5361327937403331,0.4699322411561928
290,2005-02-17,0.1959324650466669,0.5916518400596882,0.0507968725570801,0.6141711698688868,0.3560399909910005,0.0843562268103909,0.5442580213916208,0.4656134081149157
291,2005-02-18,0.1959324650466669,0.5916518400596882,0.0456007856845285,0.6119280081241689,0.3545095915093149,0.0844913921058988,0.5433223314699733,0.4700415602229083
292,2005-02-22,0.190700650052763,0.5811235378363606,0.0720503407644966,0.5990296054236128,0.3329474842579613,0.081686609096976,0.5733647480453927,0.4853488155158165
293,2005-02-23,0.1903269534450447,0.5803715517618997,0.063817044355833,0.5995904515268993,0.3333202407138761,0.0827551044100344,0.5642978623485797,0.485458134582532
294,2005-02-24,0.1910743779034049,0.5818756067743007,0.066201041919614,0.6007120880663652,0.3331730924444632,0.0842677142654761,0.5611662758478044,0.4866608528609781
295,2005-02-25,0.1910743779034049,0.5818756067743007,0.0806124560276994,0.608563209839985,0.3417175594348242,0.0860651710835919,0.5710289735628897,0.4872075524668435
296,2005-02-28,0.1880848362845815,0.5758593867246968,0.0989043369329005,0.6068808385314466,0.336940126461292,0.084814838081169,0.5664820091838234,0.4886289297331783
297,2005-03-01,0.1929427984561496,0.5856357028735635,0.0500575552887692,0.6130495889965278,0.3449155435035332,0.0859106964601542,0.5594275002569089,0.4882462504363013
298,2005-03-02,0.1925691955772017,0.5848837167991028,0.0475045681502943,0.6108064272518099,0.3421000874555047,0.0858575810759,0.5537971348902302,0.495735857773767
299,2005-03-03,0.1933166200355619,0.5863876889480244,0.062759179441509,0.60631999242816,0.3396672552278111,0.0859203413024874,0.5491102926077887,0.4985786331608941
300,2005-03-04,0.19966933739508,0.5991721151216931,0.0627396214583989,0.6108064272518099,0.3513606568637435,0.0877950354323221,0.571166053908198,0.4997266710515249
301,2005-03-07,0.1989219441796433,0.5976680601092921,0.0373120911516856,0.6113672176879894,0.3521356760691793,0.0883083728349538,0.5672476075749666,0.500328030190748
302,2005-03-08,0.1959324650466669,0.5916518400596882,0.0484389287648285,0.608563209839985,0.345690562708969,0.0873621764798714,0.5876031995858122,0.504154844013975
303,2005-03-09,0.1936902541574333,0.5871397578859645,0.0546709405335739,0.6035160402472627,0.338833415034472,0.0853635726444613,0.5915153047874238,0.5051388824500751
304,2005-03-10,0.1914481682398936,0.5826275928487616,0.0608647259102392,0.6007120880663652,0.3299162873878509,0.0857240265279915,0.6010493826815118,0.4984146337063633
305,2005-03-11,0.1925691955772017,0.5848837167991028,0.0258830734243101,0.5979080802183608,0.330975735767692,0.0842484049375464,0.6065159976493051,0.5032801454990481
306,2005-03-14,0.1933166200355619,0.5863876889480244,0.031467550052856,0.593421701061818,0.3276697854882875,0.0853345988309351,0.5896413138899319,0.5061229208861752
307,2005-03-15,0.1963060991685383,0.5924039089976283,0.051889734414236,0.5939824358308905,0.3333791575014339,0.0838734739688848,0.5810416203903934,0.5066695996375828
308,2005-03-16,0.1865901435824785,0.5728513595633742,0.0896910702630588,0.5799625079250824,0.3183209845981938,0.0823157828239226,0.596820034395044,0.5143778868173947
309,2005-03-17,0.1884586266210703,0.5766114556626369,0.0468823458211733,0.5788409827198305,0.3217151663594532,0.0826601488747219,0.5918234091825927,0.5140498879083332
310,2005-03-18,0.190700650052763,0.5811235378363606,0.0579463788676216,0.580523354028369,0.3244718014195784,0.0825700452254711,0.5829003179704502,0.515799284938187
311,2005-03-21,0.1884586266210703,0.5766114556626369,0.0556480555147216,0.5636994182745565,0.320694995837984,0.081625459617988,0.5577189382931429,0.5152525853323218
312,2005-03-22,0.1925691955772017,0.5848837167991028,0.0427859876014213,0.5732329670238216,0.3279346715331613,0.0796831730187677,0.5445789945539004,0.5120271306483177
313,2005-03-23,0.1910743779034049,0.5818756067743007,0.0408819015842901,0.5721113304843557,0.3233141583938077,0.0798151364623402,0.5314207734352838,0.4998906913605133
314,2005-03-24,0.1944375848870231,0.5886438128983655,0.1254916168509276,0.5765977653080055,0.3289254315606789,0.0796365202681745,0.5218783028669935,0.5055215617469521
315,2005-03-29,0.1955585809814077,0.5908998539852275,0.0313436399639146,0.578280136616544,0.3303772753256206,0.0786613500995658,0.5228207069280033,0.502186767141775
316,2005-03-30,0.1918217398759181,0.5833796617867018,0.032131328353096,0.5749153939994671,0.3260609260895127,0.0812440856589287,0.5192390865861005,0.5008747297966134
317,2005-03-31,0.189206019836507,0.578115510675038,0.0550235439023868,0.578280136616544,0.3239714398237823,0.0811121222153562,0.5273615166793209,0.5085830169764253
318,2005-04-01,0.1880848362845815,0.5758593867246968,0.0476939705003112,0.5850096775178047,0.3269830935643613,0.0798778966889275,0.5183002260986431,0.518806059779845
319,2005-04-04,0.1843480264220154,0.5683391945261711,0.0663071404997939,0.5788409827198305,0.3187918399003837,0.0803928251958954,0.5090611973287424,0.5173846616590526
320,2005-04-05,0.1873375680408387,0.574355414575775,0.045368774419594,0.5855705236210913,0.3278267053224659,0.0812408641637299,0.5103020075836204,0.512081811036133
321,2005-04-06,0.1910743779034049,0.5818756067743007,0.070701400656723,0.5939824358308905,0.3360670084095811,0.0816721123685811,0.5117255916322427,0.5110430922122177
322,2005-04-07,0.1921954052407129,0.5841316478611627,0.0504704568175168,0.5928609106256385,0.3370775031659391,0.0828098108986247,0.5090611973287424,0.5015307484691942
323,2005-04-08,0.1933166200355619,0.5863876889480244,0.0539960899864826,0.5939824358308905,0.3364299933007302,0.0812102796026042,0.5223494116455629,0.4972119154279171
324,2005-04-11,0.190700650052763,0.5811235378363606,0.1633948869346367,0.5838881523125529,0.3314269521406959,0.0812118903502036,0.5279928322832232,0.4993439917546479
325,2005-04-12,0.1880848362845815,0.5758593867246968,0.0386587535702212,0.5816449349007279,0.3283171995538418,0.0822659085781306,0.5192390865861005,0.4892302888724014
326,2005-04-13,0.1903269534450447,0.5803715517618997,0.060034351664301,0.5850096775178047,0.3352626745098482,0.0800178942272338,0.518769656342372,0.4802646238807856
327,2005-04-14,0.1899535067807141,0.579619565687439,0.0503164677394615,0.5827665157730868,0.3343405070349997,0.0781287230122677,0.5004439724653145,0.4852394755946435
328,2005-04-15,0.1806110603448319,0.5608190023276456,0.069816433540922,0.5670641608916334,0.3138084376695355,0.0750020851324107,0.5121918513101618,0.4817406815349356
329,2005-04-18,0.1753793703226219,0.5502907001043178,0.080817727368539,0.5558482408338298,0.3011144086416654,0.0755427659577059,0.5353369817220612,0.4810846420078972
330,2005-04-19,0.177621549968932,0.5548028237097813,0.1367580912541321,0.5569698217061887,0.3031156634255408,0.0766370135890917,0.5427078012144759,0.4915810450414783
331,2005-04-20,0.1761268260239055,0.5517947551167188,0.0551770101975351,0.551361861677287,0.3002118800960027,0.0741781877353042,0.5461318257852421,0.49240106316859
332,2005-04-21,0.1750056737149035,0.5495386725981173,0.0484909720140218,0.549118644265462,0.3004179451529734,0.0777907803086027,0.5398809620391887,0.5020227676872442
333,2005-04-22,0.1798636983723186,0.5593149473152446,0.0355442585916896,0.5552874503976503,0.3080402446684858,0.0765308024638466,0.5422271807384769,0.5085283365886099
334,2005-04-25,0.1794900642504473,0.558562919809044,0.0347191891166607,0.5536050234220048,0.3090015942020516,0.0781367571070014,0.5315791152219049,0.504045504092802
335,2005-04-26,0.1783689744272922,0.5563068787221821,0.149397228093514,0.5508010712411074,0.3067943701608601,0.0764841300699901,0.5301799631804058,0.5020227676872442
336,2005-04-27,0.1750056737149035,0.5495386725981173,0.2469021605581467,0.5440714746727396,0.2971119948735689,0.0772163130702464,0.5201790660967853,0.4878635711394243
337,2005-04-28,0.1761268260239055,0.5517947551167188,0.1293868375091976,0.546875482520744,0.2971512727319408,0.0750986317720592,0.517674692114747,0.4887382696543513
338,2005-04-29,0.1753793703226219,0.5502907001043178,0.2583586528460812,0.5440714746727396,0.2987403974018751,0.0772919396343658,0.5131253031853558,0.4775311884148316
339,2005-05-02,0.1804415674849646,0.5540507962035808,0.1036333826258942,0.5564090312700092,0.3103455675559525,0.078146421592598,0.5084412584609812,0.484091416849555
340,2005-05-03,0.1860998171414174,0.5653311259331089,0.156553254434424,0.5608954104265521,0.3150934942358785,0.077987114726362,0.5148387142497721,0.4763284701363854
341,2005-05-04,0.1883629607893812,0.5698432495385721,0.3242658433420499,0.5614562008627315,0.3177814409436803,0.080317198631776,0.5247079396003482,0.4797726046627355
342,2005-05-05,0.1883629607893812,0.5698432495385721,0.1015422046219158,0.5636994182745565,0.3216857558655015,0.079831224295071,0.5256529547155544,0.4835994184859626
343,2005-05-06,0.1891173836626004,0.5713473045509732,0.095183036451016,0.5698682244067448,0.3243932457028347,0.0796252450349785,0.5031111643268822,0.4843100966919011
344,2005-05-09,0.1868541462858662,0.5668351809455099,0.0332334790928317,0.5636994182745565,0.3205085697101993,0.0808305163911443,0.5098364939211859,0.490159646920686
345,2005-05-10,0.1804415674849646,0.5540507962035808,0.0673319151532996,0.5552874503976503,0.3129156806886386,0.0787997368902726,0.5148387142497721,0.4903783267630321
346,2005-05-11,0.1796871758546689,0.5525467826229193,0.0663371899769696,0.562016991298911,0.3132885329442079,0.0795866263791191,0.5034196417297936,0.4815220016925895
347,2005-05-12,0.1804415674849646,0.5540507962035808,0.0291208313371361,0.5693073783034583,0.3194883033890756,0.0776958444165536,0.4826240870868636,0.4710802790468237
348,2005-05-13,0.1860998171414174,0.5653311259331089,0.0498346663747626,0.5749153939994671,0.3204104708639241,0.0768413821015848,0.4724620506585544,0.4717909572527622
349,2005-05-16,0.184590971394979,0.5623230573400464,0.0426609866247605,0.5754761287685396,0.3199396155617342,0.0787144458405566,0.4762042508335324,0.4714629583437005
350,2005-05-17,0.1834592589778415,0.5600669748214451,0.0523164517460989,0.5693073783034583,0.3195079423182616,0.0800195049748332,0.4704220713157232,0.4734310352159007
351,2005-05-18,0.1898718690216666,0.5728513595633742,0.0999813888231103,0.580523354028369,0.334311096541048,0.0819118976849982,0.4826240870868636,0.4640280105395926
352,2005-05-19,0.1917580355549468,0.5766114556626369,0.041239577844497,0.5861313140572707,0.3378327876425343,0.0828001464130281,0.4754297002565733,0.4622239331219233
353,2005-05-20,0.1872314358297845,0.5675872084517104,0.0359800192246457,0.5810840887974414,0.3347329024201004,0.0825105064940825,0.4632172402686476,0.4615679144493425
354,2005-05-23,0.1887403128191464,0.5705953184765122,0.0245977578935167,0.5872528949296297,0.3375287195389431,0.0832475020938736,0.4654151883903579,0.4744697331853584
355,2005-05-24,0.1872314358297845,0.5675872084517104,0.0269094480464707,0.5838881523125529,0.3351155262404355,0.0832812885069348,0.4649455716427577,0.4772578281846701
356,2005-05-25,0.1857226213262696,0.5645790984269083,0.0288001662095501,0.578280136616544,0.3330455831042365,0.0826279732092602,0.4698011999286062,0.4844194366130743
357,2005-05-26,0.1879859211888507,0.5690912634641112,0.0455139552380648,0.5850096775178047,0.3395790237459561,0.0838525538933557,0.4564810934498162,0.4845834360676051
358,2005-05-27,0.1879859211888507,0.5690912634641112,0.0237263030294657,0.579401717488903,0.3360081874216778,0.0840392238255184,0.4671226313308971,0.4891756084845861
359,2005-05-31,0.1879859211888507,0.5690912634641112,0.0335068850672224,0.5883744758019887,0.3404814564919642,0.0828677388824138,0.4242638552327111,0.4898316480116245
360,2005-06-01,0.194021147959987,0.5811235378363606,0.0469650266783126,0.5973472341150744,0.3526163029361349,0.0845927709883457,0.4067444275907113,0.5042095035473328
361,2005-06-02,0.194021147959987,0.5811235378363606,0.0341182027351417,0.5967864993460019,0.3515274440623422,0.0849258814492124,0.4178389833748583,0.4989066529244133
362,2005-06-03,0.1928897479720843,0.5788674967494987,0.0238322709139188,0.5906176932138136,0.3474072925187846,0.0835950896398718,0.4120650100273806,0.5065602597164098
363,2005-06-06,0.1902490648368144,0.5736033456378349,0.0571369781238341,0.5872528949296297,0.3426691374036243,0.0838348553130254,0.4167565149066017,0.5036081652625674
364,2005-06-07,0.1947757582907471,0.5826275928487616,0.1372838696228883,0.591178483649993,0.3511154097480555,0.0837946259095666,0.4197239780007493,0.4996173311303519
365,2005-06-08,0.1902490648368144,0.5736033456378349,0.0459253094980472,0.5838881523125529,0.3464263040560328,0.0833778547898467,0.4133058202822586,0.4929477627744554
366,2005-06-09,0.1910035501958806,0.5751074006502359,0.0358140957295416,0.5872528949296297,0.3470443076276356,0.0843852006239171,0.411737322725739,0.5024601065174789
367,2005-06-10,0.194021147959987,0.5811235378363606,0.0976666736964806,0.5906176932138136,0.3536659797512103,0.0839314019526739,0.3975040932937124,0.4984146337063633
368,2005-06-13,0.1936439209019157,0.5803715517618997,0.0282334821863152,0.593421701061818,0.3554023484902118,0.0843674824003235,0.39453588418408,0.5097857144004138
369,2005-06-14,0.194021147959987,0.5811235378363606,0.044477465399052,0.595664862806536,0.358855447039029,0.0848647319702244,0.3801493485699536,0.506396260261879
370,2005-06-15,0.1925123334564721,0.578115510675038,0.0393892109330554,0.5906176932138136,0.3538719490085262,0.0852943694274762,0.3951563825634547,0.5095123750247099
371,2005-06-16,0.1959073457361907,0.5848837167991028,0.0379194341939147,0.5962256532427154,0.3598658459957325,0.0859991893618057,0.3915768137641349,0.5150339263444332
372,2005-06-17,0.1981705518700014,0.5893957989728265,0.0785331302289417,0.5990296054236128,0.365516301221321,0.0869646950448178,0.4197239780007493,0.5253663090690259
373,2005-06-20,0.1962844478225681,0.5856357028735635,0.0426465995548396,0.593421701061818,0.3632796666861778,0.086826308254111,0.3998577721478475,0.5302864803950685
374,2005-06-21,0.1996793976164399,0.5924039089976283,0.032985135078044,0.5906176932138136,0.3684789055387624,0.086425624967122,0.4033064152296077,0.5277170652381029
375,2005-06-22,0.1996793976164399,0.5924039089976283,0.0438974029817873,0.5917392740861726,0.3698228788926633,0.0864690758657797,0.3950183696987905,0.5232888922756528
376,2005-06-23,0.2004338204896591,0.5939079640100293,0.0312498531319945,0.5945432819341769,0.3740803113412134,0.084353005315192,0.3806245604336886,0.5305598197707724
377,2005-06-24,0.1966617998523334,0.5863876889480244,0.041626908332706,0.5861313140572707,0.3650356743543654,0.0828789944723464,0.3914166069388018,0.5328559164064917
378,2005-06-27,0.1947757582907471,0.5826275928487616,0.0446779231319554,0.5788409827198305,0.3596892872323681,0.0827373861864407,0.4017310170298549,0.5366827302297187
379,2005-06-28,0.1966617998523334,0.5863876889480244,0.0420652881501861,0.5743545478961807,0.365535940150507,0.0844881706107,0.3875089778300984,0.5238902514148759
380,2005-06-29,0.2004338204896591,0.5939079640100293,0.0499465514028448,0.5844488870816252,0.3740411292824961,0.0842113970292864,0.3882846474302843,0.5187513793920295
381,2005-06-30,0.2000566559174346,0.5931558950720892,0.0386300753441787,0.5894961123414546,0.3754145131303485,0.0828403758164869,0.3903180991376247,0.5145965666597409
382,2005-07-01,0.2045832243996735,0.6021801422830158,0.0479682238889302,0.5962256532427154,0.3799171926945865,0.0833408272383233,0.3660683062967995,0.5268970262565338
383,2005-07-05,0.2053375535441222,0.6036841972954168,0.0253560513381541,0.5951040723703565,0.3777885243701389,0.0850385159215918,0.365288533611448,0.5314891986735147
384,2005-07-06,0.2060919764173414,0.6051882523078178,0.0394757568001142,0.5967864993460019,0.380250767091784,0.083421286045241,0.3649768856427269,0.5407282030408344
385,2005-07-07,0.1977934185407005,0.5886438128983655,0.1329266827844501,0.5844488870816252,0.3617984124272845,0.0838927832968145,0.3674737994699186,0.5377214281991765
386,2005-07-08,0.204206059827449,0.601428156208555,0.045600250253648,0.593421701061818,0.3763955015931004,0.0861440191429102,0.3731161010843522,0.5317078785158609
387,2005-07-11,0.2079780492218512,0.60894843127056,0.0533081129508348,0.5951040723703565,0.384547477398706,0.0873637675842074,0.3868705750790917,0.5278263843048184
388,2005-07-12,0.2076008221637799,0.6081964451960991,0.0317784614848341,0.6007120880663652,0.3842630482243007,0.0878095125174535,0.4120650100273806,0.5371200690599535
389,2005-07-13,0.2109958344434985,0.6149646513201639,0.0488371217543272,0.60631999242816,0.3905805564446296,0.0879833161120843,0.3886043150654656,0.5337852744547764
390,2005-07-14,0.2132590405773092,0.6194767334938875,0.0549863230242044,0.6102455811485235,0.3932685031524313,0.0884998553666515,0.3907755931335988,0.5217034947003297
391,2005-07-15,0.2136361739066102,0.6202288024318277,0.0362172330227033,0.6130495889965278,0.3911691495222806,0.0887283654498725,0.383276831985563,0.5232888922756528
392,2005-07-18,0.2147679175666711,0.6224848435186896,0.0297782213567321,0.6158535968445322,0.3928564688381447,0.0876357285660861,0.3848445835265979,0.5190793991555488
393,2005-07-19,0.2166540216141044,0.6262449396179524,0.0753848409190638,0.6332383230345242,0.4010967719252598,0.0889584666374296,0.3807603352518987,0.5198447577493027
394,2005-07-20,0.2147679175666711,0.6224848435186896,0.1325395472858336,0.6304343151865197,0.3973690157668029,0.0898998307497138,0.4008055848211214,0.515799284938187
395,2005-07-21,0.217785671545395,0.6285009807048141,0.1831111467858916,0.6349207500101697,0.398791449037793,0.0885867571639669,0.401268114421617,0.518040701186091
396,2005-07-22,0.216276794556033,0.6254929535434914,0.0452786196640804,0.6371638560877805,0.3985265629929192,0.0896552524770253,0.3856182015842011,0.526350347505126
397,2005-07-25,0.2185401256615376,0.6300050357172151,0.0968068950200182,0.6298735247503403,0.3983597757943204,0.0889069816440382,0.3862554853119808,0.5282637439895107
398,2005-07-26,0.2200488151933587,0.6330131457420172,0.243099306996765,0.6455758796317937,0.4009299847266611,0.089249736947238,0.3787473989703867,0.5293571223467838
399,2005-07-27,0.2192945172918333,0.6315090907296161,0.1794714974052993,0.6551094283810589,0.4053837106674161,0.0901557038988617,0.3865516534593951,0.5288651031287338
400,2005-07-28,0.2234438274730773,0.639781351866082,0.1364998375520626,0.6584742266652428,0.409317436083189,0.0912708519625132,0.3967209635386797,0.5334025951578995
401,2005-07-29,0.2238210232882252,0.6405333379405429,0.1228202942178565,0.6539878475087,0.4080225121524257,0.089735711283943,0.39547828824509,0.5368467296842495
402,2005-08-01,0.2224110301516706,0.6307571046551552,0.037766560245528,0.6500622031212296,0.4034413726710985,0.0899239723204418,0.404861298003532,0.5423136006161575
403,2005-08-02,0.2246949815866706,0.6352691868288789,0.3091074114577531,0.6511838396606956,0.4078558207534816,0.0913352229367001,0.4064186053277814,0.5440629976460114
404,2005-08-03,0.2262177304340567,0.638277296853681,0.128046636097154,0.6489406779159776,0.411367740290202,0.0914832742130034,0.4284917114882094,0.5384321272595727
405,2005-08-04,0.2220303038861698,0.6300050357172151,0.2083414403769673,0.6427718717837894,0.4039710489611916,0.0900060418749589,0.4363071562094878,0.5412749026466996
406,2005-08-05,0.2208882500613611,0.6277489946303534,0.0503901780213555,0.6422110813476098,0.4011360497836317,0.0884869890291195,0.433336149541788,0.5463590942817307
407,2005-08-08,0.2220303038861698,0.6300050357172151,0.0472397227460061,0.6495014683521572,0.40801274058766,0.0879575637937569,0.4309944069354074,0.5552700788855311
408,2005-08-09,0.2224110301516706,0.6307571046551552,0.0607427520152498,0.6534270014054134,0.4109654775406811,0.0892851341078986,0.435228044810912,0.5505139070140194
409,2005-08-10,0.2243143490499402,0.6345172007544182,0.1228841844022814,0.6612781788461403,0.419166598569079,0.088923069476769,0.436475382701281,0.5605182908295505
410,2005-08-11,0.2250758015809419,0.636021255766819,0.0647314137941626,0.6657646136697901,0.4184700392807324,0.0903198430078959,0.4500832646532828,0.5654384830100506
411,2005-08-12,0.2246949815866706,0.6352691868288789,0.0412619362997523,0.6640821866941446,0.4150464470255213,0.0891258272416627,0.4456875549137336,0.5712333528510202
412,2005-08-15,0.2235530527335558,0.6330131457420172,0.0076878377930529,0.6640821866941446,0.4148208388390193,0.0896858173948876,0.4341259934361827,0.5680078773125586
413,2005-08-16,0.2227916939313245,0.6315090907296161,0.0174817529029341,0.6562310092534179,0.410396523392216,0.0873476797514765,0.4308274859707126,0.5669692001975585
414,2005-08-17,0.2193656574285924,0.6247408846055513,0.0356233052644269,0.6539878475087,0.4059133869575093,0.087492509532581,0.4195826080664042,0.5514979454501194
415,2005-08-18,0.2174621198298585,0.6209807885062886,0.4651484651230343,0.6483798318126912,0.4004003084365678,0.0872961947580851,0.404861298003532,0.5516072853712924
416,2005-08-19,0.2220303038861698,0.6300050357172151,0.0408493499163458,0.6562310092534179,0.40971969883271,0.0874072184828651,0.4003199287406009,0.562978366065343
417,2005-08-22,0.2239337165132097,0.6337651318164781,0.0202208043804047,0.6590350171014223,0.4138299830118472,0.0877322752057347,0.4126968851428965,0.5635250448167507
418,2005-08-23,0.2197463836940933,0.6254929535434914,0.0252700746299055,0.651744630096875,0.4068943754202611,0.0870660739272647,0.4128373225578856,0.564946442937543
419,2005-08-24,0.2174621198298585,0.6209807885062886,0.1558897986575097,0.6466974605041528,0.4044223611338502,0.0857787330165817,0.4189460703541092,0.573748108474628
420,2005-08-25,0.2128940919881647,0.6119565412953618,0.1054572309527781,0.6422110813476098,0.3950342823853846,0.0862260886974273,0.4233162290633085,0.5746774665229127
421,2005-08-26,0.2109907418469716,0.6081964451960991,0.0354746610091971,0.6332383230345242,0.3873432945175487,0.085056214501922,0.4220858630252158,0.5672425187188047
422,2005-08-29,0.2128940919881647,0.6119565412953618,0.0462419399220686,0.6315559517259858,0.3906492447969532,0.0862116116122959,0.4128373225578856,0.5730920689475896
423,2005-08-30,0.2117521006492029,0.6097005002085001,0.0422256707788745,0.6281910977746948,0.3890600243273643,0.0855888612324835,0.4101947492073119,0.5873606054165825
424,2005-08-31,0.2151784183382463,0.6164687063325649,0.0802691815933825,0.6281910977746948,0.3975554418945877,0.0875069866177125,0.4294205007666241,0.5826044543995283
425,2005-09-01,0.2205075237958602,0.6269969256924133,0.052676798836722,0.6382854926272465,0.4098373408085165,0.0877097443826061,0.4527398257941941,0.5855018893200131
426,2005-09-02,0.2201269225020533,0.6262449396179524,0.0492094728258535,0.6410894448081439,0.4109066565527778,0.0871352771442497,0.4594746670859273,0.575114826207605
427,2005-09-06,0.2281210180894027,0.6420373929529437,0.0554553235856658,0.6584742266652428,0.4332928324327049,0.0896085800831688,0.4477251097062396,0.5663131606705201
428,2005-09-07,0.228501838083674,0.6427893790274046,0.0513752981157669,0.6618390249494267,0.4367066531231501,0.0900865006818766,0.4411668875805021,0.5576208559090657
429,2005-09-08,0.2307858520045209,0.6473015440646075,0.0429683882440766,0.6657646136697901,0.439963553979417,0.0893318065017551,0.4377242126226193,0.5582768537271889
430,2005-09-09,0.2319279058293296,0.6495575851514694,0.0365665848083142,0.6685685658506875,0.4444171841205174,0.0909103980789831,0.4403714485699721,0.5560354583337426
431,2005-09-12,0.2319279058293296,0.6495575851514694,0.047974220082394,0.6635213962579651,0.4452118422551393,0.0907623664459431,0.4216130757118059,0.5519353051348117
432,2005-09-13,0.230405313196561,0.6465495579901468,0.0502647354196181,0.6562310092534179,0.4388451888120183,0.0892561602943723,0.4198892204306039,0.5507325868563655
433,2005-09-14,0.232689202145714,0.6510616401638705,0.0527687295785226,0.6573525901257768,0.4417194658479501,0.0886060664918966,0.4197239780007493,0.5615569679445507
434,2005-09-15,0.2330698346824444,0.6518137091018106,0.0431065705171792,0.6545486379448795,0.4433479641759107,0.0886977808887468,0.413001259460642,0.5596982518479813
435,2005-09-16,0.232689202145714,0.6510616401638705,0.0503282187608936,0.6567918553567044,0.4488806816260381,0.0903359308406268,0.4134699436888862,0.5501312277171424
436,2005-09-19,0.2296438606655592,0.6450455029777458,0.0508821399248118,0.6556702188172384,0.4492633054463731,0.0892272061241095,0.3978269314947036,0.574130787771505
437,2005-09-20,0.232689202145714,0.6510616401638705,0.0409565762741679,0.6590350171014223,0.4539132290796787,0.0876695149791473,0.3946966505210265,0.5677892391791277
438,2005-09-22,0.2307858520045209,0.6473015440646075,0.0595656978681146,0.6506230492245161,0.4493221264342765,0.0865881533285568,0.4001813563643233,0.5692652759788202
439,2005-09-23,0.2334506234337922,0.6525656951762715,0.0559819999605446,0.6567918553567044,0.4586023347717013,0.0866959752014014,0.3824826985021314,0.5566368174729657
440,2005-09-26,0.2475355269531451,0.6803905886104706,0.087920404556986,0.6741765258795893,0.4677942158276166,0.0867506816899916,0.3875089778300984,0.5655478020767661
441,2005-09-27,0.2452515755181451,0.6758783407097886,0.1115193182507843,0.6713725736986919,0.4632423910405864,0.0867555139327899,0.3790411425674758,0.5614476488778352
442,2005-09-28,0.2528650698116876,0.6909188908337984,0.0766368954413959,0.6881964537853973,0.4753281880616194,0.0869534394548853,0.3857774758901784,0.5684452369972509
443,2005-09-29,0.2540069049360319,0.6931749319206602,0.0799054321978727,0.6853925016044999,0.4732582449254204,0.0886897467940131,0.3793576396368472,0.5708506735541432
444,2005-09-30,0.2543876936873798,0.6939269179951211,0.0651141351500078,0.6921220425057607,0.4765250131461075,0.0888715844833776,0.3804660321431961,0.5678438778580278
445,2005-10-03,0.2547683887099572,0.6946789869330612,0.0574826398631598,0.698290848637949,0.4830779969173587,0.0885320310321132,0.3624644919942281,0.5636344055923814
446,2005-10-04,0.2559104425347659,0.6969350280199229,0.0474703480038383,0.7055812356424963,0.4868548024989531,0.0865640117578289,0.3633975708616797,0.5550514198976426
447,2005-10-05,0.2509616571846477,0.6871587947345354,0.0597749533206246,0.6915612520695812,0.4774274458921156,0.0836546283712603,0.3779569955643784,0.5489831898265115
448,2005-10-06,0.2471549569022616,0.6796385196725305,0.0820914731655212,0.6853925016044999,0.4703447858307713,0.0828661281348143,0.4029817119899048,0.5411655627255266
449,2005-10-07,0.2460128093486825,0.6773823957221894,0.0459751214339055,0.6876357190163249,0.4685299571746805,0.0835757803119421,0.3964216248254557,0.5437896582703076
450,2005-10-10,0.2505808684332998,0.6864067257965953,0.0453295593775808,0.6825884937564956,0.4752202218509241,0.0821967053611455,0.3837537223841387,0.5435709784279614
451,2005-10-11,0.2494388770943381,0.6841506847097336,0.046671051936925,0.6825884937564956,0.4761620282549584,0.0818008543169548,0.3737226116733891,0.5530286626376272
452,2005-10-12,0.2482969794841468,0.6818946436228717,0.0421325216156213,0.6781021145999526,0.4674900519243709,0.080643866102245,0.3804660321431961,0.5562541381760887
453,2005-10-13,0.2422060465804495,0.6698622035236639,0.0551946509586536,0.6708117832625125,0.4523141412456696,0.0805086811634736,0.3790411425674758,0.5505685874018347
454,2005-10-14,0.2505808684332998,0.6864067257965953,0.0586145439066902,0.6781021145999526,0.4584159086439167,0.0820744064031695,0.3881250001165648,0.5481084913115846
455,2005-10-17,0.2524844060320337,0.6901668218958581,0.0561084554541644,0.6803453320117776,0.4584355475731027,0.0826424502943916,0.3777990267854993,0.5575661755212504
456,2005-10-18,0.2482969794841468,0.6818946436228717,0.0441714887847567,0.6730550006743373,0.4486649408039566,0.0807178819187649,0.3690376344296591,0.5512246060744155
457,2005-10-19,0.2429674678685277,0.6713662585360649,0.1321530705358397,0.6657646136697901,0.4361671094686367,0.0835532494888135,0.3720162877560768,0.5469057730331385
458,2005-10-20,0.2452515755181451,0.6758783407097886,0.13094609549926,0.6680077754145081,0.4341854936139472,0.0806631754301747,0.3788829872847254,0.5393614853078573
459,2005-10-21,0.2456320830831816,0.6766304096477287,0.1104169335235379,0.6657646136697901,0.4328611591892323,0.0809512046015208,0.3688811576817494,0.5371747494477688
460,2005-10-24,0.2521036485236094,0.6894148358213974,0.1777735280352405,0.6792236954723117,0.4491161571769605,0.084135770465167,0.3723303602751231,0.5354800119512726
461,2005-10-25,0.2391606738573713,0.6638459834740598,0.3683130341666761,0.6859533477077865,0.4434361956577658,0.0836787699419883,0.393594412642426,0.5470697724876692
462,2005-10-26,0.2372574486878722,0.660085887374797,0.2877668208464832,0.6904396711972223,0.4431223559894087,0.0828484295544841,0.3859367501961555,0.5373387489022996
463,2005-10-27,0.230405313196561,0.6465495579901468,0.1451312637103572,0.6786629607032392,0.4289175664090391,0.0808401808767409,0.398449481416661,0.5396895050713766
464,2005-10-28,0.2345925210439835,0.6548217362631332,0.1028012619056073,0.6781021145999526,0.4299868821533003,0.0839796850941299,0.3871896832026593,0.5404002041317727
465,2005-10-31,0.2433481004052582,0.6721182446105256,0.0828403723277992,0.6988516390741285,0.4451235149736298,0.0853635726444613,0.3743520622385798,0.5324185567217994
466,2005-11-01,0.2400055137511353,0.658581832362396,0.0254507077182562,0.6988516390741285,0.4385901701315645,0.084679672785661,0.3798324784928397,0.5329105759398494
467,2005-11-02,0.2403895830094483,0.6593339013003361,0.2982637303526155,0.7010948564859534,0.4383252840866906,0.0866106841516854,0.3866426673485248,0.5323638971884417
468,2005-11-03,0.2465339413122927,0.6713662585360649,0.174021568865454,0.711189195671398,0.443465701951372,0.0874442263911251,0.3685682041859301,0.5434616385067883
469,2005-11-04,0.2426939673164028,0.6638459834740598,0.2280451334124957,0.6999732756135945,0.4371284590022025,0.0874764216998502,0.3468322970245732,0.5369014100720648
470,2005-11-07,0.2396214444928223,0.6578298462879353,0.0536710866039665,0.700534066049774,0.4379721665599617,0.0879060788003655,0.3436938098805648,0.5308331800009338
471,2005-11-08,0.241925516370542,0.662341928461659,0.0462974076101025,0.7027772277944918,0.4398654551331419,0.0872269915411,0.3397856212602477,0.5321452173460955
472,2005-11-09,0.24154163456977,0.661589942387198,0.0505471604531527,0.698290848637949,0.4414448082383105,0.0875584912543673,0.3413470316696627,0.5278810646926337
473,2005-11-10,0.2426939673164028,0.6638459834740598,0.043336452706565,0.7067028165148552,0.4396888963697775,0.0892175416385129,0.325318702477648,0.5217034947003297
474,2005-11-11,0.2492223011487898,0.6766304096477287,0.0451755818935012,0.7139932035194025,0.4467421459371702,0.089822593437995,0.3346218885792302,0.5202274370461797
475,2005-11-14,0.2461500595115206,0.6706141895981246,0.0855472062546269,0.7050204452063168,0.4461829633534707,0.0896681188145573,0.3278816386752332,0.5211021355611066
476,2005-11-15,0.2473020485859952,0.6728702306849865,0.05091447446921,0.7083851878233937,0.4414448082383105,0.0889037601488393,0.3341479822425934,0.5172206622045218
477,2005-11-16,0.2469180730564527,0.6721182446105256,0.0556855778362737,0.7061419704115687,0.4351076610887957,0.0892577710419718,0.3255533243475768,0.522140854385022
478,2005-11-17,0.2496062766783323,0.6773823957221894,0.0397503432520368,0.7095068243628596,0.4403559493645178,0.0911228203294733,0.3366493721626933,0.5136672086114562
479,2005-11-18,0.2522944490572885,0.6826466296973326,0.0380675198303124,0.7123107765437571,0.4483901873946624,0.0920030349627695,0.3410432168635309,0.5126284897875408
480,2005-11-21,0.2519105047706694,0.6818946436228717,0.0466888676616777,0.714553993955582,0.4491749781648638,0.0930618657902314,0.3349234653389084,0.5211568159489219
481,2005-11-22,0.253446688075151,0.6849026707841943,0.0404898344299841,0.7106284052352186,0.4479782488800302,0.0940885209522315,0.3469852301989307,0.5273890454745838
482,2005-11-23,0.2572869432573522,0.6924229458461992,0.0459020540906673,0.7207227444206632,0.4581608899634629,0.094793340886561,0.3460467427192153,0.5266783464141875
483,2005-11-28,0.2545988021213196,0.6871587947345354,0.0485939771106692,0.7201619539844838,0.4573858707580273,0.09348185840515,0.3526141035346399,0.5192980789978949
484,2005-11-29,0.2549826839220916,0.6879107808089964,0.1846039322969279,0.7179187922397658,0.4575133800982541,0.0934850799003489,0.3397856212602477,0.5145965666597409
485,2005-11-30,0.253062618816838,0.6841506847097336,0.0352367009806997,0.7162363652641204,0.4514018411352413,0.092197738989666,0.345566868258701,0.5190793991555488
486,2005-12-01,0.2584389010889033,0.6946789869330612,0.0356132827993808,0.7246483331410266,0.4632620299697724,0.0946420877583221,0.3357213288997633,0.5253663090690259
487,2005-12-02,0.2576707938152008,0.6931749319206602,0.0344934280586589,0.7179187922397658,0.4604269349925579,0.094708049836845,0.3321046458300811,0.5300131410193646
488,2005-12-05,0.2496062766783323,0.6773823957221894,0.0481022924086334,0.7022164373583124,0.4488806816260381,0.0942269077429383,0.3427586794705304,0.5332385957033686
489,2005-12-06,0.2492223011487898,0.6766304096477287,0.0355625760193934,0.6977300582017695,0.4495870124791504,0.0944859827440217,0.344477499147211,0.5334025951578995
490,2005-12-07,0.2496062766783323,0.6773823957221894,0.0472320633440196,0.6943652599175856,0.4463791610460211,0.0934673813200186,0.3319541372060488,0.5294117818801416
491,2005-12-08,0.2503743839520349,0.6788865335980698,0.0319213477501021,0.6954868407899446,0.4453197126661802,0.0932211726564673,0.3468322970245732,0.5373387489022996
492,2005-12-09,0.2507584219674243,0.6796385196725305,0.0303663521271283,0.698290848637949,0.4446820701653914,0.0937892165476894,0.3469852301989307,0.5303958203162416
493,2005-12-12,0.253062618816838,0.6841506847097336,0.0504238616829332,0.7027772277944918,0.449655700831474,0.0939597986471213,0.3691942976814397,0.5408375429620074
494,2005-12-13,0.2538305698759231,0.6856547397221344,0.0397153442012093,0.6999732756135945,0.449027829895451,0.0950862219439688,0.3680989604460725,0.5412202222588843
495,2005-12-14,0.253446688075151,0.6849026707841943,0.0621348238208481,0.7022164373583124,0.445967222531389,0.0959406842589376,0.3720162877560768,0.5383774468717574
496,2005-12-15,0.2507584219674243,0.6796385196725305,0.0405116564003609,0.7016556469221329,0.4441131160169264,0.0956510246967286,0.3709177799548997,0.5336759553880609
497,2005-12-16,0.2565188672265732,0.6909188908337984,0.0991421082957924,0.7095068243628596,0.4511565940195533,0.0950685037203751,0.3782729331221364,0.523124892821122
498,2005-12-19,0.2553666906945576,0.6886627668834573,0.0865708215105566,0.7089460339266802,0.4485079251701235,0.0938777290926042,0.3771673381738547,0.5191340795433641
499,2005-12-20,0.2565188672265732,0.6909188908337984,0.0383560116751631,0.7078244530543212,0.4528242744062313,0.0938294459511482,0.3565109154188159,0.5226875331364297
500,2005-12-21,0.2630472947877306,0.7037032341439877,0.0514582540663311,0.7167972113674069,0.463654425354873,0.0943395618585811,0.3501130866222823,0.525858328287076
501,2005-12-22,0.2645835093351356,0.7067113441687898,0.0297019393202148,0.715675574827941,0.4654790255757296,0.0951972456687488,0.3562020650081623,0.5243275902451106
502,2005-12-23,0.2649675785934485,0.7074633302432507,0.0221524977618172,0.7184795826759454,0.4676961169813415,0.0952841474660642,0.3560476398028356,0.5251476292266798
503,2005-12-27,0.2665036994120832,0.7104714402680525,0.0197212199648848,0.7229659618324882,0.4724833215196392,0.0933338267721101,0.3535593051537173,0.5236715715725297
504,2005-12-28,0.2661195989108467,0.7097193713301124,0.0257645661280731,0.7207227444206632,0.4721693860516277,0.0935961232683923,0.3523065586510847,0.5327465764853186
505,2005-12-29,0.2672716504711683,0.7119754952804536,0.0160618945534291,0.7212835348568427,0.4730129978097325,0.0929926822165097,0.3526141035346399,0.5354800119512726
506,2005-12-30,0.2665036994120832,0.7104714402680525,0.0188181862728555,0.7196011635483043,0.4686771054440931,0.0920062564579684,0.3512091698731345,0.5394161656956727
507,2006-01-03,0.2688078650185733,0.7149835224417762,0.0373570831556209,0.727452340989031,0.4769369516607397,0.0953066782891927,0.3812359201233759,0.5508965863108963
508,2006-01-04,0.271880137898766,0.7209997424913803,0.0762866498656537,0.7381075262777622,0.4845592511762521,0.0960565402265159,0.393594412642426,0.5524273034984041
509,2006-01-05,0.2726481826866215,0.7225037975037811,0.0223933889581864,0.7420331149981255,0.4863053914800194,0.0960597617217147,0.392814453453203,0.5489831898265115
510,2006-01-06,0.2726481826866215,0.7225037975037811,0.0,0.7420331149981255,0.4863053914800194,0.0979859408449408,0.4001813563643233,0.5567461365396812
511,2006-01-09,0.2726481826866215,0.7225037975037811,0.0943880638830636,0.7414722688948391,0.4911024633827375,0.0987422654159251,0.3878055189852547,0.5528646631830963
512,2006-01-10,0.2695759410493523,0.7164875774541772,0.0293547956599874,0.726330704449565,0.4820185485375178,0.0986682299561417,0.3860962110060038,0.5521539641227002
513,2006-01-11,0.2745683415206456,0.7262638936030441,0.0390136198723029,0.7313779297093944,0.4914654482738866,0.0993907681140648,0.3978269314947036,0.5552700788855311
514,2006-01-12,0.2776405831579147,0.7322800307891686,0.0491035618572814,0.7397898975863006,0.490445181952763,0.0980841178754522,0.3831181171911995,0.5552700788855311
515,2006-01-13,0.271880137898766,0.7209997424913803,0.101375798395821,0.7319387201455739,0.4801350315291034,0.0983335283909389,0.398449481416661,0.555160738964358
516,2006-01-17,0.2684237645173368,0.7142315363673155,0.0336276890246578,0.7268915505528516,0.4757794044346234,0.097580444958417,0.3930438532147393,0.5682265571549048
517,2006-01-18,0.2630472947877306,0.7037032341439877,0.0816684406099545,0.7162363652641204,0.4661460785704699,0.0967758568892401,0.3929748467824072,0.5650558037131738
518,2006-01-19,0.2668876436987022,0.7112234263425135,0.1819116445936884,0.7302562931699285,0.4772705260579372,0.097919978766418,0.3903180991376247,0.5710693533964893
519,2006-01-20,0.2607433166387813,0.6991910691067849,0.0471458431622799,0.727452340989031,0.4693637973680195,0.0941303611032898,0.3973658939251772,0.5793789788610667
520,2006-01-23,0.2615113614266369,0.7006951241191859,0.1362898906769981,0.7218443809601293,0.4665483413199908,0.0945052920719514,0.4236476464423733,0.5780122611280898
521,2006-01-24,0.2626631630435706,0.7029511652060476,0.1529356905236577,0.7190403731121248,0.4619768776037748,0.0949944879038552,0.4175327440184011,0.5723267103538358
522,2006-01-25,0.2699598228501244,0.7172396463921173,0.3452566321106498,0.7459587037184889,0.4775255447383907,0.0946436985059216,0.4144078716569881,0.565711801531297
523,2006-01-26,0.2776405831579147,0.7322800307891686,0.1713205898963853,0.7711946073492076,0.4840099359569728,0.0961160789579044,0.4097044305300124,0.5679532386336584
524,2006-01-27,0.2845531112203086,0.7458164430372982,0.2261952091801285,0.7857753256911951,0.497057082511572,0.0977075565159278,0.3907755931335988,0.5761535450315204
525,2006-01-30,0.2849371492356981,0.7465684291117591,0.135206369348314,0.7941872935681014,0.4985089262765135,0.0979441006938825,0.3895405644987271,0.5793789788610667
526,2006-01-31,0.2930016976154901,0.7623609653102299,0.0912934462489745,0.8059640040620845,0.5050128606246272,0.0971218140443754,0.3993034826427375,0.5770282226919897
527,2006-02-01,0.2969869199626285,0.76311303424817,0.066307466185113,0.8154976084784566,0.5164707867096373,0.0975047987510341,0.3865516534593951,0.5695932748878817
528,2006-02-02,0.2896325232334876,0.7488244701986211,0.1803550658660245,0.8009168344693621,0.5081226132114812,0.0956349368639978,0.3892208968635458,0.5593155725511043
529,2006-02-03,0.2896325232334876,0.7488244701986211,0.3447560031833137,0.7941872935681014,0.5120269281333026,0.0945390981282759,0.3803076903565749,0.5630877268409736
530,2006-02-06,0.2911809850068959,0.7518325802234229,0.1409245139774005,0.7835321082793701,0.5131747037946531,0.0946984049945118,0.3702905674361629,0.5616663287201813
531,2006-02-07,0.2950516083107176,0.7593528552854278,0.1196414558358475,0.7840928987155497,0.5119582397809791,0.0930506102002988,0.3749818858115128,0.5506232469351924
532,2006-02-08,0.2958257767115748,0.7608569102978289,0.123486746510506,0.7919440761562764,0.5146559580535465,0.0947997838769587,0.3706040804435957,0.5476711316268923
533,2006-02-09,0.2962128765334652,0.761608979235769,0.0741018431294247,0.8121328658613798,0.5286155005182281,0.0944988687248171,0.3751394815826494,0.5480538109237693
534,2006-02-10,0.2911809850068959,0.7518325802234229,0.066983410781917,0.8009168344693621,0.5254468311438162,0.0950154079793843,0.3615325321500036,0.5437896582703076
535,2006-02-13,0.2989224190720801,0.7668731303474328,0.0519527866704128,0.8082072214739093,0.5335792638198905,0.0943508174485137,0.3623091342695455,0.5405095440529458
536,2006-02-14,0.3004707558737945,0.7698811575087554,0.0658287266840127,0.8065247944982639,0.5336185416782625,0.0963896506873826,0.3629309381760182,0.5313798587523416
537,2006-02-15,0.2993093626793531,0.7676251164218937,0.0606331141104696,0.7992344631608237,0.5318037130221717,0.0971089477068434,0.3582332786690487,0.5211568159489219
538,2006-02-16,0.3012446430883405,0.7713852125211564,0.034031941447488,0.8076463753706229,0.5386509933322482,0.0986183557103497,0.3615325321500036,0.5253116286812106
539,2006-02-17,0.3039541231411086,0.7766493636328202,0.1827818567943376,0.804281577086439,0.5429771141331218,0.0982739896595504,0.3670051152416744,0.5330745962488378
540,2006-02-21,0.3016318678819247,0.7721372814590965,0.0798515212645842,0.8070856406015504,0.5562793751678291,0.0975965327911478,0.3635531150902333,0.5397441646047343
541,2006-02-22,0.3120826570281831,0.7924418169678118,0.0656983134286675,0.8283958998447987,0.5688752095497694,0.0991477809457123,0.3629309381760182,0.5392521453866843
542,2006-02-23,0.314017968680094,0.7962019130670746,0.1674146047586206,0.8373686581578843,0.5672762175154148,0.0983625022044652,0.3638643900512122,0.5366827302297187
543,2006-02-24,0.3116955572062928,0.7916898308933509,0.0283821601694745,0.834564705976987,0.5719751905718579,0.0986264094483468,0.3569963849954651,0.5496392084990924
544,2006-02-27,0.3163404738826656,0.8007140781042774,0.1006482911728189,0.8418550929815343,0.5764778701360959,0.0993811036284682,0.3526141035346399,0.5391974858533266
545,2006-02-28,0.3124697880929969,0.7931938859057519,0.0488206572547495,0.8317607537960896,0.5674430047140137,0.0972151588320885,0.365132802879023,0.5414389021012305
546,2006-03-01,0.3182758480204234,0.8044741742035404,0.0438216932660735,0.8412943025453548,0.5832859683874553,0.0989176601148918,0.3635531150902333,0.5445003573307037
547,2006-03-02,0.3109214200483591,0.7901857758809498,0.040126635221324,0.8250311572277218,0.5742019577425809,0.0985797370544903,0.3821878358818154,0.5520993045893424
548,2006-03-03,0.3031800797119452,0.7751453086204194,0.056483838877351,0.8132544467337387,0.5689144874081412,0.098272378911951,0.383276831985563,0.5537940212313811
549,2006-03-06,0.3020187177604273,0.7728892675335575,0.0460921752671813,0.8211056241744654,0.5692479660056843,0.096828952630231,0.3785892436876366,0.5469057730331385
550,2006-03-07,0.2993093626793531,0.7676251164218937,0.0523686372849947,0.8132544467337387,0.5635778718509098,0.0964459679235723,0.3588744789781228,0.5423682810039728
551,2006-03-08,0.2965999763553555,0.7623609653102299,0.0461544633749557,0.8082072214739093,0.5565049833543311,0.0968627390432921,0.3646652376740058,0.5338399548425917
552,2006-03-09,0.2996965874729373,0.7683771853598338,0.0725820373308797,0.8216663032764309,0.5634110846523109,0.0958586147044205,0.361066831983698,0.5363000509328418
553,2006-03-10,0.3039541231411086,0.7766493636328202,0.0670245230199637,0.8255919476639013,0.5704938405133099,0.0973374577900645,0.3621537765448628,0.5335119350790725
554,2006-03-13,0.308212002481438,0.7849216247692861,0.0317310073420464,0.8244703667915423,0.5777139730789559,0.097773538237714,0.3709177799548997,0.5434069789734306
555,2006-03-14,0.3066636031938766,0.781913514744484,0.0748508276655243,0.8289566902809782,0.5766937067578323,0.0999217844537634,0.3790411425674758,0.5506779064685502
556,2006-03-15,0.3062767220724506,0.7811615286700233,0.0415414797033114,0.833443125104628,0.5777433835729074,0.1008132743202556,0.3871896832026593,0.5455937148335191
557,2006-03-16,0.3062767220724506,0.7811615286700233,0.0387343905600871,0.8300783824875512,0.5793914250303996,0.1011849837937184,0.4034455471174987,0.5533020228677886
558,2006-03-17,0.3051153288780092,0.7789054047196822,0.1000953544428426,0.833443125104628,0.5804116913515233,0.1014939526838571,0.4061162825526188,0.5488738499053385
559,2006-03-20,0.3058896534934837,0.7804094597320832,0.0474999642879196,0.8351254964131665,0.5852283063837728,0.1011447543902595,0.4015689451658104,0.5360266907026803
560,2006-03-21,0.3058896534934837,0.7804094597320832,0.038375337778758,0.8272743189724397,0.5863466715511717,0.0998815550503046,0.3929748467824072,0.5368467296842495
561,2006-03-22,0.3101471891616548,0.7886817208685488,0.0541985840431287,0.8244703667915423,0.5881319939136563,0.1011383310431252,0.3884442947440039,0.5434069789734306
562,2006-03-23,0.3085991023033283,0.785673610843747,0.0636525785396813,0.8166191893508156,0.5836783637725559,0.1005960394702306,0.3717022152370306,0.5551060794310003
563,2006-03-24,0.3124697880929969,0.7931938859057519,0.0777523613352936,0.8227879954830039,0.5884067473229505,0.1008019990870597,0.381553163208232,0.5570194967698426
564,2006-03-27,0.3051153288780092,0.7789054047196822,0.0685827934140909,0.820544722404072,0.5771449231308362,0.100586374984634,0.3777990267854993,0.5564728180184348
565,2006-03-28,0.3024060050398585,0.7736412536080184,0.0429312211197818,0.8211056241744654,0.570729316064232,0.0992378845949631,0.3777990267854993,0.5669145198097432
566,2006-03-29,0.3027929798900549,0.7743933225459585,0.0749605267021767,0.8188623510955335,0.5749573380188305,0.1007923542447265,0.380918863542391,0.5689919157486587
567,2006-03-30,0.3062767220724506,0.7811615286700233,0.0334412947843518,0.834564705976987,0.5801075274482775,0.1003675293870095,0.40235636450988,0.5728187504263433
568,2006-03-31,0.3047284789995066,0.7781534186452213,0.0363839628261216,0.8396118199026023,0.5785869953310122,0.0995017918388447,0.3940765251493943,0.5699759541847587
569,2006-04-03,0.307824996388318,0.784169555831346,0.0504695071655023,0.847462997343329,0.5850321086912226,0.0999748998380177,0.3978269314947036,0.5705773133239818
570,2006-04-04,0.3066636031938766,0.781913514744484,0.0967528049071042,0.8502670608584405,0.5824618997588819,0.1012815500766303,0.4167565149066017,0.5677892391791277
571,2006-04-05,0.3066636031938766,0.781913514744484,0.0654879776284161,0.849706270422261,0.5846789911644937,0.1021875170282539,0.4211404749022673,0.5723813907416511
572,2006-04-06,0.3039541231411086,0.7766493636328202,0.0723466680289658,0.847462997343329,0.5838745614651063,0.1017820014984667,0.4095641796188942,0.5771375834676205
573,2006-04-07,0.3000833436226695,0.7691291714342947,0.045289835254632,0.8328823346684485,0.5748985170309272,0.0996031707212916,0.3909357999589318,0.574130787771505
574,2006-04-10,0.2989224190720801,0.7668731303474328,0.029621114553195,0.8289566902809782,0.5749769769480165,0.0997833976630566,0.393594412642426,0.5815110551877977
575,2006-04-11,0.2915679286141689,0.7525847320248424,0.0542310988211501,0.8149368180422771,0.5609586134954315,0.0981661677867059,0.3992341032026631,0.5828231342418745
576,2006-04-12,0.2907936977274648,0.751080594148962,0.0662575572814575,0.8098895927824478,0.5538072650817635,0.0984155979454561,0.3939157588124478,0.5808550573696744
577,2006-04-13,0.2900196855412249,0.7495765391365612,0.0306935478250609,0.8076463753706229,0.5545626453580134,0.0985765155592914,0.3942372914863408,0.5846818503384439
578,2006-04-18,0.2873102367313803,0.7443123880248972,0.0426303911767264,0.805403213625905,0.5521689951890371,0.1014987849266554,0.4335036300180965,0.5957795916567905
579,2006-04-19,0.2907936977274648,0.751080594148962,0.058462526858512,0.8199839319678924,0.5654221110009522,0.1019252205319717,0.435228044810912,0.6002624241525985
580,2006-04-20,0.2969869199626285,0.76311303424817,0.2845372967644427,0.8194231415317129,0.5715532888931508,0.1021714095522597,0.424429657174179,0.5990597058741522
581,2006-04-21,0.3066636031938766,0.781913514744484,0.1326475651960007,0.8351254964131665,0.5844238766843856,0.1021424553819968,0.4294205007666241,0.6166630369483221
582,2006-04-24,0.3031800797119452,0.7751453086204194,0.0338094762405956,0.8340039155408074,0.5831976411059457,0.1016323394745639,0.4369315711701569,0.6066040144538909
583,2006-04-25,0.3058896534934837,0.7804094597320832,0.1182050486669411,0.8525102226031583,0.5850811581143601,0.1006072950601632,0.4431949306755784,0.6041438975091832
584,2006-04-26,0.3070507655016139,0.7826655836824243,0.0593502860144757,0.8502670608584405,0.5855814239105016,0.1011978697745138,0.4463177514944088,0.5989503868074367
585,2006-04-27,0.3085991023033283,0.785673610843747,0.1728401574914284,0.849706270422261,0.5822166526431939,0.1018914144756472,0.4593027105167109,0.593702195717875
586,2006-04-28,0.314017968680094,0.7962019130670746,0.0934265069633887,0.8558749652202352,0.582334390418655,0.1020346335091523,0.4755796493689921,0.5986770265772753
587,2006-05-02,0.3158820777093988,0.7894337069430097,0.0548053790065037,0.8581182382991672,0.5859444088016507,0.1024530153764715,0.4726114402593597,0.6136016025733066
588,2006-05-03,0.3111847666503536,0.7804094597320832,0.185277857433954,0.8457806260347905,0.5807648088782521,0.1016339502221633,0.4735581339094064,0.6008637832918214
589,2006-05-04,0.3096190900261091,0.7774014325707603,0.0846501951060064,0.8401727216729958,0.5858659488845616,0.1022985407530339,0.4857487729444056,0.5880713253314362
590,2006-05-05,0.3143163385993073,0.7864256797816871,0.1303749277693992,0.848584578215688,0.5962546550249649,0.1044725392874107,0.489972339610867,0.5894380430644133
591,2006-05-08,0.315490697606992,0.7886817208685488,0.0342708890719207,0.8541925939116968,0.5995213274459975,0.1042955338408445,0.4860514687273105,0.5871419255742364
592,2006-05-09,0.3162738327268873,0.7901857758809498,0.0357104255602847,0.8553142861182698,0.6010516311280284,0.1043727711525633,0.4960738137561151,0.5921714785303672
593,2006-05-10,0.3135333596940293,0.7849216247692861,0.0389041000152759,0.8558749652202352,0.5992368024719376,0.1040042635310361,0.4972476691212442,0.6000437443102523
594,2006-05-11,0.3139247397964361,0.785673610843747,0.0535920083112954,0.8609221904800646,0.5937040850218102,0.1012799393290309,0.5093711667626228,0.6065493340660756
595,2006-05-12,0.3021812122054355,0.76311303424817,0.0682121593049749,0.834564705976987,0.5644509899026205,0.0989176601148918,0.5215644168518183,0.5995517459466598
596,2006-05-15,0.2974839323893138,0.7540887041737641,0.066550486457031,0.8216663032764309,0.552433881233911,0.0994422531074562,0.4996759495238463,0.5851738904109515
597,2006-05-16,0.2994412078164296,0.7578488831365062,0.0820795640444196,0.8188623510955335,0.5532383109332984,0.0990528254103998,0.5090611973287424,0.5858298882290747
598,2006-05-17,0.2833914993254028,0.7270158796775048,0.1028046526165183,0.7936264474648148,0.5191293229234873,0.0955512565618812,0.492154434903528,0.5812923753454515
599,2006-05-18,0.2833914993254028,0.7270158796775048,0.0852138436155875,0.7852145352550156,0.5154113383297964,0.0941818657399446,0.5092161820456826,0.5853925285443824
600,2006-05-19,0.2861316599290261,0.7322800307891686,0.0503941231351075,0.7936264474648148,0.5213463185294446,0.095021850969782,0.4960738137561151,0.5803630172971668
601,2006-05-22,0.2720393518368089,0.7052072891563888,0.0813626484452736,0.7723161325544595,0.4898958667334837,0.0942236862477395,0.5095263379834345,0.5841898519748514
602,2006-05-23,0.2779112718469266,0.7164875774541772,0.0682556957379534,0.7762417212748229,0.5105456738744091,0.0933402501192444,0.4985761361955709,0.5980210287591521
603,2006-05-24,0.2720393518368089,0.7052072891563888,0.0710748141580281,0.7622217933690149,0.4994114548221763,0.0936604745993157,0.4971710160301943,0.587633965646744
604,2006-05-25,0.2775197355299025,0.7157355913797163,0.1984445939502843,0.7728769786577461,0.5152053690724802,0.0959632150820662,0.5028030599317133,0.5956155922022597
605,2006-05-26,0.2865230712743564,0.7330320168636295,0.1140439117426218,0.7863360604602676,0.5354725523930707,0.0971347000251708,0.4916973139152962,0.5958889524324212
606,2006-05-30,0.2712565603890718,0.7037032341439877,0.0631748846043951,0.7633433742413738,0.5110263007413648,0.093869675354607,0.5114148761828774,0.5994970655588445
607,2006-05-31,0.2794771984145591,0.7194956874789793,0.0747133884608681,0.7807281004313658,0.5281838272747555,0.0955142486536212,0.5037534836591837,0.5954515927477289
608,2006-06-01,0.2802599586193727,0.7209997424913803,0.0420226307513699,0.7846536891517292,0.528762648787641,0.0980277809959991,0.502957298633169,0.5902580403370673
609,2006-06-02,0.2786940632946637,0.7179916324665783,0.0490982518163831,0.7824104717399042,0.5301654431294452,0.0984316857781869,0.5197088898375719,0.601137143521983
610,2006-06-05,0.2739966585068482,0.7089673852556515,0.0356946798872041,0.7711946073492076,0.5230139989161228,0.0947418558931695,0.517049531138593,0.6026131803216754
611,2006-06-06,0.2649933227623943,0.6916708769082591,0.080421560162805,0.7493234463355658,0.5057682409008769,0.0945101243147496,0.504678915867917,0.6020665015702676
612,2006-06-07,0.2696908525219038,0.7006951241191859,0.0485144023850359,0.7515666080802837,0.5168240000360206,0.0932710665455227,0.5015460238400438,0.5928821567363057
613,2006-06-08,0.2559897370745526,0.6743742856973876,0.0830787476314284,0.7291347679646765,0.4901312464847515,0.0935575046125329,0.4776050814098722,0.5903127207248826
614,2006-06-09,0.2630359848494316,0.6879107808089964,0.0367631069134459,0.7341818818902918,0.5044144959822104,0.0926515376609092,0.4763543864498223,0.5973103088442983
615,2006-06-12,0.2599043816575546,0.6818946436228717,0.0441342868785346,0.7240875983719541,0.4978615122109592,0.0902602846332439,0.4677668157019101,0.5903674011126979
616,2006-06-13,0.2509011083989476,0.6645980524120001,0.0649419888519138,0.7100676147990391,0.4749161537473328,0.0880476674430077,0.4614918929564762,0.5805270167516976
617,2006-06-14,0.2512925197442779,0.6653500384864608,0.0464778003869556,0.7151148400588685,0.48026254086933,0.089069510005473,0.4713670864309294,0.5836978119023438
618,2006-06-15,0.2610788031510863,0.6841506847097336,0.0973144012829758,0.7330603566850399,0.4983421390779149,0.0932726772931221,0.4762042508335324,0.585665888774544
619,2006-06-16,0.2540325553762073,0.6706141895981246,0.2410232190792379,0.726330704449565,0.4911318738766891,0.0925292387029333,0.4769793609221049,0.5877432847134595
620,2006-06-19,0.2606872355911386,0.6833986157717935,0.0823980231546177,0.7235267522686677,0.5003531654265562,0.090693163228958,0.4668255306641271,0.5828231342418745
621,2006-06-20,0.2649933227623943,0.6916708769082591,0.0553024127473562,0.7224051157292016,0.5049344007075379,0.0906915524813586,0.4682377379766083,0.5826044543995283
622,2006-06-21,0.2649933227623943,0.6916708769082591,0.0456087496918782,0.7369858897382963,0.5100257691490816,0.092635430184915,0.4794841079118859,0.5902034016581671
623,2006-06-22,0.2677334521230942,0.6969350280199229,0.0621726191278295,0.7476410750270274,0.5189428967957027,0.0915733778622543,0.4675933671017243,0.5929914758030213
624,2006-06-23,0.27282226825624,0.7067113441687898,0.0582490048229221,0.744837067179023,0.5216798929266421,0.091396372415688,0.4580503370218203,0.5931555169664672
625,2006-06-26,0.2700820764096932,0.701447193057126,0.0354801660396878,0.742593849767198,0.5219152726779098,0.0923715425842968,0.4682377379766083,0.5982397086014982
626,2006-06-27,0.2653847028648011,0.6924229458461992,0.1021442355152511,0.7364250993021167,0.515823372644083,0.0905435012050552,0.4650938422203361,0.5988957064196214
627,2006-06-28,0.2653847028648011,0.6924229458461992,0.0277433510770313,0.7397898975863006,0.51330221313488,0.0916377488364411,0.4614918929564762,0.6003717849282291
628,2006-06-29,0.2755625850744806,0.7119754952804536,0.0520310660327543,0.7566138333401131,0.5327061457681795,0.0959616043344668,0.4799608118065903,0.6076426915688911
629,2006-06-30,0.2853488059954421,0.7307759757767678,0.0555963748407703,0.7756809308386434,0.5485491094416212,0.0955319472339515,0.4985761361955709,0.6101574889014141
630,2006-07-05,0.2853488059954421,0.7307759757767678,0.0343692260123279,0.7953088187733532,0.5459103079566116,0.0956462120971937,0.4909104540828402,0.6167723977239529
631,2006-07-06,0.2916120436221195,0.7428083330124964,0.0542234394191636,0.8093288023462683,0.5572504962661605,0.0961563083613633,0.4974772553866513,0.6164990374937914
632,2006-07-07,0.2923950225273976,0.7443123880248972,0.0355280976434773,0.8188623510955335,0.5562597362386431,0.0947724208110318,0.5049877662785709,0.610758806331722
633,2006-07-10,0.293177970189752,0.7458164430372982,0.0273056995720285,0.8132544467337387,0.5584963707737863,0.095071725215574,0.4926371069221098,0.6081347316413986
634,2006-07-11,0.2884806278877834,0.7367921958263717,0.0306421696484772,0.8076463753706229,0.547283691804464,0.0958908100131456,0.496150280343294,0.6111415273375141
635,2006-07-12,0.2869144513767632,0.7337840858015696,0.1156376565405827,0.8003559883660756,0.5474896610617802,0.093665306842114,0.4874662870939881,0.615460318669876
636,2006-07-13,0.2779112718469266,0.7164875774541772,0.0678429670648444,0.7852145352550156,0.5315682374712493,0.0910391400273568,0.4851178303482455,0.6250273428007148
637,2006-07-14,0.2720393518368089,0.7052072891563888,0.0389432296834675,0.7683905438340961,0.5183445321532859,0.0900607483635491,0.4768294118096863,0.6268314202183841
638,2006-07-17,0.2720393518368089,0.7052072891563888,0.0396562086008439,0.7599786316242969,0.5123801414596859,0.089785585529735,0.4571183771775959,0.617373756863176
639,2006-07-18,0.2689079673453962,0.6991910691067849,0.0307323370519643,0.757735414212472,0.5105750843683609,0.0901669594887943,0.4546209038387905,0.6077520523445218
640,2006-07-19,0.2837830981282739,0.7277679486154449,0.0513231020368932,0.7790457291228273,0.5365418681373318,0.0938600305122739,0.4698011999286062,0.6029412209396522
641,2006-07-20,0.2818258851870051,0.724007769652703,0.0585131630206471,0.7829713178431907,0.5385725334151591,0.0921414217534763,0.4751049970168706,0.6052372967209139
642,2006-07-21,0.2814342238982871,0.723255783578242,0.1030742852787979,0.7801673656622933,0.5275364132092012,0.0907189155472854,0.4865313431878248,0.6126175641372066
643,2006-07-24,0.2904376221285879,0.7405522919256344,0.1899899706523483,0.803160051881187,0.5498734438663361,0.0940370359588401,0.473707896517954,0.6160070391301989
644,2006-07-25,0.2912206947626362,0.7420563469380355,0.3909556134998808,0.8025992057779006,0.5548078924737013,0.0953195446267247,0.4674447235164036,0.6089000902351526
645,2006-07-26,0.2908290334739182,0.7413042780000954,0.1272324512573686,0.8025992057779006,0.5570935764319821,0.0952423073150059,0.4876181012451184,0.6099388090590679
646,2006-07-27,0.297875406220491,0.7548407731117042,0.1288830339404987,0.8048424231897254,0.570160361915767,0.094405523937104,0.4849665757087287,0.6132189232764297
647,2006-07-28,0.304138675090092,0.7668731303474328,0.1195537358152436,0.8143759162718835,0.5818341246225135,0.0968756250240875,0.4935778324482791,0.6061119743813833
648,2006-07-31,0.3025725923078423,0.7638650203226309,0.0338869324306581,0.8070856406015504,0.5750260263711541,0.0965714883767471,0.4971710160301943,0.6124535646826758
649,2006-08-01,0.2953401054661119,0.7420563469380355,0.033188603028654,0.7975520361851782,0.5640977765762373,0.0956478228447932,0.5043704384650061,0.615241680536445
650,2006-08-02,0.3024504324770439,0.7555927591861651,0.0511277003314191,0.8121328658613798,0.5794404744535372,0.0966921765871236,0.4999831213996593,0.62016183100803
651,2006-08-03,0.3000804692737095,0.751080594148962,0.0344415081272078,0.8121328658613798,0.5733289354905243,0.0971523986055011,0.5010844267589041,0.6182484345236453
652,2006-08-04,0.3067956357884939,0.7638650203226309,0.0724356886828505,0.8250311572277218,0.5864152641038408,0.0970059580767972,0.5135923088787593,0.6144216415548758
653,2006-08-07,0.2988952377286544,0.7488244701986211,0.1426340457032859,0.8082072214739093,0.5723283080985867,0.096428269343242,0.5042161997635504,0.6265581016971379
654,2006-08-08,0.3020554594384372,0.7548407731117042,0.0432850355320627,0.8115719640909862,0.576595607911557,0.095737926494044,0.4960738137561151,0.622895266473984
655,2006-08-09,0.3060056272254334,0.7623609653102299,0.0773245594396982,0.8222272050468244,0.5842080400626491,0.0948480473751512,0.5129695724529306,0.6231139463163301
656,2006-08-10,0.3016605801286008,0.7540887041737641,0.0470467273175012,0.818301560659354,0.5742805134593246,0.0957910418782982,0.5001368005895015,0.6102668079681296
657,2006-08-11,0.3020554594384372,0.7548407731117042,0.0186353281951566,0.8194231415317129,0.5710333841678233,0.0949751785759255,0.4895163376458624,0.6121802044525143
658,2006-08-14,0.3091658489352161,0.7683771853598338,0.0471341522187222,0.8272743189724397,0.5833938387984962,0.0952117227538802,0.4891869718093804,0.6076973719567064
659,2006-08-15,0.3139060252852729,0.7774014325707603,0.0290993772119902,0.8362470772855254,0.592026537270712,0.0980068609204699,0.4998296287136885,0.6050732972663831
660,2006-08-16,0.316671024013061,0.7826655836824243,0.1405106596346449,0.8429766738538932,0.5973827917571296,0.099591915131359,0.5079766773179026,0.5987317069650906
661,2006-08-17,0.3170658720799739,0.783417569756885,0.0327350867488196,0.8637261426609619,0.6014930759362668,0.0999217844537634,0.5062492784631483,0.5887273231495594
662,2006-08-18,0.3158809842070771,0.7811615286700233,0.0468811084277603,0.8693341583569708,0.5995310990107633,0.1006974183526774,0.5056312046340989,0.5946315537661597
663,2006-08-21,0.3143007483804918,0.7781534186452213,0.057996625050572,0.8592398191715261,0.5982656813736061,0.0999282274441611,0.5126584839958233,0.6017931413401062
664,2006-08-22,0.3150908819152462,0.7796574736576223,0.0443821565943139,0.8586790287353466,0.6008063840123404,0.1001374085561891,0.5031111643268822,0.6027771797762063
665,2006-08-23,0.3107456473608727,0.7713852125211564,0.0877572983979917,0.8480238991137226,0.5941258909008625,0.0991992659391037,0.4982693373275002,0.5980210287591521
666,2006-08-24,0.3127207624972944,0.7751453086204194,0.0734838958153659,0.8547533843478763,0.598373551784647,0.0996932940138058,0.4952835968539781,0.6013011429765138
667,2006-08-25,0.3123258207016111,0.7743933225459585,0.0481341400060497,0.8569966574268082,0.5970884952183039,0.0995371889995053,0.4945194904938044,0.602121181958083
668,2006-08-28,0.3158809842070771,0.7811615286700233,0.1406557477013096,0.8670909966122529,0.604318303549061,0.1006137380505609,0.5000597744907094,0.591734118845675
669,2006-08-29,0.316671024013061,0.7826655836824243,0.3054840020752078,0.8721381105378682,0.6072612689373166,0.1010160320851493,0.5057856298394257,0.5868139266651747
670,2006-08-30,0.3178559431288813,0.7849216247692861,0.1079682879509163,0.8738205931806207,0.6097432463878022,0.1011914267841161,0.5076413433575435,0.5885633236950286
671,2006-08-31,0.316671024013061,0.7826655836824243,0.0490312565544499,0.874381272282586,0.6070749386091864,0.1009419966253659,0.502649007734129,0.5898207223612901
672,2006-09-01,0.3162758010310664,0.781913514744484,0.029561656429504,0.8855973036746038,0.6118130937243466,0.1020990044833391,0.5068677252999401,0.5839711721325053
673,2006-09-05,0.3178559431288813,0.7849216247692861,0.0256325139061544,0.8956916428600484,0.6137162496619469,0.1024594583668693,0.5049877662785709,0.5807456965940437
674,2006-09-06,0.3131158917505185,0.7758973775583595,0.0309777678168427,0.8766245453615181,0.6029744259948148,0.100369140134609,0.5042161997635504,0.574732146910728
675,2006-09-07,0.3079805861472376,0.7661210614094927,0.041509425522327,0.8670909966122529,0.594302449664227,0.0993650157957374,0.4906060797650946,0.573748108474628
676,2006-09-08,0.3111407766140969,0.7721372814590965,0.0267252482295769,0.8614829809162441,0.60089471129385,0.1001535160321833,0.4813668644913227,0.5678985582458431
677,2006-09-11,0.3087706884390685,0.7676251164218937,0.0371197871457352,0.8569966574268082,0.5982950918675577,0.1002532841670307,0.4871630317994695,0.5643997641861352
678,2006-09-12,0.3150908819152462,0.7796574736576223,0.057873530755925,0.8682125774846119,0.6090565544638759,0.1024192289634104,0.4848153210692116,0.5542860404494311
679,2006-09-13,0.3182510098962585,0.785673610843747,0.0448155531102127,0.8710165296655092,0.6131767060074335,0.1032350726225198,0.4851178303482455,0.5554340991945195
680,2006-09-14,0.319041018459319,0.787177665856148,0.0680567041159848,0.8783069166700564,0.6139222189192631,0.1029470434511736,0.4891869718093804,0.5513339459955886
681,2006-09-15,0.3214110441485004,0.7916898308933509,0.1615729821796893,0.8822325610575269,0.6201907735161089,0.1034909457716677,0.4779305306650596,0.5519353051348117
682,2006-09-18,0.3229912174892386,0.7946978580546735,0.0607353845706529,0.8822325610575269,0.6211128451913027,0.1037355436876196,0.4866827843312129,0.5545047202917772
683,2006-09-19,0.3210159773811232,0.7909377619554108,0.0466878326358416,0.8704557392293297,0.6165120667807896,0.1031658890487981,0.4819953825371577,0.5428056198342075
684,2006-09-20,0.3281261481774378,0.8044741742035404,0.055523064024041,0.8912053193706125,0.6346798964712294,0.104379214142961,0.4837063690512493,0.5362453705450264
685,2006-09-21,0.3316812491970569,0.8112423803276052,0.0648538651501538,0.8912053193706125,0.6396633945017322,0.1032286492753855,0.4982693373275002,0.5424229405373305
686,2006-09-22,0.3257564036745677,0.7999620091663373,0.0383879425384053,0.8766245453615181,0.6310895170174194,0.1027056670304206,0.5012382924526173,0.5367373897630765
687,2006-09-25,0.3245709221861248,0.7977059680794756,0.0751739802279098,0.8822325610575269,0.6314622734733343,0.1045706966746587,0.4926371069221098,0.5416575819435766
688,2006-09-26,0.3273361708573008,0.8029701191911394,0.0529431894017798,0.8861580941107833,0.653446282403395,0.1061766513178135,0.4835554874194745,0.5392521453866843
689,2006-09-27,0.3312863386442971,0.8104903113896651,0.0845698572859685,0.8850365132384242,0.6860739203546581,0.1062152699736729,0.4865313431878248,0.5499125478747963
690,2006-09-28,0.3297063527610996,0.8074822842283422,0.0464314318618982,0.8867188845469628,0.6841315823583404,0.1065837775952002,0.4861525538254834,0.5488191695175232
691,2006-09-29,0.3308913656056903,0.8097383253152042,0.0436333617778178,0.8973741255028008,0.6845730271665788,0.1060961925108958,0.4796597945585257,0.5496392084990924
692,2006-10-02,0.3304963925670835,0.8089862563772641,0.0460788284930854,0.896252433296228,0.6827287880165361,0.1053672310058384,0.492154434903528,0.5393614853078573
693,2006-10-03,0.3273361708573008,0.8029701191911394,0.0654958805038936,0.8872796749831423,0.6772940736130294,0.1058161974342833,0.4910628277455842,0.5265143469596568
694,2006-10-04,0.3316812491970569,0.8112423803276052,0.065196340654141,0.911393997741502,0.6892719044233669,0.1084053563407806,0.4876181012451184,0.5305051602374147
695,2006-10-05,0.3364218004621953,0.8202666275385317,0.0662692134430879,0.9450418692491268,0.7023976066947099,0.1088913306774855,0.4848910416409058,0.5338946143759494
696,2006-10-06,0.3447169841031006,0.8360591637370025,0.0964513636453269,0.9399946439892972,0.70589965886701,0.1083071989535326,0.4705712744126573,0.5324185567217994
697,2006-10-09,0.347876924626572,0.8420753009231272,0.0557572275524758,0.9355083204998615,0.7050560471089052,0.1084793918005639,0.4700992331147322,0.5335119350790725
698,2006-10-10,0.3589373256957299,0.8631319053697823,0.0836396905286663,0.933825837857109,0.7139830421199468,0.1089235259862106,0.4593027105167109,0.5256396484447298
699,2006-10-11,0.3549870641799632,0.8556117131712568,0.0702038662669172,0.928778723931494,0.7165728899814733,0.1083651269373217,0.4580503370218203,0.5205554568096988
700,2006-10-12,0.3692076244730569,0.8826844548040367,0.0478981720333875,0.9489674023023832,0.7308953215376496,0.1104377465892517,0.463686111000763,0.5220315144638489
701,2006-10-13,0.3711828020953254,0.8864445509032994,0.0501934830605853,0.9528930466898536,0.7355647883004864,0.1108867130176967,0.4550856714857401,0.5259129878204337
702,2006-10-16,0.3652575191719075,0.875164262605511,0.0628548487134935,0.9450418692491268,0.7377327344833059,0.1114402798237873,0.4607289056195294,0.5334025951578995
703,2006-10-17,0.351432150617885,0.848843507047192,0.0692896327943033,0.9164411116671172,0.7150424904997877,0.1106340810070111,0.4613441818905113,0.5278810646926337
704,2006-10-18,0.3577525003086801,0.8608758642829206,0.07502690010541,0.9315826761123912,0.7300418424151246,0.110915686831223,0.4604088649766058,0.5208834765732181
705,2006-10-19,0.3613074451136817,0.8676440704069854,0.0771463115483607,0.9366299013722204,0.736467316846149,0.1111023371201223,0.474181802854591,0.5255303085235568
706,2006-10-20,0.3652575191719075,0.875164262605511,0.0474228780510837,0.9366299013722204,0.7457180188899676,0.1113662443640039,0.4724620506585544,0.5163459636895948
707,2006-10-23,0.3715778376197791,0.8871966198412395,0.1628817881593712,0.9433594979405884,0.7518688357113522,0.1127211777440725,0.4622802448199015,0.5272250460200529
708,2006-10-24,0.368812713920297,0.8819324687295758,0.0376080937848335,0.933825837857109,0.7478565545788355,0.1127791057278616,0.4635380269270559,0.5301771404738954
709,2006-10-25,0.3735527028128128,0.8909567159405023,0.1624274360592843,0.933825837857109,0.7533991393933831,0.1135579414787111,0.4724620506585544,0.5413842425678728
710,2006-10-26,0.3707877040850247,0.8856925648288385,0.2175590136818052,0.925413981314417,0.7530852039253716,0.11466183395243,0.4846640664296948,0.5356986917936187
711,2006-10-27,0.3759227909878412,0.895468798114226,0.0605226372234434,0.9299003048038528,0.7621789861350118,0.1127726627374639,0.492332359596622,0.5378307681203496
712,2006-10-30,0.374737809386174,0.8932127570273642,0.0612834433988274,0.9259747717505964,0.7609429789918064,0.1128676182727765,0.488402163519507,0.5247649499298028
713,2006-10-31,0.3739478008231135,0.8917087020149632,0.0955065884785664,0.934947530063682,0.7648472939136276,0.1128692093771125,0.4960738137561151,0.5267876863353607
714,2006-11-01,0.3738245787329169,0.8834365237419768,0.1444223353065124,0.9444810788129472,0.7667699929807593,0.1112391328064931,0.4941123525430455,0.5266783464141875
715,2006-11-02,0.3658615698544279,0.8683960564814461,0.0725649298926462,0.9293395143676734,0.7615413436342232,0.1111634865991103,0.4981160311454005,0.522140854385022
716,2006-11-03,0.3690468483888399,0.87441227653105,0.1521387691137797,0.9321434665485708,0.7689380349632334,0.1106743104104699,0.4866827843312129,0.5290291025832646
717,2006-11-06,0.3790005313796425,0.8932127570273642,0.1962260160706606,0.9399946439892972,0.7859875952859289,0.1131653119297192,0.4895922447214276,0.5338399548425917
718,2006-11-07,0.3849730536033589,0.9044932110521112,0.0601640756050874,0.9517714658174946,0.7947968525215091,0.1136577096135584,0.4979627249633007,0.5278810646926337
719,2006-11-08,0.3897505964898951,0.913517458263038,0.0468189763116598,0.9573794815135034,0.7979458829667353,0.1141211531271348,0.4949779170091344,0.532801256873134
720,2006-11-09,0.3933340973269554,0.9202856643871028,0.0567163971671418,0.9528930466898536,0.8000059587385139,0.1129319696036999,0.5063264910658118,0.5400721843682535
721,2006-11-10,0.3865655054130239,0.907501238213434,0.0507552659940669,0.9467242405576652,0.7893131844945193,0.1133455388714843,0.5096813227003747,0.5314891986735147
722,2006-11-13,0.3909453883695343,0.9157734993498996,0.049506647504551,0.9512106753813152,0.7980930312361479,0.1139119720151069,0.5052966166892243,0.525967668208249
723,2006-11-14,0.3901487563066965,0.9142694443374988,0.0466047533675353,0.9444810788129472,0.8001825175018783,0.1153280352309001,0.5034196417297936,0.5243275902451106
724,2006-11-15,0.3909453883695343,0.9157734993498996,0.0481498867331281,0.9528930466898536,0.8061763186894301,0.1158671053085958,0.5051420049800261,0.5269516857898915
725,2006-11-16,0.3917416455172903,0.9172775543623006,0.0497785820980179,0.9596225319240074,0.8127489413898671,0.1163804427112276,0.5002902932754723,0.5132845084601216
726,2006-11-17,0.3921396803623979,0.9180295404367615,0.1415281711893355,0.9506497736109216,0.8057545128103777,0.1166121546463841,0.5090611973287424,0.5108244332243291
727,2006-11-20,0.3981118276710325,0.9293099115980292,0.0865583485006339,0.9596225319240074,0.8141910135900431,0.1164995201740047,0.5040619610620947,0.5271703656322376
728,2006-11-21,0.4028898079584974,0.938334158808956,0.0694447939179082,0.9534538371260328,0.811454017459104,0.1168712492907308,0.5084412584609812,0.5346599729697034
729,2006-11-22,0.4104547195060318,0.9526225571315464,0.0991893674489878,0.9618658050029392,0.8179775907364034,0.1173990441352306,0.5229777431875264,0.5295758021891299
730,2006-11-27,0.3790005313796425,0.8932127570273642,0.0969293168640711,0.891766109806792,0.7681630157577978,0.1135161013276528,0.5533383353671579,0.5354800119512726
731,2006-11-28,0.377009732295635,0.8894526609281013,0.1049588143668167,0.8900837384982537,0.7627969897066146,0.1142820707409702,0.5644341966784034,0.5391428263199688
732,2006-11-29,0.3865655054130239,0.907501238213434,0.0775997551023472,0.8990564968113394,0.7869195343255432,0.1163353810649705,0.555688470647741,0.5471791124088423
733,2006-11-30,0.384176484026368,0.9029891560397104,0.1518481018174772,0.8973741255028008,0.7742941936499966,0.1165204402495339,0.5717977425198428,0.5508419267775385
734,2006-12-01,0.3762136001195729,0.8879486059157005,0.0732974056612605,0.8878404654193216,0.7557829221979392,0.1158896361317244,0.5858754277233154,0.5524819838862194
735,2006-12-04,0.3853709634767724,0.905245197126572,0.0782854565567525,0.891766109806792,0.7740097644755913,0.117886629219535,0.585096028045706,0.5470697724876692
736,2006-12-05,0.394528451805666,0.9225417054739644,0.0998975612163685,0.8968132237324075,0.7922659214475404,0.1187942069187581,0.5824282766725248,0.5470151129543115
737,2006-12-06,0.3941304169605584,0.9217896365360244,0.0308048341823947,0.8928876906791511,0.789774172432289,0.1184949025142159,0.5773617125083856,0.5457030547546923
738,2006-12-07,0.392935750052613,0.9195335954491626,0.0454075836724556,0.8900837384982537,0.7952382973297475,0.1175921570577911,0.5772789047895872,0.5473431327178307
739,2006-12-08,0.3909453883695343,0.9157734993498996,0.0293089583498194,0.8940092715515099,0.796592042248414,0.1180024851871132,0.5941783935638261,0.5448283562397653
740,2006-12-11,0.3969175356781689,0.927053787647688,0.0658726667981472,0.9001780776836984,0.8096391888030131,0.1185174333373444,0.5717977425198428,0.5404002041317727
741,2006-12-12,0.3961209036153311,0.9255497326352872,0.072057969600547,0.896252433296228,0.808717117127819,0.1182792784117903,0.5771131028481193,0.5393068257744996
742,2006-12-13,0.4001026892408869,0.9330700076972922,0.0657231203208038,0.906907562917852,0.8212050810987185,0.1185447767600079,0.5666459460865798,0.5412202222588843
743,2006-12-14,0.4020934883248944,0.936830103796555,0.0933758560452845,0.9052251916093136,0.8235987312676948,0.1205208497722894,0.5570146996756138,0.5474524517845462
744,2006-12-15,0.4032878428036049,0.9390861448834168,0.175154376185096,0.9170020134375106,0.8271007834399952,0.1207783140257733,0.5480091737524149,0.5524819838862194
745,2006-12-18,0.4044825097115503,0.9413421859702786,0.0740402327422335,0.9057859820454932,0.8202240926359669,0.1200364861831838,0.5491102926077887,0.5458123946758653
746,2006-12-19,0.3949265491366205,0.9232936915484252,0.0756835396785749,0.8979348046047663,0.806421565805118,0.1205305142578859,0.5649252613711877,0.5509512666987116
747,2006-12-20,0.3989083347621763,0.9308138837469512,0.0430212915554717,0.9001780776836984,0.8088642653972319,0.1202054575350163,0.561791996335572,0.5540673814615426
748,2006-12-21,0.3981118276710325,0.9293099115980292,0.0406217570101738,0.8990564968113394,0.803831813743246,0.1193638615575795,0.5613022371698857,0.5482724907661154
749,2006-12-22,0.3969175356781689,0.927053787647688,0.0344722890788541,0.8923269002429716,0.7955620043625248,0.1181505364634166,0.5539590202504037,0.5469057730331385
750,2006-12-27,0.4020934883248944,0.936830103796555,0.0509545769773678,0.9012996585560572,0.8086386572107299,0.1207380846223144,0.552097711616151,0.5355893518724456
751,2006-12-28,0.4005007240859944,0.9338219937717528,0.0430108770032454,0.8990564968113394,0.8048519842647152,0.1203985508143134,0.555688470647741,0.5366280498419034
752,2006-12-29,0.4012969812337505,0.935326048784154,0.0435040815701036,0.8968132237324075,0.8034491899229109,0.1193638615575795,0.5635072724387002,0.5394708252290304
753,2007-01-03,0.4156307971244513,0.9623987904169338,0.0705596305751214,0.9355083204998615,0.8258745478615553,0.1190902898281014,0.5592919119425701,0.5245462700874567
754,2007-01-04,0.4188158882013224,0.968415010466538,0.0745051100643154,0.9355083204998615,0.8265907460790879,0.1193702849047138,0.547070126761086,0.509621714945883
755,2007-01-05,0.4152325123359559,0.9616468043424732,0.0534777264922241,0.9248530795440234,0.8189684465635755,0.1179815651115841,0.5301799631804058,0.5135578686902831
756,2007-01-08,0.4128434909492999,0.95713463930527,0.0796305917324811,0.922049127363126,0.8206949479381568,0.1184852380286193,0.5387895413851156,0.512355150411837
757,2007-01-09,0.4128434909492999,0.95713463930527,0.1106396306099455,0.925413981314417,0.8196354995583156,0.1183677713134417,0.5320547000933826,0.5098950543215869
758,2007-01-10,0.4005007240859944,0.9338219937717528,0.0860205556109964,0.9063468838158868,0.8004669466762836,0.1188086840038895,0.5231349659509206,0.5010387292511441
759,2007-01-11,0.4076673508450336,0.9473584060198824,0.1051884994586145,0.924292400442058,0.8213325904389454,0.1202521102856095,0.516112535689847,0.4893396287935744
760,2007-01-12,0.4072693784857729,0.9466063370819424,0.0688316001339112,0.9355083204998615,0.8251977233020492,0.1213640564973256,0.5212768278824778,0.4954078588647054
761,2007-01-16,0.4036860026204064,0.939838213821357,0.1793349098308627,0.9366299013722204,0.8239616203591894,0.1215523371770878,0.5200224028450047,0.4856768144248782
762,2007-01-17,0.3997044669382384,0.932317938759352,0.0493200962185734,0.9355083204998615,0.8180168685947752,0.1213463579169953,0.5231349659509206,0.4913077056657745
763,2007-01-18,0.398509925001987,0.93006189767249,0.0494721543726658,0.934947530063682,0.8151033137004714,0.120662458058195,0.5264148230292742,0.4816860011471203
764,2007-01-19,0.4076673508450336,0.9473584060198824,0.0694375603310314,0.9461634501214858,0.828111278196353,0.1213270485890656,0.5276770812293365,0.4899409879327975
765,2007-01-22,0.4028898079584974,0.938334158808956,0.1200082776349339,0.9399946439892972,0.8243638831087102,0.1201121127473033,0.5247079396003482,0.4852394755946435
766,2007-01-23,0.4020934883248944,0.936830103796555,0.1179044790613414,0.9444810788129472,0.8252369053607665,0.1209231438068778,0.5361327937403331,0.5066149401042251
767,2007-01-24,0.4152325123359559,0.9616468043424732,0.1434847347027521,0.959061852822042,0.8421197742845178,0.1228766859960307,0.5267302010754185,0.5084189966674368
768,2007-01-25,0.4132417132519485,0.95788670824321,0.1994323427151999,0.955696998870751,0.8417861998873205,0.1202649962664049,0.5231349659509206,0.502186767141775
769,2007-01-26,0.4064732463097108,0.9451023649330208,0.1379772199393022,0.939433853553118,0.8298280080061687,0.1199882226849913,0.5214075670961666,0.5086923360431407
770,2007-01-29,0.4132417132519485,0.95788670824321,0.1152257710657108,0.9450418692491268,0.8388138240051134,0.1197371817786417,0.5267302010754185,0.5009840488633288
771,2007-01-30,0.4168250891173148,0.9646549143672748,0.1149548377701505,0.9517714658174946,0.8433656487921436,0.1210566983547863,0.5272035479004418,0.5171660026711641
772,2007-01-31,0.41921392304643,0.9691669965409986,0.1077478537977775,0.9422379170682296,0.8433460098629576,0.1225725493486903,0.5361327937403331,0.5235622316513567
773,2007-02-01,0.4158811779132026,0.9548785982184084,0.0898693255323808,0.9568185797431098,0.8451411995898624,0.1238116071179172,0.5354962560280383,0.5189700592343757
774,2007-02-02,0.4158811779132026,0.9548785982184084,0.0845562860103419,0.9646697571838366,0.8509977198724218,0.1242058670577719,0.5268879833504265,0.5283730839106838
775,2007-02-05,0.4114691147455102,0.9466063370819424,0.2349881341507779,0.967473820698948,0.8495752866014316,0.1239805784697497,0.5218783028669935,0.526842366723176
776,2007-02-06,0.4150788596382919,0.9533745432060072,0.0912580645969468,0.9910272416869144,0.8580608368042347,0.1241431068311845,0.5300218078976557,0.5276077253169299
777,2007-02-07,0.4162818371638823,0.9556306671563484,0.1279982902722305,1.0,0.8729129446505043,0.124468163554054,0.5361327937403331,0.5212114754822796
778,2007-02-08,0.4182875703653123,0.9593907632556112,0.0885244327761454,0.9921488225592732,0.8701073559668958,0.1241930007202399,0.5387895413851156,0.5321452173460955
779,2007-02-09,0.421095371898265,0.9646549143672748,0.0919521927637345,0.9938311938678116,0.8749632488575173,0.1225435951784274,0.5336151779834417,0.5331292557821955
780,2007-02-12,0.4150788596382919,0.9533745432060072,0.1131349345570186,0.9770073694482132,0.8645157217292107,0.1217888813550426,0.5267302010754185,0.521758175088145
781,2007-02-13,0.4206942127608096,0.9639028454293348,0.0449732807184519,0.9842977564527604,0.8699699792622487,0.1235412765269013,0.5375399654482929,0.52859176375303
782,2007-02-14,0.42390292348783,0.9699190654789388,0.0835161282589976,0.9921488225592732,0.8779258531749586,0.125317813269488,0.5544181927812184,0.5227968730576028
783,2007-02-15,0.4231007926704601,0.968415010466538,0.120885013027945,0.9938311938678116,0.8751006255621644,0.1255608004378405,0.5536621060875049,0.5227422135242451
784,2007-02-16,0.4198918944858989,0.9623987904169338,0.0879955271959272,0.9669129189285544,0.8725794660529612,0.1253564319253474,0.5541210921144486,0.5303958203162416
785,2007-02-20,0.425908406745872,0.9736792444416807,0.0850150511992025,0.9613050145667598,0.8760030583081723,0.1260226332038174,0.555688470647741,0.5231795523544798
786,2007-02-21,0.4206942127608096,0.9639028454293348,0.0542711033075128,0.9528930466898536,0.8664580597255281,0.1256927442381495,0.5542831639784931,0.5341132942182956
787,2007-02-22,0.42390292348783,0.9699190654789388,0.0422673310957754,0.9528930466898536,0.8667033068412161,0.1254915972208554,0.552097711616151,0.5389241464776227
788,2007-02-23,0.4214964060640265,0.9654069004417358,0.0475272912887871,0.950089094508956,0.864329295601426,0.1246564245905528,0.5589662761835117,0.5399628444470804
789,2007-02-26,0.4226995710471578,0.9676629415285978,0.0532480877763293,0.959061852822042,0.8730600929199169,0.1243635631764084,0.5628806194315772,0.5413295621800575
790,2007-02-27,0.4054527274572309,0.935326048784154,0.0914329765852587,0.928778723931494,0.8291314487178222,0.1162645867436494,0.5688351285263453,0.5417122414769344
791,2007-02-28,0.4002385334721685,0.9255497326352872,0.2306395690143143,0.9074683533540314,0.8134455006782136,0.1175165108504083,0.5683421987948492,0.5435163188946036
792,2007-03-01,0.3886069805189124,0.903741142114171,0.1656474604591857,0.891766109806792,0.7954443623867181,0.1169291772745199,0.5591290940630411,0.5446643567852345
793,2007-03-02,0.3853982073060451,0.8977249220645671,0.0905808646887673,0.8771853357976976,0.7853695917143263,0.1143544954531541,0.5583422342305846,0.5426962799130344
794,2007-03-05,0.3757717002099024,0.8796764276427138,0.1370238125305892,0.8592398191715261,0.7644646700932926,0.1122545127352973,0.5461318257852421,0.5341132942182956
795,2007-03-06,0.3801838258634419,0.8879486059157005,0.0751260043562129,0.8676517870484324,0.7719987381269501,0.1156804550196965,0.5541210921144486,0.5375027483568303
796,2007-03-07,0.3817882749557225,0.8909567159405023,0.0749318347741629,0.8693341583569708,0.7805136988237048,0.1151268882136059,0.5604596126799504,0.5436803183491344
797,2007-03-08,0.3922167254116943,0.9105093482382358,0.0600504072127337,0.9001780776836984,0.808108885120982,0.1167231980144275,0.5547423365093078,0.5426962799130344
798,2007-03-09,0.3946233678071916,0.9150215132754388,0.1372165887275523,0.9097116264329635,0.8143087513655044,0.1168760618902657,0.5506702109862343,0.5340039542971226
799,2007-03-12,0.3870025939124788,0.9007330320893692,0.066604276180573,0.8956916428600484,0.8034491899229109,0.1174811136897477,0.5619277711537818,0.5277717247714607
800,2007-03-13,0.3765740809706601,0.8811803997916356,0.0830227287025471,0.8839149323660654,0.7874002569921533,0.1128708201247119,0.5622545259360676,0.5224141937607258
801,2007-03-14,0.3529097846837691,0.8368111498114634,0.156820870798919,0.848584578215688,0.7500736459844474,0.1143544954531541,0.5693008286926509,0.5236715715725297
802,2007-03-15,0.3665469146238377,0.8623799192953214,0.1114774545123088,0.8670909966122529,0.7832310560254582,0.1151767821026612,0.5768096610497297,0.5203367769673527
803,2007-03-16,0.3633380164392765,0.8563636992457175,0.2108199235732074,0.8654085139695004,0.7868607133376398,0.1143190786492302,0.5822895177923761,0.5179313612649179
804,2007-03-19,0.3741676260327036,0.876668317617912,0.1129879419163358,0.8855973036746038,0.8136220594415781,0.1167505610803543,0.5814851265960301,0.5150885858777909
805,2007-03-20,0.3785795642287022,0.8849404958908984,0.094623554394724,0.8878404654193216,0.8207832752196663,0.1181794906336795,0.581956608382342,0.5158539444715449
806,2007-03-21,0.3741676260327036,0.876668317617912,0.0792905214514653,0.8923269002429716,0.8195374007120405,0.1220576208417225,0.5949645073807976,0.5315985385946878
807,2007-03-22,0.3849969856827429,0.896972853126627,0.0818770330978506,0.911393997741502,0.837155915183201,0.1219771620348048,0.58478997519312,0.5429696192887383
808,2007-03-23,0.3813872407899611,0.8902046470025622,0.0565750318206941,0.908029255124425,0.8426102685158937,0.1222297940454904,0.578992502357875,0.5461950739727423
809,2007-03-26,0.3717609836372061,0.8721561525807089,0.0718725534701962,0.8900837384982537,0.83514488883456,0.1224534718859131,0.5844563197676014,0.5496392084990924
810,2007-03-27,0.3781785925487877,0.8841885098164375,0.0805192857844902,0.9001780776836984,0.841737150464183,0.1210229119417252,0.5896413138899319,0.5497485484202654
811,2007-03-28,0.3709589153056832,0.8706520975683081,0.0569659416854196,0.8979348046047663,0.8364594516945091,0.1191916687105482,0.5818178495021933,0.5560354583337426
812,2007-03-29,0.3729643985637253,0.87441227653105,0.0684265024048482,0.9074683533540314,0.8484569214340326,0.120044539921181,0.5849291070810112,0.566695839967397
813,2007-03-30,0.3741676260327036,0.876668317617912,0.091133265987863,0.904664401173134,0.852027757758311,0.1197758004345011,0.5886916361779464,0.5658211623069276
814,2007-04-02,0.3745687851701589,0.8774203036923727,0.0641167907891537,0.908029255124425,0.8607683266415679,0.1203695966440506,0.5904240706372221,0.5662038416038045
815,2007-04-03,0.3845957640594405,0.8962208670521661,0.0869763545407095,0.9299003048038528,0.8825855483730297,0.1224969227845708,0.583372359268375,0.5590968927087582
816,2007-04-04,0.3894089238787415,0.905245197126572,0.0853745824955311,0.9310218856762116,0.8815946925458576,0.1227543870380547,0.591039533412075,0.5576754945879658
817,2007-04-05,0.3902112421536522,0.9067492521389732,0.1245812568202155,0.9282179334953145,0.8847143124971321,0.1234608177199836,0.6001172363334157,0.5571288158365582
818,2007-04-10,0.3966286011218458,0.9187816093747015,0.0599242763504352,0.9170020134375106,0.8877160988732907,0.1242058670577719,0.6001172363334157,0.5440629976460114
819,2007-04-11,0.3954254361387146,0.9165254854243604,0.0500169004857661,0.9153196421289724,0.8869410796678548,0.1226739282311371,0.6013600981308767,0.5447190163185922
820,2007-04-12,0.3906124012911075,0.907501238213434,0.0903535763879585,0.9024212394284162,0.8756989902045812,0.1241109311657228,0.6093598086768688,0.5547780596674811
821,2007-04-13,0.3918156912459327,0.9097573621637752,0.0869289488818204,0.904664401173134,0.8837725060930975,0.1249235533296333,0.61404012332382,0.5535753622434926
822,2007-04-16,0.3966286011218458,0.9187816093747015,0.0873946314582188,0.9136371594862196,0.8892169920613701,0.1274145548488826,0.6152993974619434,0.5534660223223195
823,2007-04-17,0.3922167254116943,0.9105093482382358,0.0892602455017832,0.9102724168691428,0.8838411944454211,0.1279214492611167,0.6220213699865662,0.5506779064685502
824,2007-04-18,0.3882055089522223,0.9029891560397104,0.0622791150651786,0.9018604489922368,0.8744629830613756,0.1280855883701509,0.628583508693598,0.5508419267775385
825,2007-04-19,0.3845957640594405,0.8962208670521661,0.1114813427101797,0.8940092715515099,0.8696855500878434,0.1278007610507401,0.6302085169230816,0.5437349987369497
826,2007-04-20,0.393820987046434,0.913517458263038,0.1203639692172903,0.9226099177993056,0.8951127902023012,0.1299924581654472,0.6246760660887658,0.5522086445105155
827,2007-04-23,0.391013497942716,0.908253307151374,0.1101395044395583,0.9186843847460492,0.8859110417819654,0.1294421324978189,0.623896293403414,0.5659304813736431
828,2007-04-24,0.3741676260327036,0.876668317617912,0.1598823539042824,0.8889620462916806,0.8458475304429748,0.1293584521957023,0.6320396119302052,0.5587688937996965
829,2007-04-25,0.3801838258634419,0.8879486059157005,0.1424171571987343,0.8878404654193216,0.8499382714925806,0.1317738271508322,0.6325051255926393,0.5656571211434817
830,2007-04-26,0.3809862691100465,0.8894526609281013,0.1758210909231968,0.8839149323660654,0.8490161040177321,0.13158554647107,0.6246760660887658,0.5613929684900199
831,2007-04-27,0.3681513012302713,0.8653879464566443,0.2119590095577226,0.8670909966122529,0.828670364980398,0.1315565726575438,0.6350109916056474,0.569046596136474
832,2007-04-30,0.3673491704129015,0.8638839743077225,0.2065657481554035,0.8637261426609619,0.8258254984384178,0.1296738444329754,0.634544358919986,0.564946442937543
833,2007-05-02,0.3701959631143545,0.8541076581588558,0.0949449636447544,0.8682125774846119,0.8299751562755816,0.1318542859577499,0.6245317120924823,0.5538487016191964
834,2007-05-03,0.3758974842198241,0.8646359603821834,0.2103684256991531,0.8676517870484324,0.8278855742101966,0.1328954182048815,0.6195171825083989,0.5511699256866002
835,2007-05-04,0.3868936185953882,0.8849404958908984,0.2124978817411036,0.8889620462916806,0.8499284041281604,0.1334151789546476,0.6246760660887658,0.5442816774883575
836,2007-05-07,0.384449984578493,0.8804284137171747,0.0615293052488045,0.8861580941107833,0.8550099052052839,0.1340363185868605,0.6264109250983669,0.5417669218647497
837,2007-05-08,0.3811919725182245,0.87441227653105,0.1249999711468103,0.8850365132384242,0.8436893558249207,0.1337531020150492,0.6171623846310366,0.5460857340515692
838,2007-05-09,0.3860792405520149,0.8834365237419768,0.0818146627782481,0.8945700619876894,0.8488591841835537,0.1345351592610974,0.6149843924235412,0.5422042606949844
839,2007-05-10,0.3840425143704951,0.8796764276427138,0.0640215399542944,0.8889620462916806,0.8455238234101975,0.1311381907902245,0.6081076216858496,0.5436256588157767
840,2007-05-11,0.3905588509202665,0.8917087020149632,0.1933207607346722,0.9001780776836984,0.8613078702960814,0.1334521868629075,0.61404012332382,0.5466870931907923
841,2007-05-14,0.3832284487563566,0.878172372630313,0.0990764052351577,0.8968132237324075,0.8563735174883705,0.1330177171628574,0.6174777626771808,0.5471791124088423
842,2007-05-15,0.3881153418750652,0.8871966198412395,0.0846476107034096,0.917562692539476,0.8699307972035314,0.132702305282321,0.6257743873860717,0.5510605857654272
843,2007-05-16,0.3885224996538283,0.8879486059157005,0.0551613783562165,0.9186843847460492,0.8792109097413016,0.134786200167447,0.6144978038236653,0.5476711316268923
844,2007-05-17,0.386486523302472,0.8841885098164375,0.0578840623019067,0.9203667560545876,0.8840570310671573,0.1345625223270243,0.610271439599136,0.5602996109872044
845,2007-05-18,0.398297035721409,0.905997183201033,0.222975993196537,0.9282179334953145,0.8938865546238614,0.1361716984653779,0.6127823412166655,0.5607369706718967
846,2007-05-21,0.3925952021867047,0.895468798114226,0.0757629563045387,0.9226099177993056,0.8926210411870498,0.1365498509292383,0.605437445762343,0.5680078773125586
847,2007-05-22,0.3942243956743797,0.898476908139028,0.0519478297187763,0.922049127363126,0.8941318017395493,0.1363921548106018,0.6032551639658108,0.5609009701264275
848,2007-05-23,0.3995188839727801,0.908253307151374,0.0903040121415824,0.9321434665485708,0.9091409252196516,0.1360960719012585,0.6041899213681028,0.5652744418466047
849,2007-05-24,0.3934098301734656,0.896972853126627,0.0649737974514116,0.9226099177993056,0.8964861740501536,0.133719315601988,0.5998068938917929,0.5565821370851504
850,2007-05-25,0.3950389611752938,0.8999810460149082,0.1506303422754446,0.917562692539476,0.8923954330005476,0.1350420536733315,0.602943889004832,0.5621583270837738
851,2007-05-29,0.4056275628570128,0.9195335954491626,0.0658440465419835,0.926535450852562,0.9056779593064144,0.1354250383799902,0.6022931769983282,0.5509512666987116
852,2007-05-30,0.4044060895207235,0.9172775543623006,0.060717342236374,0.9192451751822288,0.9006455076524286,0.1373753590739443,0.6001172363334157,0.5528100036497386
853,2007-05-31,0.4198820217220799,0.9458543510074816,0.1508085870047887,0.9270963526229552,0.9194903535016832,0.1374381193005316,0.6038782733993819,0.5556527790368656
854,2007-06-01,0.4288416798595118,0.9623987904169338,0.1529970711393293,0.9310218856762116,0.93637312662578,0.1383585633372867,0.6016710000841134,0.5615023292656506
855,2007-06-04,0.4235474415044992,0.9526225571315464,0.0995601701977512,0.925413981314417,0.9278188880706534,0.1388155835037288,0.6095021111305698,0.567679878403497
856,2007-06-05,0.4206962123079122,0.9473584060198824,0.2108587370420602,0.9248530795440234,0.9180679202306932,0.1374912150415225,0.6138970748546344,0.5643997641861352
857,2007-06-06,0.4109222386129542,0.9293099115980292,0.1351525237628889,0.9024212394284162,0.8801918982040534,0.1353075716648125,0.6096446000881419,0.5663131606705201
858,2007-06-07,0.4003334494736942,0.9097573621637752,0.1836228816880085,0.8839149323660654,0.8602876997746122,0.131017502579848,0.59949655145017,0.5716160321478971
859,2007-06-08,0.4048130598419458,0.9180295404367615,0.1136870702486696,0.8822325610575269,0.8691754169272817,0.1337450679203154,0.5888591166542547,0.5597529322357966
860,2007-06-11,0.4092931700969731,0.9263018015732274,0.0695180309547917,0.8850365132384242,0.8813494454301697,0.1339783906030713,0.5882169838258247,0.5663678410583354
861,2007-06-12,0.396260559483277,0.9022370871017702,0.0981351325030747,0.8715773201016888,0.8640546379917863,0.1313843994537758,0.5804043366626142,0.562978366065343
862,2007-06-13,0.396260559483277,0.9022370871017702,0.1118623154836807,0.8682125774846119,0.8704801124228106,0.1350324088309983,0.5810416203903934,0.5679532386336584
863,2007-06-14,0.4064424407871617,0.9210376504615636,0.1394812674167931,0.9012996585560572,0.8948675430866132,0.1362070956260384,0.581956608382342,0.5755521858922973
864,2007-06-15,0.408478604596059,0.9247977465608264,0.1845129490991463,0.9164411116671172,0.9119072360448882,0.1378066269220589,0.5918234091825927,0.577465582376682
865,2007-06-18,0.4031843037551994,0.9150215132754388,0.1406560733866287,0.9074683533540314,0.897339557373024,0.1375073225175168,0.5976081997545981,0.5834244516721824
866,2007-06-19,0.4011479524887613,0.9112613343126968,0.0772043520450155,0.9007388681198776,0.8871961941479632,0.1379337384795697,0.5988760530707957,0.5834791320599977
867,2007-06-20,0.4044060895207235,0.9172775543623006,0.0601952655078788,0.9074683533540314,0.8906787031907321,0.1345769994121557,0.5944872439744795,0.5785043012005974
868,2007-06-21,0.3946316784248368,0.8992290599404473,0.0849616440768606,0.8928876906791511,0.8756401692166779,0.1360815751728636,0.5941783935638261,0.5810190568242052
869,2007-06-22,0.3950389611752938,0.8999810460149082,0.0562033426597839,0.8867188845469628,0.8660755317048477,0.1329227812708083,0.6062036036650993,0.5836978119023438
870,2007-06-25,0.3978895655134111,0.905245197126572,0.0610196309123796,0.8940092715515099,0.8722949410789015,0.1321471473718944,0.6057494667388064,0.58391649174469
871,2007-06-26,0.3930022974796209,0.8962208670521661,0.081467962851093,0.8895228367278601,0.863161976810544,0.1313667008734455,0.6027739839781983,0.5762081837104205
872,2007-06-27,0.3917808241433315,0.8939648259653044,0.0823328397148966,0.8811109801851679,0.8559517116093184,0.1335310349222258,0.6037083683727482,0.5827684538540592
873,2007-06-28,0.3958535266762079,0.9014851010273092,0.0586924111558933,0.891766109806792,0.869508991324479,0.133429656039779,0.6024628955210909,0.5860485680714208
874,2007-06-29,0.3958535266762079,0.9014851010273092,0.1031006436556905,0.8945700619876894,0.8765818798210577,0.1330498928283192,0.6163880205579486,0.5921167981425518
875,2007-07-02,0.3938171754097697,0.8977249220645671,0.0777136311322668,0.8906444176002192,0.8680178697011655,0.1356374606304804,0.6318650443067921,0.5943581935359982
876,2007-07-03,0.3991116637081701,0.907501238213434,0.0927778830434654,0.8945700619876894,0.8743648842151005,0.1365128430209783,0.6282644005700304,0.5961076322747674
877,2007-07-05,0.4015550477816774,0.9120134032506368,0.104806566493121,0.9012996585560572,0.8780926403735573,0.1365981340706943,0.6262372899943098,0.5982943472803983
878,2007-07-06,0.4105149558624971,0.9285578426600892,0.0562194329901438,0.9041036107369546,0.8928956987966893,0.1374091454870054,0.6310800495130475,0.6037612182123062
879,2007-07-09,0.408885824860669,0.9255497326352872,0.0788384175286781,0.9001780776836984,0.8846946735679461,0.137636044822627,0.6301503277152773,0.6003717849282291
880,2007-07-10,0.4039986817985725,0.9165254854243604,0.0718523746823839,0.878867707106236,0.8699013867095798,0.1341393082169067,0.6514434746864823,0.6037612182123062
881,2007-07-11,0.4007405447666103,0.9105093482382358,0.1060650546180024,0.8794284975424155,0.8642410641195709,0.1355296387576358,0.6504958485170798,0.6023945004793293
882,2007-07-12,0.4092931700969731,0.9263018015732274,0.0693104323868176,0.8833541419298859,0.8814671832056308,0.1401865850732648,0.6558069192563194,0.6020665015702676
883,2007-07-13,0.4149950036316774,0.936830103796555,0.0932295316392046,0.8928876906791511,0.889481878106244,0.1409589974769799,0.6553309613770997,0.6098841286712526
884,2007-07-16,0.4178455454839479,0.9420942549082189,0.0345207213315969,0.9074683533540314,0.898006706167419,0.1404794661306727,0.6540830639751174,0.6110868469496987
885,2007-07-17,0.4202891795008431,0.9466063370819424,0.2914029488204377,0.9052251916093136,0.902264138615969,0.1404553245599447,0.6561340470463477,0.610376127034845
886,2007-07-18,0.4121438369209373,0.9315659526848912,0.055936973174682,0.8956916428600484,0.8929251092906408,0.1399403960529769,0.6587851995749949,0.6160070391301989
887,2007-07-19,0.4223255307672812,0.9503665160446846,0.2171855906945199,0.9063468838158868,0.9075124268916912,0.1410523226214296,0.6573841824947839,0.6207631901472531
888,2007-07-20,0.407663914123451,0.9232936915484252,0.066967444823297,0.8844757228022447,0.8803194075442803,0.1379981094537566,0.6629986950324136,0.6188497936628684
889,2007-07-23,0.4133656851723084,0.9338219937717528,0.162249585525116,0.8889620462916806,0.8927387789625109,0.1392001593147235,0.6584571392656111,0.6151323197608144
890,2007-07-24,0.4056275628570128,0.9195335954491626,0.0557550605330064,0.9001780776836984,0.8786713660867881,0.1342873594932101,0.6615922693399388,0.6078613714112372
891,2007-07-25,0.4044060895207235,0.9172775543623006,0.1599033927542965,0.9012996585560572,0.8810650162557644,0.1354218168847913,0.6461245707846535,0.620544510304907
892,2007-07-26,0.3881153418750652,0.8871966198412395,0.1795380763381029,0.8704557392293297,0.8420903637905662,0.1297205168268319,0.6498746041222205,0.615460318669876
893,2007-07-27,0.396260559483277,0.9022370871017702,0.1467234896974935,0.8771853357976976,0.8467107811302653,0.1259051468453763,0.6320396119302052,0.6267767398305688
894,2007-07-30,0.3901516931415034,0.8909567159405023,0.1059427202557666,0.8670909966122529,0.8389021512866229,0.1283124877057725,0.643916178446158,0.6257380627155686
895,2007-07-31,0.4052204050782497,0.9187816093747015,0.0931421678698559,0.8906444176002192,0.8677922615146635,0.1253129810266897,0.637669044777528,0.6332823295863921
896,2007-08-01,0.3971234890297347,0.8947168120397653,0.1511689267174272,0.8726989009740477,0.8475152108296528,0.1270090589623587,0.6384588886719229,0.6240979847524302
897,2007-08-02,0.3999999000226448,0.8999810460149082,0.2978060602674654,0.8783069166700564,0.8556475477060724,0.1280373052286949,0.6431516990782418,0.6259020621700995
898,2007-08-03,0.3934253891493576,0.8879486059157005,0.0693278370524297,0.8659694157398939,0.841491903348495,0.1217390071092506,0.655658089167128,0.6183577952992759
899,2007-08-06,0.3872620351490388,0.876668317617912,0.1323678394508228,0.8553142861182698,0.8314661820992405,0.1273083633669009,0.6572056982900765,0.5996610650133753
900,2007-08-07,0.4032870304875945,0.905997183201033,0.0708110796674173,0.8755029644891591,0.8531264839965239,0.1287630452385535,0.6484558691742486,0.6016291418855754
901,2007-08-08,0.4164354273756994,0.93006189767249,0.0788019397189422,0.8945700619876894,0.8875885895330639,0.1321069179684355,0.6581591060794854,0.6001531050858829
902,2007-08-09,0.4086286331145995,0.9157734993498996,0.0755551479910032,0.8794284975424155,0.8713139526161496,0.1249621719854927,0.637990577451421,0.5970916290019521
903,2007-08-10,0.390138258684408,0.8819324687295758,0.1429833078990841,0.8412943025453548,0.8336048135877631,0.1250506845304075,0.6403334390810282,0.5964356311838289
904,2007-08-13,0.4032870304875945,0.905997183201033,0.0529511787050765,0.8642870444313555,0.860866425487843,0.1249348285628293,0.62843840868183,0.5972556701653982
905,2007-08-14,0.3938362960789381,0.8887006748536406,0.091701269616339,0.849706270422261,0.8433361424985374,0.1206898211241219,0.6162162504926034,0.6014104620432292
906,2007-08-15,0.3934253891493576,0.8879486059157005,0.0644473866839775,0.834564705976987,0.8401381584298283,0.1174972015224786,0.59949655145017,0.6066040144538909
907,2007-08-16,0.3728809799580395,0.8503475620595928,0.0939313434499281,0.8009168344693621,0.7870863215241418,0.1182326060179337,0.5990170499973984,0.5938661951724058
908,2007-08-17,0.3950688918959856,0.8909567159405023,0.3980125988298557,0.8289566902809782,0.8123761849339525,0.1238116071179172,0.6098156241380026,0.5992237470375983
909,2007-08-20,0.3913710419589963,0.8841885098164375,0.0860971496308614,0.8261527381000807,0.8154760701563862,0.1237488665345932,0.6068283916335109,0.5945222346994442
910,2007-08-21,0.388494818423627,0.8789243587047737,0.0532973273913842,0.816058398914636,0.8126017931204544,0.1240014985452788,0.6037083683727482,0.5855018893200131
911,2007-08-22,0.3921927308464632,0.8856925648288385,0.0527778382274791,0.8272743189724397,0.8243148336855727,0.1267290442424829,0.6185689968273829,0.5843538514293822
912,2007-08-23,0.3889054754098197,0.8796764276427138,0.0340089210816167,0.8194231415317129,0.8177716214790872,0.1264764122317972,0.619660976993069,0.5874699661922131
913,2007-08-24,0.3893166322827879,0.8804284137171747,0.0288640953918934,0.8171799797869951,0.821882001457879,0.1291910915914693,0.6368795738908755,0.5943581935359982
914,2007-08-27,0.3893166322827879,0.8804284137171747,0.0204773537680374,0.8154976084784566,0.8190469064806646,0.1271667550809953,0.6323305579692267,0.5991690666497829
915,2007-08-28,0.3782223951275036,0.8601237953449805,0.0699740452094036,0.8037208423173665,0.8013204257988086,0.1216263529936078,0.6262372899943098,0.5978570293046213
916,2007-08-29,0.3798661478175194,0.8631319053697823,0.0839347266458348,0.8070856406015504,0.8070886187998584,0.1266791699966909,0.637990577451421,0.607588052889991
917,2007-08-30,0.3839749671699359,0.8706520975683081,0.0555580946948025,0.8138152371699182,0.8198219256861005,0.125694354985749,0.6329708257589448,0.6067680139084217
918,2007-08-31,0.3889054754098197,0.8796764276427138,0.1048691855562035,0.8211056241744654,0.8361455162264976,0.1283253540433045,0.6329708257589448,0.6104854878104757
919,2007-09-04,0.3958907057551464,0.8924607709529033,0.1012549037945751,0.8390511408006368,0.8469657998107191,0.1308083214678201,0.6295406465604303,0.6161710385847298
920,2007-09-05,0.3806878367049863,0.8646359603821834,0.0786054228837996,0.8171799797869951,0.812631203614406,0.1280518019570897,0.6348360509744919,0.619724513032253
921,2007-09-06,0.3823314644233081,0.8676440704069854,0.0966478024846326,0.8143759162718835,0.8085405583644546,0.1290591477911602,0.6414188916112236,0.6228406277950839
922,2007-09-07,0.3667175634718735,0.8390672737618043,0.1107699384655112,0.7913832300529898,0.7766584333250212,0.1250362074452761,0.6537861498122186,0.6250273428007148
923,2007-09-11,0.3671285328873009,0.8398192598362653,0.0499560310590257,0.7908224952839175,0.7856932987471034,0.1279230600087161,0.6639571384263439,0.6333916903620227
924,2007-09-12,0.3630194011056495,0.8322990676377398,0.0526387916761835,0.7835321082793701,0.7871550098764654,0.1279343352419121,0.6745876725790259,0.6425760351959847
925,2007-09-13,0.3683610662185015,0.8420753009231272,0.0794781731111424,0.7829713178431907,0.7967097800238753,0.1299280871912604,0.6681607491785904,0.6435600319231695
926,2007-09-14,0.3630194011056495,0.8322990676377398,0.0643072871888832,0.7678297533979167,0.7754419693113471,0.1299763703327164,0.6699069849243326,0.6381478413790769
927,2007-09-17,0.3543906992566183,0.816506531439269,0.0947341788414417,0.7487626558993863,0.7593439869574518,0.1287534003962203,0.6678601049382682,0.646184148322408
928,2007-09-18,0.3704156008664038,0.84583539702239,0.0915427430777701,0.7779241482504684,0.7931978604871547,0.1356937778666701,0.6858429947001194,0.6513230203452544
929,2007-09-19,0.3909600100577219,0.8834365237419768,0.1328663540585793,0.8188623510955335,0.8376169989206254,0.1371822657946472,0.6841318216821566,0.653619096126516
930,2007-09-20,0.3889054754098197,0.8796764276427138,0.0886986501799094,0.8087680119100888,0.8309756878678646,0.1355280280100364,0.7013317681928466,0.6612180433851548
931,2007-09-21,0.3897272267831336,0.8811803997916356,0.1386299059667328,0.8076463753706229,0.8332810107553313,0.136654451306884,0.7033805132176225,0.6519243794844773
932,2007-09-24,0.3909600100577219,0.8834365237419768,0.091674732059821,0.8059640040620845,0.8376072273558596,0.1353638889010022,0.7005568446081452,0.6482615442613235
933,2007-09-25,0.388494818423627,0.8789243587047737,0.0504608485736048,0.7913832300529898,0.8196747774166876,0.1352802085988857,0.712771915650267,0.640498597548154
934,2007-09-26,0.3938362960789381,0.8887006748536406,0.0694667866359281,0.7953088187733532,0.839471105435088,0.1366013555658931,0.7097992304477267,0.6447081115227156
935,2007-09-27,0.4004108069522253,0.9007330320893692,0.0708755548206192,0.7981128822884647,0.8461319596173801,0.1375604182585076,0.712771915650267,0.6588126068282625
936,2007-09-28,0.3983562098184761,0.896972853126627,0.0568331369090743,0.7958696648766398,0.8456316938212384,0.1368153689207193,0.7304274911182194,0.6521430593268235
937,2007-10-01,0.3987670542622096,0.8977249220645671,0.0639797573736492,0.8025992057779006,0.8482313132475306,0.1400803935912832,0.7259159624746749,0.6443800709047387
938,2007-10-02,0.4086286331145995,0.9157734993498996,0.0851037113858408,0.8328823346684485,0.8665757975009895,0.1400144118694969,0.712771915650267,0.6433413937897385
939,2007-10-03,0.4065739110091564,0.9120134032506368,0.0827633693567892,0.8340039155408074,0.8659675654941524,0.1388815455822517,0.7046239345266969,0.6427400346505154
940,2007-10-04,0.4061631915371169,0.9112613343126968,0.1140784185764784,0.8340039155408074,0.8595126805691765,0.1394045278272166,0.7101118109358036,0.6509403410483774
941,2007-10-05,0.4110938872345413,0.9202856643871028,0.0600751139750793,0.8469022069071496,0.8765916513858235,0.1417780626312882,0.7097992304477267,0.6497376227699312
942,2007-10-08,0.4078068192554386,0.9142694443374988,0.0740040258099312,0.8412943025453548,0.8684396755802178,0.1409718638145119,0.6966589137007422,0.6377104816943846
943,2007-10-09,0.4041087193750615,0.907501238213434,0.0567513477340708,0.8457806260347905,0.8737076027851259,0.14299460922065,0.7057131171343156,0.6444894316803694
944,2007-10-10,0.4012321834104575,0.9022370871017702,0.0968658746287096,0.8373686581578843,0.8738154731961668,0.1425633413725353,0.7110499254077769,0.6501749824546235
945,2007-10-11,0.4020543721847002,0.903741142114171,0.1571605563707391,0.8457806260347905,0.8969864398462951,0.1412663556195192,0.7205703885192694,0.6599060060399932
946,2007-10-12,0.4061631915371169,0.9112613343126968,0.1034283073286447,0.8575573365287736,0.9128097645905509,0.1424555391429542,0.7187100124043726,0.6632408006451702
947,2007-10-15,0.4106829803049608,0.9195335954491626,0.3031621703554568,0.847462997343329,0.9055700888953734,0.1403491134346996,0.720885953069285,0.6765799373569632
948,2007-10-16,0.409861041474106,0.9180295404367615,0.1335157273709358,0.8390511408006368,0.914614821681876,0.1387109831260831,0.7166642514415351,0.6846709246881096
949,2007-10-17,0.4205439967847282,0.937582089871016,0.1518959659654077,0.8356862868493459,0.9294081085402424,0.1391470635737327,0.7229395471947113,0.6835228867974787
950,2007-10-18,0.4225987813760183,0.9413421859702786,0.1147034297837687,0.8373686581578843,0.9369224418450592,0.1389603936415699,0.7351173174625998,0.6948393079581715
951,2007-10-19,0.4221879994181318,0.9405901998958176,0.1345038323871066,0.8379294485940638,0.939139533250671,0.1326122016330702,0.7354369850977813,0.6900831152322022
952,2007-10-22,0.4131484218824436,0.9240457604863654,0.1928555071353769,0.8216663032764309,0.9193333378678502,0.1335294241746264,0.717136106235589,0.6843975644579481
953,2007-10-23,0.4164354273756994,0.93006189767249,0.1672142682354638,0.8244703667915423,0.9293197812587328,0.1356631933055444,0.729345582161576,0.6718784250188091
954,2007-10-24,0.4061631915371169,0.9112613343126968,0.096100411891061,0.805403213625905,0.9098667992022954,0.1350661952440595,0.7301410211721058,0.6818828088343403
955,2007-10-25,0.419722620326496,0.9360780348586148,0.1397796752729124,0.803160051881187,0.9250427098809968,0.1348280403185053,0.7399873065465286,0.7002514985022641
956,2007-10-26,0.4291729173342238,0.9533745432060072,0.1664266367621633,0.8115719640909862,0.9464184868042204,0.1381880008811182,0.7504716216642151,0.7079051261487183
957,2007-10-29,0.4394454031161942,0.9721751894292798,0.0994145129722765,0.8272743189724397,0.9595832753346256,0.1391052234226744,0.7543675010290352,0.7170347905948649
958,2007-10-30,0.4513612041872515,0.993983779950396,0.1530328701744844,0.8328823346684485,0.9639389024291056,0.1375024902747185,0.75782006069209,0.6998141388175718
959,2007-10-31,0.4546484596238952,1.0,0.0911141201178913,0.8480238991137226,0.974533577826825,0.1404569353075441,0.7628224675245472,0.7225016615267728
960,2007-11-01,0.4448273716003325,0.9729271755037407,0.0854331426130996,0.8351254964131665,0.961692400529542,0.1338689579826274,0.7557994777518602,0.7168161107525187
961,2007-11-02,0.4473130585922288,0.9774393405409438,0.1695583614426728,0.8340039155408074,0.967980594055574,0.1340636816527873,0.7653154647704443,0.7301552891732269
962,2007-11-05,0.440270091324315,0.9646549143672748,0.2416994724973962,0.8384902390302433,0.9681964306773102,0.1328600210442209,0.7637730777558887,0.7194949075395725
963,2007-11-06,0.4406842475179372,0.9654069004417358,0.1021951636347757,0.834564705976987,0.9750143004934352,0.1357726259259883,0.7772326891303118,0.7343647614388733
964,2007-11-07,0.4365415608364705,0.95788670824321,0.0961001779035502,0.8216663032764309,0.9697660122177132,0.1285876505395867,0.7865959294784102,0.7325607257301192
965,2007-11-08,0.4597417434950983,1.0,0.2102798002944421,0.803160051881187,0.979948653301146,0.1284508744964793,0.7955305839305653,0.7275858531618037
966,2007-11-09,0.4506272454289103,0.9834554777270684,0.1037743147792476,0.789140123975379,0.9589064507751198,0.1250603293727407,0.7945870608463286,0.7322873654999578
967,2007-11-12,0.4518702763823994,0.9857116016774096,0.1644391268194464,0.8009168344693621,0.96317375058809,0.1227238221201925,0.7709447111138961,0.7229937015992803
968,2007-11-13,0.4535272760719697,0.988719628838732,0.1045949153036197,0.8098895927824478,0.967107476003863,0.1294614418257486,0.7861276182579082,0.7041329718588489
969,2007-11-14,0.4522844325760214,0.9864635877518704,0.1580141101362159,0.820544722404072,0.9665287502906322,0.1277766194800121,0.7906852133576312,0.7200962249698803
970,2007-11-15,0.448970183253493,0.9804474505657456,0.193485634447971,0.8199839319678924,0.958376678685372,0.1246500012434185,0.7861276182579082,0.7164881118434571
971,2007-11-16,0.4506272454289103,0.9834554777270684,0.2339976671255453,0.8093288023462683,0.9626145680043906,0.1258713604323152,0.7881696491433223,0.7256177762896037
972,2007-11-19,0.4435843406468435,0.9706710515533996,0.1558938902769553,0.7930657126957423,0.9400812438550508,0.1217727935223117,0.7936439107698339,0.7231030206659959
973,2007-11-20,0.4506272454289103,0.9834554777270684,0.093338650977069,0.7981128822884647,0.9558457476114032,0.1228074827790456,0.8193111330315326,0.7416357097884505
974,2007-11-21,0.4373698732237148,0.9593907632556112,0.094450745132016,0.7756809308386434,0.9229335846860804,0.1191176528940282,0.8232075719079661,0.7375902369773348
975,2007-11-23,0.4386128416913569,0.9616468043424732,0.0718990625687737,0.7913832300529898,0.9256509418878336,0.1229684003928809,0.8142966034474493,0.7424557487700197
976,2007-11-27,0.4336415301934112,0.9526225571315464,0.097781135749175,0.7846536891517292,0.9181365127833622,0.1209617624627372,0.8200687117562155,0.7219003023875497
977,2007-11-28,0.4410987161407941,0.9661588865161967,0.1124419151959127,0.805403213625905,0.9427495516336668,0.127525598216926,0.8205510107670551,0.7011262178716487
978,2007-11-29,0.4406842475179372,0.9654069004417358,0.097884981936064,0.8194231415317129,0.9515882193631988,0.1276382326893053,0.8078707990702407,0.7032582941983796
979,2007-11-30,0.4448273716003325,0.9729271755037407,0.1010548360408564,0.8278351094086192,0.9617219068231484,0.12947591891088,0.7978598307775775,0.6906844743714253
980,2007-12-03,0.4444129654633225,0.9721751894292798,0.0493018778666625,0.8233486745849693,0.9592792072310348,0.1280727220326189,0.7938123237654982,0.693964588588787
981,2007-12-04,0.4423415596367422,0.968415010466538,0.0714105883440257,0.8194231415317129,0.9566501773107906,0.1265230846256538,0.8088256988906191,0.6885523980446944
982,2007-12-05,0.4473130585922288,0.9774393405409438,0.0628863801115708,0.8272743189724397,0.9658714688606576,0.1300986692906924,0.7826881138658355,0.6840148851610712
983,2007-12-06,0.4468987774269127,0.9766872716030036,0.059058988427491,0.8244703667915423,0.9554435806615368,0.1336919525360612,0.7920964881507564,0.6989941415449178
984,2007-12-07,0.4547702445396118,0.9909757527890732,0.0690101399826383,0.8401727216729958,0.967578331306053,0.1332607043312099,0.7916259388838005,0.6883337182023482
985,2007-12-10,0.4593273998439353,0.99924793106206,0.0460026318303896,0.8452198355986111,0.9688634836720506,0.1350790615815915,0.799888992895881,0.6860376424210866
986,2007-12-11,0.4597417434950983,1.0,0.0684088057818465,0.8424158834177137,0.974533577826825,0.1289143180100557,0.7930043889956002,0.6978460619453718
987,2007-12-12,0.4576701502109772,0.996239903900737,0.0796397962952371,0.8429766738538932,0.9715415630154322,0.1303529120489774,0.8010063375880463,0.7217363029330188
988,2007-12-13,0.4444129654633225,0.9721751894292798,0.0853667902898222,0.8250311572277218,0.936147518439278,0.1306457931063853,0.7875332979348986,0.7100372024754491
989,2007-12-14,0.4468987774269127,0.9766872716030036,0.087188045782127,0.8384902390302433,0.9436520801793292,0.1273534053698946,0.7573636857193426,0.7046796506102567
990,2007-12-17,0.4344702174957372,0.9541266121439472,0.0756215667161417,0.8194231415317129,0.918421037757422,0.1238051837707829,0.7535871688320699,0.7011808565505488
991,2007-12-19,0.4332272490280952,0.9518704881936062,0.0851352522698983,0.8110111736548067,0.9045498225742498,0.1249476949003613,0.7490463590807523,0.7045156511557259
992,2007-12-20,0.4369556545442457,0.958638694317671,0.0743503410278907,0.804281577086439,0.9009300326264884,0.1260934275251385,0.7410794732160857,0.7035316127196258
993,2007-12-21,0.448141495951167,0.9789433955533446,0.1893152666109507,0.8110111736548067,0.915556532286256,0.1300101567457775,0.7496939005214462,0.7158320723164187
994,2007-12-27,0.4497990580133599,0.9819514227146676,0.1070127187927228,0.8121328658613798,0.9123094987944091,0.1286922509172323,0.785024634363823,0.7339274434630962
995,2007-12-28,0.4510417140517673,0.9842075466650084,0.0500546430928578,0.8138152371699182,0.9050599557348116,0.1290494833055636,0.8013112714174053,0.7305379684701038
996,2008-01-02,0.4427559032879052,0.9691669965409986,0.1143790345579812,0.8037208423173665,0.8874218023344652,0.1240079415356765,0.8011421124062561,0.7503280562588199
997,2008-01-03,0.4369556545442457,0.958638694317671,0.1245244242050353,0.7958696648766398,0.8730993707782889,0.1240079415356765,0.8055214098051426,0.7479226197019276
998,2008-01-04,0.4282557500726085,0.9428462409826796,0.1105799342827525,0.7768025117110023,0.8481626248952071,0.1182905340017228,0.807087296307466,0.7409797119703273
999,2008-01-07,0.424527219584764,0.9360780348586148,0.0791818100107481,0.7807281004313658,0.8545096394091422,0.1190227170019791,0.7958342122328264,0.7255630959017884
1000,2008-01-08,0.4154127840044229,0.9195335954491626,0.0913953583499071,0.7633433742413738,0.8548529853711054,0.1148404501465957,0.9347615053771864,0.7323420458877731
1001,2008-01-09,0.4038125364604916,0.898476908139028,0.1323081673655791,0.7521274541835702,0.8482803626706682,0.1178882399671344,0.7928699197044884,0.7287338910524346
1002,2008-01-10,0.3971842252729757,0.8864445509032994,0.145417912113062,0.7324995105817533,0.8404815043917914,0.1196905093847851,0.8142966034474493,0.7180188290309648
1003,2008-01-11,0.4062983484240819,0.9029891560397104,0.1140950875516286,0.7336210914541124,0.8340069805376297,0.1165832004761212,0.8125841249023884,0.7124426390323415
1004,2008-01-14,0.3984270062830769,0.8887006748536406,0.1813154834140814,0.7313779297093944,0.8314466389697092,0.1190339725919117,0.824935530274334,0.7206975841091035
1005,2008-01-15,0.3768841357432542,0.8495954931216527,0.1515628467998593,0.7022164373583124,0.7837019113276481,0.113353572966218,0.8144678140011814,0.7081238059910644
1006,2008-01-16,0.3706697308059724,0.8383152048238642,0.2304688066153269,0.6977300582017695,0.7711353916400049,0.1121064614589939,0.7928699197044884,0.7023288944411796
1007,2008-01-17,0.3665269816386588,0.8307950126253387,0.1683389165581638,0.6870749285801454,0.7670642895195848,0.1056778106435765,0.7891081366230377,0.6984474210845949
1008,2008-01-18,0.3536840468133967,0.8074822842283422,0.3470104528239403,0.6696902023901534,0.7552728848370319,0.104380805247297,0.7856594935412777,0.7008528576414872
1009,2008-01-22,0.3288267394935047,0.7623609653102299,0.2495168993195176,0.6321166864950581,0.6752536367704366,0.102016934928822,0.7903495063895292,0.696916703897087
1010,2008-01-23,0.3052123693983313,0.7194956874789793,0.1600146938675995,0.60631999242816,0.6178559443350359,0.106538715948943,0.7878680723836446,0.6812814496951172
1011,2008-01-24,0.3358695817897246,0.7751453086204194,0.2270688753315565,0.6702509371592259,0.7014460287259096,0.1087062714929222,0.8100885166022949,0.69451130904911
1012,2008-01-25,0.3391838935981,0.7811615286700233,0.1908672762581672,0.6702509371592259,0.704820571557983,0.1052529857858595,0.7945870608463286,0.7016182162352411
1013,2008-01-28,0.3350409569732455,0.7736412536080184,0.1662830348323916,0.6618390249494267,0.6935981210238952,0.1090104081402626,0.8122760205072195,0.7031489334227489
1014,2008-01-29,0.3379411125879988,0.7789054047196822,0.1099648243307617,0.6764197432914142,0.7151699998400146,0.1103524751827992,0.809747028014187,0.706702407870272
1015,2008-01-30,0.3358695817897246,0.7751453086204194,0.1094250320073044,0.6781021145999526,0.7122760838748968,0.1093081214404688,0.8190013501015232,0.7104745621601414
1016,2008-01-31,0.3284124895711121,0.761608979235769,0.1895888306850108,0.6629606058217857,0.7134434984654333,0.1129673864076238,0.8243131668562478,0.7073037670094952
1017,2008-02-01,0.3436064231451576,0.7796574736576223,0.1314981426550961,0.6876357190163249,0.7395083810806794,0.1156820657672959,0.8141252063898465,0.6920511921044022
1018,2008-02-04,0.3402574316917218,0.7736412536080184,0.2093283174857053,0.6881964537853973,0.7415684568524582,0.1133326528906888,0.8185197971061686,0.6978460619453718
1019,2008-02-05,0.3134642815902199,0.725511824665104,0.180379441673062,0.6410894448081439,0.672801165613557,0.10622332371167,0.7888063733594886,0.6890444381172021
1020,2008-02-06,0.3239303797689823,0.7443123880248972,0.148835281790374,0.6427718717837894,0.6946379304745504,0.1045835630121907,0.7855257702656504,0.6821014886766864
1021,2008-02-07,0.3239303797689823,0.7443123880248972,0.2593174335355603,0.6265087264661564,0.6801389401550096,0.1062667746103277,0.7639041899773191,0.6874043601540636
1022,2008-02-08,0.3251866577220259,0.7465684291117591,0.0868172504113482,0.6287519438779813,0.6845827987313443,0.1053624184063035,0.9347615053771864,0.7074130860762107
1023,2008-02-11,0.3168135542299669,0.7315280447147079,0.1206287903796292,0.6175359681530707,0.6732033325634234,0.106624006998659,0.7675177024811914,0.7173627895039264
1024,2008-02-12,0.3348151018794243,0.7638650203226309,0.0907349201686838,0.6405287100390714,0.7159646579746363,0.1081897322383549,0.7800237195623352,0.7129346373959339
1025,2008-02-13,0.3390015286537599,0.7713852125211564,0.088824998165754,0.6483798318126912,0.7171418441299385,0.1111425665235812,0.7759722959689614,0.7156133924740725
1026,2008-02-14,0.3364896600919892,0.7668731303474328,0.122436476704303,0.6483798318126912,0.7217034404817343,0.1081897322383549,0.7897456068546889,0.7275858531618037
1027,2008-02-15,0.3247675963894177,0.7458164430372982,0.1902322130738926,0.6298735247503403,0.6982284057280147,0.1083715699277194,0.7947554738419929,0.7278045330041498
1028,2008-02-19,0.3348151018794243,0.7638650203226309,0.0956622702770828,0.6472582509403322,0.717436140668764,0.1081768659008229,0.8031768696406949,0.7524601325855509
1029,2008-02-20,0.3260235619132267,0.7480724841241602,0.1498837208024047,0.6343599039068831,0.6988660482288033,0.1099871890564708,0.8020912306066281,0.7564509250088511
1030,2008-02-21,0.3302099574446387,0.7555927591861651,0.0926411595033131,0.6416502909114304,0.7079499630740232,0.1071711308143519,0.8164921270188346,0.7427291090001812
1031,2008-02-22,0.3289542418642177,0.7533367180993031,0.0770331691009074,0.6332383230345242,0.6926955924782326,0.1088736320971552,0.8182103871839017,0.7458998624419122
1032,2008-02-25,0.3402574316917218,0.7736412536080184,0.1036029768974634,0.6450150891956142,0.7063411036752484,0.1118811925142352,0.8197587423223351,0.7481959799320891
1033,2008-02-26,0.3532351484888673,0.7969539820050147,0.0688400584662274,0.6663253484388626,0.7338087806322987,0.1134082990980717,0.8448200135066102,0.7572162836026051
1034,2008-02-27,0.3540723651093027,0.7984580370174157,0.0629336835326737,0.6652037675665036,0.7355451493713004,0.1132039305855786,0.8639025300928658,0.7504373753255354
1035,2008-02-28,0.3427693002534926,0.7781534186452213,0.0562051650219739,0.6551094283810589,0.7176715204200316,0.111218212730964,0.8760868279962455,0.7665646278910977
1036,2008-02-29,0.3377455318870276,0.7691291714342947,0.0612404508287119,0.6455758796317937,0.7076949443935695,0.1052562072810584,0.8754728572523616,0.7624644746921668
1037,2008-03-03,0.3281168690291649,0.7518325802234229,0.0764676033693345,0.6265087264661564,0.6774902713055798,0.1053704525010372,0.8767373534988778,0.7657992692973439
1038,2008-03-04,0.3197440154804937,0.7367921958263717,0.0586128164043019,0.6108064272518099,0.6546920611113661,0.1046318461536467,0.8782927957844155,0.749781335798497
1039,2008-03-05,0.3293729282817442,0.7540887041737641,0.0820629941450622,0.6270695169023358,0.6858874942268732,0.1057502157124971,0.8887625636001515,0.7771156904580366
1040,2008-03-06,0.3172322094045698,0.7322800307891686,0.0603483228518821,0.6080023637366985,0.6716828004461582,0.1010256769274824,0.9056775321956968,0.7823092428686983
1041,2008-03-07,0.3117900670498132,0.7225037975037811,0.0921825882500471,0.5995904515268993,0.6606957296633379,0.0992604154180917,0.8979995408274692,0.7805598458388444
1042,2008-03-10,0.3080222017213101,0.7157355913797163,0.0535240992332727,0.5894961123414546,0.6571347607034798,0.0960420631413844,0.8987724128695878,0.7955937409015912
1043,2008-03-11,0.3235117558373028,0.7435603190869571,0.0782223863826132,0.6209007664372546,0.6964821696245928,0.1036502526379036,0.8989197509278102,0.8002405728519298
1044,2008-03-12,0.3297914584846532,0.7548407731117042,0.0757218777944215,0.6321166864950581,0.7038592220244172,0.101738550599809,0.9299159483003808,0.8066368018321225
1045,2008-03-13,0.320999949761379,0.7390482369132334,0.0710023602415074,0.623704774285259,0.6981597173756912,0.1028183015028,0.9427533827605894,0.808878238934484
1046,2008-03-14,0.320162764383867,0.7375441819008326,0.1050630283989366,0.6152927507412458,0.6930782162985677,0.0984188194406549,0.9421045357927972,0.8082221994074456
1047,2008-03-17,0.3059292070346067,0.7119754952804536,0.1039090515335537,0.5928609106256385,0.6572328595497551,0.0965618238911505,0.9624601278036428,0.7834572807593291
1048,2008-03-18,0.3247675963894177,0.7458164430372982,0.0787993584783388,0.6287519438779813,0.69397087747981,0.1052739058613887,0.9483790855304888,0.8039033663661685
1049,2008-03-19,0.3314658917255242,0.7578488831365062,0.0897871000022896,0.6321166864950581,0.6875159925548341,0.1000730572252656,0.9453909205066416,0.7768970523246057
1050,2008-03-20,0.3415132722438367,0.7758973775583595,0.1261444493840519,0.6309951612898063,0.6874669431316965,0.1050759803392933,0.9145980123536436,0.7624644746921668
1051,2008-03-25,0.3628638738325769,0.8142504074889279,0.1509241409992002,0.6579134362290634,0.7335734008810312,0.1088543227692255,0.9411891747931064,0.7590750414080896
1052,2008-03-26,0.3637011216959358,0.8157544625013289,0.0731730402452711,0.6551094283810589,0.7305126977173145,0.1069458422263297,0.974351241621547,0.7846599990377753
1053,2008-03-27,0.372492692905057,0.8315469986997994,0.0796675838931417,0.6629606058217857,0.7437462703996981,0.1044725392874107,0.9727851686153526,0.7938443438717372
1054,2008-03-28,0.3703994170320422,0.8277869026005367,0.053018363686613,0.6607173884099607,0.7343778305804184,0.1027764613517417,0.9644794052167744,0.7831292818502675
1055,2008-03-31,0.3666313954889217,0.8210186136129927,0.0785817785512327,0.6562310092534179,0.7173674523164405,0.1039801219603081,0.9640131455388554,0.7610431182802897
1056,2008-04-02,0.4009598700894247,0.8826844548040367,0.0869380480447968,0.7044595991030302,0.7732543841993414,0.111194071160236,0.9514901566054356,0.7788104488089904
1057,2008-04-03,0.3980296587822858,0.8774203036923727,0.1191542421924641,0.6988516390741285,0.7634641385010094,0.1114805092272462,0.9497993125094302,0.7733435778770825
1058,2008-04-04,0.397610878635989,0.876668317617912,0.1125371460048139,0.7010948564859534,0.7740097644755913,0.111655903926213,0.9607153840888698,0.7864640764554446
1059,2008-04-07,0.4017972429244776,0.8841885098164375,0.0749113808929257,0.7095068243628596,0.7811905233832107,0.1120002699770122,0.9557273380544922,0.8020992889484992
1060,2008-04-08,0.3950988851025242,0.8721561525807089,0.0721385677580406,0.7061419704115687,0.7654751648496506,0.1108738466801647,0.9358622512248174,0.7988738551189528
1061,2008-04-09,0.3879819970776619,0.8593718092705196,0.0514536733919079,0.6898788807610428,0.7497400715872499,0.1090956991899786,0.974351241621547,0.8118303542427842
1062,2008-04-10,0.3854705034309729,0.8548596442333165,0.0691645411738321,0.6730550006743373,0.7408033050114428,0.1100708693585873,0.9615292869826452,0.8076755206560379
1063,2008-04-11,0.3770974624247608,0.8398192598362653,0.0669582824204528,0.6612781788461403,0.7182797524268688,0.1056102181741908,0.9740379151179852,0.8078395201105686
1064,2008-04-14,0.3712366648954012,0.8292909576129377,0.0976478514038323,0.6556702188172384,0.7067040885663974,0.1048844781643323,0.9745079048733276,0.816695866035469
1065,2008-04-15,0.3808653589961873,0.8465874659603301,0.0908089814318441,0.6601565979737812,0.7310915192302,0.1058677020709382,0.9684109068209874,0.8277936073538156
1066,2008-04-16,0.3934247018050412,0.8691481254193862,0.1194863674380905,0.6724941545710509,0.75352664873361,0.1107402724889928,0.9953295700582208,0.8340258368794774
1067,2008-04-17,0.396773505800936,0.875164262605511,0.1935650394799591,0.669129356286867,0.7467676957050428,0.1108770681753635,0.9865554954391412,0.8336431575826004
1068,2008-04-18,0.4147750534503934,0.907501238213434,0.1514119975812395,0.6921220425057607,0.7817105239081928,0.1148629809697242,0.9602506164419202,0.8436475413981316
1069,2008-04-21,0.4084953508030431,0.8962208670521661,0.1119405168501853,0.6786629607032392,0.7624831500382575,0.1145154130669895,0.9880993744846668,0.8479663744394087
1070,2008-04-22,0.4034717386511954,0.8871966198412395,0.0927416803271544,0.6713725736986919,0.7491907563679706,0.1125473741494418,1.0000000000000002,0.8582987571640015
1071,2008-04-23,0.4001225597402188,0.8811803997916356,0.2305412700178278,0.6702509371592259,0.7560183977488614,0.1131894535004472,0.9821717219473468,0.8524492069352165
1072,2008-04-24,0.4043089240287074,0.8887006748536406,0.1504426758597984,0.6741765258795893,0.7566266297556984,0.1146199938013718,0.9524519570690468,0.8402033860173239
1073,2008-04-25,0.4051463593496073,0.8902046470025622,0.1416475006038537,0.684270865065034,0.7667896319099453,0.1160714738210889,0.9450848676540556,0.8536518835047475
1074,2008-04-28,0.4118444047423258,0.9022370871017702,0.12441393256204,0.6977300582017695,0.7770900107688391,0.1158349296431341,0.9475739483186584,0.854909282171009
1075,2008-04-29,0.4118444047423258,0.9022370871017702,0.1941061471926662,0.698290848637949,0.7603543859141554,0.1149611383569722,0.9341548082842784,0.8378526298482469
1076,2008-04-30,0.4181239199321354,0.913517458263038,0.0964503159715173,0.7022164373583124,0.7692911524899623,0.1141002330516057,0.9427533827605894,0.8259895299361464
1077,2008-05-02,0.4408568334272287,0.932317938759352,0.1595393471854059,0.7207227444206632,0.794963639720108,0.1186558201280512,0.9133303455413172,0.8416247841381163
1078,2008-05-05,0.4382929766407908,0.9278058565856284,0.1862638375905672,0.7218443809601293,0.7963370235679604,0.1176243327232528,0.923359591213355,0.8615788713813631
1079,2008-05-06,0.4391477830271443,0.9293099115980292,0.0670821724834361,0.715675574827941,0.7896466630920623,0.1193574185671818,0.92927362896808,0.8718018933303252
1080,2008-05-07,0.4412844240779463,0.9330700076972922,0.0530153682248756,0.7190403731121248,0.7917067388638409,0.1152234348532544,0.9056775321956968,0.8810409185521025
1081,2008-05-08,0.4438480309209963,0.937582089871016,0.0905495240642911,0.7218443809601293,0.7963370235679604,0.1160457411460249,0.9180354652031336,0.8819156379214871
1082,2008-05-09,0.4370107045754137,0.9255497326352872,0.0858033414211257,0.715675574827941,0.7836920439632279,0.1145331116473198,0.9220825992074706,0.8943254165849954
1083,2008-05-12,0.440429430234052,0.9315659526848912,0.0464814103294083,0.7201619539844838,0.7943652750776912,0.1169951393530428,0.9299159483003808,0.8848677532297872
1084,2008-05-13,0.4370107045754137,0.9255497326352872,0.0480743098211366,0.7196011635483043,0.7906865683423719,0.1169082571989908,0.9200571671665904,0.893450738924526
1085,2008-05-14,0.4434208151853605,0.936830103796555,0.1280935748350193,0.726330704449565,0.8074418321262417,0.117812613403015,0.9188212060123628,0.8848130728419719
1086,2008-05-15,0.4459847969434922,0.9413421859702786,0.0579855633436986,0.7291347679646765,0.8073633722091526,0.1202118808821506,0.9159792600235106,0.8842663940905641
1087,2008-05-16,0.4447030247648907,0.9390861448834168,0.177796092020066,0.72857392186139,0.8013204257988086,0.1204983189491608,0.938674916105896,0.8961294940026646
1088,2008-05-19,0.4447030247648907,0.9390861448834168,0.1196829865110194,0.7302562931699285,0.8133669449614699,0.1207042982092533,0.9280283426202935,0.9002843275894109
1089,2008-05-20,0.436156085646601,0.9240457604863654,0.0457761593238752,0.7151148400588685,0.7883026897381614,0.1185753613211336,0.9477656742982188,0.9113274302288574
1090,2008-05-21,0.4271819932785223,0.908253307151374,0.0708084056750078,0.7027772277944918,0.7750692128554323,0.1149241304487122,0.9687227412935796,0.9337415509989816
1091,2008-05-22,0.4207719451544225,0.896972853126627,0.1858104109005455,0.7010948564859534,0.7745590796948704,0.1155098729202645,0.9599408335119108,0.9208397322629658
1092,2008-05-23,0.4079518489062227,0.87441227653105,0.0840620590656212,0.6859533477077865,0.7476407179570993,0.1125457830451057,0.9682549895846913,0.9283840408427044
1093,2008-05-27,0.397268331222978,0.8556117131712568,0.058604216836281,0.6809061224479571,0.7352607201968951,0.1140616143957463,0.9535297629405244,0.9101247119504112
1094,2008-05-28,0.4045331232475844,0.8683960564814461,0.0564771902592512,0.6797845415755981,0.7399498258889178,0.1149450505242414,0.9480724731662892,0.922042450541412
1095,2008-05-29,0.4045331232475844,0.8683960564814461,0.0477614969771338,0.6786629607032392,0.7439031902338767,0.1161390662904746,0.9264825985360564,0.8979335714203339
1096,2008-05-30,0.4105157056926606,0.8789243587047737,0.0447562615181735,0.6775413241637732,0.7499264977150345,0.116480210846075,0.9300672029398978,0.9019243638436342
1097,2008-06-02,0.3976956094444608,0.8563636992457175,0.0503594065556894,0.6629606058217857,0.7204085165509709,0.1141131190324011,0.9308609634155872,0.9041658009459956
1098,2008-06-03,0.397268331222978,0.8556117131712568,0.0573397620298742,0.6680077754145081,0.7333281537653432,0.1128225566265193,0.91586735770081,0.8853050712055642
1099,2008-06-04,0.3921403677067144,0.8465874659603301,0.062517039257751,0.6618390249494267,0.7244502081774394,0.1127501319143354,0.9131069139036584,0.8743166906628482
1100,2008-06-05,0.3857302570967675,0.8353070947990624,0.073790815757689,0.6528662666363411,0.7144538974221367,0.1170707855604256,0.9375717457079398,0.9043298004005264
1101,2008-06-06,0.3699184634680245,0.8074822842283422,0.0986300909222661,0.6276303630056224,0.6821303275744649,0.1100917894341164,0.9682549895846913,0.9630986212096216
1102,2008-06-09,0.3626539838726528,0.7946978580546735,0.0716485589125011,0.6214615568734341,0.6737036941592197,0.1102655733854838,0.946118099100324,0.9401925020759048
1103,2008-06-10,0.3707733948260718,0.8089862563772641,0.0840879336575252,0.623704774285259,0.6669642842601838,0.1097313159073229,0.9180354652031336,0.9235731677289196
1104,2008-06-11,0.3549617886548697,0.7811615286700233,0.1094030635312338,0.6080023637366985,0.6501991531118937,0.1060382645271067,0.932714998398864,0.9512902433942516
1105,2008-06-12,0.3652183405458663,0.7992100230918766,0.0864542936221812,0.6309951612898063,0.6765877427599171,0.1067430844614361,0.9175488766032572,0.9532583202664516
1106,2008-06-13,0.3724828826270849,0.8119943664020659,0.0956489814728657,0.6422110813476098,0.6908513533281903,0.1099871890564708,0.9031619679813884,0.9429805762207588
1107,2008-06-16,0.3639361309663361,0.7969539820050147,0.0702388315898152,0.622583137745793,0.673968484404439,0.1100048876368011,0.9195702055589716,0.941613858487782
1108,2008-06-17,0.3690640944825997,0.8059782292159414,0.0710994861384465,0.6276303630056224,0.679707266911537,0.1085228426992216,0.9270857520554128,0.9383337025615052
1109,2008-06-18,0.3566714014275767,0.784169555831346,0.0711675364521738,0.6119280081241689,0.6548294378160132,0.1064116043914322,0.9296136255252184,0.9529302379395596
1110,2008-06-19,0.3519706536469489,0.7758973775583595,0.0825396467305256,0.6068808385314466,0.6502678414642172,0.1072193943125445,0.9252024359643622,0.9269626010129968
1111,2008-06-20,0.3494065781600467,0.7713852125211564,0.1677688734439518,0.6018336689387243,0.6333457904817487,0.1032125614426547,0.9436702357912494,0.941668497166682
1112,2008-06-23,0.3494065781600467,0.7713852125211564,0.1109801878379432,0.595664862806536,0.6324531293005063,0.1032238170325872,0.927236447183316,0.9532583202664516
1113,2008-06-24,0.3442785209150127,0.7623609653102299,0.0732034270017415,0.5822057253369074,0.6130491008675522,0.1026268189711023,0.9346098777299272,0.9546796766783286
1114,2008-06-25,0.3579532048491016,0.7864256797816871,0.0955644571735805,0.6012728228354377,0.6366418733967328,0.1038626552451304,0.9508748803344538,0.9412858595787204
1115,2008-06-26,0.3421417861354403,0.7586008692109669,0.0666155866309262,0.5698682244067448,0.6005023159087494,0.0976158421190775,0.9632363569154424,0.9691122126018524
1116,2008-06-27,0.337868222847525,0.751080594148962,0.112862558338475,0.5665033704554538,0.6016892736288172,0.0968482619581607,0.9632363569154424,0.9722283690735984
1117,2008-06-30,0.3370136976474829,0.7495765391365612,0.1373379291698661,0.5564090312700092,0.5974122022510812,0.0971089477068434,0.962770656749137,0.9710802894740524
1118,2008-07-02,0.3370136976474829,0.7495765391365612,0.151582360515062,0.5547266599614707,0.5788421098111204,0.0941351933460881,0.9828026645435066,0.9905970587415224
1119,2008-07-03,0.344705830379419,0.76311303424817,0.102181417395515,0.5636994182745565,0.590927811032499,0.0943572604389114,0.9549559580433432,1.0
1120,2008-07-07,0.3233386700412356,0.725511824665104,0.0938589580432641,0.5451930555450986,0.5911338760894697,0.0926531484085086,0.958083627962824,0.9785698759570606
1121,2008-07-08,0.3237665106353411,0.7262638936030441,0.0912779756693188,0.5384635146438378,0.5727403424128733,0.0960951588823753,0.8976683099522755,0.9494314438798516
1122,2008-07-09,0.3395778043773085,0.7540887041737641,0.0978483871325727,0.5524834425496459,0.592860377464051,0.0914269373335503,0.9605603993719296,0.9494861659765822
1123,2008-07-10,0.3301762775731297,0.7375441819008326,0.0920527915834127,0.5306123372031111,0.5673252669385526,0.092826932359876,0.9682549895846913,0.9801005931445684
1124,2008-07-11,0.3182110501971303,0.7164875774541772,0.0686726857241533,0.5093020222927558,0.5324020776645885,0.0905901735989118,0.9938962878082978,0.9988520038182844
1125,2008-07-14,0.3186380159893784,0.7172396463921173,0.0799831877233094,0.515470772757837,0.5382389590179616,0.0887895149288605,0.9848159738327612,0.9993986408607768
1126,2008-07-15,0.3066726948846087,0.6961830419454622,0.1222301345017022,0.4964036752593067,0.5096529168935123,0.0866348257224134,0.9860806565831484,0.9641920621302674
1127,2008-07-16,0.3109459769862126,0.7037032341439877,0.1044648793794856,0.504815643136213,0.523004227351357,0.0915347592063948,0.9740379151179852,0.9415592198088818
1128,2008-07-17,0.3250481890851722,0.7285199346899058,0.1269422087221781,0.5266867484827478,0.5577704009914882,0.0939420804235276,0.9793364900978568,0.9125300650894732
1129,2008-07-18,0.3404322983344272,0.7555927591861651,0.0778876408984649,0.5558482408338298,0.5826090480282947,0.0940000280505801,0.979021858067197,0.910288711404942
1130,2008-07-21,0.3382957197694722,0.7518325802234229,0.0921881122524981,0.5508010712411074,0.5717494865857012,0.0938905954301362,0.9884162445617805,0.922097089220312
1131,2008-07-22,0.3331676312815147,0.7428083330124964,0.0993555323095873,0.5429498381332737,0.5546312379106823,0.0966261948653373,0.9693471562542488,0.905204478060996
1132,2008-07-23,0.3605172803360038,0.7909377619554108,0.2841349246736813,0.5698682244067448,0.5864938198205846,0.0974613478523764,0.9537610277407722,0.8860157911204181
1133,2008-07-24,0.3570986796490595,0.7849216247692861,0.1820192092848032,0.5608954104265521,0.5610076629185691,0.0926901563167686,0.953183425251766,0.8917559805735722
1134,2008-07-25,0.356243810776859,0.783417569756885,0.1312314179727369,0.546875482520744,0.5526497178556474,0.093530141546606,0.9507212011446116,0.8795648817524101
1135,2008-07-28,0.351115691045978,0.7743933225459585,0.0933633566854169,0.5311731276392906,0.5423198327031472,0.0897662762018053,0.9614130950709076,0.8876011886957411
1136,2008-07-29,0.3630812620941357,0.7954499269926136,0.1118318022474747,0.5384635146438378,0.561861142041094,0.094405523937104,0.9378761200256852,0.8737153315236252
1137,2008-07-30,0.3677820098747634,0.8037221881290795,0.1916152911162941,0.5412674668247353,0.5750162548063885,0.0977944583132431,0.9351789010408595,0.898753568692988
1138,2008-07-31,0.3716283261841193,0.8104903113896651,0.1550503716244981,0.5373418781043718,0.581235664180442,0.0950781682059717,0.9382183546292776,0.8840477142482179
1139,2008-08-08,0.3614857172350463,0.7826655836824243,0.1455715776137938,0.5418283129280217,0.5732504755734352,0.0997351145216006,0.8530819484954641,0.8355018736791698
1140,2008-08-26,0.3286522477658811,0.725511824665104,0.0424699832520909,0.4975252561316656,0.5359729139888668,0.0957427587368423,0.7903495063895292,0.8413514239079547
1141,2008-08-27,0.3256280265019973,0.72024767355344,0.091363084937381,0.503694062263854,0.5418293384717713,0.0973760764459239,0.8025321257580684,0.8516291679536474
1142,2008-08-28,0.3394526452258563,0.7443123880248972,0.0689670694166859,0.5182747806058415,0.5597814273401293,0.1004367326039946,0.8007014037586873,0.8376339500059008
1143,2008-08-29,0.3411807538092621,0.7473204980496992,0.0442668218314441,0.5222003693262048,0.5641664649285608,0.0975643374824227,0.7939469795604814,0.8369232717999622
1144,2008-09-02,0.3524134596014002,0.7668731303474328,0.1062243505749627,0.5384635146438378,0.5834527555860539,0.096719520009787,0.76969140509965,0.8054887639414916
1145,2008-09-03,0.3528452055609404,0.7676251164218937,0.0791197200545595,0.5390242494129103,0.5780768621704503,0.0963011381424678,0.765019856134644,0.8035206870692916
1146,2008-09-04,0.3321084336897693,0.7315280447147079,0.0796370854129048,0.518835626709128,0.541878387894909,0.090162127245996,0.7304274911182194,0.7955390605137758
1147,2008-09-05,0.3182836587512928,0.7074633302432507,0.1262930978552729,0.4997684735434906,0.5084855981026303,0.091043972270155,0.7319885285198924,0.7864640764554446
1148,2008-09-08,0.3446370647048443,0.7533367180993031,0.1028907357785444,0.5322947085116495,0.5491475698836926,0.0951441499277579,0.8532591271730732,0.7870653938857525
1149,2008-09-09,0.3398846411287843,0.7450643740993581,0.0907564796936094,0.5311731276392906,0.5291157663143699,0.0881796308865802,0.7122083009515989,0.7702274631142516
1150,2008-09-10,0.3239000116473619,0.7172396463921173,0.1272821377674891,0.5216395788900254,0.5125174223646786,0.0893913452331437,0.6864851275285495,0.7665099892121976
1151,2008-09-11,0.3187156858971443,0.7082153163177114,0.0774393018558065,0.5093020222927558,0.508171662634619,0.0921285554159443,0.688352963798293,0.7571616449237049
1152,2008-09-12,0.3282200644054122,0.7247598385906431,0.0679923849544567,0.5255651676103887,0.5351978947834309,0.0925549713779973,0.7265185564824177,0.7588563615657434
1153,2008-09-15,0.2945226968591614,0.6661021074244009,0.1807717259509141,0.4812621108140327,0.4848731866442636,0.0830608321617109,0.7310644018382566,0.7289525708947807
1154,2008-09-16,0.2953866574220939,0.6676060795733227,0.215329328773403,0.4818229012502122,0.4860994222227034,0.0864240142195226,0.7101118109358036,0.7040236527921334
1155,2008-09-17,0.2698974619748627,0.6232368295931503,0.1367878782858564,0.4577086341589595,0.4615649390891426,0.0772179238178458,0.7405009382077241,0.7368795587713963
1156,2008-09-18,0.2681694158773038,0.6202288024318277,0.1595681740251377,0.4515398836938782,0.4586415168304186,0.0852831138375437,0.7366846959958926,0.7408156708068813
1157,2008-09-19,0.3239000116473619,0.7172396463921173,0.3137822858800025,0.5210787327867389,0.5495105547748417,0.0930988736984914,0.7543675010290352,0.7772797316214827
1158,2008-09-22,0.3048910984162087,0.6841506847097336,0.1318983182144499,0.5182747806058415,0.5270066411194535,0.0853764389819933,0.8135084380878952,0.8667723820831096
1159,2008-09-23,0.2923624361582102,0.662341928461659,0.1119828770216229,0.515470772757837,0.5120956164856262,0.0823399243946506,0.7973868569602967,0.7885414723943601
1160,2008-09-24,0.2936587050533055,0.6645980524120001,0.1121144264865927,0.5143491918854781,0.5058565681823864,0.0819617719307901,0.788035552859953,0.7837306409894906
1161,2008-09-25,0.3096434907493453,0.6924229458461992,0.0652967065403062,0.5339770798201879,0.537807285774489,0.0857127709380589,0.7894100863904583,0.7962497387197144
1162,2008-09-26,0.310075205465962,0.6931749319206602,0.1132986151448119,0.5367811433352994,0.5328337509080611,0.0863709184785318,0.7826881138658355,0.7900721895818679
1163,2008-09-29,0.2902023629147998,0.658581832362396,0.0682034817411171,0.5098628127289353,0.4894544219252453,0.0691768753688759,0.7505040733377981,0.7325607257301192
1164,2008-09-30,0.2919306277128231,0.661589942387198,0.0755074356187553,0.5165924092973031,0.4935549345396169,0.0788222677134011,0.7040642364093233,0.7559042462574433
1165,2008-10-01,0.3096434907493453,0.6924229458461992,0.0856017337766264,0.5294907563307522,0.5126842095632772,0.0779694161460318,0.6915142044145839,0.7443691452544045
1166,2008-10-02,0.3074834175059349,0.6886627668834573,0.0942449288743157,0.5227611597623844,0.4950067783045587,0.0704416854564302,0.6589344026719293,0.7194402271517572
1167,2008-10-03,0.3433407958097491,0.751080594148962,0.0906521391817539,0.5636994182745565,0.5358355372842197,0.0680198675109026,0.6553309613770997,0.7189481870792496
1168,2008-10-06,0.3126673995839942,0.6976870140943838,0.0952215084245827,0.5278083850222137,0.4679020862386575,0.0612066212412271,0.6115262376443515,0.6857642821909251
1169,2008-10-07,0.3264920495507767,0.721751728565841,0.127297793850757,0.5322947085116495,0.4812435293320819,0.0514453532858602,0.6245317120924823,0.6980647417877179
1170,2008-10-08,0.2984108162001306,0.6728702306849865,0.1419473397889806,0.4958428291560202,0.4258765021745084,0.0496285969614464,0.8387140632684542,0.6919965117165869
1171,2008-10-09,0.2832900847957937,0.6465495579901468,0.1192312651894323,0.4750933603489514,0.3871569641894186,0.0375565544285953,0.6260925629902838,0.679094692980571
1172,2008-10-10,0.2301518081154618,0.5540507962035808,0.193513580145545,0.3982640685844365,0.2983578693811946,0.0358347339962306,0.5947960943851329,0.6304942137326228
1173,2008-10-13,0.2785380048918919,0.638277296853681,0.1542749907675853,0.4515398836938782,0.3923365641128171,0.0525910859106375,0.6298310330878383,0.6495736233154004
1174,2008-10-14,0.2824260305040909,0.6450455029777458,0.1585507067383545,0.4868700708429345,0.4187055148316546,0.0517317913528704,0.6292215384368627,0.6355784053676538
1175,2008-10-15,0.2586651310978063,0.6036841972954168,0.1156585056709935,0.4532222550024166,0.367919722955063,0.0372218528633926,0.6019819020373498,0.6132189232764297
1176,2008-10-16,0.2314477333383988,0.5563068787221821,0.1392199202311912,0.4167703756467874,0.328817561149638,0.0434316580811855,0.6091889711308791,0.5875792852589287
1177,2008-10-17,0.2392241907208017,0.5698432495385721,0.1298124112534514,0.4313511496558819,0.3628578608071255,0.042485461726103,0.5987070805635175,0.5985130271227445
1178,2008-10-20,0.2465684959856592,0.5826275928487616,0.0735038848835748,0.4498574567182327,0.3912181989454183,0.0497026225995981,0.5815405182457669,0.6116335257011065
1179,2008-10-21,0.2392241907208017,0.5698432495385721,0.1807776483645321,0.4347159479400658,0.3765720603564648,0.0448187671267158,0.542093830470592,0.5932648360331827
1180,2008-10-22,0.19947834940386,0.5006572161490024,0.2393031357814126,0.383683294575342,0.2981223938302724,0.0354421044472387,0.503856433796068,0.5706319937117971
1181,2008-10-23,0.1821976697278066,0.4705763644914205,0.2494705455504293,0.3634946162044526,0.2800624345508735,0.0372652939404186,0.5239212662717632,0.5765908630072974
1182,2008-10-24,0.1472039395576902,0.409662550806577,0.3884939647564449,0.321434804653475,0.235133162956841,0.032222141422932,0.4746309041763625,0.5564181376306195
1183,2008-10-27,0.1351073356884665,0.3886059463599218,0.221296087240713,0.3012460706154788,0.2014558002906753,0.0277405799846381,0.4487697178886494,0.5513339459955886
1184,2008-10-28,0.1277628742089916,0.3758214787545135,0.1595078790271963,0.2799357557051235,0.1912044708549189,0.042479028557337,0.502649007734129,0.5486551700629924
1185,2008-10-29,0.1692368241093392,0.4480156221688851,0.1620202176866549,0.3365763412651956,0.2642586529361492,0.0408022697712294,0.5261520390747989,0.574732146910728
1186,2008-10-30,0.1813333967356394,0.4690723094790196,0.1357257130605231,0.3562042291999054,0.281210210212224,0.0446642925032781,0.5118809493569254,0.5663131606705201
1187,2008-10-31,0.1999104702784819,0.5014092436552029,0.152960771455221,0.3780753345464401,0.3099629437356175,0.0470233404005866,0.4859000275839225,0.5764268635527666
1188,2008-11-03,0.2005793187842953,0.4923849550125367,0.0994508421683231,0.3876089389628123,0.3213227709743524,0.0466290902823636,0.4727608298601649,0.5551060794310003
1189,2008-11-04,0.216826545037549,0.5202097655832567,0.1953956787146453,0.4319119400920613,0.3698816998805666,0.052977292112495,0.5300218078976557,0.5912967591609827
1190,2008-11-05,0.2181439029059918,0.5224658481018583,0.1277744169242821,0.442006279277506,0.3716377075487541,0.0444518800744196,0.5197088898375719,0.5627050475440967
1191,2008-11-06,0.1944318049461797,0.4818566942209487,0.1011990218854073,0.4061152460251632,0.311718951403805,0.0367455331906525,0.4848153210692116,0.5379401080415227
1192,2008-11-07,0.2045313923896237,0.4991531611366015,0.0554720146947698,0.4111624156178856,0.3322804312632209,0.0409470897307022,0.4877949069149854,0.5394161656956727
1193,2008-11-10,0.1860885384460419,0.4675682544666186,0.1157111433749439,0.4005072859962614,0.3274048994434136,0.0390514853469701,0.4930947874219551,0.5469057730331385
1194,2008-11-11,0.1614980144497271,0.4254550041415685,0.1348103929161811,0.353400277019008,0.289941007530715,0.0357912929192046,0.4567996420617704,0.53006782140718
1195,2008-11-12,0.1369077091538766,0.3833417123847787,0.2242876397002802,0.3365763412651956,0.2639349459033721,0.0282844823051322,0.4478950147328733,0.512737829708714
1196,2008-11-13,0.1500949097529409,0.4059260707989089,0.1143674058002934,0.3399410838822725,0.273136598524053,0.0377770107738192,0.4994713547771756,0.524108931257222
1197,2008-11-14,0.1458561823247034,0.3986667742648945,0.1139647712640806,0.3438666726026358,0.2821225103226523,0.0316621414480754,0.4694783617276152,0.517548681968041
1198,2008-11-17,0.1246622015113576,0.3623704573217813,0.1586366613126494,0.3197523776778296,0.2494163166546454,0.0280350619680137,0.4768294118096863,0.5061229208861752
1199,2008-11-18,0.1213655107118238,0.3567243470023789,0.1499772283249087,0.3163876072271993,0.2525554797354512,0.0293819416100852,0.4757295984814109,0.503061465656702
1200,2008-11-19,0.0931070050133644,0.3083292577448946,0.1493529622940604,0.292273312302393,0.2212325372797171,0.0209273337149626,0.455134535499986,0.4988519725365979
1201,2008-11-20,0.0789777209212113,0.2841316302526732,0.2404132716084538,0.2776925382932985,0.1993466750957589,0.0122152517447244,0.4447673448133926,0.4769844888089662
1202,2008-11-21,0.0832165889426045,0.2913909267866876,0.225995259474163,0.2754494043821341,0.1979732912479064,0.0198733253086673,0.4685353981549918,0.4786792263054624
1203,2008-11-24,0.1058234684843883,0.3301070230517188,0.1633904116599931,0.3147051802515538,0.2615609346635817,0.0282056342458139,0.519656855257516,0.5036628247959251
1204,2008-11-25,0.1138299050265115,0.3438190230124415,0.1811183331262632,0.3270427646823769,0.2688202492879451,0.0291035572810721,0.5378588870679895,0.4832713987224434
1205,2008-11-26,0.1194816249119574,0.3534979745731549,0.1593332210523534,0.3141444176489278,0.2646510483212499,0.0339777482683579,0.5167630611924798,0.5033348050324058
1206,2008-11-28,0.1411463116104202,0.3906009260553137,0.0873601541363004,0.3304075629665608,0.2898134023908336,0.0353552026499233,0.4852692714916338,0.5032801454990481
1207,2008-12-01,0.1208944923974719,0.3559177538950729,0.0981070055178797,0.3012460706154788,0.2505640923159959,0.0224769711219277,0.4698011999286062,0.4751257518579392
1208,2008-12-02,0.1392625507822478,0.3873745536260898,0.1238108160509745,0.3281643455547358,0.2823677574383403,0.0277228814043078,0.4876684572903338,0.4624426129642695
1209,2008-12-03,0.1383206078823146,0.3857613674114777,0.074415631975387,0.3287251359909153,0.2868018444499093,0.0312518034971216,0.4868344119784722,0.4615132549159848
1210,2008-12-04,0.13313981258245,0.3768890089580703,0.1134916780291757,0.321995567256101,0.2825050383433327,0.027145182849121,0.4971710160301943,0.4444566025932226
1211,2008-12-05,0.1256042381400613,0.3639836021046537,0.1258977896577429,0.3068540306443805,0.2486708037428159,0.0321094971289209,0.4882503493683767,0.4288213692457103
1212,2008-12-08,0.1562174292522743,0.4164116154669283,0.0938551151672984,0.3365763412651956,0.3021640854567406,0.0375211572679347,0.8326051289683594,0.4446752824355687
1213,2008-12-09,0.1590434766525382,0.4212511326790246,0.1627800699940332,0.3455490995782813,0.3047734764477986,0.0341370551345938,0.520962941867303,0.435709617443953
1214,2008-12-10,0.1595143387522726,0.4220577257863306,0.1137644400109128,0.3539610117880805,0.3135337800598958,0.0358379554914294,0.5347274870710852,0.443636584466111
1215,2008-12-11,0.1599854195524714,0.4228643188936367,0.102838030618735,0.3573258657393714,0.3164962885776826,0.0317104245895314,0.5841504534188864,0.4680188238173505
1216,2008-12-12,0.1463270756673613,0.3994733673722005,0.1168716792686139,0.3405019299855589,0.2961800558339547,0.0326984512740404,0.5879101849577542,0.4587251390622154
1217,2008-12-15,0.1463270756673613,0.3994733673722005,0.1529873353616839,0.3461098900144608,0.3009280783135353,0.0309026150251557,0.6414188916112236,0.4490487750102035
1218,2008-12-16,0.1548046242526068,0.41399187757675,0.1178250276534503,0.3562042291999054,0.3150346732479752,0.0380811474211597,0.6986681199048308,0.4440739232963456
1219,2008-12-17,0.1538626813526736,0.4123786913621379,0.1460424616693174,0.3567650196360848,0.3178991787191414,0.0366715075525008,0.7528724859977556,0.4247212160467793
1220,2008-12-18,0.1552755175952646,0.4147984292523163,0.1000273557750073,0.3629338257682732,0.3238733409775071,0.033591551888132,0.7348295419893882,0.4037284308340746
1221,2008-12-19,0.1609272999665576,0.4244775051082487,0.2381762424434063,0.3595690274840893,0.3249132462278168,0.0340099337554513,0.6774059325762394,0.3908812716314165
1222,2008-12-22,0.1519788267957308,0.4091524017963933,0.139011115889738,0.3528394309157215,0.3082854917841737,0.0313950225306267,0.6825760063888768,0.4239011770652101
1223,2008-12-23,0.1529207072098169,0.4107655051475259,0.0672482814821524,0.353400277019008,0.3053032485375464,0.0300320452341927,0.6792582890246763,0.4188169854301792
1224,2008-12-29,0.1491529980959312,0.4043128845842968,0.0433919277725833,0.3461098900144608,0.3003198463066981,0.0310393910682631,0.695085380539701,0.4245025362044332
1225,2008-12-30,0.1562174292522743,0.4164116154669283,0.0433957158406636,0.3595690274840893,0.317791212508446,0.034454067941098,0.7108936351637383,0.419090324805883
1226,2009-01-02,0.1679919185804415,0.4365763188543594,0.0626017269266947,0.3803185519582651,0.3462889273513858,0.0410774326050436,0.6769204629995904,0.4590531588257347
1227,2009-01-05,0.1750565371943254,0.4486750083052511,0.064305259297123,0.3898521007075303,0.3617689061336783,0.0403774449135124,0.6335825584563748,0.4725563367009737
1228,2009-01-06,0.1792953271084099,0.4559343048392655,0.0403879887309127,0.3943384798640731,0.369607042270927,0.0415440976138188,0.6123252202284337,0.4712989588891698
1229,2009-01-07,0.1750565371943254,0.4486750083052511,0.0639390762207012,0.3797577058549786,0.3544998199445492,0.0370303605100632,0.6281194870621334,0.4387710726734261
1230,2009-01-08,0.1679919185804415,0.4365763188543594,0.1126816227527566,0.3696633666695339,0.3446408858938936,0.0375259796891013,0.6418885083588239,0.4336868810383951
1231,2009-01-09,0.165166089880642,0.4317367602105234,0.0520827688406593,0.3640554066406322,0.3357138908828523,0.0344073955472414,0.6037083683727482,0.4289307091668833
1232,2009-01-12,0.1604562816522058,0.4236709120009427,0.0942043847410812,0.3427450917302769,0.3181934752579669,0.0311745661854027,0.5888591166542547,0.4112180381715404
1233,2009-01-13,0.1496238914385891,0.4051194776916029,0.1028846278613143,0.324238784667926,0.3042045222993335,0.0314207650273224,0.5641342984535658,0.4122567361409981
1234,2009-01-14,0.1256042381400613,0.3639836021046537,0.1433898548751172,0.2967596636253824,0.2684377212672647,0.0267268009818017,0.5664820091838234,0.4095233006750441
1235,2009-01-15,0.1246622015113576,0.3623704573217813,0.124786668342762,0.2956380549194699,0.2604327979314172,0.0269070279235668,0.5572584602352297,0.3992455983382668
1236,2009-01-16,0.1260752252114896,0.3647901952119596,0.0848460900824491,0.2844221626952198,0.2613156875478939,0.0279336830855669,0.5782183247886585,0.4053138075549402
1237,2009-01-20,0.0912232129422685,0.3051029267474103,0.1391551130686834,0.246848674633678,0.2276089622876038,0.0207084782957064,0.5145268797771803,0.4175049480850175
1238,2009-01-21,0.0921650308705078,0.3067160715302827,0.1508095250628275,0.2395582876291308,0.2231160542881315,0.026343816275143,0.5333240454405492,0.4438005839206418
1239,2009-01-22,0.090752179006455,0.3042963336401043,0.2551039266227308,0.2361935450120539,0.2161117583442218,0.0242937274463415,0.533588694433736,0.4444566025932226
1240,2009-01-23,0.0902812544208736,0.3034897405327983,0.0835705029513166,0.2356326989087674,0.2174360927689367,0.0250098127922352,0.5270459521293052,0.4597638578861308
1241,2009-01-26,0.1048812131552203,0.3284938368371068,0.1100216506219551,0.2552606703441378,0.2372913375748949,0.0257532513824241,0.5625538646492918,0.4557183642205576
1242,2009-01-27,0.1091201905268456,0.3357531333711211,0.1803709432888296,0.265915799965762,0.234770178065692,0.0272240407300709,0.5663180722810675,0.4330308623658143
1243,2009-01-28,0.1453851640103516,0.3978601811575885,0.1508691339082034,0.2967596636253824,0.2693009719545554,0.0317908833964491,0.5565001354950623,0.4362016366620029
1244,2009-01-29,0.1378495270821159,0.3849548157359114,0.1233144147087998,0.2844221626952198,0.2473170588241493,0.027132316511589,0.5228207069280033,0.4322654829176028
1245,2009-01-30,0.1359657037680965,0.3817284433066875,0.1540632499882714,0.2849829252978457,0.2446683899747195,0.0240330416976588,0.5070225235130092,0.4335775411172221
1246,2009-02-02,0.1226579679702547,0.3494650504683645,0.1099728167960518,0.2760101669847601,0.2233809403330053,0.023962237554706,0.5035736939273778,0.4248305559679525
1247,2009-02-03,0.1274611612969662,0.3575308986779453,0.3430567110460203,0.2844221626952198,0.235986642079366,0.02606543194613,0.5345419157192735,0.4286573489367219
1248,2009-02-04,0.1337053094973988,0.3680165676411837,0.1377179480753614,0.294516529714218,0.2490828380571025,0.0250548646168607,0.5099398170658127,0.4261425933131141
1249,2009-02-05,0.1303431335302554,0.3623704573217813,0.1497628810090442,0.2894693322879421,0.2436677625827816,0.0272465617315678,0.4998549932401672,0.4307894252634527
1250,2009-02-06,0.1303431335302554,0.3623704573217813,0.2153465532053919,0.292273312302393,0.253919092018538,0.0309074374463223,0.5211197916229546,0.4253225543315448
1251,2009-02-09,0.1303431335302554,0.3623704573217813,0.1515316864090063,0.292273312302393,0.2578528174343109,0.0311150274540142,0.5261259285328357,0.4219877805808254
1252,2009-02-10,0.1212170130965336,0.3470452711464466,0.1492055132723318,0.2804965739748565,0.2394592837577146,0.0242390111361196,0.5190826098381913,0.4109993583291942
1253,2009-02-11,0.1202564494142076,0.3454322092270535,0.1643076774842673,0.2754494043821341,0.2353881816372947,0.0252978517852131,0.5118809493569254,0.4021976927921092
1254,2009-02-12,0.1125712526112835,0.3325268023736368,0.095135330402755,0.2653550373631359,0.220192727829062,0.0255311842896008,0.5154623831949567,0.3914826307706396
1255,2009-02-13,0.1130516438026787,0.3333333954809428,0.126235487389719,0.2608686303730396,0.2265298749785768,0.0241875261427282,0.5115702339075601,0.410780678486848
1256,2009-02-17,0.0842326244355653,0.2849382233599792,0.1491107198725162,0.2132008309596067,0.1851027513564992,0.0181257525579752,0.4671226313308971,0.3966761623268436
1257,2009-02-18,0.0890356615476594,0.2930041130012996,0.1267932008377086,0.2244168066845173,0.186888121618811,0.0180050643475987,0.4650938422203361,0.3949814248303474
1258,2009-02-19,0.0880751759726422,0.2913909267866876,0.1089454166340353,0.2227343797088718,0.1883105548898012,0.0164795685113616,0.4791832771676925,0.4215504208961331
1259,2009-02-20,0.074626315889451,0.2688065683725574,0.1667224307037476,0.2003024839261576,0.1615982582090005,0.0150490085671736,0.5220353391265167,0.418598305587833
1260,2009-02-23,0.0707837174879889,0.2623538649458491,0.1006234115548347,0.1902081169071594,0.1553983919644782,0.0107492946398759,0.4821712556876687,0.4158648701218791
1261,2009-02-24,0.0640592405820081,0.2510617271705236,0.1334566012565506,0.1862825560203496,0.1498067577267929,0.0155462483154428,0.5128140282243769,0.424174516440914
1262,2009-02-25,0.0703033106751321,0.2615472718385431,0.1311338620446969,0.1930120969216103,0.1526222137748216,0.0142202887489005,0.4893895150134684,0.4380603736130299
1263,2009-02-26,0.0851931881178913,0.2865514095745912,0.1165204513669253,0.2137615935622326,0.182012637698831,0.0122780119713118,0.4888070634238119,0.4529302692212459
1264,2009-02-27,0.0736655647495842,0.2671933821579454,0.1314452551536679,0.1986200569505121,0.1632953490896302,0.0094233350733336,0.4822971458007068,0.4504154927431805
1265,2009-03-02,0.0544528383071234,0.2349299893196226,0.1352477324378363,0.1683370393941781,0.1289215229347726,0.0039086853042735,0.4643278708214506,0.4252132352648294
1266,2009-03-03,0.0506103336344318,0.2284772858929142,0.1140398896870307,0.1616074149922569,0.1239086623101455,0.0031861667896138,0.4592780920057167,0.4334135416626913
1267,2009-03-04,0.0587757810355954,0.2421892444218973,0.1239812369546758,0.1683370393941781,0.1374561225607132,0.0058477405866633,0.475904352608695,0.4538049677361729
1268,2009-03-05,0.0419646043921052,0.2139587964042346,0.1125149266772678,0.1475874592528953,0.1049265355558981,0.0009687173565793,0.4616149855114468,0.4441286036841609
1269,2009-03-06,0.0371615047941641,0.205892927478784,0.1384128646325007,0.1374930922338972,0.0961957382374071,0.0011022817261195,0.475904352608695,0.4545703263299268
1270,2009-03-09,0.0304369810237981,0.1946006861241095,0.1587463508633217,0.1363715113615382,0.0844729261075231,0.0,0.4735083373758046,0.4630439721034926
1271,2009-03-10,0.0544528383071234,0.2349299893196226,0.139499160083385,0.1610466523896309,0.1174243189913906,0.0069307129848532,0.4881998068192903,0.4556090242993846
1272,2009-03-11,0.0606970333719412,0.2454156168511213,0.163023738474596,0.1700194107027166,0.1224666380097967,0.0072139295566645,0.5022898012782602,0.4371310155647453
1273,2009-03-12,0.0679016983903146,0.2575143477337527,0.1196171306207042,0.1784313229125158,0.1357884421740353,0.011941689836878,0.516711213116295,0.4628252922611464
1274,2009-03-13,0.0751066289735375,0.2696131614798635,0.1493126416083588,0.185721709917063,0.1443524522939275,0.0128766207803962,0.5215644168518183,0.4585611396076847
1275,2009-03-16,0.0847128906552665,0.2857448164672852,0.1411354758523429,0.1997416656564246,0.1648649306300331,0.0124485842491121,0.5287828626814892,0.4645746892910003
1276,2009-03-17,0.083752123893938,0.2841316302526732,0.1139964807877856,0.2003024839261576,0.1656889513587792,0.0163476148894207,0.5377259098078471,0.4744697331853584
1277,2009-03-18,0.0832719826459306,0.2833251200088465,0.110321033426036,0.203667254376788,0.167287991292961,0.0189593046190466,0.6082497376356792,0.4688935223322774
1278,2009-03-19,0.0880751759726422,0.2913909267866876,0.1167952928863147,0.2081536613668843,0.1712119451439682,0.0173002444132692,0.6360908490197075,0.4878635711394243
1279,2009-03-20,0.0880751759726422,0.2913909267866876,0.2220374766686916,0.2064712065576854,0.1720359658727143,0.0148060213988211,0.6235786773108154,0.4848567962977665
1280,2009-03-23,0.0996027680980257,0.3107490370668126,0.1863119325640152,0.2283423675713271,0.1958052971652595,0.0235567220249187,0.6295988357682345,0.499836010972698
1281,2009-03-24,0.1010436761073616,0.313168774956991,0.1705822233340868,0.2356326989087674,0.199454593406627,0.0208533080768109,0.607823203282319,0.500820049408798
1282,2009-03-25,0.1010436761073616,0.313168774956991,0.1492651263336989,0.2423623233106887,0.207586978182874,0.0221020303316344,0.6227998371448196,0.4942051405862593
1283,2009-03-26,0.1034452259063322,0.3172016161983021,0.0822807564137871,0.2412407146047762,0.2079597825386161,0.0251562434993075,0.6155571458118969,0.5027881262809981
1284,2009-03-27,0.0947996685000847,0.3026831474254923,0.0749918525706838,0.2289031580075066,0.193382284402159,0.02243352022327,0.5782183247886585,0.4920730642595283
1285,2009-03-30,0.0755868327073917,0.2704197545871694,0.1052366787518862,0.201424036964963,0.1613530110933126,0.0178618551357253,0.5616558485096197,0.4703695799864275
1286,2009-03-31,0.087594784781247,0.2905843336793816,0.0938264295632713,0.2165655735766835,0.1823363447316082,0.0195257377626692,0.571166053908198,0.4772031686513124
1287,2009-04-01,0.0972011245702848,0.3067160715302827,0.1126115308452977,0.2283423675713271,0.1966587762877845,0.0216514629772217,0.5702329750407464,0.4702602400652544
1288,2009-04-02,0.1216974355308522,0.3478518642537526,0.2759245769590388,0.2647941912598495,0.2333183343007502,0.0254008414152594,0.6055791887044302,0.4934944415258631
1289,2009-04-03,0.1216974355308522,0.3478518642537526,0.2356321257503859,0.2692805982499459,0.2318664905358084,0.026707491653872,0.6090466686771785,0.4927837424654669
1290,2009-04-06,0.1197761831945064,0.3446256161197475,0.2516783326006134,0.2692805982499459,0.2319841325116149,0.0255778468618256,0.5960044529664279,0.4848021159099512
1291,2009-04-07,0.1212170130965336,0.3470452711464466,0.1517646536499421,0.263111819951311,0.2344268321037288,0.0223707599966826,0.5759265652197512,0.4744150736520007
1292,2009-04-08,0.1265006288575637,0.3559177538950729,0.0730061165062582,0.2698413886861253,0.2401852535400128,0.0239171759084488,0.5718527611618371,0.4756724514638046
1293,2009-04-09,0.1514771591734472,0.3978601811575885,0.0886137738453602,0.3102188289285644,0.2696246789873325,0.0289699929115319,0.5575563069174845,0.4913077056657745
1294,2009-04-14,0.1586819022991292,0.4099589949036992,0.2167438517860625,0.3292859542606483,0.282377529003106,0.0265465740400366,0.575402675845641,0.4758364509183354
1295,2009-04-15,0.149555750622484,0.3946338501601041,0.1447279303736054,0.3186307689719172,0.2703212382756791,0.0282458636492728,0.5678768716362861,0.4749617524034084
1296,2009-04-16,0.1601227009582329,0.4123786913621379,0.1682552691850452,0.3253603655402849,0.2862720723601615,0.0303764112849919,0.5607583918815611,0.4789525656811663
1297,2009-04-17,0.1697290563687325,0.428510429213039,0.1865669915987638,0.3348939142895502,0.3016147702374615,0.0310683550601577,0.5395614809078786,0.4808659830200087
1298,2009-04-20,0.1529180515613213,0.4002799604795065,0.16118544616191,0.3141444176489278,0.2709392418472818,0.0250806169351881,0.5214075670961666,0.4565384032021269
1299,2009-04-21,0.1461935434124171,0.3889877398407018,0.2572909804822617,0.3034892880273037,0.2608938816688415,0.0279272499168009,0.5223494116455629,0.4599825168740193
1300,2009-04-22,0.159162137275907,0.4107655051475259,0.2219125990097731,0.3197523776778296,0.2823088406507824,0.0268764531840728,0.5334297931355014,0.4727749956888623
1301,2009-04-23,0.1514771591734472,0.3978601811575885,0.2113493118844163,0.3141444176489278,0.2759422830073159,0.0282233328261442,0.5545802646452629,0.4769844888089662
1302,2009-04-24,0.1610833896122528,0.41399187757675,0.2122095711838739,0.3264819742461974,0.2876160457140624,0.030526063487263,0.5728971828403757,0.4875355513759052
1303,2009-04-27,0.1577212761309563,0.4083458501208268,0.2940032941879009,0.3186307689719172,0.2767074348483315,0.0291228666090019,0.5354962560280383,0.4798272641960933
1304,2009-04-28,0.1533983802668695,0.4010865535868125,0.2276482157603306,0.3090972202226519,0.2648668849429862,0.0287447043235097,0.55301437814294,0.4786245459176471
1305,2009-04-29,0.1726110286020216,0.4333499464251354,0.1139017885717584,0.324238784667926,0.2879201138176536,0.0317184685058968,0.5741353820410573,0.4843647770797165
1306,2009-04-30,0.1984202765573597,0.4583540841611835,0.2182595786131355,0.3382587125737341,0.3023112337261534,0.0315849041363566,0.5693282447617125,0.4851847952068281
1307,2009-05-04,0.1840555614153394,0.4349631326397473,0.2157774454225264,0.3365763412651956,0.3059114805443834,0.0371252964021123,0.598030631022793,0.5034988253413942
1308,2009-05-05,0.1890088457464384,0.4430288979858488,0.2935428267925991,0.3461098900144608,0.3119936090134446,0.0365717394176534,0.581956608382342,0.5000546908150442
1309,2009-05-06,0.190494946644585,0.4454486773077667,0.0963946237819528,0.3528394309157215,0.3210481133647128,0.0391029801619932,0.5814851265960301,0.5137218681448139
1310,2009-05-07,0.1860368626506096,0.4381894636372317,0.3007858132217019,0.3578866005084439,0.3210383417999471,0.0371494379728403,0.5938697296570437,0.5157446045503717
1311,2009-05-08,0.2023830039995941,0.4648067875878919,0.2114317334580977,0.3730281649537178,0.3386175784127357,0.0406638731588909,0.6325051255926393,0.5262410075839529
1312,2009-05-11,0.2004016715214004,0.4615804151586679,0.2032176356192956,0.3651769875129911,0.3296611729077427,0.0374471316297831,0.6248204200850493,0.5255303085235568
1313,2009-05-12,0.1954482622186074,0.4535145669490871,0.1082990187574581,0.3595690274840893,0.32497206721572,0.037303912596278,0.6334368989329928,0.5274437050079415
1314,2009-05-13,0.1771208196343528,0.4236709120009427,0.1333934457085898,0.3371371038678216,0.2986422985555998,0.0333726964688758,0.6246182498887036,0.5229062129787758
1315,2009-05-14,0.1791020583837761,0.4268972429984271,0.1668912158028689,0.3337723055836377,0.2970335349564796,0.0348450965641221,0.6320396119302052,0.5261863271961376
1316,2009-05-15,0.1756347187362062,0.4212511326790246,0.0823625635067532,0.3337723055836377,0.296484123937546,0.0332053456862745,0.6110698626716047,0.5137218681448139
1317,2009-05-18,0.1899995900928439,0.4446420842004608,0.0969345183431963,0.3477922613229992,0.3142106046194018,0.0375227680155342,0.6198334930738991,0.5284277434440415
1318,2009-05-19,0.2018875849620061,0.4640001944805859,0.1426551087952493,0.3606906083564483,0.3320940051354363,0.0372685154356174,0.6314579063560333,0.5318172184370339
1319,2009-05-20,0.2004016715214004,0.4615804151586679,0.1289295510792454,0.3618121892288072,0.3367832066271136,0.0365186338550309,0.6534597680376752,0.5448830366275806
1320,2009-05-21,0.1914855347763731,0.4470618635223788,0.063956518830234,0.3483531074262856,0.3206851284735638,0.0340823486460035,0.6742851632999922,0.5394708252290304
1321,2009-05-22,0.1989156643520242,0.4591606772684894,0.0857645226822839,0.3550826483275464,0.3288567432083553,0.0338683254695457,0.6894568802117342,0.5428602793675652
1322,2009-05-26,0.2048597867582992,0.4688397116926823,0.0864453936647883,0.3601298179202687,0.3383821986614681,0.0376225361503816,0.6880465379379646,0.5471244528754846
1323,2009-05-27,0.2132804107369681,0.4825516287899257,0.1078728083985352,0.3674202049248161,0.3486923490851277,0.0348434858165227,0.6629986950324136,0.5525913238073925
1324,2009-05-28,0.2103083339123688,0.4777120701460897,0.0708616821016229,0.3562042291999054,0.3413055251205376,0.0370593245019578,0.6781950304551498,0.5615023292656506
1325,2009-05-29,0.2093176520518102,0.4760989253632173,0.0933020161216615,0.3550826483275464,0.3402067988823246,0.0390402199354058,0.7135557914207846,0.5682265571549048
1326,2009-06-01,0.2246731427831596,0.501103104531005,0.0982649734376165,0.3679809953609955,0.3604740780025696,0.0428587917687969,0.714622220556121,0.5806363775273282
1327,2009-06-02,0.2221965474819953,0.4970701804262147,0.1257215559561944,0.3696633666695339,0.3637995714115054,0.0431597069209385,0.7372611794616717,0.5804723780727975
1328,2009-06-03,0.2112990470158509,0.4793252563607017,0.1182018750795761,0.3528394309157215,0.3441798021564693,0.0410709994362776,0.7123961103498646,0.5671878800399046
1329,2009-06-04,0.2132804107369681,0.4825516287899257,0.1087468381792029,0.3494746882986447,0.3431791747645316,0.0427928198686423,0.7168214742049293,0.5818937344846745
1330,2009-06-05,0.2212058031355898,0.4954569942116028,0.0872253067122257,0.3550826483275464,0.3494967787845151,0.042411445909583,0.6845898751897443,0.5798710189335744
1331,2009-06-08,0.2152617119722382,0.48577795978741,0.0792946046389286,0.3466706247835333,0.3374502596218539,0.0422585722121131,0.6738011857543122,0.5779575807402745
1332,2009-06-09,0.2217011284444073,0.4962635873189088,0.0770804746300058,0.3505962691710036,0.3474072925187846,0.042787987625844,0.6988846508992566,0.5884540046283132
1333,2009-06-10,0.2316078533212227,0.5123952423063305,0.1117807065423004,0.3606906083564483,0.3601502751701378,0.0422601829597125,0.686454540893678,0.5956702725900751
1334,2009-06-11,0.2355705495205336,0.5188479457330388,0.0984232375307341,0.3651769875129911,0.368076738588896,0.0431838484916664,0.7063358535601443,0.6030505400063677
1335,2009-06-12,0.2375520069704212,0.5220743181622629,0.0627055309536718,0.3702242127728204,0.3686653316665471,0.0433962609205249,0.6891500813436633,0.5995517459466598
1336,2009-06-15,0.2271499880277117,0.5051360700675351,0.0715518293187335,0.3567650196360848,0.3494673682905634,0.039777215535197,0.6553309613770997,0.5917887992334903
1337,2009-06-16,0.229626583328876,0.5091689113088462,0.070720141791541,0.3511570596071831,0.3474269314479706,0.0378864335726314,0.6623699904827076,0.590968760251921
1338,2009-06-17,0.2256637934007947,0.5027162907456171,0.091913527908571,0.3360155229954625,0.3263650899927585,0.0376836856293695,0.6792886891556764,0.5940301946269366
1339,2009-06-18,0.235075286697563,0.5180413526257328,0.0698260291368605,0.3410627204217384,0.3362534345373658,0.0389163102298305,0.6756777877060005,0.5958889524324212
1340,2009-06-19,0.2548887364511938,0.5503047868957953,0.2434592936201417,0.3581670513936406,0.3555691356888105,0.039376532248208,0.6806876546933045,0.5859392490047054
1341,2009-06-22,0.2390378891681034,0.5244940560524411,0.1718008355603367,0.3472314708868197,0.3317899370318451,0.0348402643213238,0.6678901320615263,0.5716160321478971
1342,2009-06-23,0.2335892795281869,0.5156216147355546,0.1196664619335673,0.3407822695365416,0.3327905644237828,0.0351717542129594,0.7002468751742648,0.5842444906537516
1343,2009-06-24,0.246468049986678,0.536592869798552,0.0795502813163859,0.3623730353320937,0.359169286707386,0.0361115173992759,0.6797445046168102,0.5811283758909207
1344,2009-06-25,0.2489446765307657,0.5406257110398631,0.0874810708715001,0.3629338257682732,0.3640350469624277,0.0392204468771709,0.6867300071113924,0.5896567229067594
1345,2009-06-26,0.2521643535239268,0.5458686076690917,0.1140988682417243,0.3651769875129911,0.3659676133939796,0.0390016012795464,0.6972768010259205,0.5838071726779746
1346,2009-06-29,0.264300292233809,0.5656299316393905,0.1206881125376045,0.3803185519582651,0.3815456910225473,0.0403420379312202,0.7024487398772694,0.5965449502505444
1347,2009-06-30,0.262318803540998,0.5624036006419062,0.0745962250118215,0.3752713823655428,0.3758657295033526,0.0390691839273004,0.6950544208970875,0.5877979651012748
1348,2009-07-01,0.2695013329480873,0.5740990349708845,0.0732194509302403,0.3853657215509875,0.3872354241065078,0.0397144651302413,0.7110187792612919,0.5846271699506286
1349,2009-07-02,0.2534026667959707,0.5478850075738775,0.080032293480644,0.3674202049248161,0.3617100851457749,0.0353841666418179,0.6823322458292604,0.5705226746450817
1350,2009-07-06,0.2524120786641826,0.546271862791005,0.0736696945469169,0.3668593588215295,0.354401721098274,0.0357542751893129,0.6853843816809182,0.5558714588792117
1351,2009-07-07,0.2519167845982885,0.545465269683699,0.0650146514599982,0.3713457936451794,0.3495948776307902,0.0329076520293317,0.6758292288493888,0.5497485484202654
1352,2009-07-08,0.2405240213091734,0.5269138353743592,0.0851972536902721,0.3618121892288072,0.3339578832146647,0.0326710980297453,0.670057866556107,0.5344959735151725
1353,2009-07-09,0.2469633128096486,0.5373993800423786,0.057227343678907,0.3699437618876237,0.3420510380323671,0.0331731601991811,0.6933598467236586,0.5359720311693226
1354,2009-07-10,0.2430007103391082,0.5309467594791495,0.0500404615525071,0.3581670513936406,0.332417807967868,0.0326019046343919,0.6786504729085407,0.5331292557821955
1355,2009-07-13,0.2543934111423762,0.5494981937884893,0.0609390201069125,0.3719065840813589,0.3542448012640956,0.0361292159796062,0.6874340592250505,0.5320358774249224
1356,2009-07-14,0.2590992515195308,0.5571607454444172,0.0551053646973242,0.3848048754477009,0.3607781461061607,0.0369000176357219,0.6845287019200013,0.5311065193766378
1357,2009-07-15,0.2766837373834826,0.5857945521633423,0.101065564684426,0.4114428108359753,0.3873923439406862,0.0412190408909493,0.7049350229838047,0.5421496011616267
1358,2009-07-16,0.2808940649942788,0.592650510711964,0.1846042769542074,0.4184528026224328,0.3964468482919544,0.042516036465597,0.7110499254077769,0.5447736967064075
1359,2009-07-17,0.282379947191961,0.595070290033882,0.45463905836503,0.4176116169681636,0.4007927038216685,0.0424581084818079,0.7054018421733372,0.5531926829466156
1360,2009-07-20,0.2917914717316527,0.6103953933457373,0.1608245857743601,0.4243411578694244,0.4106908199310415,0.044187972830538,0.7221176246344758,0.5554887587278773
1361,2009-07-21,0.2888195198787474,0.6055559175653806,0.1004450139958101,0.4164900360958047,0.4086700220176346,0.0447431405625964,0.7200340033857915,0.5595342523934504
1362,2009-07-22,0.2935251415554377,0.6132183863578291,0.1354436411162504,0.4195743834947918,0.4117307251813511,0.0446610710080793,0.7212015176193003,0.5632517262955045
1363,2009-07-23,0.3051654737701911,0.6321731586525616,0.2290415365533176,0.4347159479400658,0.4329592580355074,0.0482366556731178,0.7145282226050524,0.5728734308141586
1364,2009-07-24,0.3123479094485099,0.6438686758450192,0.2141709588452047,0.4369591096847837,0.4397084394993088,0.0487145860934573,0.7221493302925743,0.5777389426068434
1365,2009-07-27,0.328446544357703,0.6700827032420265,0.068553905442487,0.448455480627784,0.4547274303438317,0.0491844627757997,0.7276293735390917,0.5795429783155975
1366,2009-07-28,0.3326568094826522,0.6769386617906481,0.2825959708971688,0.4742521746946821,0.4618199577695964,0.0487725140772465,0.7118323091473246,0.5732561101110356
1367,2009-07-29,0.3269604747024799,0.6676629239201084,0.1198686471688591,0.4868700708429345,0.461584482218674,0.0480532170577856,0.691268392312385,0.5520446242015271
1368,2009-07-30,0.3341428478949518,0.6793584411125662,0.1659837416181233,0.5087412318565763,0.4824599933457559,0.0499198574496231,0.7022624225099727,0.5716707125357124
1369,2009-07-31,0.3415729149847559,0.6914572548586768,0.1879654527390039,0.51995715191438,0.4805666089729213,0.0500373241648008,0.7296637577657881,0.5853925285443824
1370,2009-08-03,0.3428396905600881,0.6825847306783108,0.2484998578478442,0.5250043215071023,0.485069384336814,0.0524752299430592,0.7534247239602829,0.597036990323052
1371,2009-08-04,0.3408316453823209,0.6793584411125662,0.1765648866281446,0.5185551758239313,0.4826953730970237,0.0529612042797642,0.7546276739293141,0.5961622709536675
1372,2009-08-05,0.3333012260223059,0.6672596273664555,0.109712017689304,0.5070588048809309,0.4657831894789753,0.0524897070281907,0.7533920857828285,0.5991690666497829
1373,2009-08-06,0.3413334379762983,0.6801650342198722,0.4592221158772408,0.517713990169662,0.4728070285524165,0.0515821391505993,0.747332202000851,0.599005067195252
1374,2009-08-07,0.3516247944840494,0.6967000271926864,0.2318639645264731,0.5308926767540938,0.4896407522533755,0.0537384292830142,0.7188676081755092,0.5934835158755288
1375,2009-08-10,0.3493660560882959,0.6930704410732889,0.0333525418459074,0.5280887245731964,0.4872275589548679,0.0531945269625201,0.709486836463521,0.5916794384578595
1376,2009-08-11,0.3445966676047874,0.6854078065538818,0.0704793581029469,0.5216395788900254,0.4782907923790608,0.0511428273861192,0.7124587756505767,0.5853925285443824
1377,2009-08-12,0.3516247944840494,0.6967000271926864,0.0578563421598611,0.5292103054455554,0.4882870073347088,0.0529869467764599,0.7229395471947113,0.5892740436098824
1378,2009-08-13,0.3548881490842324,0.7019427995266962,0.1418385587844088,0.5390242494129103,0.4993721769638043,0.0541004939141437,0.7321479893297405,0.5912420787731673
1379,2009-08-14,0.3486128829320158,0.6918604685488505,0.0739465165281657,0.5308926767540938,0.4851577116183235,0.0527101731950463,0.7213594863981794,0.5747868272985434
1380,2009-08-17,0.3325483652952606,0.6660497377054964,0.0667575854300496,0.5064980144447514,0.455394483338572,0.0487902126575768,0.7055573864018909,0.5706319937117971
1381,2009-08-18,0.3410824635720009,0.6797616548027399,0.0613978021597378,0.511264788819384,0.4661657174996559,0.0503897341319655,0.7148107759698716,0.5839711721325053
1382,2009-08-19,0.339576460931599,0.677341958344301,0.0450052864155377,0.5095824175108455,0.4649100714272643,0.0514823710157519,0.7287096039608947,0.6016291418855754
1383,2009-08-20,0.3498680673827378,0.6938769513171155,0.0786390643854653,0.5238827406347433,0.484235544143475,0.0532379778611778,0.7296637577657881,0.6022851814126138
1384,2009-08-21,0.3654305424821278,0.7188810890531636,0.063243537804862,0.5446322651089192,0.5105750843683609,0.0562567938681903,0.739184780388894,0.6096654488289065
1385,2009-08-24,0.3707017860454606,0.7273502338163973,0.0515875258420629,0.5670641608916334,0.5245835804565256,0.056166670575676,0.7348295419893882,0.6122895652281449
1386,2009-08-25,0.3779810747865608,0.7390456681453759,0.0724768378108201,0.58697249971154,0.536747837394648,0.0565577090203319,0.7334242353201403,0.5996064263344751
1387,2009-08-26,0.377729944167646,0.7386424544552022,0.0845573368461449,0.5810840887974414,0.5317056141758963,0.0565770183482616,0.7259476681327734,0.5962169513414828
1388,2009-08-27,0.3779810747865608,0.7390456681453759,0.0405018183849293,0.577158500077078,0.5297926866735304,0.0570372403666391,0.747332202000851,0.6020118211824523
1389,2009-08-28,0.3824993014082311,0.7463050061111298,0.0436814535892723,0.5785605318346337,0.53820954852401,0.0567073710442347,0.7452978177741547,0.6033785389154294
1390,2009-08-31,0.3772280578448981,0.7378358613478961,0.0451302926621874,0.5687465878672788,0.5305970205732632,0.0553701362444964,0.7425910870918992,0.5881806443981518
1391,2009-09-01,0.3651794743490599,0.7184777924995107,0.0560356284224237,0.5558482408338298,0.5117522705236629,0.051736613774037,0.7221493302925743,0.5777389426068434
1392,2009-09-02,0.3503699849484092,0.6946835444244215,0.1109721774546905,0.5429498381332737,0.4947517596241052,0.0512071983603061,0.7318611463758848,0.5777389426068434
1393,2009-09-03,0.3553902541074446,0.7027493926340023,0.0675003355691834,0.5460342411993678,0.4965567209157758,0.0525733873303072,0.7290911908813034,0.5772469025343359
1394,2009-09-04,0.3789849099179035,0.7406588543599879,0.0901298274117501,0.5564090312700092,0.5166278023434704,0.0546910686284943,0.7349891893031077,0.5775749014433975
1395,2009-09-08,0.3764750409032353,0.736625971686937,0.0901277109841749,0.5648209991469154,0.5307441688426761,0.0561377164054132,0.7678468818138022,0.5944128739238136
1396,2009-09-09,0.3759728421512527,0.7358193785796312,0.0684975049664033,0.5709897496119968,0.54010283709719,0.0574218358208973,0.774713208334709,0.5955609118144444
1397,2009-09-10,0.3664347525285523,0.7204942752677757,0.0782378748802314,0.5592129834509066,0.5282132377687073,0.0591549216648263,0.7799237534873893,0.599005067195252
1398,2009-09-11,0.3734629106507375,0.7317864130431011,0.0604611259120449,0.5597738295541931,0.5391806696223415,0.0589280223292046,0.77972419434524,0.5845178508839131
1399,2009-09-14,0.3729606494129079,0.7309798199357951,0.0498429623914182,0.5592129834509066,0.5431046234733486,0.0599916853994648,0.789611137563577,0.5821670947148361
1400,2009-09-15,0.3794869836981923,0.7414654474672939,0.067310433624211,0.5603346199903726,0.5529831964531903,0.0605211106348274,0.7939469795604814,0.5934835158755288
1401,2009-09-16,0.3882724937801588,0.7555807439816695,0.0755456504168597,0.564260208710736,0.5680512367208507,0.0631167125317224,0.8003628992325178,0.602121181958083
1402,2009-09-17,0.3890255107218214,0.7567906336426284,0.0782664867044127,0.5625778374021976,0.5704153805962208,0.0625905087915586,0.8036522680083011,0.6019025021157368
1403,2009-09-18,0.3932926067245769,0.7636465921912503,0.1074249489248741,0.5586522486818342,0.5710333841678233,0.0630426967152024,0.8010063375880463,0.5995517459466598
1404,2009-09-21,0.390531357147606,0.7592103301010673,0.1296573397196591,0.5496794903687485,0.5661383092184847,0.0624569542436501,0.7960028117323616,0.5868139266651747
1405,2009-09-22,0.3945477599323753,0.765662992096036,0.0488088039955311,0.5580914025785476,0.5748985170309272,0.0635833775404976,0.8160113200389645,0.5968729908685212
1406,2009-09-23,0.4010737193025779,0.7761486196275347,0.0645475870924887,0.5617366517479283,0.5784888964847371,0.0618470702013697,0.8025660694626209,0.5827684538540592
1407,2009-09-24,0.3925395272970672,0.762436619666812,0.088842527203106,0.5524834425496459,0.5630481955608165,0.0602234169778847,0.7908194961448716,0.5659304813736431
1408,2009-09-25,0.3910336183854357,0.7600169232083733,0.0588057264589853,0.5493990394835517,0.5579371881900869,0.0591935403206857,0.796137840535087,0.5666411595795816
1409,2009-09-28,0.4015758555687136,0.7769552127348407,0.0715152914311232,0.5676250069949199,0.5822068810784283,0.0621866040093707,0.7862279573405966,0.5711239920753896
1410,2009-09-29,0.3975597652131791,0.770502550739872,0.0478086096246354,0.5662229752373642,0.5785281743431089,0.0618052300503115,0.7815549163446212,0.5704133138694509
1411,2009-09-30,0.390531357147606,0.7592103301010673,0.0506413952341362,0.5541658138581843,0.5689536694668585,0.0612371861590894,0.7914578988958783,0.591734118845675
1412,2009-10-01,0.3754710808001987,0.7350127854723252,0.057448920365657,0.5350987163596539,0.545616011417786,0.0568554026772746,0.76969140509965,0.5928821567363057
1413,2009-10-02,0.3611633215076785,0.7120250476410628,0.1002450273999217,0.5193963614782005,0.5268300823560891,0.0561087425918869,0.7812884023127225,0.5881259640103363
1414,2009-10-05,0.3779810747865608,0.7390456681453759,0.1225755179856097,0.531733973742577,0.5494222274933321,0.0585627362028762,0.7922309574418682,0.5906407613428594
1415,2009-10-06,0.3990657366106577,0.77292233006179,0.1002420751520939,0.5524834425496459,0.5749376990896445,0.0608574229476296,0.801887568379313,0.5932101556453674
1416,2009-10-07,0.3935434874001039,0.764049805881424,0.0704124566468177,0.5519225964463593,0.5655497161408335,0.0613176449660071,0.8002951983272839,0.5860485680714208
1417,2009-10-08,0.3942969417426952,0.7652597784058623,0.1188737733788397,0.5662229752373642,0.574663041480005,0.0625888980439592,0.8112159325035029,0.5976383494622751
1418,2009-10-09,0.390280538957926,0.7588070335474142,0.076046288830176,0.5625778374021976,0.5676882518297016,0.0635560144745708,0.8038221730349344,0.5980756674380522
1419,2009-10-12,0.3945477599323753,0.765662992096036,0.0622653962298606,0.56313857217127,0.5682375670489807,0.0643123194022916,0.8130289366351231,0.6062759738359141
1420,2009-10-13,0.3867662724392925,0.7531609646597515,0.0614925365356768,0.5541658138581843,0.554454679147318,0.0638295665607855,0.8213440252272595,0.6110868469496987
1421,2009-10-14,0.4101102975176123,0.7906671298320842,0.1016667597575087,0.5726721765876422,0.5802154936589731,0.066859657800994,0.8348006525397447,0.6167177173361376
1422,2009-10-15,0.4156325467281661,0.7995395711489708,0.1172235880528789,0.5693073783034583,0.5781357789580083,0.0675902300536508,0.8385391226372991,0.6298382159144995
1423,2009-10-16,0.4015758555687136,0.7769552127348407,0.187688630757755,0.5617366517479283,0.5611352680584504,0.0661612808570623,0.8310392424660364,0.635031726616246
1424,2009-10-19,0.4206527221584311,0.8076055022220308,0.1288005691529077,0.5754761287685396,0.5816280595655429,0.0678074649036759,0.8399397667097677,0.6409359572328462
1425,2009-10-20,0.4131223027984161,0.7955066884759201,0.0949763274571821,0.5693073783034583,0.5722988976046349,0.0667051831775563,0.8351844775066073,0.6380931609912616
1426,2009-10-21,0.4236646024675411,0.8124449780023875,0.0945376873022462,0.5777193461803645,0.5806372995380252,0.065150713527793,0.8465099250832602,0.6505576617515004
1427,2009-10-22,0.4173894612870185,0.8023626470245417,0.0831635723200856,0.5715505957152832,0.5760658358218093,0.0670028768344991,0.8519840002059003,0.6495736233154004
1428,2009-10-23,0.410612433783748,0.79147372293939,0.0805421016747891,0.5749153939994671,0.5673546774325041,0.0648610539655839,0.8470034143263694,0.645801469025531
1429,2009-10-26,0.4045879858212114,0.7817947713786766,0.0772980461251295,0.5743545478961807,0.5558574734891221,0.0628254422219139,0.8237948725982729,0.6358517655978152
1430,2009-10-27,0.4081020648823041,0.7874408402663393,0.0658027372063489,0.5732329670238216,0.556975838656521,0.0622558072263559,0.816801163933359,0.6406079583237846
1431,2009-10-28,0.3885233744556857,0.7559840405353226,0.1105201114758239,0.5569698217061887,0.5369440350871982,0.0589119344964738,0.8013112714174053,0.6291821763874611
1432,2009-10-29,0.4081020648823041,0.7874408402663393,0.1004271930010684,0.579401717488903,0.5618219599823767,0.062690276926406,0.8204131844062623,0.6423573553536386
1433,2009-10-30,0.390280538957926,0.7588070335474142,0.0545229455409868,0.5592129834509066,0.5354725523930707,0.0578756148488771,0.8036522680083011,0.6266674207638533
1434,2009-11-02,0.3947987030937492,0.7660663715131681,0.0499354296180971,0.5597738295541931,0.5404755935531048,0.0589521638999326,0.8100885166022949,0.6328449699016998
1435,2009-11-03,0.3759728421512527,0.7358193785796312,0.0781841473425595,0.5379026685405514,0.5185603687750223,0.0593592901773193,0.8033467746673282,0.6408812768450309
1436,2009-11-04,0.3942503273008663,0.7551774474280166,0.0634720729850639,0.5451930555450986,0.5328141119788751,0.0595346848762861,0.824935530274334,0.6452547902741232
1437,2009-11-05,0.4031354398228801,0.769292661078913,0.0588158132178969,0.5524834425496459,0.5486276651583649,0.0627739572285225,0.8263546382300484,0.6409906376206616
1438,2009-11-06,0.407704717381513,0.7765519161811876,0.0583652375919145,0.5564090312700092,0.5517373219455645,0.0632036143290377,0.8217923805335465,0.6290181769329304
1439,2009-11-09,0.4209050400084381,0.797523171244185,0.039441993034704,0.5704289591758173,0.574908288595693,0.0670302202571625,0.8466861712415132,0.6399519187967462
1440,2009-11-10,0.4170973399525007,0.79147372293939,0.0611898315305416,0.5777193461803645,0.5746336309860535,0.0670189646672299,0.8438354595707167,0.6378745228578306
1441,2009-11-11,0.4229360799778849,0.8007495436734091,0.0459162883309078,0.5914588788680828,0.5733976238428479,0.0679040115433244,0.8429217771058666,0.6391318798151769
1442,2009-11-12,0.4257283850207928,0.8051857229001129,0.0503520886489889,0.591178483649993,0.5766446573346945,0.0660904668924777,0.823034869323265,0.6263394218547917
1443,2009-11-13,0.429536210048424,0.8112350883414285,0.0370946355963195,0.5959453136917326,0.579832869838638,0.0670945912313493,0.8311783743539272,0.6231139463163301
1444,2009-11-16,0.4379131876629943,0.8245437088850189,0.0584621516352965,0.6080023637366985,0.5915949598268938,0.0696403188824523,0.8428867143780872,0.6370544838762614
1445,2009-11-17,0.4323287650347196,0.8156713504316115,0.0435955432828848,0.609684846379451,0.5888972415543264,0.0698044383482231,0.8261815626376048,0.638366521221423
1446,2009-11-18,0.4351210075917804,0.8201075296583153,0.0691120520835709,0.6124887985603483,0.5962546550249649,0.06972077768937,0.8382243041027679,0.6407719577783154
1447,2009-11-19,0.4275054825082118,0.8080087159122045,0.0441065319545618,0.5970668388969846,0.5777924329960452,0.0673231013145704,0.832326678688706,0.6291821763874611
1448,2009-11-20,0.418620494957892,0.7938935022613081,0.0701317949515965,0.5872528949296297,0.5653436510838629,0.0667566681709477,0.8241402777676756,0.6251367035763455
1449,2009-11-23,0.4374056776140204,0.8237371157777129,0.039817731655148,0.6051984115558011,0.5870431350398636,0.0691479015553496,0.8394843242563763,0.6297288551388689
1450,2009-11-24,0.4335977901005422,0.8176877503363973,0.0591492738787314,0.6012728228354377,0.5835802649262808,0.0690529656633005,0.8402200820281325,0.6213098688986609
1451,2009-11-25,0.4386748901373839,0.8257535985459781,0.0409012297958806,0.6023944593749037,0.5895250166906948,0.0698543322372785,0.8654411870299985,0.6319156118534152
1452,2009-11-27,0.4262358950697666,0.8059923160074187,0.0876664058440206,0.5861313140572707,0.5709843347446858,0.066774366751278,0.8440111462173563,0.6214739100621068
1453,2009-11-30,0.4176048500014746,0.792280316046696,0.0516748906654094,0.5774389509622748,0.5580255154715964,0.067440568029748,0.85152389515573,0.6281981379513611
1454,2009-12-01,0.4287747575174223,0.8100251986804696,0.0547395020362325,0.591178483649993,0.5793521471720277,0.0695695049178677,0.859512601973323,0.6341570489557766
1455,2009-12-02,0.4285206900637005,0.8096219021268165,0.0514701811053953,0.5906176932138136,0.5800094286020024,0.0696306543968557,0.8563461392486393,0.6244806640493071
1456,2009-12-03,0.4330902800515683,0.8168811572290913,0.0464594597713003,0.5945432819341769,0.5835900364910463,0.068130910878946,0.8556711817388838,0.6237153054555532
1457,2009-12-04,0.4452750826937698,0.8362393089409559,0.0654411590462996,0.6051984115558011,0.5960388184032287,0.0691060614042914,0.8230691860355599,0.6183031149114606
1458,2009-12-07,0.4429904126715299,0.8326095570945997,0.028734899504003,0.6029552498110832,0.594037563619353,0.068666759461443,0.820585513983221,0.6098841286712526
1459,2009-12-08,0.4292821425947023,0.8108317917877756,0.0419015959684171,0.5886549266871854,0.5741333651899118,0.0668467718201986,0.7980286167809842,0.602722541097306
1460,2009-12-09,0.407704717381513,0.7765519161811876,0.1115287030471636,0.562016991298911,0.5478722848821153,0.0674920530231394,0.8044335327246219,0.5920621177547365
1461,2009-12-10,0.4097355698934191,0.7797782057469325,0.0962607934657516,0.562016991298911,0.5531205731578374,0.0685219296803384,0.8031089822315896,0.591351439548798
1462,2009-12-11,0.4054199848734261,0.77292233006179,0.091438400457919,0.5569698217061887,0.5552100594235677,0.0691752646212765,0.785826601009844,0.5876886460345593
1463,2009-12-14,0.4130356349286886,0.7850210609444215,0.0383197815549093,0.5656621848011847,0.5640291840235682,0.0704143223905034,0.7917602216710413,0.5857205691623593
1464,2009-12-15,0.4140509674558712,0.7866342471590333,0.0812603347711806,0.5636994182745565,0.5669328715534517,0.0694198625372284,0.7737866571027483,0.5921714785303672
1465,2009-12-16,0.4239513500192207,0.8023626470245417,0.0845419231823702,0.5777193461803645,0.5794601133827232,0.0696210095545226,0.7712750094697343,0.6029412209396522
1466,2009-12-17,0.4130356349286886,0.7850210609444215,0.1009859414748941,0.5687465878672788,0.5631462944070916,0.0675129730986686,0.7432671636248818,0.6028865405518369
1467,2009-12-18,0.4074508373853321,0.7761486196275347,0.2533940544555571,0.5662229752373642,0.558054925965548,0.0685412390082682,0.7435890693065172,0.6067680139084217
1468,2009-12-21,0.4173510949769877,0.7918770194930431,0.1621763780001708,0.5785605318346337,0.5762816724435454,0.0704046775481702,0.7338392064334884,0.6019025021157368
1469,2009-12-22,0.4214128624866468,0.7983297643514911,0.0758912921302273,0.5844488870816252,0.5821676032200563,0.0710435157607134,0.7287733882848337,0.6124535646826758
1470,2009-12-23,0.4247130524936101,0.8035725366855009,0.036139724132751,0.5945432819341769,0.5896918038892937,0.0714570653852344,0.7415617722269252,0.6248633433461841
1471,2009-12-28,0.429536210048424,0.8112350883414285,0.0213009529161403,0.5917392740861726,0.5951559287867519,0.0726140732432076,0.7476554132095845,0.6363437639614077
1472,2009-12-29,0.429789965072911,0.8116383848950814,0.021620967727086,0.5920196693042623,0.596323247577634,0.0723598108416592,0.7426554309274522,0.6368904844217306
1473,2009-12-30,0.4247130524936101,0.8035725366855009,0.0218843944503402,0.5878137410329162,0.5869940856167261,0.0723952276455832,0.7424944780866343,0.6391318798151769
1474,2010-01-04,0.4353747001304204,0.8205108262119682,0.0533296303158485,0.6012728228354377,0.6071141206679037,0.0734524477254456,0.7553110241132719,0.6513230203452544
1475,2010-01-05,0.4419749551726534,0.8309963708799877,0.0637835609538366,0.60631999242816,0.6129314588917455,0.0740204916166676,0.7462338807035447,0.6527443767571315
1476,2010-01-06,0.4462905401926463,0.8378523294286093,0.0334910392643511,0.6091240002761644,0.6147070096894646,0.0741202597515151,0.7521906278447668,0.6604526847914008
1477,2010-01-07,0.4434981101780446,0.8334161502019057,0.0709882482650113,0.6057592576590876,0.6091938353688685,0.0748524231085079,0.7387356790671225,0.6576099302587315
1478,2010-01-08,0.4455290251757976,0.8366425226311296,0.0490296186418743,0.6113672176879894,0.6088701283360912,0.0753818483438705,0.753294730762079,0.6581019286223239
1479,2010-01-11,0.4465441702454393,0.8382557088457416,0.0509880003014897,0.60631999242816,0.6001883804407379,0.0757036835715413,0.7689664645524215,0.6568445299560624
1480,2010-01-12,0.4351210075917804,0.8201075296583153,0.1603588136081491,0.6060395972100703,0.5895544271846466,0.0739722084752117,0.7635436779943523,0.6473868666008542
1481,2010-01-13,0.4305516675473005,0.8128482745560406,0.0779954596030486,0.6001512419630788,0.5887892753436309,0.0754945024595133,0.7709447111138961,0.6411546370751924
1482,2010-01-14,0.4338519200401108,0.8180911297535296,0.1068449265595257,0.6012728228354377,0.592860377464051,0.0759418384970954,0.7671887096524521,0.6397332389544
1483,2010-01-15,0.4221745024751894,0.7995395711489708,0.0745734375794632,0.5923000645223521,0.5776746952205839,0.0739416435573494,0.7501474779361257,0.6321342916957613
1484,2010-01-19,0.4356288300699891,0.8209141227656211,0.2509450579016694,0.5990296054236128,0.5950970119991942,0.0762266658165062,0.7329452933789822,0.6377104816943846
1485,2010-01-20,0.4155742474329564,0.7890540264809514,0.235111963081889,0.579401717488903,0.5643332521271595,0.0742650895326196,0.7062424151206896,0.6300568957568456
1486,2010-01-21,0.3912043297193185,0.7503379716476599,0.3557576753961395,0.5580914025785476,0.5383370578642367,0.0707956963495627,0.7041574883449069,0.6216379095166377
1487,2010-01-22,0.3891733522357186,0.7471115992184358,0.2787469870142318,0.5552874503976503,0.5314113176370708,0.0668178176499357,0.7110499254077769,0.6132189232764297
1488,2010-01-25,0.3815578896379969,0.7350127854723252,0.2770642742622759,0.5423891033642012,0.5192371933345282,0.0676256272143114,0.7124587756505767,0.6171550770208298
1489,2010-01-26,0.3848579546732664,0.7402556406698142,0.3134045731216858,0.5485578538292825,0.5288508802694959,0.066883799371722,0.7018590146366372,0.6141482813247143
1490,2010-01-27,0.3571876907380478,0.6962966477755543,0.1393131716322307,0.5056568287904821,0.4989209605908004,0.0677414831818896,0.6938216303086697,0.6084627305504603
1491,2010-01-28,0.3475414068713436,0.6809716273271782,0.2363682346494045,0.4893936834728492,0.4780356778989526,0.0656543864448282,0.6839794480194128,0.6082987310959295
1492,2010-01-29,0.3612494582477069,0.7027493926340023,0.2487398563080799,0.4964036752593067,0.4896506196177957,0.0639389991812295,0.6681607491785904,0.6041985778969985
1493,2010-02-01,0.3714203732854508,0.7087988409387973,0.1191483334808174,0.497244860913576,0.4943103148158668,0.0664042483821513,0.6775575602234987,0.6126175641372066
1494,2010-02-02,0.3840094593574555,0.728560040613877,0.3810153971718711,0.5042548527000335,0.5086033358780916,0.0686780150513755,0.6852620351414325,0.6279248194301148
1495,2010-02-03,0.3629421685988123,0.6954900546682483,0.295767139474233,0.4778973125298488,0.4838333771936086,0.0677060860212291,0.6734988629791496,0.6265581016971379
1496,2010-02-04,0.3136132166064387,0.618057945001665,0.4187018377749052,0.4323605613075836,0.4203928341475186,0.0622075240848999,0.6490761810497518,0.6055652956299755
1497,2010-02-05,0.312842484927164,0.6168480553407061,0.4384725334503513,0.41626569765449,0.4068159155031718,0.062703143263938,0.6389271998924244,0.5949049139963212
1498,2010-02-08,0.3220403078702674,0.6312859393799166,0.2384842385174795,0.4194061018302523,0.4169200966695153,0.0611824796704991,0.6349526158939718,0.5987317069650906
1499,2010-02-09,0.3328822896613916,0.648304855071723,0.2767197634885439,0.4251262867469184,0.4236987844269232,0.0633999291035337,0.6548852171250095,0.6089000902351526
1500,2010-02-10,0.3512266034243243,0.677099996984805,0.21736794601527,0.4436887062531515,0.4413172988980837,0.0630153336492755,0.6503776050627594,0.613109562500799
1501,2010-02-11,0.337044503170032,0.6548382260955099,0.0970665979690577,0.4341551018367793,0.4243167879985258,0.0646792162762195,0.6391907298623842,0.6172643960875452
1502,2010-02-12,0.3291827213636111,0.6424974509899033,0.0755861292022308,0.4314632632094322,0.4187447926900266,0.0642029064251111,0.6318650443067921,0.6109774861740681
1503,2010-02-16,0.3400761914926269,0.6595970757105276,0.1457782560416916,0.4403239079689676,0.4353234977105319,0.0673182690717721,0.6525401174489478,0.6267221011516687
1504,2010-02-17,0.347526847669003,0.6712925100395062,0.0958888429133879,0.4431278601498649,0.4455943702758197,0.0680649291571598,0.6274820168304822,0.6284714981815226
1505,2010-02-18,0.3516375103539048,0.6777452548979541,0.1286673037795253,0.4445298919074207,0.4530107005340159,0.0692299711098667,0.6047283580441636,0.6379291615367307
1506,2010-02-19,0.3567757527919926,0.6858111031075349,0.0766491629217483,0.4470534488702283,0.463065832277222,0.0696193988069232,0.6287573303015266,0.6420293147356617
1507,2010-02-22,0.3465506000390911,0.6697601157171915,0.0641895166371059,0.4411650936232368,0.4526477156428669,0.0694327288747604,0.627279287122523,0.6439427529289616
1508,2010-02-23,0.3256885440447739,0.6370127172963975,0.0694551494462579,0.420808133587808,0.4273774911622424,0.0672748181731144,0.6149843924235412,0.6368358040339153
1509,2010-02-24,0.3187516152591438,0.6261237932112458,0.0843371946503958,0.4111624156178856,0.4215994307967724,0.0689869839415143,0.6175066707772119,0.6430680335595771
1510,2010-02-25,0.3130480633636481,0.6171707257290202,0.0756031839405745,0.4002829475549468,0.4090624174027353,0.0686168655723876,0.6163880205579486,0.6330636497440459
1511,2010-02-26,0.328977142927127,0.6421748634650684,0.0660119209870088,0.4094800443093471,0.429408060640415,0.0688662957311377,0.6312544306325896,0.6412093174630077
1512,2010-03-01,0.334578124304845,0.650966595753137,0.0436877522801036,0.4113306416153179,0.4393455504078144,0.0706717866439873,0.620466487212642,0.6359610846645307
1513,2010-03-02,0.3367361355153058,0.654354303376518,0.0515643389445397,0.420023060377421,0.4478408721753831,0.07109018815457,0.6296279303721366,0.6413186365297232
1514,2010-03-03,0.3488627013481447,0.6733897018365893,0.0651525491536958,0.4300612871189835,0.4618690071927339,0.0711674254662888,0.6422995628908772,0.6478242262855465
1515,2010-03-04,0.3544638076975565,0.6821814341246579,0.092035623013307,0.4380806905571427,0.4697953748118374,0.0718400500918931,0.623896293403414,0.644216071450208
1516,2010-03-05,0.3724480780103306,0.7104119442899299,0.0707352835238842,0.4605126420069639,0.4967235081143745,0.0743712810146012,0.630934762997408,0.6512683399574389
1517,2010-03-08,0.3742466706291025,0.7132350201655009,0.0498619944296279,0.4689245542167631,0.5024622906214725,0.0743391053491395,0.6290473438211921,0.6532910972174544
1518,2010-03-09,0.3691081470047034,0.7051690890924409,0.0555556293939567,0.4633165941878613,0.4950558277276963,0.0746528868388131,0.6274820168304822,0.6512136595696236
1519,2010-03-10,0.3768155887691438,0.7172679028385516,0.0495570981630739,0.471167771628588,0.5066511305173537,0.0754832272263174,0.6331748609940024,0.6544937737869854
1520,2010-03-11,0.3691081470047034,0.7051690890924409,0.0432652119415079,0.4666813924720452,0.4992348960588119,0.0762282765641056,0.6397472574139484,0.654603134562616
1521,2010-03-12,0.3709065521659344,0.7079922478314913,0.0379415554996658,0.4672421829082247,0.5023347812812456,0.0761880471606468,0.6529849291816825,0.6498469418366467
1522,2010-03-15,0.3629421685988123,0.6954900546682483,0.0515890130329536,0.4610733767760364,0.4906413796453134,0.0762717274627633,0.6385172643835981,0.6419746760567616
1523,2010-03-16,0.3678236254488358,0.7031526891876552,0.0467738736379559,0.4675225781263145,0.5005984125422441,0.0777119322492845,0.6528070044885885,0.6523616974602545
1524,2010-03-17,0.372191073721802,0.710008647736277,0.0678660264286342,0.471167771628588,0.5111440385168259,0.0787981261426732,0.6480422035879989,0.6590859670584239
1525,2010-03-18,0.3629421685988123,0.6954900546682483,0.0612040067469055,0.4605126420069639,0.5019914353192826,0.0787369766636852,0.628583508693598,0.6550951329262085
1526,2010-03-19,0.3536929510465879,0.6809716273271782,0.1508611994127921,0.4532222550024166,0.4938786415723942,0.077782746213869,0.6165314420348766,0.6467855074616311
1527,2010-03-22,0.3449061287618354,0.6671790012011165,0.0936520034679436,0.4450906823436001,0.4812337577673163,0.0787337748117497,0.6212436488437973,0.649901622224462
1528,2010-03-23,0.3542068346519513,0.6817781375710048,0.0488699105717757,0.4551850215290448,0.4944084136621419,0.0800790437062217,0.6057494667388064,0.6535097770598005
1529,2010-03-24,0.341360619319724,0.6616135584787928,0.0970320257873377,0.4473338997554251,0.4816653352111343,0.0790411133110256,0.5843171878797102,0.6464028281647541
1530,2010-03-25,0.3552342581905198,0.6833913237856168,0.0905199488861239,0.4607929815579467,0.5037474429874701,0.0787208888309543,0.5805705116118245,0.6459654684800619
1531,2010-03-26,0.3552342581905198,0.6833913237856168,0.0503545897857598,0.4591106102494082,0.5017559597683602,0.0788592756216611,0.5966794104761834,0.6430680335595771
1532,2010-03-29,0.356262181615864,0.6850045100002289,0.0748874804388944,0.4565870532866005,0.5037081651290981,0.0799261601871201,0.6077948546939014,0.6549311334716776
1533,2010-03-30,0.3501471916610887,0.675406101741375,0.0394807190217397,0.4470534488702283,0.4928878815448768,0.0799342139251172,0.5988760530707957,0.6560245326834083
1534,2010-03-31,0.3439300685894645,0.6656464411518435,0.0450361991169085,0.442006279277506,0.4821558294425102,0.0793162957881032,0.6120113342132585,0.6636234799420472
1535,2010-04-01,0.3567757527919926,0.6858111031075349,0.0323395962096708,0.4560262071833141,0.5014421201000033,0.0807114389283672,0.623896293403414,0.6696917100131782
1536,2010-04-06,0.360629817346371,0.6918604685488505,0.0711073542319967,0.4649989654963997,0.5105358065099889,0.0825362391691465,0.5954141682141827,0.680461410713548
1537,2010-04-07,0.3624281912646785,0.6946835444244215,0.0478388572533968,0.4829444821225711,0.5135474602505677,0.0814114266198984,0.587045553011021,0.6752132196239862
1538,2010-04-08,0.3554912937219719,0.6837946203392697,0.0508764430667222,0.4795797395054942,0.5022660929289221,0.0820534863276404,0.5890265971305635,0.6725344645458475
1539,2010-04-09,0.3765589593956968,0.7168646062848987,0.072117562635956,0.502572481391495,0.5334517544796636,0.0833295716483907,0.6108986521178725,0.6699650285344244
1540,2010-04-12,0.3876065821091522,0.7342061923650192,0.0899780633230429,0.5011704496339393,0.5399850993217289,0.0836691054563917,0.6257743873860717,0.6667942333837782
1541,2010-04-13,0.3878632739684461,0.7346094889186721,0.1342884321274435,0.504815643136213,0.5400047382509149,0.0838010688999643,0.6277427492423746,0.6652088775173702
1542,2010-04-14,0.3901756877067344,0.738239157901549,0.0464472755567738,0.5042548527000335,0.544193578146796,0.0859493151160137,0.6351568376329004,0.67499453978164
1543,2010-04-15,0.3927447308184696,0.7422720405745997,0.1057431341790408,0.5084608366384866,0.5461359161431135,0.0861134542250479,0.6223384265675509,0.673190504072886
1544,2010-04-16,0.3773295348603541,0.7180744959458576,0.163887987155713,0.4935997230784094,0.5202574596556521,0.0829691177648606,0.6113835621829085,0.6607806837004625
1545,2010-04-19,0.3729617116723062,0.7112184545337568,0.1746565245419534,0.4913565056665844,0.5143518899499552,0.0838364660606248,0.6087618772659054,0.6509949797272775
1546,2010-04-20,0.3793848193384198,0.7213008683750817,0.2077092651466547,0.5014508448520291,0.5247601392198901,0.0853893249627887,0.6005974838016723,0.6619287215910934
1547,2010-04-21,0.3639695608944574,0.6971032408828604,0.1633965396031814,0.4846269090982166,0.5011281846319918,0.08519137979743,0.5935330901695861,0.6631861202573549
1548,2010-04-22,0.3475783672498179,0.6713732190683244,0.2431503225981068,0.4655598115996863,0.4773098039163089,0.0856307013835418,0.5747689356914136,0.6632954393240703
1549,2010-04-23,0.3500961094812025,0.6753254755760361,0.2400474110553578,0.4694854003200496,0.486756703652678,0.0870161996814727,0.5926078444647238,0.6710584277461551
1550,2010-04-26,0.3542068346519513,0.6817781375710048,0.2865594315887695,0.4742521746946821,0.4888265509892225,0.0861746037040359,0.5953017063798687,0.6660288747900243
1551,2010-04-27,0.3263050606537619,0.6379805627343813,0.1831870135472771,0.4397630618656811,0.4438580973364726,0.081614184384792,0.5592376393160603,0.6564072119802853
1552,2010-04-28,0.30590543116984,0.6059591312555543,0.2984302272225208,0.412844786926424,0.4130648311708318,0.0828452080592852,0.5658262615727983,0.660671364633747
1553,2010-04-29,0.3244554483409507,0.6350769435569508,0.3025401577718972,0.4301734563396407,0.4399439150502312,0.0853265647362014,0.5736674438282978,0.6713317462674014
1554,2010-04-30,0.3290285062933246,0.6422554896304074,0.2085093812238537,0.4315193756533143,0.4449665951394513,0.0820937157310992,0.5791584908032144,0.6766892981325938
1555,2010-05-03,0.3257578720919711,0.6193485436914423,0.1743806132148007,0.425743133959873,0.4381584968880919,0.0845992139787434,0.5638071706635379,0.67690797797494
1556,2010-05-04,0.2912483447499141,0.5664365247466965,0.3691019894612088,0.3838515762398814,0.382860158082842,0.0799873096661081,0.5268879833504265,0.6580472482345086
1557,2010-05-05,0.2799378753212397,0.549094938666576,0.3330293976101044,0.3652330999568732,0.3608958838816219,0.0787434196540829,0.5035736939273778,0.6429040341050463
1558,2010-05-06,0.2596844314762706,0.5180413526257328,0.5239949865667296,0.3418477936321255,0.3331730924444632,0.0726736119745962,0.4751049970168706,0.6272687799030764
1559,2010-05-07,0.2439026935399132,0.4938438494287303,0.3222247481513635,0.3242948692782547,0.3031057960611206,0.0698945616407373,0.4943667438233181,0.6163350380392606
1560,2010-05-10,0.3380676151851606,0.6382225240938773,0.3821630142145505,0.4234999722151551,0.4312033461669743,0.0777553831479422,0.4979882759936507,0.6255740632610378
1561,2010-05-11,0.3214442241332338,0.6127344636388372,0.1731486025685629,0.4066760364613427,0.3975259356009815,0.0771213771781972,0.4746309041763625,0.6232233070919608
1562,2010-05-12,0.3233379514539957,0.6156381656797472,0.0993717059057732,0.4121157704928121,0.4054915810784569,0.0796767496716334,0.4760543017211136,0.6192871533475607
1563,2010-05-13,0.3191820802588214,0.6092662127135966,0.1172740829793092,0.4066760364613427,0.3944750998016851,0.0773868755264149,0.4607289056195294,0.6124535646826758
1564,2010-05-14,0.2759923627298417,0.543045490361781,0.1623426746104949,0.366298624052457,0.3294552036504267,0.0738853263211597,0.4324036301859499,0.5972009897775828
1565,2010-05-17,0.2718891983465745,0.5367541635609694,0.1038749641908201,0.357550148513579,0.3266495191671638,0.0740880644427899,0.437555986130826,0.5888366839251902
1566,2010-05-18,0.2984551499085457,0.5774866597307864,0.1089868819613438,0.3803185519582651,0.3601502751701378,0.071490871441559,0.4040720136207507,0.5851738904109515
1567,2010-05-19,0.2865136046685426,0.5591772282126821,0.117856919518774,0.3610831727951953,0.3355176931903019,0.0705655951620056,0.4376279766250968,0.5876886460345593
1568,2010-05-20,0.2817791145305588,0.5519179731104074,0.1056719271419132,0.348465220979836,0.3251192154851328,0.0635721023073016,0.4510085103581451,0.5775202627644973
1569,2010-05-21,0.2909850606337665,0.5660331867613038,0.1703483749509932,0.3633263345399132,0.3385391184956465,0.0661628719613983,0.4647973010651796,0.588618004082844
1570,2010-05-24,0.285777271448017,0.5580480475805412,0.0821912920268301,0.353400277019008,0.3268261737301827,0.0639036020205689,0.4308274859707126,0.5895473621311287
1571,2010-05-25,0.2682066886850128,0.5311080532415671,0.1261855479201273,0.3319217082776667,0.2990151508111692,0.0639647514995569,0.4302071740952091,0.581565735575613
1572,2010-05-26,0.2655237338742775,0.5269944615396982,0.1248251160743794,0.3332115429810117,0.3027624500991575,0.0629863598357493,0.4031441568616918,0.596654311026175
1573,2010-05-27,0.2703633876926876,0.5344150104043903,0.160040623267389,0.3500354787348241,0.3314368195051163,0.0686361945435807,0.4305173300329608,0.613273603664245
1574,2010-05-28,0.2802007532793822,0.5494981937884893,0.121963632212878,0.3576062609574612,0.3403245366577857,0.0664396651860753,0.4189460703541092,0.6101028085135988
1575,2010-06-01,0.2697848624786486,0.5335277911317453,0.0772188856206302,0.3448761399214445,0.327983720956299,0.063430494021396,0.4125329482401401,0.6025038612549599
1576,2010-06-02,0.261788736101273,0.5212677250549569,0.1372635032234683,0.3389316722305708,0.3248739683694449,0.0678830914677953,0.4134699436888862,0.6040345784424678
1577,2010-06-03,0.2598423332115276,0.5182833554169686,0.1248970598559667,0.3371932163117037,0.3256783980688322,0.0685991669920573,0.4025878158139988,0.6136016025733066
1578,2010-06-04,0.2354856937403678,0.4809384425753136,0.1719809152998443,0.305508111330707,0.2910691442628796,0.0624923514043106,0.3715453654813785,0.596654311026175
1579,2010-06-07,0.2308564922545043,0.473840522667196,0.1208901048912994,0.2968718606795932,0.2785026245752363,0.0601735230888293,0.3640199342797658,0.5962716317292981
1580,2010-06-08,0.2252276421890442,0.4652100427098052,0.1171682457905828,0.289245021680181,0.2661912193677012,0.0620289078907342,0.3717022152370306,0.5992783857164984
1581,2010-06-09,0.2401676957669088,0.4881170715122495,0.0899505529265589,0.3021433408800766,0.2857031182116963,0.0610135083186667,0.3748244765442474,0.6123442039070451
1582,2010-06-10,0.2609469892569332,0.5199771677969194,0.0990392001669423,0.3239583616162828,0.3180266880593682,0.0660260959182909,0.3931356131193537,0.6183577952992759
1583,2010-06-11,0.2912483447499141,0.5664365247466965,0.1750664010970253,0.3489138421953581,0.3536856186803961,0.0667920653316083,0.3939157588124478,0.6090640896896834
1584,2010-06-14,0.295667093903231,0.5732118156982395,0.0922196194086261,0.3539610117880805,0.3558732037924018,0.0664750623467358,0.4101947492073119,0.6163897184270759
1585,2010-06-15,0.3078191227187042,0.5918439176046579,0.1239507806343508,0.3638310681993175,0.3713728215038803,0.0705945493322685,0.4259955436765024,0.6263394218547917
1586,2010-06-16,0.3059779459952321,0.5890209245925662,0.0983508036401715,0.3646722538535868,0.3656144000675962,0.0704947811974211,0.42488025052692,0.630330214278092
1587,2010-06-17,0.3133954221868746,0.6003937713967098,0.1358059865866954,0.3710092859832075,0.3726578780702233,0.0707249020282416,0.4358515272522254,0.6255193828732225
1588,2010-06-18,0.3301766837311349,0.6261237932112458,0.2064445426248076,0.3988248590206159,0.3939159172179857,0.0709614462061963,0.437555986130826,0.6276514591999534
1589,2010-06-21,0.3338591933926965,0.6317699449623879,0.1353052775555268,0.4016288668686204,0.403735669209924,0.0702678818617995,0.4255207048205096,0.6311502532596612
1590,2010-06-22,0.3307027520766546,0.6269303863185518,0.0629266997432747,0.3924878268909952,0.3982616769480452,0.0673890830363566,0.4191109397762214,0.6278154586544842
1591,2010-06-23,0.3210758075795832,0.6121698318910271,0.0572089450933729,0.385590059992302,0.3854990553675061,0.0668628792961928,0.4259955436765024,0.6231139463163301
1592,2010-06-24,0.3028742427340207,0.584261992114069,0.0588219738350169,0.3657377779491706,0.3561184509080897,0.0639100253677032,0.4288725523931338,0.6239886656857146
1593,2010-06-25,0.3050311604421598,0.5875689907086321,0.0695970017396876,0.3683735041326356,0.351066360324918,0.0644040534424053,0.4344372683971615,0.6368358040339153
1594,2010-06-28,0.3149735959805104,0.6028134678551487,0.051371694497301,0.3787482942032769,0.3661245332281581,0.0640516336536088,0.4194173656365498,0.6335010094287382
1595,2010-06-29,0.2826208301319751,0.5532085303684449,0.073508108252745,0.3421843012940974,0.3143185708300973,0.058688256656051,0.4052328137148979,0.6208725509228837
1596,2010-06-30,0.298086920812436,0.5769221108464555,0.0920103102022284,0.3568771888567422,0.3244227519964409,0.0569937894679814,0.4120650100273806,0.61917779257193
1597,2010-07-01,0.2958249956384878,0.5734537770577355,0.0918234132049736,0.3512691731607333,0.3160647111338646,0.0564563301378851,0.4554771431113209,0.6045265768060601
1598,2010-07-02,0.2994546735164485,0.5790192197800594,0.0552898216896803,0.3517178500433625,0.3231866490535808,0.0556855383034011,0.4654151883903579,0.6000984246980676
1599,2010-07-06,0.3228117893797055,0.6148315725724411,0.0738552392649989,0.3679809953609955,0.3589142680269324,0.0565673735059284,0.473707896517954,0.5992237470375983
1600,2010-07-07,0.3541650003774145,0.6629040743050905,0.1354694798722293,0.3988809157973911,0.3954463166996712,0.0617505235617212,0.475129988535607,0.6106494872650065
1601,2010-07-08,0.3617401283609263,0.67451888246873,0.1842256282458474,0.4094800443093471,0.4045792809680287,0.063356478204876,0.4846640664296948,0.6181391154569298
1602,2010-07-09,0.3627397769405229,0.6760514425180033,0.0913381557815003,0.415088004338249,0.4091702878137762,0.0645971467217023,0.4768294118096863,0.6216925481955379
1603,2010-07-12,0.3583736096274194,0.6693567363000592,0.1259828683598691,0.4076854481130444,0.4023916958560231,0.0647242779224766,0.4683865680658001,0.615460318669876
1604,2010-07-13,0.3712094835519754,0.6890374755367588,0.0597845352145918,0.4223783913427962,0.4221389744512859,0.0673938956358915,0.4888577924767696,0.6274874597454225
1605,2010-07-14,0.3704201623332315,0.6878275030123204,0.1370972477190584,0.422322278898914,0.4240028525305143,0.0673665522132281,0.4919257811574766,0.6268861006061994
1606,2010-07-15,0.3573740235336696,0.6678241762507862,0.093603171750036,0.410601625181706,0.4123977781760914,0.0675773440728554,0.5213551595083683,0.6245900248249378
1607,2010-07-16,0.3469582264617064,0.6518538978892612,0.0783798125474826,0.4016288668686204,0.3958681225787236,0.0624923514043106,0.5218783028669935,0.6212552302197607
1608,2010-07-19,0.3431178775507347,0.6459657847786231,0.2521127272524254,0.3965816972758981,0.3897957656744282,0.0635173958187113,0.523056447821159,0.6241526651402455
1609,2010-07-20,0.3538494156073649,0.6624201515860986,0.338665330411071,0.4065638672406854,0.4026957639596144,0.0654854150929957,0.5158003282095123,0.6290728573207457
1610,2010-07-21,0.3470108395448431,0.6519345240546,0.4390218886958154,0.4024700525228896,0.4006847376109731,0.0632502670796309,0.4962269334343439,0.624261984206961
1611,2010-07-22,0.363371071452316,0.6770192879559871,0.3788002584870572,0.4205277383697183,0.4263965026994906,0.067125175792475,0.5173621116266698,0.6392412405908077
1612,2010-07-23,0.3704201623332315,0.6878275030123204,0.110132382576448,0.425743133959873,0.4347643151268324,0.0685718235693939,0.5189261330902817,0.6374918435609537
1613,2010-07-26,0.3759439112041123,0.6962966477755543,0.3374344022205701,0.4397630618656811,0.4463890284104413,0.0705591521716079,0.5323719431782388,0.6374918435609537
1614,2010-07-27,0.3864652156286601,0.7124284270581949,0.1849754138202723,0.4666813924720452,0.4599560796903678,0.0703708714918457,0.5311037168542987,0.6294008562298072
1615,2010-07-28,0.3869914714317207,0.7132350201655009,0.2343297881551805,0.4635970450730581,0.4598482092793269,0.0691302029750194,0.5313150257403316,0.626612740376038
1616,2010-07-29,0.3780482470720382,0.6995230202047782,0.1830761245471125,0.4613538276612331,0.461378512961358,0.0683899858800294,0.5447395743869758,0.6341023685679613
1617,2010-07-30,0.3627397769405229,0.6760514425180033,0.1932823119490569,0.4535026502205064,0.4457121080512808,0.0684012414699619,0.5386300805752675,0.6373278023975077
1618,2010-08-02,0.3900036641700655,0.7063790616168792,0.3389912180977383,0.4748129094637546,0.4786341383410241,0.0723051043530689,0.5600521017214495,0.6503936205880544
1619,2010-08-03,0.391870303876172,0.709202054628971,0.1139825100469942,0.4790189490693148,0.4821656968069304,0.0714361453097053,0.5677399777948493,0.6570085711195084
1620,2010-08-04,0.3900036641700655,0.7063790616168792,0.1436825447931909,0.4773365777607764,0.4794090617468051,0.0725271714458923,0.5677399777948493,0.6565712114348161
1621,2010-08-05,0.3916036142813652,0.7087988409387973,0.141457067443992,0.4750933603489514,0.479085354714028,0.0722970702583352,0.5572584602352297,0.6540564558112083
1622,2010-08-06,0.3772046881381367,0.6870209099050146,0.1807978313683355,0.4630361989697715,0.4605544443327846,0.0716260367370669,0.5608943532036423,0.6468948265283465
1623,2010-08-09,0.3860038826205864,0.7003296133120842,0.0629231477707008,0.4700461907562291,0.4763974080062262,0.0726156839908071,0.5772236996437214,0.6511590208907235
1624,2010-08-10,0.3804044009031954,0.6918604685488505,0.0977693805117517,0.4669617876901349,0.4671663448915936,0.0715327115926172,0.568506508705348,0.6444347512925541
1625,2010-08-11,0.3566194756887565,0.6558867805623119,0.1405748839363713,0.4397630618656811,0.4334497522668833,0.0664493100284084,0.5614654280571576,0.6322436107624767
1626,2010-08-12,0.3549128309937799,0.653305748909716,0.141242142537335,0.4352767383762452,0.4302714071273602,0.0655063351685248,0.5081316620348428,0.619779151711153
1627,2010-08-13,0.3449403397630436,0.6382225240938773,0.0937565716433231,0.4283228590336699,0.4237379664856405,0.0648047367293943,0.5059145040144026,0.6178657552267683
1628,2010-08-16,0.3420071291352509,0.6337863448671734,0.1080269587382534,0.4234999722151551,0.4220212366758248,0.0648256568049234,0.4966861059651584,0.6170457162451991
1629,2010-08-17,0.3463269007069899,0.6403197158909604,0.1181670868283079,0.4319119400920613,0.4329298475415558,0.0669433381031105,0.5031111643268822,0.6199431511656839
1630,2010-08-18,0.3468069482262267,0.6410456828329276,0.0493401580126303,0.4327531257463306,0.4350389727364722,0.0672040238517933,0.513747853107313,0.6180297546812992
1631,2010-08-19,0.3369409641216264,0.6261237932112458,0.167693965820561,0.4252945684114579,0.4200298492563695,0.0642222157530408,0.5100692507524032,0.6126175641372066
1632,2010-08-20,0.3283014834639954,0.6130570511636722,0.063054969167102,0.4162095852106079,0.4059330258866953,0.0635881901400325,0.5024951420404158,0.6073146926598294
1633,2010-08-23,0.3398206243785782,0.6304793462726106,0.0354289080188528,0.4252384559675758,0.4183818077988775,0.0628914239437002,0.4871630317994695,0.6053466157876294
1634,2010-08-24,0.3280350125696529,0.6126538374734982,0.0431316103428285,0.4139663677987829,0.4018128743431377,0.0603988116768515,0.4754297002565733,0.5973103088442983
1635,2010-08-25,0.3168355804910188,0.5957155479470309,0.0527329811352618,0.3988809157973911,0.3862838461377076,0.0609555803348775,0.4751049970168706,0.6021758206369832
1636,2010-08-26,0.3252617969529902,0.6084596196062906,0.066270072451292,0.4033112381771588,0.3971139970863493,0.0596505408438644,0.4799608118065903,0.6067680139084217
1637,2010-08-27,0.3295280493968117,0.6149121987377799,0.0436938918172677,0.4070686009000898,0.4112205920207893,0.0624456790104541,0.486607063759519,0.6166630369483221
1638,2010-08-30,0.3291013960337984,0.6142670236881103,0.0211661307880126,0.4066760364613427,0.4100237669363011,0.0599241125733425,0.4940358859558669,0.614093600936899
1639,2010-08-31,0.3314479270445244,0.617815983642169,0.0790898065430996,0.407573278892387,0.4150268080963354,0.0599900746518654,0.4802618290546547,0.5988957064196214
1640,2010-09-01,0.3550194943345331,0.653467084103873,0.1072568931922279,0.4312389247681175,0.4501265561336639,0.0649720973336273,0.4836056569608187,0.6097748096045371
1641,2010-09-02,0.3534731258369978,0.6511279309472939,0.0783384484039626,0.4285471418078774,0.4494202252805518,0.0665506889108553,0.501699889533757,0.6158429979667529
1642,2010-09-03,0.3615789148757806,0.6633879970240824,0.0516153808958263,0.4334260854031674,0.4554828106200815,0.0688695172263366,0.5052966166892243,0.6135469221854912
1643,2010-09-07,0.3525664561976712,0.6497567889556572,0.0549985114547221,0.4214810932446448,0.4436814427734535,0.0668306839874677,0.5119327974331098,0.610758806331722
1644,2010-09-08,0.3606724014510712,0.6620168550324457,0.0760710619943828,0.4263039800631596,0.4541878866893182,0.0679619395271135,0.482146077665061,0.6139296014823682
1645,2010-09-09,0.3676054248712667,0.6725024825639443,0.0792314058770582,0.4369591096847837,0.4666170296723143,0.0688164214853458,0.4906060797650946,0.6116335257011065
1646,2010-09-10,0.3672854973348536,0.6720184769814732,0.0659853454865701,0.4363983192486043,0.4643312499143791,0.0696805482859111,0.484512811790178,0.6236606250677379
1647,2010-09-13,0.3702716959608648,0.6765353652369952,0.0591930601091876,0.4459318679978694,0.4717475801725753,0.0716678768881252,0.4882503493683767,0.6277061395877687
1648,2010-09-14,0.3734714712117705,0.6813748410173519,0.0504430581447992,0.4470534488702283,0.4758088149285752,0.0715391349397515,0.5125029397672691,0.6255740632610378
1649,2010-09-15,0.3682986428573928,0.6735510370307463,0.0961497642838801,0.4434083110350617,0.4704330173126262,0.0721779731522947,0.5312357615950856,0.6213098688986609
1650,2010-09-16,0.3646720892717799,0.6680662204737613,0.0562217644332695,0.442006279277506,0.4669995576929949,0.0721120110737718,0.5348863883693202,0.6133829227309605
1651,2010-09-17,0.3540063175690706,0.6519345240546,0.0933937128759512,0.4349962874910484,0.4544232664405859,0.0722616534544112,0.5444184147208253,0.6084080918715602
1652,2010-09-20,0.3613124127385146,0.6629847833339086,0.0994791335771743,0.4453710775616899,0.4695795381901012,0.0750165622175421,0.539401647090288,0.6149683203062836
1653,2010-09-21,0.3577926787082726,0.6576613019710809,0.0619210382858091,0.4478946345244976,0.4714826941277016,0.074545084609232,0.5430015448115648,0.6076426915688911
1654,2010-09-22,0.3429671616878776,0.6352381958876285,0.0853328157248528,0.4403239079689676,0.4511468224547875,0.0736600377331375,0.5727321269143923,0.6141482813247143
1655,2010-09-23,0.3332609851368665,0.620558350488922,0.0760518265345983,0.4386415366604291,0.4458788952498794,0.0721393544964353,0.5937013166613794,0.6167177173361376
1656,2010-09-24,0.3470735440922631,0.6414488965231013,0.0978904827505635,0.4523810693481475,0.4680590060728359,0.07597564455342,0.5824560657493285,0.623879304910084
1657,2010-09-27,0.3381140421694486,0.6278982317565356,0.0480234923713805,0.4422866744955958,0.456816916609562,0.0749280693158907,0.6074820877019536,0.6240433043646149
1658,2010-09-28,0.3358742994711697,0.6245106069966337,0.0845531725008513,0.4358374731453177,0.4546293314975566,0.0758195395391195,0.601218914700403,0.6221845882680455
1659,2010-09-29,0.331821248737161,0.6183805325264999,0.0573621647530368,0.4251823435236935,0.4444368230497034,0.0753416189404117,0.6218486674018651,0.6313689331020074
1660,2010-09-30,0.3351808002987323,0.6234620525298318,0.0911347732047119,0.4293883274621467,0.4471541802514568,0.0747735750491896,0.6307892899778975,0.6429040341050463
1661,2010-10-01,0.3236084526854668,0.6059591312555543,0.1313785139052037,0.420808133587808,0.4408365762314735,0.0755846061087642,0.6298601276917404,0.6517056996421312
1662,2010-10-04,0.3241950073308396,0.6068464333916785,0.0687138970379929,0.4150318918943667,0.4342541819662707,0.0741025611711848,0.6540830639751174,0.6511043405029082
1663,2010-10-05,0.3430736688140136,0.6353995310817855,0.0647854311812286,0.43331391618251,0.4605643116972048,0.0779195222569764,0.637990577451421,0.6584846079192008
1664,2010-10-06,0.3443535664172065,0.6373353048212325,0.381501076194463,0.4335382546238246,0.4653711551646887,0.0777940018038016,0.6629986950324136,0.6607260450215624
1665,2010-10-07,0.3455801323500227,0.6391904523953402,0.3943054777803262,0.4307903035525954,0.4693048805804617,0.0774866633045257,0.6764657665616836,0.6521976980057237
1666,2010-10-08,0.3399274751768724,0.6306406814667678,0.3403374325672104,0.4290518198001748,0.4673919530780955,0.0786275636865046,0.677709187870758,0.6576099302587315
1667,2010-10-11,0.3380076600150066,0.6277369794258578,0.1458849490766287,0.4197987219361063,0.4654299761525921,0.0786549071091681,0.6854759550816618,0.6551498133140238
1668,2010-10-12,0.3340076285221397,0.6216875311210628,0.0487701496803456,0.4178919565191463,0.4602700151583793,0.0793710022766935,0.6702385888072684,0.6521976980057237
1669,2010-10-13,0.3495266447149721,0.6451591916713171,0.0737567568728959,0.4307903035525954,0.4816456962819483,0.0807114389283672,0.6759806699927766,0.6595233267431162
1670,2010-10-14,0.3462736315224601,0.6402390897256216,0.0682204205397032,0.4214249808007626,0.4800369326828281,0.0800211157224326,0.6838571014799271,0.6577739297132623
1671,2010-10-15,0.3502696951640454,0.6366093378792652,0.1027868168658075,0.427986351371698,0.4818517613389189,0.0804040807858279,0.7002468751742648,0.649901622224462
1672,2010-10-18,0.353563949015548,0.6415295226884401,0.085652014741504,0.4302295131164159,0.4847456773040367,0.0817751019986274,0.6833994209800818,0.6599060060399932
1673,2010-10-19,0.3577762136875997,0.6478209323527311,0.1349292100877703,0.4337625930651393,0.4845102017531145,0.0787482518968812,0.6789542877146728,0.6402799177058078
1674,2010-10-20,0.3574522870569816,0.6473370096337392,0.0589426787166594,0.4341551018367793,0.4846672173869476,0.0807227141615632,0.6481604470423192,0.6527443767571315
1675,2010-10-21,0.3551301880124151,0.6438686758450192,0.1083103850696945,0.4234999722151551,0.484215905214289,0.0810590264743654,0.683216460682466,0.6461294679345927
1676,2010-10-22,0.3583702978775307,0.6487081516253759,0.0842767731727188,0.4222101653453638,0.4874041177182323,0.0815128055023452,0.6759806699927766,0.6523070587813543
1677,2010-10-25,0.3487037685964129,0.6342703504496447,0.057510330493267,0.4158170764389679,0.4820577305962351,0.0819215425273313,0.6802312797205576,0.6568445299560624
1678,2010-10-26,0.3421692174222538,0.6245106069966337,0.1044510930883085,0.4141907062400976,0.4749455642412844,0.0819247640225302,0.68099202901105,0.6570085711195084
1679,2010-10-27,0.334068520979998,0.6124117932505231,0.0703104338761165,0.4006193995498117,0.4653612878002685,0.0814114266198984,0.6661769075009805,0.6536737765143313
1680,2010-10-28,0.3322862371672817,0.6097500525691091,0.0962466414373392,0.39770322248115,0.4705998045112248,0.081625459617988,0.6542611751720824,0.654985813859493
1681,2010-10-29,0.3368226784133393,0.616525384952392,0.0739797901846006,0.4038720286133382,0.4764269142998324,0.0815417793158715,0.6542611751720824,0.6508856606605621
1682,2010-11-01,0.321755403651073,0.5940216527036006,0.0666974759357204,0.3848048754477009,0.4603975244986061,0.0817220062576365,0.6850787018360747,0.6591952861251393
1683,2010-11-02,0.3247257308719575,0.5984579147937836,0.0986710197646963,0.3905811171411422,0.4714434162693296,0.0832008297000171,0.6750418095053192,0.664388838535801
1684,2010-11-03,0.3076064208956671,0.5728891453099256,0.0800398601308245,0.3727477697356282,0.4525496167965918,0.0839072603819459,0.6946228509392054,0.6687076715770781
1685,2010-11-04,0.3096586123243086,0.5759541825449925,0.0880704443052982,0.3691025762333545,0.4558162892176244,0.0876244729761535,0.7088933811454659,0.6785480142291632
1686,2010-11-05,0.2973457449387714,0.5575640834298097,0.108224179643924,0.362776955860674,0.4386784016134194,0.0883952549890058,0.7246484821662202,0.6805160911013634
1687,2010-11-08,0.2968057422493805,0.5567574903225037,0.0651693056106631,0.355480556808568,0.4253075480260434,0.0879768731216866,0.700835854399412,0.6816641289919941
1688,2010-11-09,0.3054462851664098,0.5696627728807016,0.0646347527102517,0.3626602219372407,0.4368832118865146,0.0863918385540609,0.6685820614235578,0.6798054128954247
1689,2010-11-10,0.2917291420993145,0.549175564831915,0.0779223458839073,0.3494099474531734,0.419774830575916,0.0872463008690297,0.6533113109562259,0.6857642821909251
1690,2010-11-11,0.2897850511859063,0.546271862791005,0.0844075289773479,0.3458493122864723,0.4113481013610162,0.0864143693771895,0.6538752986626368,0.6857642821909251
1691,2010-11-12,0.2987497706769416,0.5596611923634136,0.1052090323896864,0.3593914494126765,0.4189311230181566,0.0841084073992401,0.6296857465721988,0.6697463486920783
1692,2010-11-15,0.3068503733904271,0.5717599646777847,0.0701978711274512,0.3656371318196677,0.4309875095452381,0.0838734739688848,0.6409787424752682,0.6696370296253628
1693,2010-11-16,0.2922152507457061,0.549901531773882,0.0679028141137223,0.3516864537949999,0.4060409920973907,0.0807500575842266,0.6224538724638038,0.6558604915199623
1694,2010-11-17,0.3014500340672837,0.5636940750364643,0.0586100475520908,0.3537294366228525,0.4152524162828374,0.0807902869876855,0.609274389903874,0.6454734701164694
1695,2010-11-18,0.3074442701228171,0.5726471839504297,0.0676829206614531,0.3607339730328215,0.4285938593762618,0.0837028918694529,0.6192010584467698,0.6531817364418238
1696,2010-11-19,0.2989657530069439,0.5599838213199881,0.0961243081291012,0.3560642820928421,0.4233357995357741,0.0841920877013567,0.6353612458757001,0.6513230203452544
1697,2010-11-22,0.2803882420631727,0.5322372338737078,0.0965682151110258,0.3373854904993714,0.3963292063161479,0.0838879510540162,0.6489875917109476,0.6525803773026007
1698,2010-11-23,0.259488694560682,0.5010223955021869,0.1281629953458819,0.3192904241901747,0.3664482402609352,0.0811346530384848,0.626700379106419,0.649901622224462
1699,2010-11-24,0.2606228126829273,0.5027162907456171,0.1063281683039111,0.3233180228841632,0.3714316424917835,0.0839700206085333,0.592972086525114,0.6641701586934549
1700,2010-11-26,0.2450695542459633,0.4794866329865984,0.1213138510033743,0.314912568058779,0.352263185409406,0.0825298158220122,0.5856805311779454,0.6636234799420472
1701,2010-11-29,0.2342147003703661,0.4632742275386187,0.1307073850243315,0.2958835746950079,0.3304361921131785,0.0822659085781306,0.5697669018666984,0.6743932223513321
1702,2010-11-30,0.2325405483158064,0.4607738220513619,0.1355969008278306,0.2870111563423365,0.3247955084523556,0.0811056988682219,0.5487880139184107,0.6655368764264319
1703,2010-12-01,0.2607848072411599,0.5029582106733734,0.1468225686523493,0.3171306796053352,0.3651337732006406,0.0852122998729591,0.5312885421906259,0.6799694123499556
1704,2010-12-02,0.2824945149923542,0.5353829387058533,0.1692116836494714,0.3355176085566689,0.3915419059781955,0.087700099540273,0.5520706685548318,0.6868030010148405
1705,2010-12-03,0.2887050458071247,0.544658676576393,0.0919409381752644,0.3413547500651965,0.3981341676078185,0.0882118065520419,0.5663180722810675,0.6933085907706638
1706,2010-12-06,0.2786601334797668,0.529656202221112,0.0552203706128816,0.3277542459772756,0.3858816791878412,0.0879559530461574,0.5976081997545981,0.6943472678856639
1707,2010-12-07,0.2757439190023459,0.5253006491597472,0.0833192910085249,0.3268786858844179,0.3892954998782866,0.0880573319286043,0.5774171041581224,0.6905751553047098
1708,2010-12-08,0.2861666520033212,0.5408677138310987,0.0539033950962796,0.3403040334200816,0.4043733117107126,0.0887862934336617,0.5708090854987831,0.6883337182023482
1709,2010-12-09,0.2970215996076889,0.5570800778473386,0.08096694499857,0.3498769388140142,0.4148796598269226,0.0895458198565813,0.5717701399469097,0.6888257582748559
1710,2010-12-10,0.2865448475920203,0.5414323041471691,0.0652187096493741,0.3435728059446458,0.408640611523683,0.0907366141276157,0.5703976579589873,0.6856549631242096
1711,2010-12-13,0.2874627959267226,0.5428034875705454,0.0546682707571556,0.3415882179120635,0.4115148885596148,0.0907462589699489,0.563370938108877,0.6901377956200175
1712,2010-12-14,0.2902172033034518,0.5469171621358937,0.0746181829479141,0.3403040334200816,0.4126430252917794,0.0909280966593134,0.5944029442247116,0.6883337182023482
1713,2010-12-15,0.278282094105685,0.5290916119050417,0.1039665038994382,0.3310813854635565,0.3976436733764426,0.0899046629925121,0.5889988080537594,0.6901924760078328
1714,2010-12-16,0.2779041172174502,0.5285270215889712,0.1080764218008411,0.3292135313544075,0.3976927227995801,0.0911340759194059,0.5675756678843504,0.685162923051702
1715,2010-12-17,0.2689935417128021,0.5152183596136413,0.1792003164202568,0.3169555787201851,0.386686013087574,0.0913014365236389,0.5700684786263766,0.6869123200815559
1716,2010-12-20,0.2730437805836978,0.5212677250549569,0.1555049946020188,0.3240184820918708,0.3962997000225416,0.0918115327878084,0.5583422342305846,0.691231153122833
1717,2010-12-21,0.2855187674991615,0.5398998683931149,0.0597292045462715,0.3378524540266586,0.4166356674951103,0.0930216363867725,0.5509932356910967,0.6967527044425563
1718,2010-12-22,0.2794162122279303,0.5307854242849925,0.0469095094523824,0.3353425076715188,0.4146834621343722,0.0937039254979734,0.5466143112999526,0.7003608592778948
1719,2010-12-23,0.2773100330275193,0.527639719452847,0.0250877224711488,0.3297972288051282,0.4071691288295552,0.0933708346803701,0.5505894548100188,0.7059917296643335
1720,2010-12-27,0.2644028315086633,0.5083623182015402,0.0424262328575598,0.3192904241901747,0.3867743403690835,0.0934947443859455,0.5450070209382301,0.7032036138105643
1721,2010-12-28,0.2660232144919175,0.5107820975234583,0.0390186021198865,0.3181230014551799,0.3872157851773218,0.0936508297569825,0.5622000668056868,0.7058823688887028
1722,2010-12-29,0.2704515552227421,0.5173961361443236,0.0295100316174359,0.3212750400563106,0.3948674951867859,0.0938551982694756,0.5460247725631915,0.7038596533376027
1723,2010-12-30,0.2664550229373047,0.5114273968683467,0.0806214013069975,0.3152044307009161,0.382860158082842,0.0935494508745357,0.5676579160915354,0.6968620235092717
1724,2011-01-03,0.2686694276246431,0.5147343954629096,0.0767720232288845,0.3175392761709057,0.3857246635540081,0.0958006867206314,0.5885241557016376,0.7062104095066797
1725,2011-01-04,0.2696414574598853,0.516186205051625,0.0640420001595183,0.3175392761709057,0.3857345309184284,0.0955319472339515,0.5883566752253293,0.6943472678856639
1726,2011-01-05,0.2668332810118508,0.5119920286161568,0.1004394773453856,0.3118772633810817,0.3771999312924877,0.0965554005440162,0.58276137258643,0.6993768208417948
1727,2011-01-06,0.2579226430213557,0.4986833666408267,0.1141540692683157,0.3024211475776897,0.3675175560051965,0.0961193004531033,0.5570687857982526,0.688880396953756
1728,2011-01-07,0.2487417849857007,0.484971366680104,0.1034609643963686,0.2916224803205991,0.3535875198341209,0.0957411479892428,0.5293890002627839,0.6869670004693713
1729,2011-01-10,0.237724874066024,0.4685169998726284,0.1257569987400942,0.2778468753475279,0.3415311333070395,0.095459542165031,0.516112535689847,0.6936365896797254
1730,2011-01-11,0.2444755950277262,0.4785994137139535,0.1126199290997394,0.2866025597767659,0.3556867776646171,0.0962206793355501,0.5270459521293052,0.7038049729497873
1731,2011-01-12,0.2833046752410579,0.536592869798552,0.1584235187162662,0.3274040163734218,0.4066099462458559,0.0980680103994579,0.5300218078976557,0.7079051261487183
1732,2011-01-13,0.3046362186464766,0.5684529660832218,0.1920799386668564,0.3560642820928421,0.4330573568817825,0.0977139995063255,0.5526098512463775,0.7053903705251104
1733,2011-01-14,0.3038262146123903,0.5672430764222629,0.1482184559299706,0.3603837155954141,0.4344601512235867,0.0992394953425626,0.5877984691389246,0.7061557291188643
1734,2011-01-18,0.3240409172322469,0.587436740595702,0.1099734987326261,0.378420414942894,0.4539132290796787,0.0995259334095727,0.5769476739143935,0.7052810097494798
1735,2011-01-19,0.3209273099642931,0.582850412744544,0.1016585375206989,0.3792960028693053,0.4512743317950144,0.0974179165969822,0.591683344775346,0.7024382552168104
1736,2011-01-20,0.3242631793898682,0.5877642999292936,0.0923351101631698,0.3861254105605707,0.4591615173554008,0.0971507878579017,0.6032551639658108,0.6915045133529945
1737,2011-01-21,0.3426116797045468,0.6147910523310736,0.1564098770061829,0.4033449167769095,0.4780160389697666,0.0976480177845392,0.6057494667388064,0.6928712310859715
1738,2011-01-24,0.3409434950483715,0.6123339844434796,0.1037180038929767,0.4039286420611837,0.4766721614155204,0.098853289140705,0.629453735756466,0.6860923228089019
1739,2011-01-25,0.3252085590113839,0.5891565721081466,0.1239122148549802,0.3884602560305603,0.4618592356279681,0.0989080152725587,0.6332912394096109,0.67690797797494
1740,2011-01-26,0.3206493729170343,0.582440901429945,0.0746249042918618,0.3879933203368265,0.4624772391995709,0.0997850084106561,0.6398645683489128,0.6831402075006018
1741,2011-01-27,0.3376076568657199,0.60742009725873,0.1456088944057756,0.4039286420611837,0.4779768569110493,0.1002532841670307,0.6436220618413266,0.6739011822788246
1742,2011-01-28,0.3318250291309018,0.5989025602235971,0.1030634333174861,0.3930716078423764,0.4699621620104363,0.0965199837400923,0.6456530889983416,0.6941285880433178
1743,2011-01-31,0.3359396284241619,0.6049631122346155,0.0899178726708834,0.3973327022167852,0.4757499939406718,0.0980937627177853,0.6221368158828187,0.7097092035663874
1744,2011-02-01,0.3461145113131876,0.6199506297318866,0.0735195989367215,0.4171789165452508,0.4916322354724852,0.1015486591724474,0.6442104815548604,0.7019462151443028
1745,2011-02-02,0.346726154026113,0.6208515214786126,0.0741538927026048,0.416420062542273,0.4957817975099946,0.1009758026816904,0.6623699904827076,0.7024382552168104
1746,2011-02-03,0.338163562203161,0.608239119887928,0.099433510228559,0.4008349982553232,0.481116019991855,0.1014698111131291,0.6604864878877856,0.7006888581869564
1747,2011-02-04,0.3342159875788134,0.6024242580929731,0.0620932204198282,0.3950562515420658,0.480527426914204,0.1020764736602106,0.6302376115269837,0.6924338714012792
1748,2011-02-07,0.3360506657742022,0.605126933333151,0.0829618223858838,0.4010100713069199,0.4871882810964961,0.1033927883844197,0.6224825940599634,0.683960246482171
1749,2011-02-08,0.339442428789879,0.610122772498908,0.0720629434161483,0.4021775218754682,0.4913574820631913,0.1042810371124497,0.6251384091853904,0.6810081311738709
1750,2011-02-09,0.3375519819760824,0.6073381452777227,0.0545337816923316,0.3999010155336417,0.4884635660980733,0.1036872605461636,0.6306150953622269,0.6797507325076094
1751,2011-02-10,0.3247635660522892,0.5885013705774842,0.1179635735557927,0.3891023761101047,0.4743668385280536,0.1038465674123995,0.6453291317741237,0.67986009328324
1752,2011-02-11,0.3298232637807536,0.5959542776308349,0.0508337719659346,0.3954648481076362,0.4755145183897497,0.1050180523555042,0.626700379106419,0.6735731833697629
1753,2011-02-14,0.3253753337369086,0.5894023451876895,0.0602970015911793,0.3905032945255199,0.4726795192121896,0.1055281486196737,0.6123252202284337,0.6693636693952013
1754,2011-02-15,0.332603509055199,0.6000491421863867,0.0543752024538729,0.3973910970120554,0.4777316097953613,0.1048346039185403,0.6077948546939014,0.6666849143170627
1755,2011-02-16,0.3511742402845755,0.6274034539217581,0.1124026052940979,0.4186381740888293,0.4994702758100794,0.1061718190750152,0.6105278824219915,0.6703477078313014
1756,2011-02-17,0.3563451003347742,0.6350200992101651,0.0684939456158448,0.4243001868786532,0.5058663397471522,0.1068332077539503,0.6225402237561546,0.6778373360232247
1757,2011-02-18,0.3532871367135344,0.6305156404765351,0.1470332037879749,0.4184631010372326,0.5014616632295347,0.1072483681260707,0.6304698088465874,0.6769626166538402
1758,2011-02-22,0.3309911555032785,0.5976741091432796,0.0666953858580901,0.3938888009735174,0.4655379423632874,0.1028118585124023,0.6392785731857045,0.717253470437211
1759,2011-02-23,0.3287113281341776,0.5943162323724391,0.0739320409224299,0.3895109726756752,0.4588181713934375,0.1015180942545851,0.6379322017397453,0.7420183890853275
1760,2011-02-24,0.3244300790870867,0.5880099901453573,0.0613430069222981,0.3851914835059962,0.4602110983708215,0.1013088934992937,0.6520656516006975,0.7375355565895195
1761,2011-02-25,0.3352723108215989,0.6039803513703614,0.0484162783521836,0.3974494361402186,0.4773882638333983,0.1035263429323282,0.6608151077087834,0.7408156708068813
1762,2011-02-28,0.3351054736102272,0.6037345782908188,0.0610210379994379,0.3961069125200737,0.480144803093869,0.1047074727177661,0.6474224512241087,0.735840839947481
1763,2011-03-01,0.3264873318693316,0.5910403075826061,0.098249921295086,0.3888688525961308,0.4714238731397983,0.1013459014075537,0.66105420567162,0.7503826949377201
1764,2011-03-02,0.3187031262419062,0.5795744050912317,0.0627951850602321,0.3830901058828734,0.4598383419149067,0.1016854352155547,0.6532816568407103,0.7645965927278129
1765,2011-03-03,0.31075227086065,0.5678628123837937,0.0763184700591272,0.375968835549471,0.452294598116138,0.1053109137696487,0.6681006949320742,0.7628471956979589
1766,2011-03-04,0.3020229667980202,0.5550046791453058,0.0715959338565242,0.3700149601175099,0.4456042376402399,0.1037307114448213,0.6825456062578763,0.7765690117066288
1767,2011-03-07,0.296462694949594,0.5468148257389835,0.0943562310416164,0.363302286349678,0.4453099411014144,0.1019573961974335,0.6875258191296647,0.7821452434141675
1768,2011-03-08,0.300465944463579,0.5527115152197268,0.0866541684943032,0.3688475652160685,0.4524711568795024,0.1038385136744024,0.6833384342142097,0.7798491259239906
1769,2011-03-09,0.2986311725394198,0.5500088399795489,0.0602519242134225,0.3733421274373443,0.4515686283338399,0.1035488737554568,0.6730152584412117,0.7763503318642827
1770,2011-03-10,0.2923482206280278,0.5407542322962253,0.0772588953769819,0.3647032047650932,0.4394141429604833,0.0995404104947042,0.6736803312457955,0.7671659870303208
1771,2011-03-11,0.2883449398711192,0.534857542815482,0.079672702106441,0.3712408054813284,0.4357649425187703,0.1010160320851493,0.6578909135127462,0.758747042499028
1772,2011-03-14,0.2987424285899244,0.5501726196463448,0.1305053715906806,0.3882851829789636,0.437481672328586,0.0997463897547966,0.6787416733015419,0.7589110419535589
1773,2011-03-15,0.2997987205897864,0.5517287129237332,0.1411287376444304,0.3928381399955095,0.4290255326197344,0.097409862858985,0.6877401120776365,0.7369888778381117
1774,2011-03-16,0.2848420770195551,0.5296979239829294,0.1016705309616242,0.3721747325359029,0.4057662386880966,0.0933885332607004,0.6868217670160071,0.7413623912672042
1775,2011-03-17,0.2993541337886969,0.5510735528248103,0.0886269403858329,0.3797045994348759,0.4286232698702136,0.0960983803775741,0.6709622238273989,0.7601683989109052
1776,2011-03-18,0.2995207522996042,0.5513192016091342,0.136430872368248,0.3747430458527594,0.4288980232795077,0.0969818165060692,0.6941297347038382,0.7582550024265204
1777,2011-03-21,0.3128094923999714,0.5708931298210425,0.1549856340258449,0.3905032945255199,0.4530303394632019,0.1000666142348679,0.7156584360643283,0.7651432714792207
1778,2011-03-22,0.3109189518574042,0.5681085025998571,0.0938224106696736,0.3957566550826663,0.4531970308621461,0.0993247863922785,0.7229395471947113,0.7742729359253672
1779,2011-03-23,0.3102517592265352,0.567125741735603,0.0781262122456843,0.3963403803669405,0.4592693877664416,0.09993144893936,0.7152815117406985,0.783839960056206
1780,2011-03-24,0.3167015483492988,0.57662603963499,0.0610346851629058,0.4027028523644721,0.470805773768541,0.1018817696333141,0.7055573864018909,0.7830199210746368
1781,2011-03-25,0.3122534620908365,0.5700741071918447,0.04746170416791,0.3961652516482369,0.4663717825566263,0.1025479709117841,0.715878510632306,0.7819265635718213
1782,2011-03-28,0.3138658156427569,0.572449223098431,0.0410553158417332,0.3983833631947931,0.4703545573955369,0.1019670410397666,0.6930521153362321,0.7741636168586518
1783,2011-03-29,0.307861081964935,0.5636041267297065,0.0594598269514587,0.3905032945255199,0.468784975855134,0.1034555289677437,0.7014557932671728,0.7785917689666443
1784,2011-03-30,0.3049695493970615,0.5593453582121402,0.0646005315097979,0.3887521186726974,0.4685200898102603,0.1048748333219991,0.7063671862105008,0.7757489727250597
1785,2011-03-31,0.2937940181548879,0.5428836165550086,0.0982947984132615,0.3736339900794814,0.4532363087205181,0.1044837948773433,0.7079569452083334,0.7891428315335832
1786,2011-04-01,0.3059148040468834,0.5607375889592534,0.1069208165088627,0.377311359169616,0.4682847100589925,0.1055426453480686,0.7138066391275049,0.7958124207439373
1787,2011-04-04,0.3026343908104815,0.5559056123237716,0.1111082000863083,0.377077891322749,0.4708548231916786,0.1056166611645886,0.7239201845493104,0.7987098556644221
1788,2011-04-05,0.2960180769055809,0.5461595827765815,0.0813786449698297,0.3715910072516287,0.4632521626053522,0.1055780425087291,0.7234138265390906,0.7979991357495683
1789,2011-04-06,0.3062484472267032,0.5612290108231202,0.0867027851966604,0.3874095950525524,0.4795856205101695,0.1060463182651038,0.7232558577602115,0.8006779325366221
1790,2011-04-07,0.3142548837688264,0.5730224726480861,0.1220187531356368,0.3888105134679676,0.4799780158952703,0.1057196507946348,0.7414330845558197,0.8087142394799532
1791,2011-04-08,0.3198707680210432,0.5812943194671556,0.0977111745374428,0.3870009984869819,0.486266209421302,0.1048603562368677,0.736236900201219,0.8223267364219077
1792,2011-04-11,0.3175912530811771,0.5779364426963152,0.0678787123461118,0.3874679898478226,0.4828425213664366,0.1042633385321194,0.761283437579672,0.8066368018321225
1793,2011-04-12,0.3125315553527126,0.5704836185064437,0.0735124486156707,0.3825064362657062,0.4736408687457555,0.1026058988955732,0.7574940519252886,0.78657339552216
1794,2011-04-13,0.3109189518574042,0.5681085025998571,0.0659193125246251,0.379762994230146,0.4737880170151684,0.102646128299032,0.7635108533130268,0.7912749078603141
1795,2011-04-14,0.3000768138516626,0.5521382242383321,0.1213922463054734,0.3665127197460789,0.4577684945783623,0.1026638268793623,0.7581464424666329,0.796741778792222
1796,2011-04-15,0.2977971114542556,0.5487803888992313,0.2921384906686418,0.3590411919752692,0.4514803010523304,0.1034941672668665,0.7565811154759234,0.8052154454202454
1797,2011-04-18,0.2858430065590144,0.5311720652793104,0.2616887209399145,0.344973724360061,0.4305166542430482,0.1011544188758561,0.7535871688320699,0.7913295882481294
1798,2011-04-19,0.2885673894862813,0.5351851021490737,0.2807969125984564,0.3483008916798953,0.4336165394654819,0.1023580794844224,0.7240151150197349,0.7969604586345681
1799,2011-04-20,0.2931822817131919,0.5419827662400223,0.4405766566552651,0.3569982091474166,0.44920448445847,0.1052127563824007,0.7418512262349772,0.8150011076845152
1800,2011-04-21,0.296462694949594,0.5468148257389835,0.4092323326467806,0.3634190202731114,0.4539818216323475,0.1063424011744471,0.7693948639444936,0.8195933009559537
1801,2011-04-26,0.3024120661670132,0.5555779701267007,0.319776464099986,0.3650534065353935,0.460505394909647,0.1079290464896722,0.7795580193960296,0.8191559412712615
1802,2011-04-27,0.3095291416494165,0.5660610703220814,0.0653512393322946,0.3717077411750622,0.4693637973680195,0.1092839798697408,0.7966102548407548,0.8221627369673769
1803,2011-04-28,0.3165347736237742,0.5763803494189266,0.1407317419964285,0.3791792689458718,0.4818124834805471,0.1100595941253913,0.8110107782452187,0.8227094157187846
1804,2011-04-29,0.3177024154029112,0.5781001809313713,0.069125636007171,0.3794127367927388,0.4829014381539943,0.1105632670424265,0.8210336827856366,0.8285589659475695
1805,2011-05-02,0.3164897213281191,0.5576254852679559,0.2801637244762616,0.3825647753938694,0.4827444225201612,0.1101786715881684,0.8132003336927263,0.8263175288452079
1806,2011-05-03,0.3172891652540699,0.5587720672307452,0.1945172284672195,0.3795294707161721,0.4776726930078036,0.1094384544931784,0.8178664740454684,0.8128143926788841
1807,2011-05-04,0.3113491669136941,0.5502545716273521,0.2079956532119038,0.3732837883091811,0.4665875233787081,0.1079419128272042,0.819345636247699,0.8029193279300685
1808,2011-05-05,0.3066654777692853,0.5435388595174109,0.1864071359689736,0.3657538657431011,0.4582197109513662,0.1059755043005193,0.8187950768200121,0.75131209469492
1809,2011-05-06,0.3112919611208061,0.5501726196463448,0.2127498072404035,0.3665127197460789,0.456571669493874,0.1067961802024269,0.774150526155396,0.7369888778381117
1810,2011-05-09,0.298098105779041,0.5312540172603177,0.240471517634679,0.3516864537949999,0.4355588774617996,0.107776182613834,0.7442013615155603,0.7663459897576668
1811,2011-05-10,0.3053519002945832,0.5416552069064307,0.1583401675165284,0.3552470889617011,0.443220454835684,0.1095253562904938,0.7478171120658865,0.7736168963983288
1812,2011-05-11,0.3055231740010887,0.5419008142590149,0.1891638608814944,0.3569982091474166,0.448821860638135,0.107098706102168,0.753294730762079,0.7426197482245505
1813,2011-05-12,0.3050663399739959,0.5412456955918317,0.0646882936903137,0.3525619860543042,0.4445152829667927,0.1081559458252938,0.7219911750098242,0.7467745818112967
1814,2011-05-13,0.2960419152561945,0.5283056103723367,0.078276927606584,0.3433393380977789,0.4316545625399784,0.1064051614010345,0.7262013133975616,0.7504920557133508
1815,2011-05-16,0.2989547554978797,0.5324824269088957,0.0660128179391335,0.3463746427754762,0.4323805323222766,0.1050695373488956,0.7011767834759064,0.7380275966620271
1816,2011-05-17,0.2954707008862492,0.5274865877431387,0.1278844606182139,0.3444483938710571,0.4267398486614536,0.1049906892895774,0.7137124546725653,0.7355128410384193
1817,2011-05-18,0.2992404720330845,0.5328919382234947,0.105489613981075,0.3485927543220324,0.4303989164675871,0.1068734371574092,0.7310644018382566,0.7529521309491433
1818,2011-05-19,0.2985549085632104,0.531909135927501,0.0886203592235922,0.3462579088520428,0.4336459499594337,0.1073433040181199,0.7289003974210992,0.743877146890812
1819,2011-05-20,0.2898162003806138,0.5193786034543444,0.1234308909512831,0.3373271235376547,0.4189114840889706,0.1056810321387754,0.7384469710745549,0.7496173363439662
1820,2011-05-23,0.2822195772657493,0.5084860333761043,0.0782696318338372,0.3260614649197233,0.404795117589765,0.1031224381501404,0.7055262402554059,0.7398316323707812
1821,2011-05-24,0.2848468884297707,0.5122533800298041,0.0585689047481079,0.3260030979580066,0.4080520184460319,0.1029470434511736,0.6947153568593045,0.750164015095374
1822,2011-05-25,0.2923293186593236,0.5229822118729879,0.1118326949836082,0.3305560549745525,0.4180090513429627,0.1036212788243774,0.7044683902981432,0.7596217201594974
1823,2011-05-26,0.28958762715245,0.5190510026890132,0.0917227500914298,0.3313732481056936,0.4166160285659243,0.1044612640542148,0.7022624225099727,0.753662850863997
1824,2011-05-27,0.2946138324669463,0.5262581780945608,0.0534382426807729,0.3338832222943868,0.4223057616498847,0.1053318338451778,0.7101118109358036,0.7556308860272819
1825,2011-05-31,0.3103210872737325,0.5487803888992313,0.0869583596363314,0.3476004324721877,0.4433773746698625,0.1076007682716038,0.73940933104978,0.7671659870303208
1826,2011-06-01,0.3006111615719039,0.534857542815482,0.0711367344205716,0.3383194175539458,0.4299672432241145,0.1026686591221606,0.7559296574539351,0.7539908497730586
1827,2011-06-02,0.2967272912685277,0.5292884126683304,0.0675204152812028,0.3365099304065136,0.4222861227206987,0.1024095644778139,0.7429452579432467,0.7545922089122817
1828,2011-06-03,0.3000971529948466,0.5341204721672914,0.0613395202975875,0.342814007608775,0.4247091833836266,0.1003530523018781,0.765019856134644,0.7536081704761817
1829,2011-06-06,0.2922721128664357,0.5229002598919805,0.0597129392522773,0.3302641923324154,0.4121525310604035,0.0981018164557825,0.7914578988958783,0.7469932616536429
1830,2011-06-07,0.2935288594633315,0.5247020848171722,0.0392481143560458,0.330964651540123,0.4131727015818727,0.0979038712904237,0.7801900810154165,0.74743057962942
1831,2011-06-08,0.287303019616057,0.5157750364674405,0.0438945793216908,0.3258863640345731,0.404775478660579,0.0970381533855223,0.7963066265384937,0.7564509250088511
1832,2011-06-09,0.2878741090143083,0.5165940590966382,0.0428870027502291,0.3262949606001437,0.408620972594497,0.0985572062313617,0.783154933055368,0.7629565147646744
1833,2011-06-10,0.2779358600277037,0.5023436122475577,0.0566630111247559,0.3154962933430532,0.3918558414462069,0.0956574676871263,0.7696583939144535,0.7485239788411507
1834,2011-06-13,0.2763937405677614,0.5001323174395069,0.038627878812771,0.314912568058779,0.3914046250732029,0.0957942437302337,0.7410153158844042,0.7376449173651503
1835,2011-06-14,0.2871888267307455,0.5156112568006446,0.0839534024327894,0.3252442717885823,0.4096901925391037,0.0983753685419972,0.7542048696533772,0.748961338525843
1836,2011-06-15,0.2735379499043466,0.4960373285887362,0.0703069145774743,0.3117021624959316,0.3901194727072054,0.0947627759686987,0.7593870662176399,0.7240323787142805
1837,2011-06-16,0.2736521115467346,0.4962012325507509,0.0828711754133993,0.3131614478730635,0.3886872678714496,0.09512000835703,0.7174505517623777,0.7247977373080344
1838,2011-06-17,0.2923863682375942,0.5230640395587765,0.2405021721065898,0.3375022244228047,0.4099453070192119,0.0957411479892428,0.7201285608484731,0.7141920360621954
1839,2011-06-20,0.2875314366296034,0.5161026372327717,0.1099179836146915,0.3310230185018398,0.4004198515660992,0.0968450404629618,0.7335836961299889,0.7155587537951724
1840,2011-06-21,0.2966701167185632,0.529206460687323,0.0895821374828043,0.3430474754556418,0.4194314846139527,0.0996063922164904,0.7398908840451346,0.7163241123889262
1841,2011-06-22,0.2952422213868558,0.5271590284095471,0.0592812080528968,0.3410628874230595,0.4188723020302533,0.0982579018268195,0.7486903231906934,0.7273125346405575
1842,2011-06-23,0.2733665512261473,0.495791721236152,0.098815734716141,0.3155546603047698,0.3910514117468195,0.0976721593552672,0.7381584495858589,0.7033129328772797
1843,2011-06-24,0.2671980109005311,0.4869466248674275,0.1142183452159341,0.3108266024030738,0.3783084290954663,0.0952503414097396,0.7312236761442341,0.7040783331799488
1844,2011-06-27,0.269482743408618,0.4902225910890003,0.0618856355538255,0.317480909209189,0.3841453104488396,0.0971250355395743,0.7157843261773664,0.7010715374838333
1845,2011-06-28,0.2742233884025268,0.49702013088473,0.0787956146781659,0.3245438125808747,0.3904726860335887,0.0997914514010538,0.7385432070720774,0.713535996535157
1846,2011-06-29,0.2835333109550687,0.5103697274188241,0.0943594784088272,0.3347587823872446,0.4107692798481307,0.1015197050021845,0.7449753525809057,0.7238136988719344
1847,2011-06-30,0.2931290125286623,0.5241287938357775,0.0943562257716275,0.3461411749286094,0.4319881369371757,0.1036486418903042,0.7639041899773191,0.7273671733194575
1848,2011-07-01,0.3051232958234959,0.5413275232776202,0.0831452844043201,0.3608507069562549,0.4449469562102653,0.1067109087959744,0.766728231594539,0.7247430986291343
1849,2011-07-05,0.2963845251550524,0.528796949372724,0.0461928594606811,0.3487678830407361,0.4290647146784517,0.1064228599813648,0.7755082743374964,0.7354034802627887
1850,2011-07-06,0.2866747869107647,0.514874186152454,0.1036753623041273,0.3368601600103674,0.4167435379061511,0.1066384840837904,0.7559621091275182,0.7340914429176271
1851,2011-07-07,0.2874743558084094,0.5160207681152436,0.0690461993552491,0.3356343424801024,0.4159293366419979,0.1088913306774855,0.7408545495474577,0.7451345038481584
1852,2011-07-08,0.2703393306416096,0.4914510007375782,0.1056605207777605,0.3128695852309264,0.3906198343030015,0.107375499326845,0.7460076515078187,0.7316313259729194
1853,2011-07-11,0.2566885787869047,0.4718771553891491,0.1233313303194343,0.2950663815638669,0.3643685255599705,0.1034635827057409,0.7205703885192694,0.7258911365197651
1854,2011-07-12,0.2576022468410904,0.4731875170187344,0.130471905052649,0.2981016862415642,0.3577763597300021,0.1025222185934567,0.6953319386573849,0.7383555955710888
1855,2011-07-13,0.2568027091863692,0.4720409350559449,0.1049646714325713,0.2994442098617091,0.364005636468476,0.1031787553863301,0.6841318216821566,0.7417450705640811
1856,2011-07-14,0.2578307888263308,0.4735151177840657,0.0692267302058136,0.3006699995584206,0.3573054086281576,0.1017546384325398,0.7256306115517888,0.7288432518280652
1857,2011-07-15,0.2526903281406761,0.4661442455752015,0.1420692799560405,0.2940156927523054,0.3460829580940697,0.1029245126280451,0.7135869375672697,0.7373168767471734
1858,2011-07-18,0.2450938299975056,0.4552516340652219,0.1083014050084691,0.2842093195115061,0.3327022371422733,0.1012026823740486,0.7082378200383117,0.7301552891732269
1859,2011-07-19,0.2516621547719442,0.4646700214153411,0.1496750713986276,0.2886455426046186,0.3421197263846907,0.1046286246584478,0.7064917707964404,0.7387382748679657
1860,2011-07-20,0.2723956461361502,0.4943994076255593,0.5000953894355695,0.3067406089138151,0.3704702929582176,0.1044854056249427,0.7160357333957001,0.7422370689276736
1861,2011-07-21,0.291586768097026,0.5219174575959868,0.3612858053024894,0.3307311836932561,0.398408825217458,0.107375499326845,0.7312236761442341,0.7476492594717662
1862,2011-07-22,0.2863891016184834,0.5144646748378552,0.5756220404881512,0.3262949606001437,0.4024995662670639,0.1075718141013409,0.7546927637803515,0.751694773991797
1863,2011-07-25,0.2719957367156339,0.4938261166441646,0.5857793845782122,0.3105347397609367,0.3835567173711885,0.1063504549124443,0.7497588038686127,0.7480319387686432
1864,2011-07-26,0.2713674102815712,0.4929252663291782,0.3736546633789426,0.3093673170259419,0.3803390943732935,0.1054669991406858,0.7471059728051246,0.750164015095374
1865,2011-07-27,0.2576022468410904,0.4731875170187344,0.1158996624748074,0.2969342635065692,0.3616904462165891,0.1011141894723972,0.7684722292938273,0.7381915961165579
1866,2011-07-28,0.2592016658226912,0.4754806809443134,0.1421687467820854,0.3042306625586753,0.36303441957049,0.1004351218563952,0.747332202000851,0.7384102759589041
1867,2011-07-29,0.2566885787869047,0.4718771553891491,0.1049141079962842,0.3028881111049769,0.3604544390733836,0.0990850207191249,0.7409187068791392,0.7288978905069654
1868,2011-08-01,0.2422707506749721,0.440509848215754,0.3712015994475585,0.2825165662875073,0.3297985496123898,0.0982257065180944,0.7458785908289707,0.7244697383989728
1869,2011-08-02,0.2308653027589251,0.4244575764414819,0.2902107139430408,0.2710174398227092,0.3098550733245766,0.0929331434851211,0.7299819333700002,0.7184561887156572
1870,2011-08-03,0.2260937585136966,0.4177419057632803,0.1287724253037479,0.267748667298145,0.3022818232322019,0.0939453019187264,0.7160983986964127,0.7082878054455952
1871,2011-08-04,0.2089275216663425,0.3935817325636931,0.1489980980999743,0.2515214550980973,0.2678294892604277,0.0842467941899469,0.7442013615155603,0.6793133728229171
1872,2011-08-05,0.213291783161114,0.3997241122605,0.4073032299919517,0.2527472447948089,0.2663285960723482,0.084135770465167,0.6994726976050478,0.6806800905558942
1873,2011-08-08,0.2089856335040113,0.3936635602494816,0.4926486041005487,0.2460345710269769,0.245551279591196,0.0712752276958699,0.7349891893031077,0.6502296211335236
1874,2011-08-09,0.2077635977950994,0.3919436873052973,0.2652318230683579,0.2422988071415721,0.242559264779803,0.0798151364623402,0.7156899552185554,0.6392412405908077
1875,2011-08-10,0.1769806326367078,0.3486190972084008,0.2121038625828787,0.2134634405370016,0.1971492705191604,0.0714844284511612,0.7489169253941619,0.6588672872160778
1876,2011-08-11,0.1878041498600567,0.3638523049217354,0.2841336841182749,0.2272390455100727,0.2249505218734082,0.0798328350426704,0.708487548721805,0.6743385419635168
1877,2011-08-12,0.2107313318533352,0.3961205038418564,0.2212657837500684,0.2492449765898244,0.2639839953265097,0.0808257037916095,0.7243950234053032,0.6724797841580322
1878,2011-08-15,0.2145719307076947,0.4015258543222124,0.0491449839706803,0.2535644657595034,0.2700367133016191,0.0849580571146741,0.7318611463758848,0.6861469614878021
1879,2011-08-16,0.2173651417953833,0.4054570635061873,0.0491611164609521,0.2531558691939329,0.2666326641759395,0.0830704966473074,0.7575591417763261,0.6794227335985478
1880,2011-08-17,0.2194018992198267,0.4083235184131611,0.0521074355510887,0.2518716847019511,0.2719202303100335,0.0832523343366719,0.751249529310855,0.6845069252335788
1881,2011-08-18,0.2038649183459946,0.386456509139153,0.0739099333186502,0.2300992493026198,0.2316506539140721,0.0746850821475382,0.7561251135109186,0.6560791713623085
1882,2011-08-19,0.1926340246434182,0.370649969012684,0.1521310296079606,0.22245262064666,0.2144048479989991,0.0719301733844074,0.7397304907159306,0.6554231735441852
1883,2011-08-22,0.1954853788116991,0.3746630058824473,0.0704948529245519,0.2264802193406484,0.2293159205326538,0.0719768261350005,0.7467504964266791,0.6655915568142472
1884,2011-08-23,0.1954853788116991,0.3746630058824473,0.0891040461903488,0.2229195841739472,0.227932669320381,0.0781769865104602,0.7454591436227147,0.6728078247760091
1885,2011-08-24,0.1956599330251698,0.3749087375302505,0.0447715360542391,0.226655348059352,0.2366928771328237,0.0806309801214495,0.7573636857193426,0.6712771075885012
1886,2011-08-25,0.1932741609025556,0.3715508193276703,0.0496461156549652,0.2241453738706587,0.229825957893561,0.0776813673314222,0.7534898138113204,0.6720424661822552
1887,2011-08-26,0.18803694088289,0.3641799056870666,0.0563831546838512,0.2183082601956846,0.2186819672765624,0.0805022578163393,0.747332202000851,0.6724251454791321
1888,2011-08-29,0.196416386688415,0.3759733675120326,0.0261695753213212,0.228523202168501,0.2392336755712126,0.0858575810759,0.7664324364548671,0.682812166882625
1889,2011-08-30,0.1962417699890974,0.3757276772959692,0.0521951998396,0.2295155240183457,0.2441189789557857,0.0863146012423421,0.771010919988161,0.6917231931953406
1890,2011-08-31,0.2118951307528845,0.3977585491002522,0.0585626313532237,0.2438748264421374,0.2709784239059991,0.087275274682556,0.7567441198593239,0.691231153122833
1891,2011-09-01,0.2131753095423886,0.3995603325937043,0.0480559829074526,0.2451590109341192,0.2751476248726943,0.0849468015247415,0.747590696366289,0.6918871926498714
1892,2011-09-02,0.1950198280089559,0.3740078043517849,0.060370765626961,0.2264802193406484,0.2459534465410625,0.0800468483974966,0.7299819333700002,0.6783293343868171
1893,2011-09-06,0.1670880920471513,0.334696209692912,0.071427520818625,0.2005050286950715,0.1942455350894496,0.0786420407716361,0.6988536912566425,0.6759785782177401
1894,2011-09-07,0.1735473790186522,0.3437870377094396,0.0748686750102109,0.2078014277471776,0.2158469201991751,0.084013471507191,0.6894876533504768,0.6941285880433178
1895,2011-09-08,0.1788426796330631,0.3512398204675714,0.0865291485456822,0.213580174460435,0.2277364716278306,0.0819666041735884,0.7023866340881704,0.6925432321769098
1896,2011-09-09,0.1596979846564753,0.3242950614785386,0.0606060569330379,0.1911072798533962,0.1916753740569362,0.0768703362718477,0.6739826540209581,0.6826481674280942
1897,2011-09-12,0.1446264608566159,0.303083253735193,0.1114041900714826,0.1741796362791944,0.1652377349857752,0.0781641201729282,0.6265265574984908,0.6878417198387559
1898,2011-09-13,0.1578941119836357,0.3217562487686358,0.1020385732901589,0.189181030948977,0.1842198617400225,0.0798698429509304,0.6358280650652326,0.6988847807692872
1899,2011-09-14,0.1659825299569647,0.3331401578472631,0.1150581464181634,0.197936715378215,0.2049677677272231,0.082413959854434,0.6398645683489128,0.691777873583156
1900,2011-09-15,0.182799752106148,0.3568090334782025,0.1298757428190442,0.2153896894414208,0.2336322697687617,0.0857014957048629,0.6492537327351033,0.6944566286612947
1901,2011-09-16,0.182799752106148,0.3568090334782025,0.1661744540874012,0.2212268031163949,0.2385862615056583,0.0868118311689796,0.6684917935499126,0.6865843211724943
1902,2011-09-19,0.1750603488309897,0.3459164219682228,0.1090709245836361,0.2113620907474323,0.2223312635179301,0.0848936861404872,0.6422702817831036,0.6742291811878862
1903,2011-09-20,0.1822179463851438,0.3559900108490046,0.0555656792629455,0.218424994119118,0.2360160525733177,0.0845718509128165,0.627279287122523,0.6807347709437095
1904,2011-09-21,0.1734893296668304,0.3437052100236512,0.0520163975454216,0.2066340050121828,0.2211147995042559,0.078886638687588,0.6410960534102326,0.6754318994663323
1905,2011-09-22,0.156730219355316,0.3201182035102399,0.0954913719123797,0.1884805717412694,0.183886287342825,0.0729005113102178,0.6242139094960126,0.6458561494133463
1906,2011-09-23,0.1715108090517497,0.3409205828024659,0.0821119449647208,0.2051747474686044,0.2001805152890979,0.0740060145315362,0.6077663196016128,0.6422479945780079
1907,2011-09-26,0.1825670235691615,0.3564813912811316,0.0791720036152504,0.2177829018731271,0.2202711877461513,0.0782735331501088,0.6181092647849546,0.6443800709047387
1908,2011-09-27,0.1976965967208427,0.3777751924372243,0.0917653052524598,0.2380377127671633,0.2526634459461466,0.0802737477331183,0.6135824428239747,0.6673955925230013
1909,2011-09-28,0.192401171134738,0.3703223268156131,0.0839166969595295,0.2334263887889006,0.2475917164337889,0.0763602400076781,0.6236364935108776,0.6496829423821159
1910,2011-09-29,0.1982785274135408,0.3785941322029428,0.093616150678901,0.2410730174448605,0.2586081977105607,0.0778632050207867,0.6166461419156446,0.6547671340171468
1911,2011-09-30,0.2004897765656078,0.3817062773259802,0.0616189045474795,0.2346521784856122,0.2541054223466681,0.07319981571476,0.6241850013959815,0.6386945201304847
1912,2011-10-03,0.1878041498600567,0.3638523049217354,0.055013799692759,0.2218105284006691,0.2351919839447442,0.0680198675109026,0.5889988080537594,0.6300022153690303
1913,2011-10-04,0.1824505811933597,0.3563176116143358,0.107290248006493,0.2181331314769809,0.2225961495628039,0.0719977462105296,0.5630439968227201,0.6193964724142761
1914,2011-10-05,0.1922266169212673,0.3700766780312893,0.0663728604243934,0.2344187106387454,0.247307191459729,0.0752289844680323,0.5841782424956905,0.6413186365297232
1915,2011-10-06,0.2028755799311456,0.3850641955285602,0.0965500905649187,0.2444585517264116,0.2696246789873325,0.0785985898729784,0.5857085067586205,0.6572272092529393
1916,2011-10-07,0.2068907329989757,0.3907151533615005,0.1824314647129016,0.2504123993248192,0.2788067884784821,0.077068261793943,0.5996375483767731,0.6593593272885854
1917,2011-10-10,0.2078219283332325,0.3920256392863047,0.2402521058594028,0.2544983928140779,0.288028080028349,0.0834132519505073,0.5929161353637638,0.6726438253214783
1918,2011-10-11,0.2043885497434831,0.3871935797873435,0.1272003844284107,0.2504123993248192,0.2834272058181812,0.0835178523281529,0.6319523281184984,0.6748305403271092
1919,2011-10-12,0.2116042591353058,0.3973490377856534,0.1239408751630601,0.2653554270328851,0.3011830969939889,0.0854021913003207,0.6335534638524722,0.6735185029819476
1920,2011-10-13,0.204795957465634,0.3877668707687383,0.1375987008726713,0.2532726031173663,0.2930408927531489,0.0848245025667656,0.656431707224731,0.6661929159534703
1921,2011-10-14,0.2008389787213196,0.3821977406215865,0.0697621642483827,0.2507042619669563,0.2961800558339547,0.0881908864765128,0.6475994433978467,0.680242772580117
1922,2011-10-17,0.1984632043342183,0.3686024538714288,0.2318025596688521,0.2457427083848399,0.2852714449682237,0.0843739253907212,0.670057866556107,0.6779466550899401
1923,2011-10-18,0.1987600433501812,0.3690119651860278,0.0940328487077112,0.2422404401798553,0.2800722061156392,0.0883196284248864,0.6489284699837874,0.6886617171114099
1924,2011-10-19,0.2035708911931447,0.375645808178441,0.0634479901894138,0.2506458950052396,0.283819601203282,0.0858254054104383,0.6483079716044127,0.6764706182902477
1925,2011-10-20,0.1860502346218581,0.3514855521153746,0.1158191907970494,0.2320838651687557,0.2601483687570119,0.0867120630341322,0.6522139221782759,0.6720424661822552
1926,2011-10-21,0.1962063405138736,0.3654902673166519,0.1275117258914897,0.2410730174448605,0.2841629471652451,0.090390637329217,0.6544098187574032,0.6835228867974787
1927,2011-10-24,0.2017892009959744,0.3731887817225869,0.1102936874532082,0.2474938564041089,0.2943749987426295,0.0929556546649863,0.6651565448218226,0.7046796506102567
1928,2011-10-25,0.1985225971317496,0.3686843644206966,0.110015029407798,0.2422404401798553,0.2867723381563031,0.088910203139237,0.6768294491104603,0.7150667137226647
1929,2011-10-26,0.1938305661267722,0.3622143010950792,0.0621758896829917,0.2374540153164426,0.2821519208166039,0.0909940783810996,0.6740430812752163,0.6988301003814719
1930,2011-10-27,0.2206164678700274,0.3991508212791053,0.1573789215262035,0.2745780749894103,0.3251192154851328,0.097847554054234,0.6697264491770423,0.7193855467639418
1931,2011-10-28,0.2199037230567276,0.3981680604148512,0.1038932816185239,0.2781971049513818,0.3205968969917089,0.0979280128611517,0.7161927696552233,0.715886752704234
1932,2011-10-31,0.2051744654835679,0.3778570201230127,0.0530366357924116,0.2569499722075009,0.2941592579205478,0.0928124552747446,0.7108936351637383,0.7151760744982955
1933,2011-11-01,0.1877131704668892,0.3537787160409537,0.0857691391926322,0.2416567427291347,0.257342684273749,0.087177117295308,0.6670784672142049,0.7097092035663874
1934,2011-11-02,0.1830213269194527,0.3473087355788155,0.070218818279657,0.2337766183927545,0.2568424184776074,0.0903343200930273,0.6351568376329004,0.7114586005962414
1935,2011-11-03,0.1871787915037244,0.3530416453927631,0.0971231871107469,0.2415983479338645,0.270389830828348,0.0940756546146995,0.6404802176276372,0.7199869059031649
1936,2011-11-04,0.1842090891413094,0.3489466565419925,0.0672544168033253,0.2314417729227648,0.2589908215308958,0.0928011800415486,0.6623699904827076,0.7210256247270803
1937,2011-11-07,0.1757754056206269,0.3373170572473015,0.0649971962024918,0.2281729725646472,0.2472189599778741,0.0940708223719012,0.6560150575765424,0.7279138520708653
1938,2011-11-08,0.1774384976802754,0.3396102211728806,0.0438066548255143,0.2288150648106381,0.2513488830861974,0.09645241091397,0.6514434746864823,0.7349114818991962
1939,2011-11-09,0.1693016219326323,0.3283900088975697,0.1257176962162639,0.2194756829306794,0.233897060013981,0.0889182372339708,0.6618317403105178,0.7291165703493115
1940,2011-11-10,0.1694203762847715,0.3285537885643654,0.0661783946689626,0.2177829018731271,0.2309836009193318,0.0906239600119729,0.614927135735093,0.7402689920554735
1941,2011-11-11,0.1831994428261998,0.347554425794879,0.049390713016935,0.234185214958325,0.2550373613862823,0.0945101243147496,0.6279747600581069,0.7468839008780123
1942,2011-11-14,0.1738749298283939,0.334696209692912,0.0632408258685318,0.2225109876083767,0.2369970410360694,0.0925678573587927,0.655658089167128,0.7422370689276736
1943,2011-11-15,0.1654411525789409,0.3230666103982211,0.0791549372829309,0.2124711465207104,0.2237928788476374,0.0935381952846031,0.6301794223191794,0.748961338525843
1944,2011-11-16,0.1712616779799375,0.3310926841377477,0.0600909155100431,0.2184833610808347,0.230316452124937,0.0901750132267914,0.6118686587518154,0.7665646278910977
1945,2011-11-17,0.1665101604486583,0.3245407516946021,0.0684676568028068,0.2177245349114104,0.2270301407747184,0.0868311404969093,0.6015296301497683,0.7459545428297275
1946,2011-11-18,0.1692422916209478,0.3283081812117812,0.1129887355766765,0.2195924168541128,0.230905045202588,0.0867539031851905,0.6041899213681028,0.7382462765043732
1947,2011-11-21,0.1578390307095442,0.3125835102028403,0.0643874489912891,0.2075679599003107,0.2025447070642952,0.083105893807968,0.615442632435,0.7355674797173195
1948,2011-11-22,0.149286436622105,0.3007900069461347,0.0860003199073031,0.2012638548644959,0.1911554214317814,0.0823109702243877,0.6083068078202565,0.741526390721735
1949,2011-11-23,0.1429910187842454,0.2921088145394249,0.0694020933051823,0.1947846767770843,0.1749102429086462,0.0780868828612094,0.6141831717930055,0.7314673265183885
1950,2011-11-25,0.1483957008737521,0.2995615972975567,0.0623019172535062,0.2009720200559123,0.1772842541484364,0.0775848206917736,0.5843171878797102,0.7347474407357503
1951,2011-11-28,0.164728470251488,0.3220838081022273,0.0966645863455426,0.2212268031163949,0.2122466733809451,0.0830367102342463,0.581568307322571,0.7426197482245505
1952,2011-11-29,0.1642533278712371,0.3214286065715649,0.0911352727996674,0.2199426464579667,0.2130412836157396,0.0834615154486998,0.5821229698354233,0.7512574143071047
1953,2011-11-30,0.170845928397218,0.3305193931563529,0.1136529523399998,0.2401390903902861,0.2445800626932099,0.0917922234598787,0.5832334138843553,0.7543735290699356
1954,2011-12-01,0.1682920381033696,0.3269977367187166,0.0624024201593849,0.2369870239556019,0.2417842455743674,0.09140923875322,0.6019819020373498,0.753498809700551
1955,2011-12-02,0.1818334084829786,0.3456706903204197,0.0805935272812737,0.2505291610818061,0.2552826085019702,0.0913609752550275,0.6055791887044302,0.7576536432872973
1956,2011-12-05,0.190504756922557,0.3576279732439211,0.0677620411140361,0.2608608648116095,0.2697227778336077,0.0934207089261621,0.5980871416957567,0.7578176427418281
1957,2011-12-06,0.193058615973482,0.361149671113297,0.0472471270805259,0.2655889227133055,0.270409469757534,0.0936443867665848,0.5930282241903353,0.7594030403171512
1958,2011-12-07,0.1919300903345392,0.3595935778359086,0.0906002044943336,0.2577671931721955,0.2636896987876841,0.0940531237915709,0.5969890069023218,0.7550842072758741
1959,2011-12-08,0.1848624099141544,0.3498476311521977,0.0911244988341925,0.2457427083848399,0.2457278383545604,0.0897630547066064,0.595695043044161,0.7433304264304891
1960,2011-12-09,0.1929396116779549,0.3609858500147616,0.0676589474815738,0.2544983928140779,0.2642194708774319,0.0931165722788216,0.5865718331782552,0.7491800183681891
1961,2011-12-12,0.1779730328580576,0.3403472918210711,0.0521182527304732,0.2395553651060119,0.2378602917233601,0.0901041992622068,0.5906758508632983,0.7402143116676582
1962,2011-12-13,0.172983944136653,0.333467800044334,0.0815334593281596,0.2311499102806277,0.2326414139415896,0.0883759456610761,0.5592919119425701,0.7531708107914894
1963,2011-12-14,0.1650254342391448,0.3224933194168263,0.104024668767833,0.2249625670017998,0.2183386213145992,0.0861375761525125,0.535522553073873,0.7247977373080344
1964,2011-12-15,0.1700143979888555,0.3293728111935634,0.1158312822597698,0.233368021827184,0.2250486207196834,0.0867699910179213,0.5306549885402696,0.7188935484003495
1965,2011-12-16,0.1709052899518259,0.3306013451373603,0.1870504793599369,0.2329010582998967,0.2204379749447499,0.0873991843881314,0.5371680767291844,0.7170347905948649
1966,2011-12-19,0.1709052899518259,0.3306013451373603,0.1803777173326671,0.2358196012206071,0.2253036394001371,0.0850964439053809,0.5383107859478284,0.7189481870792496
1967,2011-12-20,0.1827837244864038,0.3469811348134843,0.0573856952538417,0.251579822059814,0.2450607853598202,0.0908814439087202,0.5337475957319706,0.7372075576804579
1968,2011-12-21,0.1778541535342244,0.3401835121542753,0.0838124260115285,0.2504123993248192,0.2376052730429064,0.0912708519625132,0.5462925921221882,0.7451345038481584
1969,2011-12-22,0.1815958997787001,0.3453431309868281,0.047978320133822,0.2557241825107894,0.2458946255531592,0.092925089747124,0.5387895413851156,0.7498360161863123
1970,2011-12-23,0.1848624099141544,0.3498476311521977,0.0275414904730609,0.2589346159071903,0.2537228943259877,0.0947482792403038,0.5412933558555408,0.7506560551678816
1971,2011-12-27,0.1834963130850862,0.3479638542459987,0.0206592210878077,0.2585843863033366,0.25243774195999,0.0947643867162981,0.5404402871488203,0.7597310392262129
1972,2011-12-28,0.1756566512684877,0.3371532775805057,0.0361746209457923,0.2472019937619718,0.2356432961174028,0.0922234913079934,0.5438033249537144,0.7489066581380277
1973,2011-12-29,0.1828430547980882,0.3470630039310124,0.0255372830972533,0.2556658155490727,0.2483470967100387,0.0943765697668411,0.5211460886687893,0.7504920557133508
1974,2011-12-30,0.1869411890706755,0.3527140860591715,0.026245233391143,0.2638377746940366,0.2560379887782201,0.0935043892282786,0.5256529547155544,0.7460092232175429
1975,2012-01-03,0.1959687380808246,0.3651627079830603,0.1480836475038143,0.2728853217654116,0.2723322646243202,0.0966358593509339,0.5232921887143152,0.7685873851511131
1976,2012-01-04,0.1821897340252432,0.346162153616026,0.1270863608387995,0.261152699620193,0.2575585208954853,0.0966744780067933,0.5412933558555408,0.7700087832719055
1977,2012-01-05,0.1666884325700229,0.3247864833424053,0.1760122650435095,0.2416567427291347,0.232817972704954,0.0972795298062753,0.521799784737232,0.762300475237636
1978,2012-01-06,0.161996432807969,0.3183164200167879,0.0966084567468927,0.2375123822781593,0.2288449694308092,0.0967565475613104,0.5006232026855064,0.760933757504659
1979,2012-01-09,0.1616995937920061,0.3179069915656682,0.0932642197606822,0.2276476420756432,0.227844437838526,0.0972215821792228,0.482523374996433,0.759567039771682
1980,2012-01-10,0.1792202816062162,0.3420671647652554,0.1329983061507073,0.2407811548027234,0.2468756140159109,0.0990528254103998,0.4974772553866513,0.764651231406713
1981,2012-01-11,0.1780916309955795,0.3405110714878669,0.0741951250964003,0.2407227878410067,0.2423531997228324,0.0991171963845866,0.4937050280884154,0.7571616449237049
1982,2012-01-12,0.1757160128230956,0.3372351052662942,0.1065787657659875,0.2434662298765669,0.2423728386520184,0.0996031707212916,0.4893387859605107,0.7474852600172354
1983,2012-01-13,0.1798140846098358,0.3428861873944533,0.0776469510156748,0.2474354894423921,0.2446879331042508,0.0985716833164931,0.5044476510676692,0.7452985033026891
1984,2012-01-17,0.1852116120698661,0.3404292438020784,0.0841388101311579,0.255082118098352,0.2529969245436895,0.0993086985595477,0.4804377022051658,0.7562869255543203
1985,2012-01-18,0.1785404355913385,0.3314202849030789,0.0884460216640794,0.2498287018740985,0.2417548350804157,0.1016210838846313,0.4927896670887248,0.7556308860272819
1986,2012-01-19,0.1956429056318744,0.3545157866891442,0.1879650163839162,0.2679237681832952,0.2597166955135394,0.1026606053841635,0.5115702339075601,0.7545375285244664
1987,2012-01-20,0.1968559121359012,0.3561538319475401,0.1139686910818855,0.2685658604292861,0.2556064113344021,0.1028022136700691,0.5270459521293052,0.7439864659575275
1988,2012-01-23,0.2009799155491281,0.3617229620946918,0.1650108826800776,0.2738192488199861,0.2612666381247562,0.1029019818049165,0.5145009557390876,0.7501093764164738
1989,2012-01-24,0.2009799155491281,0.3617229620946918,0.0912050632637566,0.2725934591232745,0.2585003272995199,0.1026847469548914,0.5367432209106646,0.7466652210356661
1990,2012-01-25,0.2033451610710174,0.3649169763352572,0.1534227829572945,0.2707839441422888,0.2549687688336134,0.1045208224288667,0.5389491886988351,0.7491253379803738
1991,2012-01-26,0.2117750954408826,0.3763009682773638,0.1347563533951614,0.2806486843448049,0.2705075686038092,0.1032930202495723,0.549325518075116,0.7507653742345971
1992,2012-01-27,0.2112899240821954,0.375645808178441,0.1695966468586296,0.2766210856508164,0.2649649837892615,0.1029550775459074,0.5470432702036379,0.7500000156408432
1993,2012-01-30,0.2012223293923926,0.3620505214282834,0.0889103298273512,0.2671065750521542,0.2512017348167846,0.1024208397110098,0.5650617822048825,0.7457358629873814
1994,2012-01-31,0.19916051514332,0.3592659770705773,0.1132148044020348,0.2634875450901827,0.2504365829757691,0.1023242930713613,0.55436410665858,0.7440958267331581
1995,2012-02-01,0.212078370499082,0.3767104381602231,0.115947567728652,0.2761540942899757,0.2688202492879451,0.1042037998007308,0.5445789945539004,0.7393396340071888
1996,2012-02-02,0.220690263655282,0.388340161750133,0.0977016780172971,0.2854351370417711,0.2762463511109072,0.1044371421267502,0.5591290940630411,0.7325060453423039
1997,2012-02-03,0.2280285077929849,0.3982498881006397,0.1048490942502083,0.2937238301101684,0.2849673768646326,0.1075525047734112,0.5539860633117233,0.7405969909645351
1998,2012-02-06,0.232516522507652,0.4043104815433978,0.0619487889937907,0.2954166111677206,0.2824265784262435,0.1074607707332975,0.5524211093287559,0.7355128410384193
1999,2012-02-07,0.2351848868731232,0.4079140070985621,0.0722630333038208,0.2974012270338565,0.2835645825228283,0.1078984815718099,0.5515589019323481,0.7437131474362813
2000,2012-02-08,0.2338506890689259,0.4061121821733705,0.0872966117711483,0.2954166111677206,0.2837999622740961,0.1083667376849212,0.5714131715374948,0.7453531836905045
2001,2012-02-09,0.2382778738115817,0.4120908236351212,0.0738793304926315,0.2997360725038461,0.2889795621974946,0.1086869621649924,0.5714131715374948,0.7515307328283509
2002,2012-02-10,0.2303331420433272,0.4013620746554167,0.0629784383871048,0.2906885254324711,0.2786791833386007,0.1071888293946822,0.576092180657348,0.7451345038481584
2003,2012-02-13,0.2313034847607017,0.402672436285002,0.0438253927983389,0.2906885254324711,0.2778159326513101,0.1086580079947296,0.5695749893832673,0.757380324766051
2004,2012-02-14,0.2277859064921795,0.3979223287670481,0.0622861462844785,0.2897545983778966,0.2762071690521899,0.1084536394822365,0.5572312306700395,0.7564509250088511
2005,2012-02-15,0.2294839906261232,0.4002154926926271,0.0536179071451487,0.2877699825117608,0.2732346973703282,0.1072837652867313,0.553446134604693,0.7622458365587359
2006,2012-02-16,0.2194771946654083,0.3867021164917372,0.101285578292444,0.270842338937559,0.2552335590788327,0.1096669645763995,0.5416133964984644,0.76503391070359
2007,2012-02-17,0.2272401863477922,0.3971852581188576,0.089644325460788,0.2766794526125331,0.2649355732953098,0.1101802823357678,0.5523672097099885,0.7701181023386209
2008,2012-02-21,0.2353062656308346,0.4080777867653579,0.0909346042672047,0.2866025597767659,0.2757362179503453,0.1103379784544044,0.5645705310082267,0.7843319584197985
2009,2012-02-22,0.2247536245540385,0.3938273399162774,0.0850409605730338,0.2759789934048255,0.2649355732953098,0.1096058150974115,0.5705895704424189,0.7867373949766908
2010,2012-02-23,0.219719952180831,0.3870298001205477,0.0529285082664736,0.2691495578800067,0.2522514116318599,0.1105391254716986,0.5725396549193473,0.7952110616047142
2011,2012-02-24,0.2193559408793908,0.3865383368249414,0.0523368687374132,0.2693246865987103,0.2522514116318599,0.1109060223456264,0.5909837687545962,0.8058167628505533
2012,2012-02-27,0.2185676506771216,0.3854737068431592,0.0483732878900637,0.2684490986722991,0.2531833506714741,0.1112037160025692,0.6056077237967188,0.7992018540280145
2013,2012-02-28,0.2185070081626511,0.3853917548621519,0.0662442916651919,0.2679237681832952,0.2521533127855848,0.1119423419932231,0.5961450768852885,0.7882134734852985
2014,2012-02-29,0.21595974136858,0.3819520089737834,0.0786196929599651,0.2666979784865836,0.2461889220919847,0.1108963775032932,0.6073116231637063,0.7910562280179679
2015,2012-03-01,0.2225096640610901,0.3907971053425078,0.0576615939330208,0.2714260363882796,0.2542133885573635,0.112249680492499,0.5827335835096259,0.8007325712155222
2016,2012-03-02,0.2240257581657754,0.3928445376202837,0.0454561571609031,0.2716595320687001,0.2557535596038148,0.1115319942206376,0.5830112877737947,0.7890334707579525
2017,2012-03-05,0.2161416689119914,0.3821977406215865,0.0484912934833497,0.2646549678251775,0.2449724580783107,0.1106791230100048,0.5616558485096197,0.7891428315335832
2018,2012-03-06,0.1992211576577905,0.3593478461881054,0.0896755901974229,0.2434662298765669,0.216827908661927,0.1073046853622604,0.5678494555672244,0.7780997288941367
2019,2012-03-07,0.202192859567308,0.363360965921348,0.110244780901457,0.2419485775377183,0.2163570054599097,0.1087963947854364,0.5518282135223138,0.7860813971585676
2020,2012-03-08,0.2128060494298041,0.3776932404562169,0.0964992710071671,0.2544983928140779,0.2306402549573687,0.1109333854115532,0.5544181927812184,0.7883774729398293
2021,2012-03-09,0.2095310724620873,0.3732706922718546,0.0655538619766718,0.250762628928673,0.2282171942944408,0.1117315304903324,0.5755405022064342,0.7928603054356372
2022,2012-03-12,0.2007980192486401,0.3614772304468887,0.0908073066293456,0.2415983479338645,0.2181620625512349,0.1117669276509929,0.552097711616151,0.7870653938857525
2023,2012-03-13,0.2123815518285108,0.3771199494748221,0.0675887839022646,0.2529223735135125,0.2374482574090735,0.1157673371737484,0.5588577309304921,0.7890881511457678
2024,2012-03-14,0.2147467973504001,0.3803140051471271,0.1090267736699423,0.2534477040025165,0.2388510517508776,0.115498617330332,0.5451140741602802,0.7820905630263522
2025,2012-03-15,0.2169908203291954,0.383344322584376,0.1066784802815146,0.2562495408333468,0.2423434281580667,0.1168374432344063,0.5360531565873445,0.7803411659964982
2026,2012-03-16,0.2225703690614076,0.3908790573235152,0.1924058695674333,0.2629622146011787,0.2481900810762056,0.1170900948883553,0.544846627609026,0.7910015476301526
2027,2012-03-19,0.2303937533148742,0.401444026636424,0.202013797280158,0.2678070342598617,0.2585395093582372,0.1179880081019818,0.5602423356700401,0.7966324180165913
2028,2012-03-20,0.225663418485713,0.3950558738600743,0.0515828787657785,0.2638377746940366,0.2561557265536812,0.1173073297383804,0.5683968444291014,0.7830746014624522
2029,2012-03-21,0.2162629851838558,0.3823615202883823,0.1286398977288231,0.2524554099862253,0.2486413932488642,0.1168841156282628,0.5697118832247041,0.7921495855207834
2030,2012-03-22,0.207893818300155,0.371059480327283,0.0863030797203238,0.242415568898559,0.2351723450155584,0.1152572409095789,0.5667552373550844,0.7816532033416599
2031,2012-03-23,0.2043762087887093,0.3663092899458499,0.0888985197820425,0.238212841485867,0.2281288670129313,0.1159540071059112,0.5645705310082267,0.7899628705151525
2032,2012-03-26,0.2007980192486401,0.3614772304468887,0.0716050488294676,0.2330761591850469,0.2225274612104804,0.11907581274297,0.5768096610497297,0.7908375481756218
2033,2012-03-27,0.1960673719902442,0.355089077670539,0.0711603123512772,0.2276476420756432,0.2142478802649934,0.1184337530352279,0.5888591166542547,0.7924776261387603
2034,2012-03-28,0.1891536879396816,0.3457526423014271,0.0762446448914734,0.2198259125345332,0.1986011142841021,0.1173105512335792,0.5839559298812584,0.7819812439596366
2035,2012-03-29,0.1826644702474889,0.336989373618491,0.10179450112844,0.2156815520835578,0.1917538339740254,0.1169468758548502,0.583566882806003,0.7676033467150131
2036,2012-03-30,0.1882438940080072,0.3445241083576302,0.3382628276245828,0.2222191249662396,0.2012694220627179,0.1177820288418893,0.5816236989723078,0.7689153840601748
2037,2012-04-02,0.1887897703670118,0.3452612618693,0.5372114517530923,0.2226277215318101,0.2046832427531633,0.1194829390203566,0.5885799203591169,0.7809972055235367
2038,2012-04-03,0.1749621835654224,0.3265882254041177,0.2808754227863153,0.2068675006926032,0.1832682837712224,0.1185721398259347,0.584678818885904,0.7743276163131826
2039,2012-04-04,0.1664110266524632,0.3150404537952152,0.4268294498245229,0.2013806166214828,0.1671997119112788,0.1162517007628539,0.567767393863911,0.7604417591410666
2040,2012-04-05,0.1664110266524632,0.3150404537952152,0.3168543595552242,0.2009720200559123,0.1671800729820929,0.1161100924769483,0.5550666667412683,0.7705007816354978
2041,2012-04-10,0.1536751925688831,0.2978417243533725,0.1135260826252461,0.1891226639872603,0.1449214543422199,0.1097554574780509,0.5499437784080363,0.7579816421963589
2042,2012-04-11,0.159921777717347,0.3062773094074981,0.1062190679380071,0.201030387017629,0.1589594088241637,0.1113839429443342,0.5440439149475205,0.7671659870303208
2043,2012-04-12,0.1554945304888443,0.3002986679457473,0.2198475812311016,0.1951932733426548,0.1533971850804301,0.1144188467840776,0.5512894038385105,0.7723048590531671
2044,2012-04-13,0.1459979002255989,0.2699959907541344,0.1748833364357583,0.1851534044214351,0.126969365473862,0.1116333731030844,0.5621183781101153,0.7678767069451746
2045,2012-04-16,0.1440354072302623,0.2674571780442315,0.1265505515730149,0.1747049667681983,0.122898263353442,0.111522329735041,0.5413733660162718,0.7684233856965823
2046,2012-04-17,0.1554944992459208,0.2822809158747067,0.1228902564835865,0.1859706253861296,0.1390060651719302,0.1149354056819082,0.5523672097099885,0.7753662934281828
2047,2012-04-18,0.1427058021358162,0.265737222236568,0.1852434201639519,0.1763977478257506,0.1101552328022615,0.1140278279826851,0.5537160057062722,0.7670019875757901
2048,2012-04-19,0.1318796917498187,0.2517325070352906,0.1707191987797125,0.1627388767761129,0.0933705106246128,0.1127050899113417,0.5512894038385105,0.7648152308612438
2049,2012-04-20,0.1390338213394666,0.2609871147186141,0.2680496155592048,0.1714945612053509,0.1063686077560741,0.112964164912425,0.5553369108505899,0.7690794252236207
2050,2012-04-23,0.1344120869123143,0.2550084732568634,0.1465870243868013,0.1657741814538102,0.0873374315786892,0.1110991156249235,0.5645705310082267,0.7694074241326824
2051,2012-04-24,0.1427691940275527,0.2658191742175753,0.1102577724782956,0.1745298658830482,0.1023759655527434,0.1119085359368986,0.5563108340658272,0.7718128606895747
2052,2012-04-25,0.1495433471818633,0.2745824014687718,0.1422217428452866,0.1811841726891634,0.1140497282594898,0.1149209089535134,0.5634800428735101,0.7749289754524056
2053,2012-04-26,0.1390338213394666,0.2609871147186141,0.1576988562333166,0.1747049667681983,0.1050442733313592,0.1164158398718882,0.5689446062987205,0.7772797316214827
2054,2012-04-27,0.1447317495087362,0.2683580283592179,0.1271503290190614,0.1785574645770366,0.1166885776443267,0.1169597421923822,0.5623906737620199,0.7793571275603982
2055,2012-04-30,0.1371344702924787,0.2585301711262393,0.0666062682364082,0.1719615247326381,0.1034648723263633,0.1160827490542849,0.5703152232479314,0.7790291286513366
2056,2012-05-02,0.1272580822943603,0.2457538655735399,0.1353136968899245,0.1620384175684054,0.0858953593785132,0.1167907904838131,0.5700410625573149,0.7809425251357213
2057,2012-05-03,0.1282710716022821,0.2470642272031252,0.1315342241616606,0.1589447459289914,0.0878573363040168,0.115062517239419,0.555607341463783,0.7662913093698515
2058,2012-05-04,0.1346021063729065,0.2552542049046665,0.0889799832717269,0.1672334668309421,0.0902215280792141,0.1114467031709216,0.556960427049104,0.7441504654120583
2059,2012-05-07,0.148530389116865,0.2732719569757071,0.0890255855403863,0.1829936876701491,0.1085856512618587,0.1115239404826405,0.5278876440998845,0.741143711424858
2060,2012-05-08,0.1461245902803015,0.2701598532844095,0.0783392916021997,0.1808923100470263,0.1030626574766697,0.1105809656227568,0.542173840631323,0.7360595197898271
2061,2012-05-09,0.1321963387792664,0.2521420183498896,0.1922069158893853,0.1663579067380844,0.084011890269926,0.10911017627511,0.531816907657644,0.7349661205780964
2062,2012-05-10,0.1497965398337276,0.2749099608023633,0.1017364174178755,0.1838692477630068,0.106868921452043,0.1096589108384023,0.5226110765768108,0.736442199086704
2063,2012-05-11,0.1466943362328432,0.2708969239326,0.1135546702074781,0.1799583829924518,0.101954159673691,0.1089186937434124,0.5223494116455629,0.7312486466760424
2064,2012-05-14,0.1373244897530709,0.2587758613423028,0.0775923107159111,0.1685759904510871,0.0836881353373216,0.1064984865454842,0.5168673168564621,0.7238683792597498
2065,2012-05-15,0.1297272730226603,0.2489480041093242,0.0908242117000022,0.1613379583606977,0.0730248194871059,0.1052610395238567,0.5062492784631483,0.7194949075395725
2066,2012-05-16,0.1244724632370768,0.2421503400183756,0.1590106260548021,0.1601705356257029,0.0642743832394289,0.1043180646639731,0.4911642858514993,0.7130986368504647
2067,2012-05-17,0.1197241637269158,0.236007918889829,0.081959755060904,0.1521737051994427,0.0570542985736102,0.1011093572295989,0.4904033500571354,0.7117319191174877
2068,2012-05-18,0.1280811146275368,0.246818619850541,0.1516234464031638,0.1624470141339758,0.0598795740862317,0.0995581090750344,0.4853448055594567,0.7058277302098027
2069,2012-05-21,0.1240925805305098,0.2416590010179882,0.0889157695099785,0.159119874647695,0.0556907341903507,0.1029003710573171,0.4970178963519656,0.7117865995053031
2070,2012-05-22,0.1307401686018116,0.2502583657389096,0.0919515846070059,0.1664162736998011,0.0691596866240019,0.1030033606873633,0.502905823564727,0.7068117686459028
2071,2012-05-23,0.1219400368316576,0.2388743737968028,0.0768012906396952,0.1545669176311491,0.0474994805263732,0.103362203823294,0.4800611508892785,0.6971900641272486
2072,2012-05-24,0.1259285709286846,0.2440339926293556,0.0755078993777857,0.1616298210028348,0.0567109526116471,0.1036550848807019,0.4638834320964582,0.7013448977139949
2073,2012-05-25,0.1266251006646994,0.2449349672395609,0.082435565502128,0.1616881879645515,0.0575546122695791,0.103194843219061,0.4599418592832023,0.7024382552168104
2074,2012-05-29,0.1105442429789652,0.2241325879473349,0.0822771359313564,0.1446438104669163,0.02897843750955,0.105544256095668,0.4582222935910369,0.7018915764654026
2075,2012-05-30,0.1073786787292678,0.2200375990965643,0.0965263735065039,0.140791312658078,0.0131550648654671,0.1024707139568018,0.4508867233302727,0.6858189625787404
2076,2012-05-31,0.1102276896782878,0.223723076632736,0.1489905577997388,0.142542460677347,0.0130961959777365,0.1019895718628952,0.4347007983671214,0.6787666940715094
2077,2012-06-01,0.1118103624529044,0.2257705089105119,0.109607710905378,0.145636132316761,0.010663363750043,0.0967935554695704,0.4327859631218436,0.6607260450215624
2078,2012-06-04,0.1251056323242785,0.2429693626475735,0.0647313073403852,0.1570184970245722,0.0277816124250619,0.096816086292699,0.4390228390775592,0.6648261982204933
2079,2012-06-05,0.1284609973341038,0.2473099588509284,0.057927061196009,0.1588863789672746,0.0305577906147186,0.0979939945829379,0.455771073212281,0.666520914862532
2080,2012-06-06,0.1360582453074378,0.2571378575156466,0.0987519372835222,0.1679922930003664,0.0453805358668638,0.1027619842666103,0.4484537803308914,0.6705117072858322
2081,2012-06-07,0.1409964080635736,0.2635260102919963,0.1056745568664153,0.1713778272819175,0.0472640528752782,0.1027394534434817,0.4658603731308348,0.6694183497830166
2082,2012-06-08,0.1452382910270823,0.2690131884581407,0.0850103819889644,0.1746465998064816,0.0584375018860557,0.1044564514546799,0.4653657648644984,0.6654821960386166
2083,2012-06-11,0.1444150712363649,0.2679485170446189,0.1271937537282734,0.1746465998064816,0.0549451733786938,0.1017643029181364,0.4770545219821855,0.6578285683921624
2084,2012-06-12,0.1432122811683154,0.2663924651989701,0.1089685929915805,0.1741796362791944,0.0555435859209378,0.1042182965291257,0.4508867233302727,0.6612180433851548
2085,2012-06-13,0.1471375483452998,0.2714702149139948,0.1407745522249252,0.1780321340880327,0.0646471396953437,0.1027217548631515,0.4550366209676231,0.6573912504163854
2086,2012-06-14,0.1528355077574929,0.2788410871228589,0.1104501218061512,0.1808923100470263,0.0725637357496816,0.1050099986175071,0.4658603731308348,0.6644435189236163
2087,2012-06-15,0.1498598379966937,0.2749918299198914,0.2649328776733625,0.1804253465197391,0.0748200092140107,0.1072210050601439,0.4743065739444021,0.6650995167417396
2088,2012-06-18,0.1356151269237518,0.2565645665342518,0.2160566009548965,0.1675253294730792,0.055288519340657,0.1075331954454815,0.4863545375179579,0.6609446831549933
2089,2012-06-19,0.1440354072302623,0.2674571780442315,0.1114303018128908,0.1751135633337689,0.0723577185925383,0.1096573000908029,0.4695775817870764,0.6650995167417396
2090,2012-06-20,0.1523922331591894,0.2782677961414642,0.1150453045090119,0.1853285331401387,0.0823834398417926,0.1092887924692757,0.4825737310416484,0.6529084179205774
2091,2012-06-21,0.152518923213892,0.2784316586717392,0.1186257803453182,0.1837525138395734,0.080166396336008,0.1044323098839519,0.4825737310416484,0.6332276491985768
2092,2012-06-22,0.1558743194666408,0.2827722548750941,0.1073993241304478,0.1866710567602837,0.0902509385731656,0.1059626379629873,0.4624035238787434,0.6417559962144155
2093,2012-06-25,0.1409330474147605,0.2634440583109889,0.0788593941928222,0.1695683123009318,0.0655006188178687,0.1025350849309887,0.4601876713854012,0.6387492005183
2094,2012-06-26,0.1365014261769709,0.2577111484970414,0.0874090153661464,0.1645483917570987,0.056122359533996,0.1035440415126585,0.4550366209676231,0.6395692394998692
2095,2012-06-27,0.145301495461278,0.2690950990074084,0.1461663317063426,0.1707357350359266,0.0697090497431084,0.1054525220555543,0.452349286687969,0.644216071450208
2096,2012-06-28,0.1475807917006798,0.2720435058953895,0.0610518115730996,0.1753470590141892,0.0750848952588847,0.1050003537751739,0.4501561876669093,0.6304395750537226
2097,2012-06-29,0.1688529423085671,0.2995615972975567,0.1672364696450474,0.2024896723947609,0.1124115062665906,0.1103299443596706,0.4450577313408006,0.6701837083767705
2098,2012-07-02,0.1706889951925888,0.3019366717724035,0.4190339472105646,0.2028399019986147,0.1145500419554587,0.1108690144373664,0.4785818021831769,0.6635687995542318
2099,2012-07-03,0.1751207101591489,0.3076695815863511,0.3354066095360722,0.2118874212364363,0.1239184817747384,0.1122384249025664,0.4670980128199031,0.6849442849182711
2100,2012-07-05,0.1609392035204026,0.2893241873182396,0.4856593866128917,0.1925081982688114,0.097892877017864,0.1112021052549697,0.4568488790837586,0.6825388483613787
2101,2012-07-06,0.1484670909538989,0.2731900878581791,0.4700179802643487,0.1763393808640339,0.0767721666749214,0.1091262837511043,0.4373398281441429,0.6673955925230013
2102,2012-07-09,0.1432122811683154,0.2663924651989701,0.2114131451529602,0.1721950204130585,0.0718083554734319,0.1087690317195096,0.4185454600388412,0.6758145787632093
2103,2012-07-10,0.141756204719631,0.2645087711562504,0.0710954124369634,0.1686927522080741,0.0755949805196193,0.10700054871492,0.4258767407105686,0.6644435189236163
2104,2012-07-11,0.1470109520193676,0.271306435247199,0.1287377635322152,0.1755805546946096,0.0833447893753585,0.1069973272197211,0.4161921541924485,0.6748305403271092
2105,2012-07-12,0.1409330474147605,0.2634440583109889,0.1551702354158991,0.1679339260386497,0.0660990313601127,0.105920797811929,0.4147598044618812,0.6763066188357169
2106,2012-07-13,0.1432871392129683,0.2539438432750812,0.395153078566249,0.1704438723937895,0.0694834415566064,0.1094642068115059,0.4062324744643562,0.6818828088343403
2107,2012-07-16,0.1331516848933716,0.2412494897033892,0.4162992677159536,0.1612212244372643,0.056485344425145,0.1089589231468712,0.4150179258195772,0.6891537571839175
2108,2012-07-17,0.1335440960122532,0.2417408287037766,0.1754349999363965,0.1626805098143962,0.0590457338928928,0.1105729315280231,0.4180743512602718,0.6934725902251946
2109,2012-07-18,0.1336094562081688,0.241822780684784,0.1365192374355033,0.1634393359838205,0.0622829958199737,0.1120388886328717,0.4223223499338564,0.6970260646727178
2110,2012-07-19,0.1339365071311347,0.2422322919993829,0.1212260898768563,0.1657741814538102,0.0663442784758007,0.1126391081895554,0.4194882371075934,0.7122786395778107
2111,2012-07-20,0.1122923782763204,0.2151236290483354,0.2893459245610542,0.1430094242046342,0.0284486654198022,0.1104104031665883,0.4193938661487826,0.7056090503674566
2112,2012-07-23,0.114908004586961,0.2183995952699081,0.1356576985827209,0.1437098834123419,0.0216896644914078,0.1084568609774354,0.395961333271414,0.6875683596085944
2113,2012-07-24,0.1023531295161645,0.2026750071244465,0.0650128217198236,0.1325025917561273,0.0,0.1064920631983499,0.3955012282212435,0.6895364364807944
2114,2012-07-25,0.1047726127532114,0.2057052416982162,0.0525143008344562,0.1327944543982644,0.0047676135089392,0.1064244707289642,0.3857547224178959,0.6921058724922176
2115,2012-07-26,0.1332170763322107,0.2413313173891776,0.1095180968507339,0.1604040313061233,0.0404657740885118,0.1099855783088714,0.3980343237994419,0.6944019482734792
2116,2012-07-27,0.1508722336890694,0.2634440583109889,0.101529877063689,0.1745298658830482,0.064872795781673,0.1141613825305937,0.4199600919016475,0.6984474210845949
2117,2012-07-30,0.1635579228804675,0.2793325089867256,0.1163038326858096,0.1873715159679913,0.0829425745256647,0.1140535803010125,0.4237425769127976,0.6965340246002102
2118,2012-07-31,0.1619885283483291,0.2773669043947381,0.1086523736266997,0.1846864408941479,0.0766937067578322,0.1130912764699358,0.4166625169555331,0.6871309999239021
2119,2012-08-01,0.1627733193431687,0.2783497066907319,0.0536217595070946,0.1821181275772913,0.0749181080602859,0.1124476060145944,0.4220858630252158,0.691777873583156
2120,2012-08-02,0.1410638302924387,0.2511592160538959,0.117060650533532,0.1623302802105424,0.040917038361343,0.1107869448828493,0.4138450029738041,0.6820468082888711
2121,2012-08-03,0.1646041234160462,0.2806428706163109,0.1048775321647532,0.1861457262712798,0.0784202560322407,0.1149691920949693,0.4042808979564585,0.7053903705251104
2122,2012-08-06,0.177682098754632,0.2970227017241746,0.0675024193228269,0.2002131938864879,0.1076438927576515,0.1154905635923348,0.4431225671735654,0.7097638422452877
2123,2012-08-07,0.1881444477825772,0.3101265666104655,0.0916724512085896,0.2089688504821724,0.1230944610459924,0.1166362962171121,0.4370996111580789,0.7178001491886187
2124,2012-08-08,0.1876867077107035,0.3095532756290708,0.1026980987092904,0.2078014277471776,0.1171202508877994,0.1167762937554183,0.4366193636898223,0.7160507521587648
2125,2012-08-09,0.185463461276021,0.3067686484078855,0.0703117081594523,0.2042407925804764,0.1131962970367922,0.1168696385431314,0.4344851998920516,0.7161054325465801
2126,2012-08-10,0.1842210551810015,0.305212555130497,0.0341759723543629,0.2031317368071983,0.1070651191445933,0.1173636469745701,0.4220858630252158,0.7134266774684415
2127,2012-08-13,0.1869674331263968,0.3086523838823448,0.0278873693359327,0.2045910221843302,0.1092134742980543,0.1170804304027588,0.4194410516281881,0.7126613188746876
2128,2012-08-14,0.1907600116073709,0.3134025328320383,0.0393785139094197,0.2078014277471776,0.114628501872548,0.1170514762324959,0.4273021897979026,0.7164881118434571
2129,2012-08-15,0.1912178141650916,0.313975823813433,0.0454107013979374,0.2089688504821724,0.1150307167222416,0.1173089404859798,0.4270645838660349,0.7214083040239573
2130,2012-08-16,0.2051456907510449,0.3314202849030789,0.0675461981752985,0.2218105284006691,0.1433224144080381,0.1189148951291346,0.4213765888031655,0.7283512117555576
2131,2012-08-17,0.2122731388840427,0.3403472918210711,0.0697417514730596,0.2264802193406484,0.1574192377777125,0.119341330734451,0.4320690422410753,0.7305926488579192
2132,2012-08-20,0.2071075901308353,0.333877311358933,0.0701421546959374,0.2188919576464052,0.1484530128081265,0.1193364984916527,0.4281110570871564,0.730373969015573
2133,2012-08-21,0.2116847409061847,0.3396102211728806,0.0786333264214617,0.2229779511356639,0.1558006068141719,0.1185383534128736,0.4313524943680493,0.7342554423721578
2134,2012-08-22,0.2012877208312317,0.3265882254041177,0.062378626159131,0.2132299726901348,0.1358080811032211,0.118589838406265,0.450643149274528,0.7374262375228041
2135,2012-08-23,0.2039686136090175,0.3299461021749581,0.0518709901174247,0.207217730296457,0.1301379390486193,0.1167537629322897,0.4596958606771322,0.7320140052697963
2136,2012-08-24,0.2016147405112742,0.3269977367187166,0.039010140625577,0.2082684191080183,0.1328258378565938,0.1182100751948052,0.4638834320964582,0.731358007451673
2137,2012-08-27,0.2054727104310873,0.3318297547859382,0.0340248838782433,0.2146892302337132,0.1415174052165403,0.1180990318267618,0.4549877569533771,0.7276405335496191
2138,2012-08-28,0.2025301269262512,0.3281443186815062,0.0334093070052286,0.2135218074987183,0.1351017502501089,0.1179156030330613,0.4545476078174217,0.7323420458877731
2139,2012-08-29,0.1969720733253918,0.321182957787241,0.0764620677729078,0.2149810928758503,0.1324040319775415,0.1181070855647589,0.4656128824937955,0.7277498526163345
2140,2012-08-30,0.1880137898765929,0.3099627455119301,0.0417588530468494,0.2098444384085837,0.1215150600409965,0.1163353810649705,0.4592044229766054,0.7229937015992803
2141,2012-08-31,0.2090691145955441,0.3363342549513078,0.1120545362238052,0.2284064682450675,0.1436363498760496,0.1174778921945489,0.4560157662912529,0.733107404481527
2142,2012-09-04,0.2110308265177937,0.3387911985436826,0.0468526568112441,0.2276476420756432,0.1502776609288102,0.1172139849506673,0.4678412307465061,0.7267111755013343
2143,2012-09-05,0.2122077162022802,0.3402653398400637,0.05189197099756,0.2281729725646472,0.1508466150772753,0.1169726085299142,0.4596958606771322,0.727039174410396
2144,2012-09-06,0.2294052272160356,0.3618048726439595,0.109476441803822,0.2469101311198347,0.1869469905065416,0.1215877343377484,0.470322851256262,0.7279685324586807
2145,2012-09-07,0.2360750602488536,0.3701585471488173,0.1185422383719793,0.2539146953633572,0.1889874273491345,0.1225210643552988,0.4750552004832689,0.7328340442513656
2146,2012-09-10,0.2351594551334122,0.3690119651860278,0.0565493796223251,0.2527472447948089,0.1865251846274893,0.1210985385058446,0.5005978381590277,0.733490083778404
2147,2012-09-11,0.2420907914357398,0.3776932404562169,0.0583076735022636,0.2574169635683417,0.1936569420117985,0.1218194659161683,0.4952326812971492,0.7369341974502964
2148,2012-09-12,0.2472565588894116,0.3841632623500946,0.0882192371742172,0.2609192317733262,0.199709659986908,0.1223022187576743,0.5093454292284016,0.7360595197898271
2149,2012-09-13,0.239736824609226,0.3747448749999754,0.0589718048917654,0.2539730623250739,0.1941964856663119,0.1260725074496094,0.5173882221686334,0.7431664269759582
2150,2012-09-14,0.2496106506876192,0.3871116278063362,0.1106369176196176,0.2638377746940366,0.2156409030420318,0.127002615971961,0.5315528181760703,0.7469385812658276
2151,2012-09-17,0.2463411724744345,0.3830166803873051,0.09870410264753,0.2633708111667493,0.2150032605412432,0.1262656007289065,0.5507511536663212,0.7339274434630962
2152,2012-09-18,0.2371866522232714,0.3715508193276703,0.0949568390379265,0.2521635473440882,0.2062037748704286,0.1259646855767649,0.5497555960020286,0.726656495113519
2153,2012-09-19,0.2378405666116624,0.3723698419568683,0.0831595355085254,0.2505875280435229,0.2101767781445733,0.1262430895490413,0.539774468328752,0.7085611656757567
2154,2012-09-20,0.2330018188380332,0.3663092899458499,0.0948991927364475,0.2425906697837092,0.2026526253751635,0.1261159583482671,0.5416400665520416,0.7079598065365336
2155,2012-09-21,0.2469950243769786,0.3838356615847634,0.1578458383340215,0.2562495408333468,0.2231160542881315,0.1260982597679368,0.5283878474823565,0.713535996535157
2156,2012-09-24,0.2417639279703147,0.3772837291416179,0.0948137367031103,0.251579822059814,0.214061502037036,0.1255736667753725,0.5275981900918325,0.7082878054455952
2157,2012-09-25,0.2439872056479207,0.3800683563628033,0.0779404577820408,0.2544400258523611,0.217651929390673,0.123111619426386,0.5233970038899114,0.7052263710705796
2158,2012-09-26,0.225678133902671,0.3571366342435337,0.075465089149289,0.2360530969010274,0.1862014296948848,0.1217808276170454,0.5168932408945548,0.6976274238119409
2159,2012-09-27,0.2254819908290772,0.3568909025957306,0.0561378967746114,0.237570749239876,0.1850144240749897,0.1240063307880771,0.5140074664959784,0.707850445760903
2160,2012-09-28,0.2172428882358145,0.346571664930625,0.180755729426358,0.2307413137150572,0.1718888176033015,0.1229635877933461,0.5189522436322449,0.7097092035663874
2161,2012-10-01,0.2225393135954706,0.3532054250595589,0.0605843203364826,0.2290485604910584,0.1793050999616705,0.1235782844351613,0.502649007734129,0.7112946011417106
2162,2012-10-02,0.2268551485588514,0.3586107755399149,0.0729040768715923,0.2323173330156226,0.1874473042025105,0.1237810422000549,0.5150464795622531,0.7080691256032491
2163,2012-10-03,0.2221470586912064,0.3527140860591715,0.1115380024697213,0.2276476420756432,0.1834841203929587,0.1246242489250911,0.5194740814637717,0.6875683596085944
2164,2012-10-04,0.2219509468605361,0.3524683544113683,0.1051332193821885,0.2255462922860739,0.1821205081098719,0.126299406785231,0.5205186896461818,0.707085087167149
2165,2012-10-05,0.2345710883984777,0.3682748531060976,0.6095803159216527,0.2369870239556019,0.1960113143224028,0.1262237802211116,0.5352575310729437,0.6970807033516179
2166,2012-10-08,0.2296668242143154,0.3621324319775511,0.6706446342326046,0.2337766183927545,0.1897918570485218,0.1254111384139377,0.5349925090720145,0.6940739493644177
2167,2012-10-09,0.2199891724524395,0.3500114108189935,0.2912092440514159,0.2253711635673703,0.1755086554508902,0.1230939208460558,0.5289145344145336,0.710802561069203
2168,2012-10-10,0.2132540104666293,0.341575825764868,0.2432881401879719,0.2195924168541128,0.1679158143291567,0.1216585483023329,0.510379593194026,0.7045703315435412
2169,2012-10-11,0.2205123352060758,0.3506665294861767,0.1652205418137436,0.2251960626822201,0.1744590265356421,0.1217035903053266,0.510379593194026,0.709053164039349
2170,2012-10-12,0.2136465153142813,0.3420671647652554,0.03578898528604,0.2200593803814001,0.1663854627472984,0.1210196904465263,0.5220877467143146,0.7079051261487183
2171,2012-10-15,0.2181582746507916,0.3477182468934145,0.0723067099185061,0.2215770327202487,0.1689458522150461,0.1228766859960307,0.5236590418289018,0.707850445760903
2172,2012-10-16,0.2345710883984777,0.3682748531060976,0.1061482213681258,0.2423571741032888,0.1946183394451917,0.1252566637905,0.5275981900918325,0.7091624831060646
2173,2012-10-17,0.2492549187609007,0.3739259352342568,0.5162901035213132,0.262903847639462,0.2130609225449254,0.1262205587259128,0.5494060877474605,0.7093265242695106
2174,2012-10-18,0.2426839383379664,0.3658997786312509,0.4434030497681306,0.262086654508321,0.2103239264139861,0.125646071844293,0.5507511536663212,0.7092171634938799
2175,2012-10-19,0.2305479683851607,0.3510760408007757,0.4581706887814573,0.2502956654013858,0.1919892616251204,0.1217599075415163,0.543348815019679,0.6980101031088178
2176,2012-10-22,0.2265250983152316,0.346162153616026,0.2611396565978423,0.2469101311198347,0.1884282926652624,0.1218612864239631,0.5360531565873445,0.690793835147056
2177,2012-10-23,0.2227034014295762,0.3414938737838606,0.192809405271762,0.2412481461635642,0.1757343115372195,0.118528688927277,0.543509208348883,0.6795320526652633
2178,2012-10-24,0.2257875778636139,0.3452612618693,0.1752418432462288,0.2415399809721478,0.1800310218441414,0.1178270904881464,0.5283878474823565,0.6743932223513321
2179,2012-10-25,0.2235078442232834,0.3424766760798543,0.0978424794749238,0.2387965389365876,0.1788244251948876,0.1185061581041485,0.5270720626712688,0.6761426193811861
2180,2012-10-26,0.2218316926216212,0.3404292438020784,0.143813885566597,0.2407811548027234,0.1784712597683315,0.1183404082475148,0.5228731145158017,0.6773999763385324
2181,2012-10-31,0.226458175973142,0.3460802016350187,0.0499308774016144,0.2496535731553949,0.1850732929627202,0.1183758250514388,0.5266777934876206,0.6771812964961863
2182,2012-11-01,0.2280672802610208,0.3480458062270061,0.0445968201095173,0.2505875280435229,0.1893405927756906,0.1208587728326909,0.5270720626712688,0.681828128446525
2183,2012-11-02,0.2308162513690649,0.3514036829978466,0.0370042774192312,0.2534477040025165,0.1974337475933929,0.1187040836262438,0.5244457151574868,0.6696370296253628
2184,2012-11-05,0.2211612819696339,0.3396102211728806,0.0661463963498614,0.2435245968382836,0.1826895101581642,0.1191965009533465,0.5056054670998777,0.6739558626666399
2185,2012-11-06,0.2220328658058949,0.3406748511546627,0.0512051196315588,0.2433494959531335,0.1845533882373927,0.1209875147810646,0.5016230499388359,0.6906844743714253
2186,2012-11-07,0.2084218237069303,0.3240494126942148,0.0756075116555266,0.2296322579417791,0.1671997119112788,0.1155388467337908,0.5024951420404158,0.6673409538441011
2187,2012-11-08,0.2086229656482806,0.3242950614785386,0.0777550416516899,0.2293987900949123,0.1636092845576418,0.1128000258033908,0.4949779170091344,0.6708943865827092
2188,2012-11-09,0.2070808149454149,0.3224114088675586,0.0613529208255711,0.2293987900949123,0.1648355201360815,0.1131765675196518,0.4926880224789385,0.6762519384479015
2189,2012-11-12,0.2025885199502312,0.3169241892696745,0.0316934460225757,0.2253127966056536,0.1580862907724527,0.113205541333178,0.4893387859605107,0.6735185029819476
2190,2012-11-13,0.2156631210530814,0.3328945090629392,0.0628823886219158,0.2373372535594557,0.1704075154445808,0.1123204944570835,0.4871123027465118,0.6724797841580322
2191,2012-11-14,0.2131153543722347,0.3297823225081623,0.0874637947936191,0.2378626118820131,0.1684063085605326,0.1092566168038139,0.4871123027465118,0.6776186561808786
2192,2012-11-15,0.2149255381156168,0.3319935758844736,0.0401120995377137,0.2399639616715824,0.1706135326017241,0.1089090292578158,0.4906569953219233,0.6728624634549092
2193,2012-11-16,0.2058739632973132,0.3209372261394378,0.062430650436364,0.2307413137150572,0.1600875455563283,0.1099630474857428,0.4988062819725918,0.6795320526652633
2194,2012-11-19,0.2175405395677879,0.3351876729885183,0.0551951178796774,0.2401974573520028,0.177313664642388,0.114309433806897,0.4949016369258268,0.6938005891342561
2195,2012-11-20,0.2184792019607559,0.3363342549513078,0.0267670877261032,0.2416567427291347,0.17877537577175,0.1144574850832004,0.4964565196997512,0.6799694123499556
2196,2012-11-21,0.2211612819696339,0.3396102211728806,0.0313489942727203,0.2448671482919821,0.181394586227401,0.114975635085367,0.5034966678285857,0.6834135260218481
2197,2012-11-23,0.2278661383196706,0.347800074579203,0.0293204564117804,0.2509961246090934,0.1916165051692057,0.1178914614623333,0.5129954964910228,0.6883337182023482
2198,2012-11-26,0.225653483236047,0.3450973993390249,0.0173398500176102,0.2486612791391037,0.1882026365789331,0.1174312394439557,0.5272035479004418,0.6853816028940481
2199,2012-11-27,0.2253853564667603,0.3447698400054333,0.0429787121524924,0.2482526825735332,0.1871137777051403,0.1162484792676551,0.5304966467536485,0.6823201685190325
2200,2012-11-28,0.224312443231608,0.343459478375848,0.0308033164255679,0.2446336526115617,0.1845533882373927,0.1180169819155081,0.5228731145158017,0.6785480142291632
2201,2012-11-29,0.2334982376491724,0.3546796492194193,0.0497061893133694,0.2561327790763599,0.1979046507954102,0.1189856894504557,0.5252327614938139,0.6871856803117175
2202,2012-11-30,0.2348393401394584,0.3563176116143358,0.0740375956397468,0.2547318884944982,0.1940689763260852,0.1190227170019791,0.5283878474823565,0.691777873583156
2203,2012-12-03,0.2337665518760001,0.3550072499847505,0.0529689417299394,0.253330970079083,0.1896152982851574,0.1179413357081253,0.5320282165436765,0.6927618703103409
2204,2012-12-05,0.2324253868998671,0.3533692047263547,0.0713646993879657,0.2585843863033366,0.1890267052075064,0.1179123815378624,0.5480628868673112,0.6861469614878021
2205,2012-12-06,0.2339004902889495,0.3551710296515463,0.051757476662747,0.2610943326584763,0.1917341950448395,0.1186622434751855,0.543509208348883,0.6772906572718169
2206,2012-12-07,0.2304140612151347,0.3509122611339799,0.0480850247627349,0.2574169635683417,0.1856226560818267,0.1193268340060561,0.5268092787167935,0.6754865798541477
2207,2012-12-10,0.2235749852658372,0.3425586280608617,0.0678130387974154,0.2536811996829369,0.1812964873811258,0.1194040909610384,0.5178309823587852,0.6734638225941323
2208,2012-12-11,0.2273298222952501,0.3471449559120197,0.0674297756867028,0.260335506489052,0.1927250029721843,0.1208990022361498,0.5228731145158017,0.6747212212603938
2209,2012-12-12,0.2312186289805359,0.3518950634299736,0.1710163249745114,0.2648300965438812,0.1991897073617532,0.121001991866196,0.5345948828186853,0.6800787314166711
2210,2012-12-13,0.2339004902889495,0.3551710296515463,0.0508380533049836,0.2680405021067286,0.2021621311437875,0.1195489010988795,0.5429748747579881,0.6752679000118016
2211,2012-12-14,0.2339004902889495,0.3551710296515463,0.0348438707319891,0.270842338937559,0.2028488230677138,0.1186043154913964,0.544846627609026,0.67986009328324
2212,2012-12-17,0.2292070533524156,0.3494381198375987,0.1261090740560111,0.2725934591232745,0.2044379956374753,0.121304517765937,0.5584780090487949,0.6824294875857481
2213,2012-12-18,0.2377894219459292,0.3599211371695002,0.1377279747563986,0.2759789934048255,0.217043697383836,0.123948402804288,0.5583153776731369,0.6864203217179635
2214,2012-12-19,0.2412760697202084,0.3641799056870666,0.1434715955662221,0.2822247036453702,0.22640236563835,0.1221815305472978,0.5686706321119754,0.6950579878005176
2215,2012-12-20,0.2429521275931001,0.3662274208283217,0.1471261769335961,0.2825165662875073,0.22640236563835,0.1234495424867876,0.5662087810125629,0.6984474210845949
2216,2012-12-21,0.2479808948273216,0.3723698419568683,0.1816463691582993,0.2841509525497894,0.2290313955585939,0.1212707313528759,0.5697118832247041,0.690411155850179
2217,2012-12-24,0.2466399173087296,0.3707318381302121,0.1351158362075915,0.2836839890225021,0.2298652357519329,0.1207091304520516,0.561003084960533,0.6901377956200175
2218,2012-12-27,0.2471092172622901,0.3713051291116069,0.0734720667980969,0.2848514117574969,0.2280406355310764,0.1193316662488544,0.5678494555672244,0.7024929356046257
2219,2012-12-28,0.241141943849718,0.3640161260202708,0.0432472328470967,0.2778468753475279,0.2133355801545651,0.1168100998117429,0.5716878917397248,0.7021102563077487
2220,2012-12-31,0.2473104216894873,0.3715508193276703,0.0192368204956178,0.2801817208175177,0.2169161880436092,0.1206334842446688,0.5681504728152891,0.7076864463063721
2221,2013-01-02,0.262664693946821,0.3903057663421205,0.0885366602045815,0.299269108976559,0.2443936365654253,0.1264635458942652,0.5634800428735101,0.7147933952014185
2222,2013-01-03,0.2611896218006622,0.3885039414169288,0.0330386349521919,0.2968175017495823,0.2400577441997859,0.125972739314762,0.5610303145257236,0.7136999959896878
2223,2013-01-04,0.2627316787747575,0.3903875940279089,0.0884923448672315,0.3010785961239911,0.243236089339309,0.1271152504443404,0.5376462726548585,0.7146293540379725
2224,2013-01-07,0.2621955189649544,0.3897324753607257,0.1052581086350828,0.3062152784248112,0.2415880478818169,0.1263782548445493,0.5430817414761668,0.7151760744982955
2225,2013-01-08,0.2634022768842857,0.3912066166571068,0.2150488820937323,0.3088419865369379,0.2449234086551731,0.1256155069264307,0.552097711616151,0.7149573946559493
2226,2013-01-09,0.2674923192396922,0.3962024558228638,0.1094916141021013,0.3233763898458799,0.2599718099936475,0.126238257306243,0.5454085637728541,0.7146840344257878
2227,2013-01-10,0.2729231516561499,0.4028362159517977,0.1159133275562379,0.3216836366218811,0.2611980455720872,0.1280244388911629,0.5411068519843731,0.7186201881701879
2228,2013-01-11,0.2802316837736253,0.4117632643015296,0.0630936066183228,0.3251275378651489,0.2656909535715597,0.1280131833012303,0.5752648494848482,0.7171987900493957
2229,2013-01-14,0.2821759309016508,0.4141383387763763,0.0731836424091051,0.325419400507286,0.2624928737031961,0.1277927269560064,0.5891662885300677,0.7203695852000419
2230,2013-01-15,0.2796368497535308,0.3986593994152387,0.1917961244642262,0.3227926923951593,0.2594420379038997,0.1280598360518235,0.5916553691946709,0.7156680728618878
2231,2013-01-16,0.2797741936451393,0.3988231790820344,0.1910977560643036,0.3274040163734218,0.2574898325431618,0.12810650844568,0.5807920782107712,0.7209162639514496
2232,2013-01-17,0.2809407106790312,0.4002154926926271,0.056725269720592,0.3277542459772756,0.2621790340348391,0.1294437236021549,0.5780249202742576,0.7277498526163345
2233,2013-01-18,0.2803232880252623,0.3994784220444365,0.1314858129888737,0.3274623833351385,0.2597363344427252,0.1302547546617294,0.590815728766674,0.7281325319132115
2234,2013-01-22,0.279705646671029,0.398741351396246,0.0632354525877657,0.3260030979580066,0.2624928737031961,0.1313136051324547,0.581263373493212,0.7318500058152655
2235,2013-01-23,0.2795681465648031,0.3985775302977105,0.0983485986767814,0.3210415443758903,0.2606486345531535,0.1316756697635843,0.5816514880491115,0.7263284962044574
2236,2013-01-24,0.2836171982046066,0.4034095897966718,0.0553319204696645,0.3263533275618604,0.2657791850534146,0.1316772608679203,0.5807920782107712,0.7302646082399423
2237,2013-01-25,0.2870483897897126,0.4075044957839631,0.0439010097622466,0.329855595766845,0.2715670169836501,0.1329871326017317,0.5903121683145216,0.7298819289430654
2238,2013-01-28,0.2852642314015875,0.4053751115251799,0.0450580189792898,0.3282795764662796,0.2664561054125751,0.1325397965641496,0.605437445762343,0.7329434050269962
2239,2013-01-29,0.2840975893960018,0.4039828807780665,0.0426673243135104,0.3236098855263003,0.2635621894474573,0.1337724113429789,0.6023496876712919,0.7391209541648427
2240,2013-01-30,0.2775094878510017,0.3961205038418564,0.0349612955724892,0.3135116774769173,0.2565873997971538,0.1328262149878964,0.6094452274498636,0.741143711424858
2241,2013-01-31,0.262343329235928,0.3780208412215481,0.0829025434418182,0.3014871926895617,0.2360258241380833,0.1322066861032829,0.6214452595285296,0.7386835944801504
2242,2013-02-01,0.2524613799974305,0.3662274208283217,0.2123514023973477,0.3007283665201373,0.2230179554418563,0.1346301147964099,0.6281194870621334,0.7402143116676582
2243,2013-02-04,0.2288544769609683,0.3380541278954921,0.1027805877388307,0.2805903173830881,0.1925974936319575,0.1318204799014254,0.6340195370265203,0.7314673265183885
2244,2013-02-05,0.2404520376134805,0.3518950634299736,0.0806528694652071,0.2901048279817505,0.2096666928838388,0.1343275888966689,0.6125824090667737,0.7340367625298116
2245,2013-02-06,0.2384618633879426,0.3495199475233872,0.0791498812555015,0.2898129653396134,0.2059978056131125,0.1344611434445774,0.623492139514594,0.7339274434630962
2246,2013-02-07,0.2359914541856269,0.346571664930625,0.056739760082297,0.2874781198696237,0.2019168840280996,0.134021841501729,0.6144978038236653,0.7296086104218191
2247,2013-02-08,0.2500594865263018,0.363360965921348,0.0592272180697736,0.3058650488209574,0.21764210992608,0.1353960842097273,0.5934487904198182,0.729007251282596
2248,2013-02-11,0.2434716036817661,0.3554985889851379,0.0789553543681985,0.302537881501123,0.2081952101897111,0.135248032933424,0.5901445013343418,0.7361688388565426
2249,2013-02-12,0.2505400026893909,0.3639342569027428,0.0509710499089279,0.3163718534359109,0.2235084496732322,0.1356374606304804,0.5956668809596148,0.738792955255781
2250,2013-02-13,0.2519124105890016,0.3655722192976593,0.0627923476981642,0.323142921999013,0.2305225171819075,0.1357822707683215,0.6032551639658108,0.7360595197898271
2251,2013-02-14,0.2485497347350825,0.3615591409961564,0.0531659876719759,0.3173058083240389,0.2247543241808579,0.135951242120154,0.6020669478026022,0.7376995560440504
2252,2013-02-15,0.2427851966529581,0.3546796492194193,0.0704995927526424,0.3132198148347802,0.2152190971629795,0.1356953886142695,0.5877427044814454,0.72977260987635
2253,2013-02-19,0.2478636401355093,0.3607401597986981,0.0557734675505229,0.3204578469251695,0.2225862821983837,0.1374896042939231,0.5868504699617796,0.7341461233054424
2254,2013-02-20,0.2404520376134805,0.3518950634299736,0.0522520219148022,0.317480909209189,0.2164747432353708,0.1344337803786506,0.5944590818899333,0.7221189822298958
2255,2013-02-21,0.2301584316152391,0.3396102211728806,0.085768596383767,0.3080831603675137,0.2019070645635066,0.1329002504476798,0.5752648494848482,0.7132626363049955
2256,2013-02-22,0.2394913802023841,0.350748481467184,0.0500338909302443,0.31572976118992,0.2180443247757737,0.1350211335978023,0.562935078561958,0.7148480338803186
2257,2013-02-25,0.2429225093016432,0.3548434288862151,0.0964993732449533,0.3155546603047698,0.2244697992067981,0.130555669813871,0.5631803311525434,0.7147387148136032
2258,2013-02-26,0.2239134398558726,0.3321574384147487,0.1356860953913517,0.29751796095729,0.1985913427193364,0.1320184054235207,0.5427078012144759,0.7121145984143646
2259,2013-02-27,0.2346189213143223,0.3449336196722292,0.0649458981297406,0.3047559930476793,0.2138947627382645,0.1350838938243898,0.5428413379862318,0.7128253183292184
2260,2013-02-28,0.2370895179741788,0.3478820265602103,0.0713063911758705,0.3076745638019431,0.2230767764297595,0.1348731019647624,0.5561483891940402,0.7089438449726336
2261,2013-03-01,0.2318052773546791,0.341575825764868,0.0622155842940023,0.3004365317115538,0.2188389350105681,0.1354395154651216,0.5419069535916823,0.7014542167807103
2262,2013-03-04,0.2333836386058558,0.343459478375848,0.0545332947453497,0.301428825727845,0.2246463579701624,0.1365659387619691,0.5351778939199552,0.6983927824056947
2263,2013-03-05,0.2409323975619522,0.3524683544113683,0.0628414597794857,0.3087835917416678,0.2420098537608693,0.1389137408909768,0.5381779951915571,0.7022195753744642
2264,2013-03-06,0.2350992500198705,0.3455069106536239,0.1028634003456946,0.3053396904983999,0.2356923455405405,0.1391824607343932,0.5401206195136388,0.7000874990477334
2265,2013-03-07,0.2363345639712605,0.3469811348134843,0.0711323571677231,0.3058650488209574,0.2386548540583273,0.1396330379104376,0.5291780643844934,0.7062650481855798
2266,2013-03-08,0.2490300634406307,0.3621324319775511,0.1924430145577743,0.3232596559224464,0.2621004783180953,0.1407465948697532,0.5499437784080363,0.7083971245123106
2267,2013-03-11,0.2434029317359618,0.3554167198676098,0.058823816223165,0.3211583061328772,0.2548706699873382,0.1415576062860643,0.5306549885402696,0.7089984836515337
2268,2013-03-12,0.2409323975619522,0.3524683544113683,0.0482009033884676,0.3177727718513261,0.252702628004864,0.1409557759817811,0.5376462726548585,0.7116226000507723
2269,2013-03-13,0.2377755813308285,0.3487010491894082,0.0662547915912397,0.3175392761709057,0.2493672672315078,0.1412840541998495,0.537115109629773,0.7115132392751415
2270,2013-03-14,0.24800073408373,0.3609039394654939,0.075976486772111,0.3280461086194127,0.2650239005768193,0.1426856403305112,0.526020553845626,0.7143013551289109
2271,2013-03-15,0.2479321558666962,0.3608220703479658,0.2201096345952271,0.3286298060701333,0.2612175887016187,0.1422785140531246,0.5344626515740274,0.7165974309101726
2272,2013-03-18,0.2383932851709088,0.3494381198375987,0.0889095677869444,0.3168972117584684,0.250299206271122,0.1408946265027931,0.5157484801333279,0.7181828284854956
2273,2013-03-19,0.2238448616388388,0.3320754864337413,0.0903343809800903,0.2957084459763043,0.2319743609468493,0.1402895747033111,0.5239212662717632,0.7095452041118567
2274,2013-03-20,0.2307071510802803,0.3402653398400637,0.1112099551415692,0.3056899201022538,0.2413231618369431,0.1419582895730533,0.5112335944201025,0.7139186758320339
2275,2013-03-21,0.2254918011070492,0.3340410910257288,0.0720535881317074,0.3037636711978346,0.2349369652642906,0.1398808573215884,0.5233970038899114,0.7111305599782646
2276,2013-03-22,0.2222664691447387,0.3301918338227613,0.0859579934637949,0.2998528064272796,0.2328082011401884,0.1416654281589088,0.5176485815727834,0.7180188290309648
2277,2013-03-25,0.2098453137864273,0.3153680959922861,0.1018322490055206,0.2845011821536432,0.2142773386587723,0.1408286447810069,0.5362920680463106,0.7240323787142805
2278,2013-03-26,0.2011985847705495,0.3050487754637012,0.1197381769976328,0.2709007058992757,0.1995526922529023,0.1427725421278266,0.510379593194026,0.7323966845666733
2279,2013-03-27,0.1972869082652779,0.300380578495015,0.1451464444406189,0.2691495578800067,0.1907139766235431,0.1426244908515233,0.5106382740633355,0.7337087636207501
2280,2013-03-28,0.1980418310252728,0.301281470241741,0.0743396914341558,0.2686825943527194,0.1926367235905021,0.1436447030231257,0.497783867750851,0.7372622380682733
2281,2013-04-02,0.2080610929124553,0.3132387117335029,0.1313958342509921,0.2777885083858112,0.2054288035648201,0.1438152851225576,0.5090871213668346,0.7370435582259272
2282,2013-04-03,0.1972183612911675,0.3002986679457473,0.1163319733729759,0.2671065750521542,0.1910965525440509,0.1411504800086776,0.5044476510676692,0.7220643018420805
2283,2013-04-04,0.194747764631311,0.2973502610577662,0.1467835728418778,0.2636626738088864,0.1855637871940961,0.1421626580855463,0.5090871213668346,0.7155587537951724
2284,2013-04-05,0.1939243573830527,0.2963674587617725,0.0917280980762488,0.2608608648116095,0.1807078943034747,0.1410845179301547,0.5213027519205704,0.7124972777112416
2285,2013-04-08,0.1948164990629622,0.2974322130387735,0.1214335176971874,0.2537395666446536,0.1795993965004961,0.1426598880121838,0.5312885421906259,0.7161054325465801
2286,2013-04-09,0.1984534252991697,0.3017728092421284,0.0908935152171095,0.2638377746940366,0.187977028392431,0.143551377878676,0.537115109629773,0.7206975841091035
2287,2013-04-10,0.2168449783624009,0.3237217704971439,0.1838947530416076,0.2805319504213714,0.2138653043444855,0.1466281218694776,0.5450874041067035,0.7231030206659959
2288,2013-04-11,0.2183547613965436,0.3255235539905959,0.0840712277924522,0.28204960276022,0.2161313972734078,0.1475356995687007,0.5411866756412331,0.7169254715281493
2289,2013-04-12,0.2085502946082712,0.3018547612231358,0.098094082450898,0.2723599912764076,0.2044478151020683,0.1468083488112427,0.5504818420763551,0.7047890113858873
2290,2013-04-15,0.208621028587025,0.3019366717724035,0.1589869753982485,0.2707839441422888,0.201867834604962,0.1409364666538514,0.5480628868673112,0.6906844743714253
2291,2013-04-16,0.2077039862971037,0.3008719589271421,0.1287898067814085,0.2704337423719885,0.1954521796385306,0.1445104405712905,0.5410801819307964,0.6907391547592406
2292,2013-04-17,0.2017790470458441,0.293992467150405,0.1707053102507492,0.2667563454483004,0.181159158576306,0.1408801494176617,0.56048665574127,0.6795867330530786
2293,2013-04-18,0.2029779005055355,0.2953847393292581,0.1242107892427513,0.26652284976788,0.1820910976159202,0.1392066023051212,0.5379918643281318,0.685326964215148
2294,2013-04-19,0.2070690988491107,0.3001348882789516,0.1210366464209254,0.2725934591232745,0.1921952787822638,0.1414015209150272,0.5408401514486034,0.6868576814026558
2295,2013-04-22,0.212500431152344,0.3064410890742938,0.1294093856840562,0.2773799118202408,0.2032019884942699,0.1425681736153336,0.541240015748387,0.6909578346015868
2296,2013-04-23,0.2318271161581901,0.328881472193176,0.1921276689570668,0.2968758687112991,0.2288646083599952,0.1451879170829565,0.542173840631323,0.6932539103828484
2297,2013-04-24,0.2348599917118773,0.332403045767333,0.1391529882091258,0.3018374222934155,0.2386744929875132,0.1451895278305559,0.5316583793671514,0.7055543699796413
2298,2013-04-25,0.2255493193291719,0.3215923862383607,0.1226197342471668,0.3001446690694167,0.236300481747723,0.1462145722449566,0.5352575310729437,0.717636149734088
2299,2013-04-26,0.2201886585188454,0.3153680959922861,0.0928845339184907,0.2941907936374556,0.229619988636245,0.1457446857409826,0.5336679585789821,0.7141373556743801
2300,2013-04-29,0.2301344058070847,0.3269158676011885,0.0779486863428373,0.3069741045942356,0.244717439397857,0.1475743182245601,0.5391888461732857,0.7223376620722419
2301,2013-04-30,0.2256198970933084,0.3216742967876284,0.0960483222659647,0.3041139008016884,0.2415880478818169,0.1482115456895038,0.5475261287260909,0.7166521112979879
2302,2013-05-02,0.2248440728175068,0.320773446472642,0.0750169356102427,0.3041139008016884,0.2403520407386115,0.1482147671847027,0.5610303145257236,0.7195495462184727
2303,2013-05-03,0.232179723792561,0.3292909006442956,0.0700438925893738,0.3115270616107815,0.2539288635833037,0.1509230231972405,0.5427078012144759,0.7284058921433729
2304,2013-05-06,0.2294994246303212,0.326178796952998,0.0371985386990895,0.3063903793099614,0.2499068108860213,0.1514186423762785,0.5518282135223138,0.7314126878394884
2305,2013-05-07,0.2347190236411453,0.3322392661005371,0.0561129844826955,0.3136867783620675,0.2538504036662145,0.1527799991034814,0.543509208348883,0.7284605725311882
2306,2013-05-08,0.2354243638815808,0.3330582887297351,0.0548470846453098,0.3129863191543598,0.259049642518799,0.1538629715016713,0.5445789945539004,0.7339274434630962
2307,2013-05-09,0.2323912383845059,0.3295365908603592,0.1005093352653337,0.3152044307009161,0.256665859714243,0.1528942639667237,0.5577730244157812,0.7326700447968347
2308,2013-05-10,0.226254690812531,0.3224114088675586,0.0860394948974001,0.311293565930361,0.2538994530893521,0.1540254998631061,0.5379120406712723,0.73075664831245
2309,2013-05-13,0.2177906391702279,0.3125835102028403,0.1116124368481015,0.3050478556898164,0.245394263957363,0.154036775096302,0.5270983597171035,0.7260004555864806
2310,2013-05-14,0.214968965779251,0.3093075439812676,0.09528295333412,0.3053980852936702,0.2470423054148551,0.1567031713145181,0.5306549885402696,0.7207522644969189
2311,2013-05-15,0.2213172154007117,0.3166784576218714,0.0705885575446439,0.3096008127063623,0.2576272092478089,0.1580613261897856,0.5226895947065724,0.7212443045694265
2312,2013-05-16,0.2220227118557647,0.3174974802510693,0.0442346822766382,0.3081998942909471,0.2536836164676157,0.1567240913900473,0.5141372731903109,0.7259458169075804
2313,2013-05-17,0.2266074546615192,0.3228208787504179,0.1079817106128536,0.3062736453865279,0.2576174376830432,0.1594596908252485,0.5142672663885148,0.7306472875368193
2314,2013-05-20,0.22378603121393,0.3195449125288452,0.0509562475638751,0.301195357880978,0.2510251760534202,0.1592698190411502,0.5068162502314981,0.7344194418266886
2315,2013-05-21,0.2222341014760157,0.3177431290353932,0.0654953355870328,0.2957668407715744,0.2460515453873376,0.1597316518071272,0.515488307233049,0.7314126878394884
2316,2013-05-22,0.2239976707775689,0.3197906441766483,0.0686662616075842,0.2948912528451632,0.2458455761300216,0.1575093701312944,0.519865739593224,0.7211349437937957
2317,2013-05-23,0.2180020600334024,0.3128292004189039,0.0659171381271711,0.2929066369790274,0.2341913565528065,0.156730534380445,0.5078220656087049,0.720970944339265
2318,2013-05-24,0.2125709776735569,0.3065229996235616,0.0465258089325843,0.2888790382850389,0.2264415476970673,0.156584093851741,0.5208062786155219,0.7204242655878572
2319,2013-05-28,0.2318271161581901,0.328881472193176,0.0920349410767327,0.3017790553316988,0.2506425522330852,0.158267305449878,0.5221923753860398,0.7251257779260112
2320,2013-05-29,0.2325323314269318,0.329700370527155,0.0623034360643308,0.2995025768234258,0.2438149108521945,0.1563845575820463,0.5084931065371656,0.7148480338803186
2321,2013-05-30,0.2321092085142715,0.3292090315267676,0.0498893298624778,0.301195357880978,0.2430104811528071,0.1573581170030556,0.5243670105238538,0.7174721502795571
2322,2013-05-31,0.2290761455030436,0.3256873336573917,0.070642118550664,0.2969342635065692,0.2319350830884774,0.1535491900119977,0.539401647090288,0.7085064852879414
2323,2013-06-03,0.226113722741799,0.3222475877690232,0.0760201539008162,0.2931401326594477,0.2283839814930395,0.1551068811569599,0.5319754359481361,0.7165974309101726
2324,2013-06-04,0.2320385995072116,0.3291270795457602,0.0545410880050563,0.2987437506540015,0.2360945124904069,0.1536521796420439,0.5439368617254703,0.7158320723164187
2325,2013-06-05,0.2275242782509761,0.3238856330274189,0.0698126191228968,0.292673141298607,0.2290019850646423,0.1500347548259471,0.5440172448939438,0.7181828284854956
2326,2013-06-06,0.2215994952143339,0.3170060583872026,0.0949263078837579,0.2849097787192137,0.2217426704402789,0.1522328949310519,0.5471236533721113,0.7237590601930343
2327,2013-06-07,0.223927061770509,0.3197087336273806,0.1024011917460332,0.2859021005690584,0.2266377453896176,0.1555831910080683,0.5709463523479623,0.7307019679246346
2328,2013-06-10,0.2200477529339604,0.3152043163254903,0.1658536656420729,0.2791893989676729,0.2227923472553543,0.155491476611218,0.5675756678843504,0.7292805698038424
2329,2013-06-11,0.2120066992326238,0.3058677980928991,0.1496597410006788,0.2710174398227092,0.2092448391049591,0.1528073621694083,0.5675756678843504,0.7271484934771114
2330,2013-06-12,0.2108779236502932,0.3045574364633138,0.055269731437683,0.2679237681832952,0.2126292493014528,0.1506172758023006,0.5675756678843504,0.7298819289430654
2331,2013-06-13,0.2089030897001829,0.3022642725377347,0.0730510199743786,0.2656472896750222,0.2075183377303778,0.1544535462160219,0.5856527421011413,0.7343101227599732
2332,2013-06-14,0.2113717805417073,0.3051307274447085,0.0558276230113002,0.2676319055411581,0.2074398299134613,0.1529039088090568,0.5900885501729916,0.7406516713523504
2333,2013-06-17,0.2121476360604323,0.3060315777596949,0.0529821820502579,0.2710758067844259,0.2138554848798927,0.1548848140641366,0.5870733420878251,0.7402143116676582
2334,2013-06-18,0.2136994408266528,0.3078334026848865,0.0624982633410058,0.2734106522544155,0.2181620625512349,0.1569397351357363,0.5893339555102475,0.743877146890812
2335,2013-06-19,0.208621028587025,0.3019366717724035,0.0735979984548118,0.2670482080904374,0.2101277287214358,0.1532579393454527,0.5935330901695861,0.7427837476790813
2336,2013-06-20,0.1931736836606508,0.284000788818891,0.1265722460096584,0.2508209958903897,0.1830328561201274,0.1467021376859976,0.5781905357118544,0.7272578542527421
2337,2013-06-21,0.1880245686851928,0.2780221473571403,0.1873426675750596,0.2441666890842745,0.1710746163391484,0.1473844464404619,0.5693830768998358,0.7179095099642494
2338,2013-06-24,0.1799834837409326,0.2686856291245491,0.1851387508047839,0.2400223286332991,0.1566540859366969,0.1442722856457363,0.549002866377996,0.7260551359742959
2339,2013-06-25,0.1818174121061579,0.2708150133833323,0.2113966690594068,0.2453341118192693,0.1620004730586942,0.1466764050109336,0.5532303496257518,0.7268204945680499
2340,2013-06-26,0.1946549731485818,0.2857206617630752,0.1005320320538816,0.2587594871884867,0.1831211355018096,0.1491271771267241,0.5450070209382301,0.7278045330041498
2341,2013-06-27,0.188518238119066,0.278595438338535,0.1055049401630326,0.2554907146639226,0.185220441232133,0.1507266887794811,0.534621366368391,0.7362781996321732
2342,2013-06-28,0.1840745883557374,0.2734358195059822,0.1045127635533742,0.2501205645162356,0.1772057942313472,0.149613151463429,0.5381513251379804,0.7335994028451194
2343,2013-07-01,0.1945138488632325,0.2855568820962795,0.3418399369919274,0.2558409442677763,0.1913712580535177,0.1510099053512924,0.5347274870710852,0.7414170299461044
2344,2013-07-02,0.1952191578607445,0.2863757804302584,0.3723758025306544,0.2537979336063702,0.1893602317048766,0.1508682970653868,0.543108411529744,0.7502186954831893
2345,2013-07-03,0.1872487131664678,0.2771212141786746,0.1776566734075482,0.2494784722702447,0.177313664642388,0.1510823300634764,0.5292308449800338,0.7591843604748051
2346,2013-07-05,0.1916924566585668,0.2822809158747067,0.0922216504623798,0.2544983928140779,0.1875748135427374,0.153734249196561,0.5180915282668066,0.7700087832719055
2347,2013-07-08,0.2014967672322219,0.2936647835215945,0.2281954999001247,0.260335506489052,0.2022111805669251,0.1551133045040942,0.5057856298394257,0.7695714235872132
2348,2013-07-09,0.2015674074822052,0.2937467355026019,0.1287191752270778,0.2583508906229161,0.2019364750574582,0.15702178504699,0.5123473955387154,0.771703499913944
2349,2013-07-10,0.1976878174593454,0.2892422353372322,0.055768315609294,0.2486612791391037,0.1999941370611406,0.157070068188446,0.49839709247925,0.7880494323218525
2350,2013-07-11,0.199028045147774,0.2907983286146207,0.0463586501520628,0.2498870688358152,0.2034962850330954,0.1606746266670108,0.5619007280924626,0.7792478084936827
2351,2013-07-12,0.1931736836606508,0.284000788818891,0.0759578731710264,0.2428241654641295,0.1852498996259119,0.1615065581588511,0.5478211778502782,0.7849333175590216
2352,2013-07-15,0.1960091039379581,0.2749099608023633,0.3345639235418742,0.2452757448575526,0.1862701180472084,0.1618782872755772,0.5419069535916823,0.786956074819037
2353,2013-07-16,0.1923738335766948,0.2708150133833323,0.3626885625377477,0.2383879423710171,0.1806883032741161,0.1608741629367056,0.5417200767127721,0.7852066777891831
2354,2013-07-17,0.197390353584913,0.2764660540797518,0.1170223904135224,0.2416567427291347,0.1821107365451062,0.1616224337696927,0.5561754322553598,0.7878307941884215
2355,2013-07-18,0.2040062925747318,0.2839188368378836,0.0719857096196208,0.2521635473440882,0.1962957913966354,0.1629837904968956,0.5508317233386653,0.796359099495345
2356,2013-07-19,0.2016798820067255,0.281298113578713,0.0976953877584482,0.25105449157081,0.1949126359840172,0.1634214816921445,0.5498361656743727,0.7964137798831604
2357,2013-07-22,0.2032066299483167,0.2830179865228973,0.0462353872177684,0.2498870688358152,0.1971492705191604,0.1639750484982352,0.5575563069174845,0.7901815503574986
2358,2013-07-23,0.2112768020543347,0.2921088145394249,0.0901563881562196,0.2627871137160286,0.2077145354229281,0.1634697648336005,0.5623087985625774,0.7919309473873525
2359,2013-07-24,0.2206553653097573,0.3026737424205941,0.0791258659157103,0.2732355513692653,0.2193686592004886,0.1624318344384044,0.5674663766158463,0.781871883184006
2360,2013-07-25,0.2309065121749924,0.3142215140294965,0.0962828778815797,0.2796563903285137,0.228158277506883,0.1631253987828012,0.5623906737620199,0.7824185619354138
2361,2013-07-26,0.2345417200504086,0.3183164200167879,0.0747783431830674,0.2868943945853496,0.2351723450155584,0.1633506873708234,0.5754302784185741,0.7780997288941367
2362,2013-07-29,0.2346143598474945,0.3183983305660556,0.0679483141445955,0.2866609267384826,0.2373795690567499,0.1623336770511564,0.5774999118769208,0.7772797316214827
2363,2013-07-30,0.237667855730677,0.3218381178861638,0.0762808212578395,0.2872446241892034,0.2452667546171362,0.1624350559336032,0.5737774811122869,0.7692434246781515
2364,2013-07-31,0.2377406204994569,0.3219200284354315,0.0580541227383617,0.2894043687740428,0.2430007095880414,0.1623980480253432,0.5739701396112029,0.7799038063118059
2365,2013-08-01,0.2405759158050701,0.3251140426759969,0.0645869876381141,0.2951247485255835,0.2534776472102997,0.1657998487390144,0.579684245216036,0.7955390605137758
2366,2013-08-02,0.2414484369290356,0.3260968449719906,0.1137051378788956,0.2965256391074453,0.2567933690544699,0.1662504259150588,0.5656897407391035,0.7903455498120293
2367,2013-08-05,0.2382494427512168,0.3224933194168263,0.0490981232286519,0.2930233709024608,0.2554984451237065,0.1658432996376721,0.576174801872275,0.7882681121641987
2368,2013-08-06,0.2382494427512168,0.3224933194168263,0.0493760308276311,0.288762276528052,0.2524279703952243,0.1642711314075785,0.5728147481293198,0.7813798848204135
2369,2013-08-07,0.2413757658890261,0.3260149344227229,0.0439290819395562,0.290513424547321,0.2568031406192356,0.1632316099080463,0.5807366865610344,0.7762956931853826
2370,2013-08-08,0.2474828826270849,0.3328945090629392,0.0488498308597563,0.2988605124109884,0.2663874170602516,0.1642888299879088,0.5858754277233154,0.7709928217080055
2371,2013-08-09,0.2506090495502768,0.3364160826370962,0.049641374772877,0.3089587204603714,0.2726363327279114,0.1633136794625634,0.5919914491705145,0.7850426783346522
2372,2013-08-12,0.2501000710838995,0.3358427916557015,0.0404309865710172,0.3079663986105267,0.2708901924241441,0.1629998783296264,0.5856247665204661,0.7858080369284062
2373,2013-08-13,0.252135859977715,0.3381360798764994,0.0269484217229886,0.3117021624959316,0.2748926061922406,0.1637545921530112,0.5783565241571937,0.7897441906728063
2374,2013-08-14,0.2567160413166418,0.3432956987090522,0.0495506013206569,0.3157881559851903,0.2779140314975853,0.162343341536753,0.574080363399063,0.7898535097395217
2375,2013-08-15,0.251699677523041,0.3376446165808931,0.0407818413574858,0.3130446861160766,0.2728423019852275,0.1584700435715083,0.5738601023272139,0.7924776261387603
2376,2013-08-16,0.2614416897072813,0.3486190972084008,0.0745932864659651,0.3208664434907401,0.281053194578391,0.1575866074430132,0.5879101849577542,0.7931883043446988
2377,2013-08-19,0.2493731107404173,0.3350238933217225,0.0617422929075117,0.3092505831025085,0.2649453448600755,0.156014458856183,0.5840113215309952,0.7912202274724988
2378,2013-08-20,0.2403579339279653,0.3248683524599334,0.0684093275107557,0.3033550746322641,0.2497695299810288,0.1570266172897883,0.5847621861163159,0.7795758074027443
2379,2013-08-21,0.2377406204994569,0.3219200284354315,0.0302331078337019,0.3000279351459832,0.2457866593424638,0.1554898658636186,0.5983969246257661,0.7734528969437979
2380,2013-08-22,0.2458106988767044,0.3310108564519592,0.0649029182075987,0.3087835917416678,0.2622574939519283,0.1577684451323777,0.5861818535836438,0.7799038063118059
2381,2013-08-23,0.2501728670956028,0.3359247436367089,0.0349196510655553,0.3181813684168966,0.2678588997543792,0.1588208526127053,0.5880774789301915,0.7875027535704447
2382,2013-08-26,0.2469011081490042,0.3322392661005371,0.0404090075549687,0.3133949157199304,0.2642391098066179,0.1577394909621149,0.5930002486096602,0.7847693181044908
2383,2013-08-27,0.2318517355818907,0.3152861854430183,0.0783495933766618,0.296992630468286,0.2391355767249374,0.1535073498609394,0.5918513847632678,0.8016619709727222
2384,2013-08-28,0.2327240692483152,0.3162689877390121,0.0609689452123481,0.2988605124109884,0.2395377436748038,0.1542282576279997,0.5938697296570437,0.8076208402682225
2385,2013-08-29,0.2330876119059033,0.3166784576218714,0.0380983640218265,0.3024795145394063,0.24287310444816,0.1547448165258303,0.5849291070810112,0.8005139330820913
2386,2013-08-30,0.2265444689277878,0.3093075439812676,0.0535806894289597,0.2953582163724504,0.2289823461354563,0.1539080331479284,0.5694927411760824,0.7942270231686142
2387,2013-09-03,0.2323606515624211,0.3158594764244131,0.0654194350977178,0.306565508028665,0.2441582568141576,0.1550022807793142,0.5622545259360676,0.799092534961299
2388,2013-09-04,0.2344689552816287,0.3182345508992598,0.0442991679698181,0.31047637279922,0.2485824764613063,0.1571440840049659,0.5597535090237102,0.7919309473873525
2389,2013-09-05,0.2367954595784055,0.3208553155901701,0.0461740687879667,0.3152627976626327,0.2544389967438656,0.1574659192326367,0.5639160889242996,0.7981631769130143
2390,2013-09-06,0.2426844069818186,0.3274891585825833,0.0575211023507463,0.3198741216408954,0.2647393756027595,0.1574804159610315,0.551047135309864,0.8099715964372995
2391,2013-09-09,0.2411577527689978,0.3257692856383991,0.0428271008934658,0.3186483319441838,0.2625321515615679,0.1601419799364493,0.5597803655811584,0.8044500451175762
2392,2013-09-10,0.251263495068367,0.3371532775805057,0.0810000784732979,0.3290384026357039,0.279120628146839,0.1621180529487308,0.5728971828403757,0.7928056250478218
2393,2013-09-11,0.2552620269009069,0.3416576534506564,0.0649529757249435,0.3350506450293817,0.286340760712485,0.1629451718410362,0.5741904006830516,0.7937349830961066
2394,2013-09-12,0.2574430641459709,0.3441145970430312,0.0721000652185378,0.3376773531415085,0.2911476041799689,0.1620263385518805,0.5819012167326052,0.7994205338703606
2395,2013-09-13,0.2575157664289038,0.3441965490240386,0.0483917518234612,0.3377940870649418,0.2928544666253643,0.1627617234040722,0.5792968766756206,0.7972884575436298
2396,2013-09-16,0.2592606524622173,0.346162153616026,0.0621840181139977,0.3404207951770686,0.298534428144559,0.1643081393158385,0.5887474008354256,0.7884321116187294
2397,2013-09-17,0.2588972660192467,0.3457526423014271,0.0508561599331281,0.3403040334200816,0.2977986867974952,0.1654603149310134,0.585402080898292,0.7820358826385369
2398,2013-09-18,0.2657312181290937,0.353451156707362,0.139973179782353,0.3524452521308707,0.3047146554598954,0.1688009661656966,0.5885241557016376,0.7965230989498758
2399,2013-09-19,0.2706749421256086,0.3590202868545138,0.1742259611721314,0.3560642820928421,0.3136612894001227,0.1682892395106643,0.6143547553544797,0.7873387541159139
2400,2013-09-20,0.2717656638271432,0.360248779366571,0.1174712701570504,0.3582823936393984,0.3154368401978417,0.1662890445709182,0.616101364107964,0.7779904098274212
2401,2013-09-23,0.2674034643653212,0.3553348093183421,0.1012408223840151,0.3552470889617011,0.3093253012348288,0.1649904284270394,0.6161588073002837,0.7720314988230057
2402,2013-09-24,0.2721292064847312,0.36065829068117,0.0536886788811864,0.3592163206939729,0.3150248058835549,0.1642791851455756,0.6105849526065688,0.7695167431993979
2403,2013-09-25,0.2782361670081726,0.3675377824579071,0.0973290370963768,0.3654036639728008,0.3224117256477997,0.1635309143125885,0.6063455331110579,0.7669473488968899
2404,2013-09-26,0.2803445019703037,0.3699128155010142,0.0608765960334224,0.3657538657431011,0.3253056416129175,0.1644803321628698,0.6134110457663715,0.7689700644479901
2405,2013-09-27,0.28049000026494,0.3700766780312893,0.054281099422614,0.3619013679342628,0.3209892923768096,0.1633667752035543,0.6085912262237871,0.7680953867875208
2406,2013-09-30,0.2765639832577921,0.365654129846927,0.073949191574573,0.3560642820928421,0.3168396345396458,0.1617254233997389,0.6100435318685691,0.7651432714792207
2407,2013-10-01,0.2864517749229799,0.3767923901412305,0.1292800306424985,0.3689059043442317,0.3320842335706706,0.1638897574485192,0.6146982954851701,0.7635578739038975
2408,2013-10-02,0.287687682489916,0.3781847037518233,0.0576756121037131,0.3704235566830804,0.3329180737640096,0.1637079197591547,0.614412012042928,0.774819614676775
2409,2013-10-03,0.2844160485150113,0.3744992262156515,0.054138088785606,0.3658122605383713,0.3275913255711983,0.1612603691385631,0.6249938686852354,0.7705007816354978
2410,2013-10-04,0.2983750430527485,0.3902238143611131,0.3335899168002281,0.3752100372136001,0.3398733202847818,0.1631656281862601,0.6301794223191794,0.7733982165559826
2411,2013-10-07,0.2985204476186144,0.3903875940279089,0.3219624829336808,0.3723498055874995,0.3360474652800497,0.160851632113577,0.6217044999094525,0.7689700644479901
2412,2013-10-09,0.2998288700109425,0.39186173532429,0.2095353932707723,0.3738674579263482,0.3416488710825006,0.1576783414831269,0.6260925629902838,0.7612071177348205
2413,2013-10-10,0.31560557783662,0.4096338800427464,0.169829450729907,0.3899195692412457,0.363377765532453,0.1634971278995274,0.613925796450794,0.7688607453812746
2414,2013-10-11,0.312624815479294,0.4062760447036456,0.0669515579145117,0.3926630112768059,0.3641625563026545,0.1652092740246638,0.614927135735093,0.7634485131282669
2415,2013-10-14,0.3179322695909377,0.4122546861653962,0.0432340894945755,0.3957566550826663,0.3668602745752219,0.1663260524791782,0.6196322553969094,0.765580631163913
2416,2013-10-15,0.3264383117223949,0.4218368531823113,0.1733337826034074,0.4028779810831758,0.3775824593131682,0.1643821747756218,0.6199198443662495,0.7590203610202743
2417,2013-10-16,0.3365567074057726,0.4204445395717186,0.2184755206276659,0.4129761612990053,0.3848123634435799,0.168160517205554,0.6141546367007165,0.7649245916368744
2418,2013-10-17,0.3382677261100361,0.4223282336144383,0.3569946883159191,0.4124508308100013,0.3886382184483119,0.170028768344991,0.6142689635737424,0.7560682457119742
2419,2013-10-18,0.3422854410975914,0.4267507817988006,0.367582234254558,0.4185798349606661,0.3968588826062411,0.1718551793333697,0.6368795738908755,0.7568336043057281
2420,2013-10-21,0.3402765836038137,0.4245395284224894,0.0923883096479458,0.4179377148811216,0.4003904410721476,0.1718809316516971,0.6392200109701578,0.7481412995442738
2421,2013-10-22,0.3367798756081748,0.4206902712195218,0.0863887360132424,0.4174707791873879,0.3979478372796884,0.1734917185376502,0.6382832020252829,0.7403783528311042
2422,2013-10-23,0.3248759468480389,0.4075864063332309,0.2502400956915324,0.3975661700636521,0.3798387327774973,0.1721577052331107,0.654320669906985,0.7352394808082579
2423,2013-10-24,0.3303070604508079,0.4135650477949815,0.1012950927305522,0.4025861184410387,0.3883831997678583,0.1730733170270675,0.654706919424173,0.7366061985412349
2424,2013-10-25,0.3241319591112613,0.4067674251357726,0.1186686327337269,0.3905032945255199,0.378583086705106,0.1743123944395578,0.6583079361686772,0.7406516713523504
2425,2013-10-28,0.3105171366185559,0.3917799076385016,0.0820509005743462,0.3761439642681746,0.3708038673554151,0.1746889361558188,0.6585168205043848,0.7451891842359737
2426,2013-10-29,0.3211561643787682,0.4034914589141998,0.0721044487953731,0.380580187361287,0.3833311091846865,0.1762723599758451,0.6560150575765424,0.7425650678367351
2427,2013-10-30,0.3163202909540988,0.3981680604148512,0.1009912441378078,0.373809118798185,0.3749730683221103,0.1748820490783793,0.6487809454216935,0.7347474407357503
2428,2013-10-31,0.3248015262043147,0.4075044957839631,0.0686363881480405,0.377603221811753,0.3876474584207944,0.1737926336897917,0.6458006135604355,0.7326153644090194
2429,2013-11-01,0.3207097342451934,0.4030000784820728,0.0270598229660822,0.3744511832106223,0.3808197212402492,0.1746133095916994,0.6232325261259286,0.722939021211465
2430,2013-11-04,0.3223464572774267,0.4048018205437851,0.1135882031473708,0.3760272303447411,0.384302230283018,0.1756254876685682,0.6098156241380026,0.7229937015992803
2431,2013-11-05,0.3166921129864086,0.3985775302977105,0.0743410426593308,0.3665710588742421,0.3766407487087884,0.1748273229465256,0.6134110457663715,0.7161601129343954
2432,2013-11-06,0.3220488684313003,0.4044742612101935,0.0404004343368927,0.3719996038171993,0.380701983464788,0.1760374265454897,0.6065445327415937,0.7239777400353804
2433,2013-11-07,0.3190730736988072,0.4011982949886208,0.1318193179176156,0.3726416682296366,0.3712159016697017,0.1722816149386861,0.6135824428239747,0.7206975841091035
2434,2013-11-08,0.3151298105978996,0.3968576573535263,0.0845648012585391,0.3671547841585163,0.3718829546644421,0.1760567358734194,0.5965386000534518,0.7228843408236497
2435,2013-11-11,0.3187753286380634,0.4008707356550292,0.0398496698963748,0.3719996038171993,0.3760325167019512,0.1762627151335119,0.5869618127728666,0.7258364561319498
2436,2013-11-12,0.3148321592659263,0.3965300151564554,0.0565503471923022,0.3663375910273753,0.3679981828721522,0.1755868493694453,0.5965667621379984,0.7143560355167262
2437,2013-11-13,0.3138649408408995,0.3954653851746733,0.0728358463242417,0.3612593035218254,0.3648198377326291,0.1778895898521958,0.6013600981308767,0.7189481870792496
2438,2013-11-14,0.3134930250798194,0.3950558738600743,0.0691688962927268,0.3669796554398127,0.3681061490828476,0.1792766988977261,0.6091320874501733,0.7182921892611264
2439,2013-11-15,0.3135675082093906,0.3951377015458627,0.0608607670945159,0.3657538657431011,0.3668505030104563,0.1804932454870879,0.6027739839781983,0.7187295072369034
2440,2013-11-18,0.3206351886297753,0.4029181679328051,0.0622735225528709,0.3742760544919187,0.3754046457659283,0.1794231394264301,0.6082497376356792,0.7143013551289109
2441,2013-11-19,0.3108892085942534,0.3921894189531005,0.0701985825759638,0.3644697369182264,0.3603661117918741,0.1788341754596789,0.6114406323674857,0.7159960717709495
2442,2013-11-20,0.3099963170841804,0.3912066166571068,0.1165995612795304,0.3613176983170957,0.3534697820586598,0.177788210969749,0.6213012785399881,0.7159414330920493
2443,2013-11-21,0.3127490998288887,0.3942368512308764,0.0329215083930682,0.3629520845793778,0.3573740969804811,0.1801182948751629,0.6003996031943639,0.7274765340950883
2444,2013-11-22,0.3165432716989602,0.3984136677674355,0.0636617008906092,0.3691394278582056,0.3650356743543654,0.1815520763145498,0.6063455331110579,0.7241963781688113
2445,2013-11-25,0.3174361632090331,0.3993964700634292,0.0644778957041924,0.3727000630249069,0.3661833542160614,0.1811851794406219,0.6189423775774603,0.7200962249698803
2446,2013-11-26,0.3159481877354779,0.3977585491002522,0.0563005644705224,0.3764358269103117,0.3686848747960785,0.1812286303392796,0.6150703707081495,0.7178548295764341
2447,2013-11-27,0.3231647406862346,0.4057027537222508,0.080980436170364,0.3851914835059962,0.3778866232164141,0.1819495381063399,0.6213589082361788,0.7103105627056105
2448,2013-11-29,0.325099177536288,0.407832137981034,0.0600318505275301,0.3872344663338487,0.3807510328879256,0.1817210476663822,0.6270187412145021,0.7126066384868722
2449,2013-12-02,0.3204119579415262,0.402672436285002,0.0514331257048669,0.3841408225279883,0.3717161674658433,0.1809309366823368,0.6240695554997286,0.7186201881701879
2450,2013-12-03,0.3122282490515898,0.3936635602494816,0.086749038835958,0.3794127367927388,0.3579332795641805,0.1800056604027835,0.6173345277041242,0.73075664831245
2451,2013-12-04,0.3088803198575522,0.3899780827133099,0.094084972060737,0.3744511832106223,0.3516059039794315,0.1796291186865225,0.6249360524851733,0.7370981969048273
2452,2013-12-05,0.2995805824980642,0.3797407141657324,0.0772162970020423,0.3616095052921257,0.3370479968723329,0.1783771749365002,0.6242717256960744,0.7380822353409273
2453,2013-12-06,0.3015149568622707,0.3818700984245156,0.0910783105427583,0.3640027455573856,0.3378720655009062,0.1816051720555406,0.6373473255997639,0.739558313849535
2454,2013-12-09,0.3059043689104418,0.3867021164917372,0.1021427957542612,0.3685557025739315,0.3463968935620812,0.1821329865433038,0.6430634827471795,0.7378635554985812
2455,2013-12-10,0.3020356826678757,0.3824433894059104,0.0708479790762718,0.3635941489918151,0.3415801827301771,0.1812077102637505,0.6483376257199283,0.7442598261876889
2456,2013-12-11,0.2957118025267277,0.3754820285116452,0.15960218548003,0.3572316769942835,0.3337715528865346,0.1779249870128564,0.6521251463355997,0.7384102759589041
2457,2013-12-12,0.2890902710536064,0.3681929425568299,0.0617058646356722,0.3531457113385783,0.3252761353193113,0.1768436253622659,0.6555094455818071,0.7387382748679657
2458,2013-12-13,0.2876767162237753,0.3666368492794414,0.0689668322671817,0.3541380331884231,0.3253350521068692,0.1768146515487397,0.6499928475765409,0.7338180826874655
2459,2013-12-16,0.2977950806642295,0.3777751924372243,0.0950524735279837,0.3654036639728008,0.3407169320428864,0.1786201621048526,0.6481899146539634,0.7386289558012502
2460,2013-12-17,0.2906525421991919,0.3699128155010142,0.0863723705894575,0.3577570074832874,0.3322706596984552,0.1777286722383605,0.6518879134114746,0.7372075576804579
2461,2013-12-18,0.2973486192877314,0.3772837291416179,0.0916412634137938,0.3679719772896573,0.3421000874555047,0.1824998834172317,0.6531926944941631,0.7403783528311042
2462,2013-12-19,0.3083596877807176,0.3894047917319151,0.1092191598877208,0.3823897023422727,0.3591202372842484,0.1823309120653991,0.6396886951984018,0.7456811825995661
2463,2013-12-20,0.3123769653673443,0.3938273399162774,0.2246735304274993,0.3866507967166815,0.3662619099328051,0.1837341089436603,0.6351275565251269,0.7486879782956816
2464,2013-12-23,0.3152041999987003,0.3969395264710544,0.0975186881898736,0.3892775048288084,0.372981680902655,0.1852901893410231,0.6386636699224646,0.7464465829022352
2465,2013-12-24,0.3182544778607645,0.4002974032418948,0.0165082974021356,0.3913788267848241,0.3789754820902067,0.1861478731511907,0.6420352869054329,0.7481412995442738
2466,2013-12-27,0.3227183105526598,0.4052113318583841,0.064225289322316,0.3975078309354889,0.3868822107801244,0.1874481000426691,0.6414481727189971,0.7541548492275895
2467,2013-12-30,0.3219001208726223,0.4043104815433978,0.0597895648920762,0.3963403803669405,0.3870588653431434,0.1873949846584148,0.6499042582377361,0.7485239788411507
2468,2013-12-31,0.3223464572774267,0.4048018205437851,0.0158776852505552,0.3962236464435071,0.3885107091080851,0.1885680803491189,0.6592624629813131,0.7437677861151814
2469,2014-01-02,0.3120048309057999,0.3934178286016784,0.1024060928357865,0.3848412817356959,0.3731680112307851,0.1859322490487651,0.6524808092179166,0.7274765340950883
2470,2014-01-03,0.315278589399501,0.3970214784520617,0.0680263795453843,0.3832068954734138,0.3768663568952903,0.1858340916615171,0.6368211981791998,0.7193855467639418
2471,2014-01-06,0.3208585130467949,0.4031638995806082,0.0808940758069175,0.3886353847492639,0.3857443024831941,0.1850938745665272,0.6257743873860717,0.7164881118434571
2472,2014-01-07,0.3390862907051553,0.423229166792904,0.20054844838576,0.4179961096763919,0.4142126068321823,0.1868816668990464,0.6313999036521001,0.7178001491886187
2473,2014-01-08,0.3429547582472569,0.4274878524469912,0.0820367274659779,0.42179021268996,0.4215601529384006,0.186818906672459,0.6289604330172278,0.7104745621601414
2474,2014-01-09,0.3390862907051553,0.423229166792904,0.0866168854302508,0.4165367964657065,0.4196570928004547,0.1869218963025053,0.6220213699865662,0.7068117686459028
2475,2014-01-10,0.3408716988102195,0.4251946885214121,0.0602482151951769,0.4174123843921177,0.4251898102505821,0.1876041854137062,0.6275111114343843,0.7126066384868722
2476,2014-01-13,0.3448891638543869,0.4296172367057744,0.0692537526013179,0.4279775559687879,0.432537452156455,0.183875717229566,0.6376397636697548,0.7075771272396566
2477,2014-01-14,0.3451868151863603,0.4299448789028453,0.0790371867571117,0.4308377875948885,0.4341560831199954,0.1870425845128818,0.6373473255997639,0.7118959185720185
2478,2014-01-15,0.3580469648624587,0.4313371096499587,0.1013975508023433,0.4533106543683739,0.4481842181373462,0.1885713018443177,0.6371134497453197,0.7205335846545727
2479,2014-01-16,0.3505136086676368,0.423229166792904,0.0831983763813209,0.4387178562641617,0.4413663483212212,0.1881706185573288,0.6262951061943716,0.7193855467639418
2480,2014-01-17,0.3490676549261592,0.4216730735155156,0.1412936830295794,0.4407024999638511,0.4423669757131591,0.1870136106993556,0.6292215384368627,0.7216269838663034
2481,2014-01-21,0.3458716913119178,0.418233327627147,0.0610090329645368,0.4310128606464851,0.431742889821488,0.1878343062445266,0.6184252023427124,0.7250164171503806
2482,2014-01-22,0.3416864517686744,0.4137288274617773,0.083523467245654,0.423949985108353,0.4241205903059756,0.1880048687006952,0.6200060091547288,0.7345288026023193
2483,2014-01-23,0.3381859321363711,0.4099614393763379,0.0790689078747924,0.4185214401653958,0.420343784724381,0.1853658159051425,0.6173630627964128,0.7377542364318657
2484,2014-01-24,0.3205315870955229,0.3909608850093036,0.1273233206233882,0.3905032945255199,0.3838216034160624,0.1792236031567352,0.6403334390810282,0.7340367625298116
2485,2014-01-27,0.3149004562966488,0.3849004158617645,0.1018548056123616,0.3788290115084646,0.372981680902655,0.1778187955308747,0.6401575659305172,0.729007251282596
2486,2014-01-28,0.3223578921874196,0.3929264896012911,0.0671357018695223,0.3870593932822521,0.3848221350083456,0.1795792247974671,0.6380784207747408,0.7382462765043732
2487,2014-01-29,0.3241842597651632,0.3948920941932785,0.0904671973504114,0.3850163547872925,0.3864996827594439,0.1766344246069746,0.6350109916056474,0.7379729162742118
2488,2014-01-30,0.3276085154212571,0.3985775302977105,0.0715521760840085,0.3899779083694089,0.3931998148001078,0.1798511661360825,0.6355654676146287,0.7427291090001812
2489,2014-01-31,0.3260865164040345,0.3969395264710544,0.0783217341069071,0.391086964142687,0.3888540550700482,0.1779845257442449,0.6199485659624095,0.7386835944801504
2490,2014-02-03,0.3117044926824074,0.3814606699733959,0.0746965097401564,0.3737507240029147,0.3697444189755741,0.171435186718451,0.6089043662234774,0.7328887246391809
2491,2014-02-04,0.3152810888333792,0.3853099271763634,0.0678068497223549,0.3794127367927388,0.372579418153134,0.1735769899441027,0.6146695738890104,0.7370435582259272
2492,2014-02-05,0.3206077261000384,0.391042836990311,0.0671836081773647,0.3864172732027077,0.3746100834309611,0.1730041334533458,0.6132394622048973,0.7380822353409273
2493,2014-02-06,0.3307284962456004,0.4019353656368113,0.1267884325516776,0.396982500446485,0.3932095863648734,0.1765105345446626,0.616244785584892,0.7405969909645351
2494,2014-02-07,0.3367401346095109,0.4084054289624287,0.0735101445764877,0.4021775218754682,0.4037847186330615,0.1803065755549251,0.6251673172854211,0.7517494126706971
2495,2014-02-10,0.3285976976214887,0.3996422017112324,0.1015737486679668,0.3923711486346688,0.3949852329622469,0.180760354582905,0.6294246411525639,0.7527334511067971
2496,2014-02-11,0.335979056993591,0.4075864063332309,0.0420165228341397,0.4016521913864642,0.405628957783104,0.1839642297744808,0.6336116530602769,0.7520774532886739
2497,2014-02-12,0.3338485707987141,0.4052932424076518,0.0636318147830921,0.3987919597603636,0.4046086914619803,0.1838853817151625,0.6325051255926393,0.7544282094577509
2498,2014-02-13,0.3352181980781353,0.4067674251357726,0.0713386445624384,0.3966906378043479,0.4063843380593538,0.1855862722503664,0.6248493281850804,0.7543188486821203
2499,2014-02-14,0.3353703511154723,0.4069312048025684,0.0620955645109274,0.3958734446732068,0.4097098314682897,0.187002355109423,0.6387222321380113,0.754045530160874
2500,2014-02-18,0.3338485707987141,0.4052932424076518,0.0457124715070272,0.3935969383313803,0.4008711637387578,0.1873451104126229,0.642740271538446,0.7656899502306284
2501,2014-02-19,0.332630971584936,0.4039828807780665,0.047773408206231,0.394297397539088,0.4019600226125505,0.185412488298999,0.6517398293377676,0.7705007816354978
2502,2014-02-20,0.3329353713883806,0.4043104815433978,0.0557716831322536,0.3946475993093883,0.4027840912411238,0.1871874142939863,0.6468028853640899,0.768368705308767
2503,2014-02-21,0.331489417646903,0.4027543882660093,0.0546942813147754,0.3934218096126767,0.4036473419284144,0.1866193704027643,0.6453585993857682,0.7644325515643668
2504,2014-02-24,0.3382620398979631,0.4100433913573453,0.0407415986676211,0.403461650700343,0.4156251727387522,0.1884473921387424,0.6479832683647098,0.7678220265573592
2505,2014-02-25,0.3420668656049405,0.4141383387763763,0.0425278013552107,0.4088901956433001,0.4204712940646079,0.1880467088517534,0.6476880327366514,0.7624098360132666
2506,2014-02-26,0.3394034376213787,0.4112718838694025,0.0338273520432227,0.4043372386267542,0.4186858759024686,0.1880531518421511,0.6492537327351033,0.7665646278910977
2507,2014-02-27,0.3387949504437244,0.4106166823387401,0.0358124420069991,0.4011852000256235,0.412780306196772,0.1895223304421985,0.6392200109701578,0.7655259507760975
2508,2014-02-28,0.337957671337442,0.4097157905920141,0.0680774067407018,0.3989670884790672,0.4078852312474331,0.1903526511864393,0.6432104477976599,0.7665646278910977
2509,2014-03-03,0.3231190322891865,0.393745512230489,0.0844914040139906,0.3837905650905809,0.3847829529496283,0.1881448662390014,0.6540830639751174,0.7793024471725829
2510,2014-03-04,0.336055102269336,0.4076682754507589,0.0667204130357659,0.40106846610219,0.4091114668258729,0.1926795332399178,0.6478355572987449,0.7706101424111286
2511,2014-03-05,0.34244731068413,0.4145478500909753,0.0618974529771188,0.4103494531868785,0.4177932147212263,0.1926634454071869,0.6484853367858932,0.760332398365436
2512,2014-03-06,0.3464044144001383,0.4188066186085418,0.0598148355432429,0.4108748393429895,0.4265043731105314,0.1931815954093536,0.6473927971085931,0.760933757504659
2513,2014-03-07,0.3371965312356751,0.4088968093945558,0.0626887133648323,0.3998426764054785,0.4127901735611922,0.1933441237707884,0.667559274194075,0.7665099892121976
2514,2014-03-10,0.3408494538487032,0.412827977146791,0.0574883008853243,0.4039286420611837,0.4157723210081648,0.1932041262324822,0.6699976258057199,0.7585283626566819
2515,2014-03-11,0.3363595958015509,0.4079959176478299,0.0332292241037276,0.4010100713069199,0.4127018462796827,0.1916689659106485,0.6700276529289779,0.7525694516522663
2516,2014-03-12,0.331869893969016,0.4031638995806082,0.074961798877517,0.3952313245936624,0.4035885209405112,0.1917606803074988,0.6667778229738828,0.7414170299461044
2517,2014-03-13,0.3285217460745141,0.3995603325937043,0.070607893134219,0.3893358439569715,0.3918067920230693,0.1882430236262493,0.6740430812752163,0.7425650678367351
2518,2014-03-14,0.3222057391500825,0.3927627099344953,0.1119696609432538,0.3818643161861618,0.3782397407431428,0.1874046491440114,0.6679201591847843,0.7463372221266045
2519,2014-03-17,0.3276085154212571,0.3985775302977105,0.0645351857544162,0.3872344663338487,0.3942298526859972,0.1902528830515919,0.6753749054192244,0.741909070018612
2520,2014-03-18,0.3338485707987141,0.4052932424076518,0.0933371068702973,0.3919625520690983,0.4017246428612828,0.1924124045008373,0.677496759961498,0.7507653742345971
2521,2014-03-19,0.332630971584936,0.4039828807780665,0.0460289522633615,0.3916706894269612,0.4058349270404201,0.1905650734369295,0.6781646303241493,0.7544282094577509
2522,2014-03-20,0.3341528456304647,0.4056208431729831,0.0821700381612655,0.385424951352863,0.4045204599801254,0.1923737858449779,0.6606955587273646,0.7492893374349046
2523,2014-03-21,0.3340767066259492,0.4055388911919758,0.1035312175654905,0.3828566380360065,0.4018913342602269,0.1914903497164829,0.6548852171250095,0.7494533368894354
2524,2014-03-24,0.3283694993084066,0.3993964700634292,0.0645090961469617,0.3756186337791707,0.3881574957817018,0.1900292052111692,0.6569970004582399,0.7502186954831893
2525,2014-03-25,0.3344572454339092,0.4059484025065746,0.0765542082602699,0.3756769729073339,0.3957503848032625,0.1913455199353783,0.6637775351984094,0.747977300089743
2526,2014-03-26,0.3447302311026552,0.4170047936833501,0.0721309547319572,0.385950337508974,0.4104946222384912,0.1892439461131855,0.660665718107978,0.7538268503185278
2527,2014-03-27,0.34815467421629,0.4206902712195218,0.0619727231757516,0.3851331443778329,0.4162039942516374,0.1886775129695629,0.6548852171250095,0.7594030403171512
2528,2014-03-28,0.3580469648624587,0.4313371096499587,0.0849949430292426,0.392954873918943,0.4289470727026453,0.1900581790246955,0.6485149909014087,0.7615351166438821
2529,2014-03-31,0.3649717713937793,0.4387899752715697,0.0894401355216875,0.3827982989078433,0.4300849809995756,0.1924268815859688,0.6502000533774079,0.7610431182802897
2530,2014-04-01,0.3740272828204412,0.4485359219552806,0.127275646195061,0.3940055348969509,0.4421118612330507,0.1945477843793548,0.6537861498122186,0.7509840540769432
2531,2014-04-02,0.3720487934482839,0.4464065376964974,0.1084569202753337,0.3933634704845135,0.4394337818896693,0.1954135219275195,0.6568780109884351,0.7503280562588199
2532,2014-04-03,0.3822456713554379,0.4573810183240052,0.1071764721063641,0.412100629039701,0.4539818216323475,0.1950707666243197,0.6527180421420418,0.7539908497730586
2533,2014-04-04,0.3884094627566856,0.4640148613164184,0.1025019802853148,0.415602869411132,0.4631148817003595,0.1912602288856624,0.6457709594449199,0.7586376817233973
2534,2014-04-07,0.3843003309750341,0.4595923131320561,0.0737830614959009,0.4104078479821487,0.4561498636148219,0.1880338425142214,0.6426815228190284,0.7548108887546279
2535,2014-04-08,0.3842240982417482,0.4595104025827883,0.147302015385971,0.4069055519436108,0.4438188194781006,0.1891473798302735,0.6487809454216935,0.766400628436567
2536,2014-04-09,0.3917062160420664,0.457790529638604,0.0807257154689081,0.4052711656813287,0.444279903215525,0.1924011489109048,0.656639845544954,0.772086179210821
2537,2014-04-10,0.3843563807797534,0.4500100632516617,0.0718135011356568,0.3934802044079469,0.429653307756103,0.1861092544953313,0.6662972024978837,0.7709928217080055
2538,2014-04-11,0.384898008101165,0.4505834370965357,0.1069748750018427,0.3884019169023971,0.4168318651876604,0.1833108948335428,0.6712035598366899,0.7728515378045749
2539,2014-04-14,0.3802559970166757,0.4456694670483068,0.1302240774967816,0.3902114318833828,0.4151445458717965,0.1857117927035412,0.6649165143396301,0.7745462961555287
2540,2014-04-15,0.3745309812327507,0.4396089979007677,0.125023351979928,0.3829150328312767,0.4068355544323578,0.1877023428009541,0.6603671254102388,0.7729062181923902
2541,2014-04-16,0.3837374584656575,0.4493549445844786,0.0790928947566431,0.3920209468643685,0.4229630430798593,0.1908128928480803,0.6595608691751809,0.7729608985802056
2542,2014-04-17,0.3848206506226339,0.4505015265472681,0.0665621310246857,0.3892775048288084,0.4253664648136012,0.191221610229803,0.6619212621686781,0.7759130138885056
2543,2014-04-22,0.389153044335458,0.4550878543984261,0.0952693725725133,0.3959901785966402,0.4396299795822197,0.1935871109391409,0.6569078516078217,0.7640498722674899
2544,2014-04-23,0.3835827435085953,0.4491911649176828,0.1389755055201885,0.3932467365610801,0.438315512521925,0.192917688165472,0.6592624629813131,0.7602777596865358
2545,2014-04-24,0.3876056448214479,0.4534498920035095,0.0783501003496019,0.3992589511212043,0.4420039908220098,0.1934358381676386,0.6606955587273646,0.7630111951524897
2546,2014-04-25,0.3780896751885697,0.4433763031227278,0.101113514206178,0.3883435221071268,0.4267202097322679,0.190988287547047,0.6626993563191894,0.7556855664150972
2547,2014-04-28,0.38342809103738,0.4490273438191473,0.0619951079809517,0.3875263289759858,0.4281622819324439,0.1919586254728575,0.6640472197961176,0.7569976037602589
2548,2014-04-29,0.3917833235772098,0.4578724401878718,0.0891363533308043,0.3961069125200737,0.4419058919757347,0.1933907765213815,0.665966904142046,0.7594030403171512
2549,2014-04-30,0.3927892832273489,0.4589371116013936,0.0913882470267747,0.3902114318833828,0.4417096942831843,0.1942951327254057,0.6598296212535335,0.7509840540769432
2550,2014-05-02,0.3916287335918414,0.457708660521076,0.0424693519074109,0.3903281658068163,0.4432302264004496,0.1938429644450253,0.6687928107979773,0.7510934148525739
2551,2014-05-05,0.3922475309342433,0.4583638206199988,0.061205784841188,0.3889856421866713,0.4434754735161376,0.1944093975886479,0.6690638009227838,0.7495626976650661
2552,2014-05-06,0.3883022370433097,0.4541870040834397,0.0506193097643103,0.387292861129119,0.4439071467596102,0.1916834429957799,0.6695757540491389,0.7496720167317815
2553,2014-05-07,0.3920157084420378,0.4581180889721957,0.0648005971555211,0.3858336035855406,0.4372756072716154,0.1933714671934518,0.6781342301931492,0.756614924463382
2554,2014-05-08,0.405090372030735,0.4719591073701565,0.078792363094964,0.4002512729710491,0.4546783809206941,0.1929563068213314,0.675163037021578,0.7538268503185278
2555,2014-05-09,0.3980500291683934,0.4645062417485453,0.0644726183372258,0.3957566550826663,0.4444761009080754,0.1934149180921095,0.6646166161147924,0.7523507718099202
2556,2014-05-12,0.4002164134823462,0.4667994056741244,0.0659848195416697,0.3980915005526561,0.4523043696809038,0.1963387982070729,0.6515322505291581,0.7556308860272819
2557,2014-05-13,0.405090372030735,0.4719591073701565,0.0517069480083872,0.3992589511212043,0.4542859855355933,0.1964675205121831,0.6509104466226854,0.7616991160984129
2558,2014-05-14,0.4083398235299704,0.475398853258525,0.075935350292115,0.4003680068944825,0.4569052438910715,0.1950321479684603,0.6435338455102644,0.7653619513215668
2559,2014-05-15,0.390622961399243,0.4566439476758145,0.1055060963986152,0.3855417409434035,0.4324884027333174,0.1921871159128152,0.6451817937159012,0.7606057585955974
2560,2014-05-16,0.4034658649815816,0.4702391515624929,0.0739749702526776,0.3933634704845135,0.4436422607147364,0.1933151499572621,0.6446224686062696,0.7634485131282669
2561,2014-05-19,0.3992105163180539,0.4657347342606026,0.0464105152756285,0.3909702302192536,0.4384233829329659,0.1944769704147702,0.642564025380193,0.7666739886667284
2562,2014-05-20,0.4063281541730797,0.4732694689997418,0.0602681378615247,0.3945892601812251,0.4411995611226226,0.1925057296452871,0.6442104815548604,0.7657446306184437
2563,2014-05-21,0.410970227743416,0.4781833561844914,0.0482315346724269,0.4020607879520348,0.4488120890733692,0.1949516891615426,0.6426815228190284,0.7746556152222441
2564,2014-05-22,0.4047806921732227,0.4716314651730856,0.0724416637963583,0.4063218823264436,0.4477525448938736,0.195669375433404,0.6391907298623842,0.7728515378045749
2565,2014-05-23,0.4084171185226546,0.4754806809443134,0.0287527721446367,0.4097073887744411,0.4515098073459366,0.1969631593344847,0.6349235212900697,0.776186332409752
2566,2014-05-27,0.4173142283272838,0.4848990682944327,0.0863271540839916,0.4193386332965368,0.4667445390125412,0.1987944025656616,0.6344277940005061,0.7748742950645903
2567,2014-05-28,0.4207182073260406,0.488502718144816,0.0484572103566072,0.4223155988460709,0.4709627894023739,0.1984516472624618,0.6321850849497157,0.7672753478059515
2568,2014-05-29,0.416617761077116,0.4841619976462422,0.0507067009376017,0.4198639637855408,0.4687653369259482,0.2001010528042743,0.6253696739856383,0.7719768601441055
2569,2014-05-30,0.42040890238361,0.4881750345160054,0.0659144145968652,0.4228409293350749,0.4750338915227939,0.2006706877998323,0.6271054655145949,0.7672206674181362
2570,2014-06-02,0.4204861348904473,0.4882569864970128,0.0429229082391615,0.4227825345398046,0.4778493475708226,0.2008959763878545,0.6307892899778975,0.7659086300729745
2571,2014-06-03,0.4198671500905044,0.4876017435346106,0.043701392065587,0.4213816161243894,0.47287571690474,0.2007785096726768,0.6262372899943098,0.7669473488968899
2572,2014-06-04,0.4210278871835529,0.4888302774784076,0.0587994309301473,0.4223155988460709,0.470805773768541,0.2013642521442291,0.6296857465721988,0.7668379881212593
2573,2014-06-05,0.4265980630387217,0.4947269669591509,0.094023924508369,0.4358576803051681,0.4826561910383063,0.2033885886547032,0.6270476493145332,0.7659633104607898
2574,2014-06-06,0.4433090280051568,0.5124171596965998,0.091538953955692,0.4517930020295252,0.5010889067736201,0.2048336256840226,0.6360908490197075,0.7669473488968899
2575,2014-06-09,0.4483378889681487,0.5177406410594279,0.0500537398167462,0.4526685899559365,0.5108791524719519,0.2051281174890299,0.6331164852823268,0.7765143730277287
2576,2014-06-10,0.44709998185411,0.5164302794298425,0.0730030124827478,0.4496332852782392,0.509839343021297,0.2050508801773111,0.6252540415855143,0.776186332409752
2577,2014-06-11,0.444856240061626,0.5140551635232562,0.0515870199231206,0.4425120149448368,0.5021288120239297,0.2039405447131944,0.6171623846310366,0.7764596926399134
2578,2014-06-12,0.4437732353621905,0.5129085815604666,0.0383363872901917,0.440935967810718,0.5034629180134101,0.2017230952801599,0.6165601636310363,0.7881041127096678
2579,2014-06-13,0.4463263445829519,0.5156112568006446,0.0589384743194496,0.4428622167151371,0.5059350280994758,0.2026966547011691,0.6192872232352491,0.7901815503574986
2580,2014-06-16,0.4369649024495952,0.5057014475866586,0.052202437642468,0.4334644957070153,0.4955855998174442,0.2029573404498519,0.6167035851079643,0.7901268699696832
2581,2014-06-17,0.4369649024495952,0.5057014475866586,0.0517806625062724,0.4331726330648782,0.5005199526251548,0.2036347973182545,0.6228287452448507,0.7871747546613831
2582,2014-06-18,0.4367330174715427,0.5054557988023347,0.0474154083687005,0.4328223756274708,0.5057976513948287,0.2060469507781855,0.6182528727657537,0.7850426783346522
2583,2014-06-19,0.44624879964688,0.5155293462513768,0.0901381128884276,0.4407024999638511,0.5132041142886047,0.2064492448127739,0.6249360524851733,0.7875574339582601
2584,2014-06-20,0.4450110175045352,0.5142189846217915,0.0988100304800669,0.4364414055894423,0.5099962628554754,0.2069947578808675,0.6281774897660661,0.7920949468418833
2585,2014-06-23,0.4429220531549603,0.5120077312454803,0.0594712101276599,0.4344567618897529,0.5063862444724797,0.2069529177298092,0.6253118577855761,0.7861360358374677
2586,2014-06-24,0.4452431524259754,0.5144646748378552,0.0982625987805812,0.4326472469087672,0.5051698762584601,0.204920527481338,0.626700379106419,0.7853706772437139
2587,2014-06-25,0.4351082604790015,0.5037358429946712,0.0890492604388893,0.4258178392175019,0.4915144976970241,0.2064572985507711,0.6273083817264251,0.787940113255137
2588,2014-06-26,0.4334835659723073,0.5020159700504869,0.0971370398037851,0.4214400109196596,0.4937020828090298,0.2060855694340449,0.630934762997408,0.7843319584197985
2589,2014-06-27,0.4300022294950193,0.4983305753777945,0.0397308211048517,0.4202725603511114,0.4908474447022838,0.2066873997383282,0.62843840868183,0.7837852796683907
2590,2014-06-30,0.4286094824522245,0.4968563512179342,0.1484780450472481,0.4172956504686843,0.4872766083780054,0.2065699330231505,0.6333494286174151,0.7817625641172905
2591,2014-07-01,0.4378934421353563,0.5066842498826525,0.0614594968667528,0.4278608220453544,0.4955463219590722,0.2086763390881416,0.6410373046908149,0.7815985229538446
2592,2014-07-02,0.4363461051071932,0.5050462874877357,0.0697232190298054,0.4280359507640581,0.4963703905876456,0.2088855398434329,0.6390443243235178,0.7768970523246057
2593,2014-07-03,0.4456299398186311,0.514874186152454,0.1051552321261665,0.4364997447176055,0.503610066282823,0.2106266597820957,0.6346902049472389,0.7746009348344288
2594,2014-07-07,0.4287643848668276,0.49702013088473,0.0867858908149116,0.4228409293350749,0.4838431487583742,0.2093731249277373,0.624589341788673,0.771703499913944
2595,2014-07-08,0.4185520104696286,0.486209554219237,0.1012036816096652,0.4123340968865678,0.4642822004912416,0.2071299231763754,0.6273661979264873,0.7709928217080055
2596,2014-07-09,0.4269847254596833,0.4951364782737499,0.1147710827403268,0.4189300367309664,0.4699523904456705,0.2085974910288233,0.6290764384250942,0.7649245916368744
2597,2014-07-10,0.4131364870856751,0.4804765201100705,0.1233160737013313,0.4036367794190466,0.449027829895451,0.2072860281906759,0.6331164852823268,0.7684233856965823
2598,2014-07-11,0.4139101868426801,0.4812955427392684,0.0870474129641478,0.4014186678724903,0.4495379630560129,0.2077510628085883,0.6271925628224302,0.7569429650813587
2599,2014-07-14,0.4207182073260406,0.488502718144816,0.0706422123564679,0.4054462944000323,0.4561596351795874,0.2092846123828225,0.6269896466106,0.757380324766051
2600,2014-07-15,0.4143223434891997,0.4694202117967743,0.131928753454819,0.3989087493509041,0.4433676031050967,0.2086699157410073,0.6298019384839362,0.7521867723553893
2601,2014-07-16,0.42577175019858,0.4812955427392684,0.1456672574257562,0.4076644059465886,0.462251631013069,0.2100039094022834,0.6220213699865662,0.758965680632459
2602,2014-07-17,0.4155067627182442,0.4706486628770919,0.0710638884168706,0.3992589511212043,0.449979407864251,0.2062303992151495,0.615442632435,0.7698447838173746
2603,2014-07-18,0.4178756636621805,0.473105689332946,0.0923474703953283,0.3977412987823557,0.4483804158298966,0.2094648393245876,0.6136969562008712,0.7695167431993979
2604,2014-07-21,0.4131378617743081,0.4681916778529774,0.0475071989287942,0.394297397539088,0.4439659677475135,0.208726232977197,0.6157863590695623,0.7774983697549136
2605,2014-07-22,0.4249821165506012,0.4804765201100705,0.0659299600103644,0.4076060111513183,0.4603387035107028,0.2103193212828198,0.6149843924235412,0.7765690117066288
2606,2014-07-23,0.4265613213607118,0.4821145653684662,0.0633815240343744,0.4109915732664229,0.461339235102986,0.2108793114360447,0.6057494667388064,0.7694621045204977
2607,2014-07-24,0.4382473619725132,0.4942356279587636,0.0735502312746785,0.423949985108353,0.481116019991855,0.2110353968070818,0.6049551467515035,0.7637218733584283
2608,2014-07-25,0.4401423702531376,0.4962012325507509,0.0557387119731863,0.4255259765753648,0.4838038709000024,0.2094841486525173,0.6052388191395497,0.7638311924251437
2609,2014-07-28,0.4379315585019993,0.4939080271934323,0.0515204757722443,0.4216734787665265,0.4829896696358492,0.2095758826926309,0.5996375483767731,0.7615351166438821
2610,2014-07-29,0.4407738522224715,0.4968563512179342,0.1325430950424163,0.4233662598240788,0.485089023266,0.208134047515247,0.601218914700403,0.7577083236751126
2611,2014-07-30,0.4463011003007818,0.5025892610318816,0.0630327424615714,0.4293201352560399,0.4886402206610923,0.2081533568431767,0.5968481964795902,0.753881488997428
2612,2014-07-31,0.4342203990796084,0.4900588114222045,0.0787737927077891,0.4120422342444307,0.4660578470886151,0.2018132185726741,0.5944872439744795,0.7424010683822043
2613,2014-08-01,0.4234817688793488,0.4789204682644216,0.0662131818662331,0.4020023931567645,0.4471051308283192,0.2009249502013807,0.5935330901695861,0.7408156708068813
2614,2014-08-04,0.422850036966627,0.4782653081654988,0.0494341292941647,0.4010100713069199,0.4453589905245519,0.2031520444767484,0.5996375483767731,0.7430571079092428
2615,2014-08-05,0.4155858073146432,0.4707305734263596,0.0598219995662651,0.3936553331266506,0.4313896764951045,0.2001300069745371,0.5985660836369149,0.7380822353409273
2616,2014-08-06,0.4117957907533943,0.4667994056741244,0.0656799401390805,0.3884602560305603,0.420834278955757,0.2001348392173354,0.5907877531859989,0.7355674797173195
2617,2014-08-07,0.4016888299800095,0.4563163469104833,0.0742781590428014,0.3783620758147309,0.404392854840244,0.1984178412061372,0.5924398044768016,0.7378635554985812
2618,2014-08-08,0.4069792566983577,0.4618035665083673,0.073076918808232,0.3811638569784542,0.4069630637725846,0.201961250205714,0.5885799203591169,0.739558313849535
2619,2014-08-11,0.4086373186473263,0.4635234394525516,0.0730502632039608,0.381922710981432,0.4156644505971241,0.2028189536591451,0.595919966712789,0.741909070018612
2620,2014-08-12,0.4087163007578783,0.4636053500018194,0.0465099936956492,0.3853082174294296,0.4203731952183326,0.2023088377517122,0.5927479088719705,0.7380275966620271
2621,2014-08-13,0.4146382094455606,0.4697477711303658,0.0522987762030531,0.3899195692412457,0.4265043731105314,0.2043959344887736,0.5898089808701112,0.7392302732315581
2622,2014-08-14,0.4132171563140948,0.4682736298339847,0.043892579887871,0.387292861129119,0.4256018445648689,0.2057573108592399,0.5900885501729916,0.7282418926888421
2623,2014-08-15,0.4068213549631009,0.4616397868415716,0.049418534342769,0.3820978397001358,0.4184799066451526,0.2057380015313102,0.5894736469097521,0.7379182358863965
2624,2014-08-18,0.4158228161321461,0.4709763050741628,0.0502717402889731,0.3903865049349795,0.4313504944363872,0.2084220963298566,0.5936172034154825,0.7327794055724653
2625,2014-08-19,0.4171649496389068,0.4723685358212762,0.0251622622493086,0.3916706894269612,0.4345975279282338,0.2100087416450816,0.5890265971305635,0.7222283430055265
2626,2014-08-20,0.4170860925000487,0.4722866667037481,0.0357457545124225,0.391612350298798,0.4379721665599617,0.2107988526291271,0.5829003179704502,0.7309206477669807
2627,2014-08-21,0.425850607337438,0.4813774947202757,0.0396727005043644,0.4010100713069199,0.4512645602302486,0.2117418274890107,0.5732823133343368,0.7193855467639418
2628,2014-08-22,0.4221395728867411,0.4775282375173083,0.0322163480313456,0.3974494361402186,0.4457513859096528,0.2111029892764675,0.5762300070181408,0.7176908301219033
2629,2014-08-25,0.4366680946765557,0.4925975827003677,0.0787738000857737,0.4116336376788603,0.4643802993375167,0.2126349281031023,0.5636161906994623,0.7160507521587648
2630,2014-08-26,0.4452747077786881,0.5015246310500996,0.0489492913618144,0.4195137620152405,0.4778002981476849,0.2129728511635039,0.5620911485449247,0.718838868012534
2631,2014-08-27,0.4463802698688747,0.502671213012889,0.0524229181715098,0.4198056246573776,0.4788303360335743,0.2129889389962347,0.5591563236282313,0.7189481870792496
2632,2014-08-28,0.4371419248540206,0.493089045995974,0.0406282717705534,0.4125092256052716,0.4675293297827426,0.2124450366757407,0.5623906737620199,0.7226110223024034
2633,2014-08-29,0.4376156300597914,0.4935803849963614,0.0470094168495062,0.4115169037554268,0.468176743848297,0.2135119212411997,0.5614654280571576,0.7303192886277576
2634,2014-09-02,0.4369049160365177,0.4928433143481709,0.0359291427510131,0.4143770797144205,0.4707469527806377,0.2133365265422328,0.5531762635031134,0.7134813161473417
2635,2014-09-03,0.4449590292798681,0.5011970302847684,0.0533786011614653,0.4246504443160606,0.4836763615597755,0.2130854856358832,0.5531762635031134,0.728023212846496
2636,2014-09-04,0.4609088541445363,0.5177406410594279,0.1149576350803022,0.4440880064118486,0.5046008263103404,0.2125914772044446,0.5561483891940402,0.7220643018420805
2637,2014-09-05,0.461935184180783,0.5188053124729497,0.0752349160565114,0.4431540793572742,0.509388126648293,0.2142102981851314,0.522009042080682,0.7157227532497031
2638,2014-09-08,0.4597244974013386,0.5165121485473705,0.0347299514881598,0.4414612982997219,0.5048460734260284,0.2132174490794558,0.5252327614938139,0.7122786395778107
2639,2014-09-09,0.4502492060548285,0.5066842498826525,0.1263880398687778,0.4325305129853338,0.4900331476384761,0.2111094126236018,0.515488307233049,0.712770637941403
2640,2014-09-10,0.4463011003007818,0.5025892610318816,0.0877209818499187,0.4365581395128757,0.4886794027198097,0.2122760653239082,0.5234494114777093,0.7068664073248029
2641,2014-09-11,0.4424322266006749,0.4985762241621184,0.0576641024477763,0.4348070193271602,0.483627312136638,0.2125592818957195,0.5195524130896623,0.7132079976260953
2642,2014-09-12,0.4451166810717373,0.5013608513833037,0.0415031036435442,0.43474862453189,0.4838824266167462,0.2106427672580899,0.5205709107301086,0.7101465215421646
2643,2014-09-15,0.4426690479606369,0.4988219558099215,0.109125537479457,0.4307793927996183,0.4792128640542549,0.2104158679224683,0.5262833378001008,0.7136999959896878
2644,2014-09-16,0.4403001470167007,0.4963650122175467,0.0485050723965421,0.429378474384203,0.4750338915227939,0.2128054905592708,0.5231088554089574,0.7244150580111575
2645,2014-09-17,0.4451957881539831,0.5014426790690922,0.0751966190465789,0.4359160751004384,0.485697255272837,0.2132222616789907,0.5261259285328357,0.7219003023875497
2646,2014-09-18,0.451828473350786,0.5083222537093086,0.0924582002418256,0.4434459419994113,0.4938982805015802,0.2147976514042831,0.5090611973287424,0.714520034971257
2647,2014-09-19,0.4502492060548285,0.5066842498826525,0.1090736892198561,0.4412862252481253,0.4949675962458414,0.2146431767808455,0.5200224028450047,0.7109119218448336
2648,2014-09-22,0.4475646890979193,0.5038997055249463,0.069390741748915,0.4367332682315794,0.4896702585469817,0.2120507963791494,0.5077187424640781,0.7060463683432336
2649,2014-09-23,0.4403792540989466,0.4964468399033352,0.0649134371056068,0.4289115386904694,0.4753379596263852,0.2101970223248438,0.5092937676560882,0.7062650481855798
2650,2014-09-24,0.4451957881539831,0.5014426790690922,0.0614687362114361,0.4339314314007489,0.4807432635359404,0.2126960775820902,0.5096813227003747,0.7130439981715645
2651,2014-09-25,0.4433798244697575,0.4995590264581122,0.0679158489044705,0.4322386503431967,0.4735034920411084,0.2074968200503032,0.497809418781201,0.7115679196629568
2652,2014-09-26,0.4478803675967393,0.5042273062902776,0.0523113598827445,0.4385427832125651,0.4802037198814269,0.2102098886623758,0.4945194904938044,0.7170894709826802
2653,2014-09-29,0.4321674265778801,0.4879294271634212,0.0701280395574479,0.422607405821101,0.4639781323876503,0.2093972664984653,0.4813920425139304,0.7227203413691189
2654,2014-09-30,0.4392738169804538,0.4953002579405457,0.0856080008475238,0.4314214572120557,0.4776629214430378,0.2085106088747714,0.4841599464659287,0.7040783331799488
2655,2014-10-01,0.4348520685064833,0.4907139300893876,0.2257129061124786,0.4339314314007489,0.4705703940172733,0.2043058308395228,0.4743813619967403,0.7017275770108717
2656,2014-10-02,0.4114799872828804,0.4664718049087932,0.1108612905625215,0.4137350153019831,0.4376974131506678,0.2043074415871222,0.4737328880366904,0.7032582941983796
2657,2014-10-03,0.4219815461797902,0.4773643749870331,0.0625607496003659,0.4206228177885186,0.4523631906688071,0.2078041781928425,0.4809901266715641,0.696315344757864
2658,2014-10-06,0.4267190981242749,0.482278345035262,0.0541527741369034,0.4230160023866715,0.4600247680426913,0.207308539370541,0.456432042931699,0.6995954589752257
2659,2014-10-07,0.4124273352085752,0.4674546072047869,0.0652278973481654,0.4116920324741305,0.4389335160935276,0.2025260726017373,0.4771546745610024,0.6914498329651791
2660,2014-10-08,0.4084004348015174,0.4632777906682278,0.4653998815413985,0.4063802214546068,0.4299378327301627,0.2079634850590785,0.4805882108291981,0.6830308467249712
2661,2014-10-09,0.4041365255769568,0.4588552424838655,0.5164248666255642,0.4045123673454579,0.4235319972283243,0.20141734788522,0.492332359596622,0.6746118604847631
2662,2014-10-10,0.4001887322521449,0.4547602950648345,0.0793726573917439,0.4010100713069199,0.4114462002072913,0.19786429404331,0.4838828017133738,0.6748852207149246
2663,2014-10-13,0.4028733116949011,0.4575447979908009,0.0956181014454265,0.4035200454956131,0.4150562185902871,0.1928130877878263,0.4761794458186672,0.6744478610302324
2664,2014-10-14,0.4027942670985022,0.4574629288732728,0.0672859302834401,0.4009517321787567,0.4167828157645229,0.1932893976389347,0.4893387859605107,0.6531270560540083
2665,2014-10-15,0.3800538553017741,0.4338759637916012,0.1453339337846353,0.3829150328312767,0.3808393601694351,0.1908418470183431,0.4760543017211136,0.6527990571449468
2666,2014-10-16,0.3699468945283893,0.4233929464596997,0.3126944979682385,0.3741009814403221,0.3642802940781157,0.1908852979170008,0.5046276273033461,0.6578285683921624
2667,2014-10-17,0.3883447899050865,0.4424754528077415,0.120698629327617,0.386767530640115,0.392444434523858,0.1947473206490495,0.5019305948223913,0.6581019286223239
2668,2014-10-20,0.3882638707332789,0.4300267065886337,0.5051892026859444,0.3866507967166815,0.3883635608386724,0.1975231494877095,0.4933489921983565,0.6578832487799777
2669,2014-10-21,0.399159715324479,0.4410831391971488,0.4869781507637541,0.4005431356131861,0.4116031200414698,0.2035205520982757,0.5004952610298854,0.6584299275313855
2670,2014-10-22,0.4026303667219374,0.4446048370665247,0.1277998562150962,0.4044539725501876,0.421197263846906,0.2012403424386538,0.4878961785170295,0.6459107880922466
2671,2014-10-23,0.4056972345763684,0.4477168993260828,0.0863389989112276,0.4088901956433001,0.4294179280048352,0.2050556927768459,0.4764291745021605,0.6544937737869854
2672,2014-10-24,0.4065850334899145,0.448617873936288,0.1052777930979285,0.4130345560942755,0.4299672432241145,0.2072699207146816,0.4784063020404083,0.6485895848793003
2673,2014-10-27,0.39246085761575,0.4342854751062001,0.1334283530616091,0.402644457569202,0.4158312377957228,0.2067952216111726,0.4819450264919422,0.648534904491485
2674,2014-10-28,0.4004510478376647,0.4423935008267342,0.0802207166667081,0.4103494531868785,0.4354117291923868,0.2105639191987717,0.4858243070122285,0.6508309802727467
2675,2014-10-29,0.3919764673301497,0.4337941361058128,0.0892978289552076,0.3885186508258306,0.4209911987899354,0.2101213957607245,0.4915956693055099,0.6550951329262085
2676,2014-10-30,0.3902818511607121,0.4320742631616285,0.1039228146367792,0.3812222517737245,0.4225510087655727,0.2121087243629385,0.4750801920020053,0.6491909440185234
2677,2014-10-31,0.4055358961195289,0.4475531196592869,0.0995134011535312,0.3938888009735174,0.4435539334332269,0.2158742004553387,0.472038686871004,0.6460201488678772
2678,2014-11-03,0.4024687158358632,0.44444093310451,0.1481508999412098,0.3863005392792743,0.433410570208166,0.2158355817994793,0.4547921143925224,0.636398444349223
2679,2014-11-04,0.3830986031663828,0.4247852600702924,0.1285227543057346,0.37515164241833,0.4118288240276263,0.2149167288670602,0.4536676825532528,0.6277061395877687
2680,2014-11-05,0.3898781301035315,0.4316647518470295,0.0681267528095341,0.3829733719594399,0.4238459326963358,0.2167624491833686,0.4625268029375851,0.6358517655978152
2681,2014-11-06,0.3855200547076087,0.4272422036626673,0.1577656196157346,0.3804050586425834,0.4223645826377878,0.2179918621102624,0.4511789748963923,0.6316422933321688
2682,2014-11-07,0.3748662178016679,0.4164315027019553,0.0870132423555882,0.3708321532486509,0.4090721889675011,0.2181061269735046,0.4355396927796331,0.6356877661432845
2683,2014-11-10,0.3815651379962438,0.423229166792904,0.0988647118857446,0.3778367453257268,0.4234633088760008,0.2191263391451071,0.4482594432971347,0.6288541774783996
2684,2014-11-11,0.3864076661636139,0.4281430539776537,0.1134962903235328,0.3813973804924281,0.4299181938009767,0.2193548492283281,0.4433400306873469,0.6318062927866996
2685,2014-11-12,0.3736555545169019,0.4152030101898982,0.0661092987894212,0.3680303720849276,0.4121132532020316,0.2191247283975077,0.4505215487505265,0.6276514591999534
2686,2014-11-13,0.373897749659702,0.4154487004059616,0.0509115369773514,0.3687308312926352,0.4104554401797738,0.219298512348875,0.4433400306873469,0.6114148458587604
2687,2014-11-14,0.3765610214286464,0.4181513756461396,0.0680540132596106,0.3711824106860583,0.4112009530916033,0.2193773604081933,0.4505456077499072,0.6202165113958453
2688,2014-11-17,0.3843090165077609,0.4260136697188704,0.0688030852775272,0.3795878655114424,0.4269948673419074,0.2196187368289463,0.4571918597028359,0.6192324729597454
2689,2014-11-18,0.3885866726186519,0.4303543902174442,0.3040804585575934,0.385424951352863,0.439149352715264,0.2213051699222822,0.4463177514944088,0.6136016025733066
2690,2014-11-19,0.3879410688479059,0.4296991472550421,0.0654616234675147,0.378420414942894,0.4336459499594337,0.2208095310999807,0.4595239041079155,0.6134376031187758
2691,2014-11-20,0.3770454117142466,0.4186427560782667,0.0799993528875129,0.3505190032264516,0.4172046216435753,0.2214580337981204,0.4606796685975411,0.6189044740506837
2692,2014-11-21,0.3967385137266409,0.4386261956047739,0.1463760361619139,0.363302286349678,0.4477721838230596,0.2231878981468506,0.4613441818905113,0.6239886656857146
2693,2014-11-24,0.4105396377720446,0.4526309108060513,0.1264082745184732,0.3689059043442317,0.4597108325746798,0.2241389071014679,0.4347487298620114,0.6199978315534992
2694,2014-11-25,0.4162702147963486,0.4584457311692666,0.0814756464950288,0.3729335308717737,0.465312238377131,0.2237559420380726,0.4438476942246652,0.610758806331722
2695,2014-11-26,0.414655955426096,0.4568077273426104,0.058658984669778,0.3719996038171993,0.4601522773829182,0.2246892720556231,0.4512765164210131,0.6085720913260909
2696,2014-11-28,0.4233725436188703,0.4656528237113349,0.0658467057784239,0.3781285523007569,0.4722871238270888,0.2238412330877886,0.4483566118140132,0.5673518794944354
2697,2014-12-01,0.4174806281377268,0.4596741822495842,0.0516947490378915,0.3704819514783506,0.4626832084568869,0.2215690575229004,0.4446463038010049,0.5829324533085899
2698,2014-12-02,0.4251482039318094,0.4674546072047869,0.0547727683146828,0.376260698191608,0.4701779986321724,0.2236787047263538,0.4496207350527872,0.5713426719177357
2699,2014-12-03,0.4335419902392108,0.4759721442399198,0.0892455590964881,0.3795294707161721,0.4826071416151688,0.2249306484763762,0.4368593941720151,0.5740761073836896
2700,2014-12-04,0.4145753486835232,0.4567258582250823,0.09645040556133,0.3624267540903737,0.4574938369687226,0.2245428118836558,0.4256158217948051,0.5709599926208587
2701,2014-12-05,0.4339456488105444,0.4763816555545188,0.0711080266825908,0.3794711315880089,0.4850399738428622,0.2250980090806092,0.4365712456910611,0.5656571211434817
2702,2014-12-08,0.4268430700446348,0.4691744801489712,0.0293841273646636,0.3735756509513181,0.4756715340235825,0.2226745803874822,0.4220858630252158,0.5504045670928462
2703,2014-12-09,0.4058586355190549,0.4478807618563578,0.0981186016016358,0.3600919086203841,0.441964712963638,0.2225957323281639,0.4253784023668088,0.5546140602129503
2704,2014-12-10,0.4016617736082777,0.443622034770531,0.0873632465658351,0.3543715010352899,0.4356177942493574,0.217176018451153,0.4378683801150318,0.5388694660898073
2705,2014-12-11,0.4041637069203825,0.4461608060486943,0.0613323562745654,0.3534375739807154,0.4390413865045685,0.2186548418935336,0.4502291106805358,0.5334572755457148
2706,2014-12-12,0.3853585287932283,0.4270784239958715,0.083551174739726,0.3377357201032251,0.4109066565527778,0.2133445606369666,0.4378683801150318,0.521758175088145
2707,2014-12-15,0.373897749659702,0.4154487004059616,0.0923558981617084,0.3246605743378616,0.3872550630356937,0.2113009147985628,0.4485996263581444,0.5113711119757369
2708,2014-12-16,0.3887481985330322,0.43051816988424,0.1493861105247575,0.3324823038789717,0.4047166576726758,0.2085830139436919,0.4454695318883386,0.51148045189691
2709,2014-12-17,0.3897973983892648,0.4315827998660221,0.157651039515287,0.3281044755811294,0.4015382167334981,0.2150438600678344,0.4561873498527271,0.5144325672052101
2710,2014-12-18,0.4097326330586122,0.4518118881768534,0.1350678919558284,0.3424054110432045,0.4350683832304237,0.2228226120205222,0.4291109043404859,0.5015307484691942
2711,2014-12-19,0.4107822078299264,0.4528766010221148,0.2640662343092521,0.339720335969361,0.4323510260286703,0.2243384433711627,0.4215185182491241,0.514705906580914
2712,2014-12-22,0.4105396377720446,0.4526309108060513,0.0888178415207163,0.3353425076715188,0.4330769958109685,0.2256081053447788,0.4114333214157359,0.5078176375282137
2713,2014-12-23,0.4177228857663739,0.4599199138973873,0.0891056303490368,0.3432809989696157,0.4435441618684611,0.2261922174254682,0.4110825076340696,0.5179860207982757
2714,2014-12-24,0.4169158185670946,0.4591008912681893,0.0081134884791458,0.342288677119771,0.4439463288183275,0.2261455450316117,0.4034455471174987,0.51098843267886
2715,2014-12-29,0.4148172313970886,0.4569715070094062,0.0643883354034359,0.3390198767616534,0.4353529082044837,0.2275439489536014,0.4025878158139988,0.4987973130032402
2716,2014-12-30,0.4049707741196618,0.4469798286778921,0.0849313658821632,0.3325406708406884,0.4240715408828378,0.2258993756545872,0.4000888504442241,0.5015854080025519
2717,2014-12-31,0.4029530436356165,0.4449323964001163,0.0220042308377985,0.3323655699555382,0.4241009513767896,0.2224476614085972,0.4014301862856615,0.4969385760522132
2718,2015-01-02,0.4057780912623291,0.4477988513070901,0.0876981880935735,0.3362180677643765,0.431095379956279,0.2223350269362178,0.3900665054154195,0.493767780901567
2719,2015-01-05,0.3798702718834184,0.4215092938487197,0.1193667302562157,0.3160216238320571,0.396025042412902,0.216281307089462,0.3676970446037062,0.4792805854446855
2720,2015-01-06,0.3704271607480905,0.4119270439683254,0.0953280043619319,0.3088419865369379,0.3840373442381442,0.2133896222832237,0.3665366175173015,0.4677454844416466
2721,2015-01-07,0.3738170804312822,0.4153667898566939,0.0851326373013654,0.3101261431953662,0.386028827457254,0.2171373997952936,0.3565771242930804,0.4716816381860468
2722,2015-01-08,0.3916537279306237,0.4334664524770023,0.0277095757176454,0.3150293298157659,0.4079636911645224,0.2229690329059627,0.3504198854903531,0.4724469967798006
2723,2015-01-09,0.3136885120520202,0.3543520070223484,0.5843797155564975,0.3011369630857079,0.3691165480395511,0.2201803573730341,0.344172565317852,0.4700962406107236
2724,2015-01-12,0.3266020558843422,0.3674558719086394,0.293134814759629,0.304522497367259,0.3768173074721527,0.2175171630067534,0.3558491996839132,0.4575771011715847
2725,2015-01-13,0.3346727903629828,0.375645808178441,0.3904443602747569,0.3106514736843702,0.3933469630695205,0.2166755670293167,0.3497188174386341,0.4565930627354846
2726,2015-01-14,0.3301260701951009,0.3591840665213096,0.2388169529478741,0.3056899201022538,0.381575101516499,0.2147831743191517,0.3413903005677736,0.4707522592833044
2727,2015-01-15,0.3367396347227352,0.3657359989644551,0.218472336500323,0.3110017032882239,0.3949655940330611,0.2117901106304666,0.3425848578626023,0.4585611396076847
2728,2015-01-16,0.3351689904736578,0.3641799056870666,0.1383364244963139,0.313570044438634,0.400498407282843,0.2160946568005626,0.319345356491892,0.4719002971739353
2729,2015-01-20,0.3421134800467694,0.371059480327283,0.2260438276926215,0.3303225592941321,0.4245326246202622,0.2165983297175978,0.3131795385110911,0.4593264982014385
2730,2015-01-21,0.3383104039435067,0.3672920922418435,0.1296168756902572,0.3328325334828255,0.4295748478390137,0.2181383026389663,0.3051967998173754,0.4669254454600774
2731,2015-01-22,0.3445109682656878,0.3734344719386505,0.1598022068578457,0.3395452350842108,0.4467715564311217,0.2231315612673975,0.3158982054411012,0.4588891593712039
2732,2015-01-23,0.3518686767447173,0.3807234750299865,0.1534391009511785,0.3403040334200816,0.453726802951894,0.221308391417481,0.2738755261973595,0.4549530056268037
2733,2015-01-26,0.3549276401395084,0.3837538338989749,0.0724427199021503,0.3412379604746561,0.4649688924151677,0.2221564303853156,0.2392536935692906,0.452547589924369
2734,2015-01-27,0.3463296813271793,0.3752362968638421,0.1378159350885001,0.3351673789528151,0.4554337611969438,0.2177247530144454,0.2583811575884975,0.4584517996865116
2735,2015-01-28,0.3310353954829231,0.3600849996997752,0.2234808254670851,0.3180646344934632,0.4415037250258683,0.2133172172143031,0.2771040947111418,0.4487207761011419
2736,2015-01-29,0.3364091158352633,0.3654083981991238,0.0835807319999307,0.3183564693020467,0.4464772598922962,0.2163891289623065,0.2636618281967369,0.4491581149313766
2737,2015-01-30,0.3310353954829231,0.3600849996997752,0.0969774676994022,0.3175392761709057,0.436245569385726,0.2121634308515288,0.2721248143587091,0.4694402219381428
2738,2015-02-02,0.3289684261514767,0.3580374845585201,0.1164734778471328,0.3196406537940285,0.4288685169859015,0.2163247579881197,0.2679732381865183,0.4767111494332624
2739,2015-02-03,0.3515380016426279,0.3803959156963949,0.1510954430450594,0.3369185269720841,0.4553650728446204,0.2210203426028714,0.2730903448997439,0.495735857773767
2740,2015-02-04,0.3492230884704614,0.3781027517708158,0.1184486697176031,0.3500520118656108,0.4533638180607447,0.219649321390072,0.29118420446494,0.4705882598287736
2741,2015-02-05,0.3434362429409738,0.3723698419568683,0.0915639526754272,0.3486511491173026,0.4492142560232356,0.223030202028214,0.269495109775246,0.4816860011471203
2742,2015-02-06,0.34599900622509,0.3749087375302505,0.0921892885140388,0.354663363677427,0.4529027343233206,0.2218957249933694,0.2934668253441601,0.488300909969659
2743,2015-02-09,0.3350862279693649,0.3640980365695385,0.0747172745507435,0.3408877587043558,0.4324786311685517,0.2204909173675088,0.2688139976377419,0.4946971598043093
2744,2015-02-10,0.3398811731642782,0.3688481440874924,0.0563383523995193,0.3469583680597503,0.4457415185452323,0.2240069829444222,0.2707790024243637,0.4791712455235124
2745,2015-02-11,0.33268877099337,0.3617229620946918,0.0993319248669433,0.3431058702509121,0.4324687638041314,0.2239973184588257,0.2699964321809445,0.4727203361555046
2746,2015-02-12,0.3456683936088476,0.3745810953331795,0.0719765166508406,0.3551886941664309,0.4518335143787139,0.2272076169975358,0.26843352974056,0.4856768144248782
2747,2015-02-13,0.358317091178848,0.3871116278063362,0.0970379102570351,0.3700733549127801,0.4692264206633724,0.2285770274627358,0.2828234224243675,0.494259800119617
2748,2015-02-17,0.3597224603627278,0.3885039414169288,0.0546688114580252,0.3731086595904773,0.4651553185429523,0.229116117183695,0.2718834783494184,0.498359953318548
2749,2015-02-18,0.3683205129038273,0.3970214784520617,0.2247031477655784,0.3839073546811214,0.4756813055883483,0.2290098864151865,0.2829455824599822,0.4907610060599091
2750,2015-02-19,0.3718752702512881,0.4005430520262187,0.072220228345313,0.3870593932822521,0.4859915518116625,0.2286510432792558,0.2822133682617782,0.4854034750491742
2751,2015-02-20,0.3680724440914132,0.3967757468042586,0.0809407173174042,0.3865924019214114,0.4829406202127116,0.230718850331651,0.277003009612969,0.4809206425533664
2752,2015-02-23,0.3715446576350456,0.4002154926926271,0.0684786626477969,0.3917874233503946,0.4938099532200707,0.2306158410583413,0.2793104355070546,0.4760551307606816
2753,2015-02-24,0.372371407876116,0.401034515321825,0.0812407651940946,0.3912620928613907,0.5011085457028058,0.2315523925710906,0.2717227120124719,0.4751257518579392
2754,2015-02-25,0.3691471381732037,0.3978403767860407,0.0643917851382235,0.3877598524899597,0.4996370630086783,0.2312917264656712,0.272667727127678,0.4844741170008896
2755,2015-02-26,0.3756783463545506,0.4043104815433978,0.0536723145113994,0.3940055348969509,0.5084659591734445,0.2307896446529721,0.2765180995479332,0.4690575217868082
2756,2015-02-27,0.3784066658901759,0.4070131153518361,0.0738879922465223,0.3980915005526561,0.5122721752489906,0.2297855203141005,0.2517557940691395,0.4777498474027202
2757,2015-03-02,0.379150559898183,0.4077502274317663,0.0586722492320458,0.3976245648589223,0.5122918141781764,0.2318597310703665,0.2449657476315407,0.4768204893544354
2758,2015-03-03,0.3698912196387518,0.3985775302977105,0.1412573886154601,0.3893358439569715,0.4962232423182328,0.2303133348018637,0.247640213144084,0.4819046809894665
2759,2015-03-04,0.3754301525704427,0.4040647498955946,0.0558515097633602,0.3928381399955095,0.4998136217720427,0.2288248468738866,0.2481290397904143,0.4874262114547321
2760,2015-03-05,0.3785718159836797,0.4071769364503715,0.0588209936170662,0.3975078309354889,0.5069847049145509,0.2292287516560744,0.2324638336355629,0.4832167183346281
2761,2015-03-06,0.3740248458724099,0.402672436285002,0.0623530340386364,0.4008933373834864,0.5037964924106076,0.2244366204016741,0.2246409287594377,0.4769298292756085
2762,2015-03-09,0.3741074521620853,0.4027543882660093,0.046473776223369,0.3987336206322004,0.5000981467461024,0.2257513047350204,0.1955314045475984,0.4790619056023394
2763,2015-03-10,0.3602184730158618,0.3889952804173163,0.0794342561849594,0.3936553331266506,0.4851871221122751,0.2200757569953884,0.1935645347222649,0.4697135613138467
2764,2015-03-11,0.3680724440914132,0.3967757468042586,0.0631719587065122,0.4004847408179159,0.4969197058069249,0.219444952877579,0.1740530592323239,0.4690575217868082
2765,2015-03-12,0.3707179698798222,0.3993964700634292,0.0759983034724989,0.4042205047033208,0.495938717344173,0.2235821384434419,0.1490277832951838,0.4629346321823195
2766,2015-03-13,0.3695604195649685,0.3982498881006397,0.1394011193163586,0.4068472128154475,0.4980968919622269,0.2215626145325027,0.1611635901920598,0.4508528524278728
2767,2015-03-16,0.3745208585255439,0.4031638995806082,0.0969709666409939,0.4096490496462779,0.5060331269457509,0.2260345213068317,0.138527615348448,0.445604661338311
2768,2015-03-17,0.372371407876116,0.401034515321825,0.0914350371509507,0.40375351334248,0.4975377093785275,0.224922594738379,0.1528141848876285,0.4433085647025918
2769,2015-03-18,0.3719579390268104,0.400625004007226,0.0999303194678809,0.4004847408179159,0.4996861124318158,0.2289809322449237,0.1567412103989336,0.4498688139917728
2770,2015-03-19,0.3746035273010663,0.4032457272663967,0.0992991234015213,0.4036367794190466,0.5037081651290981,0.2273347481983101,0.196157498043108,0.4460420001685457
2771,2015-03-20,0.4004797288414173,0.4288801246258442,0.2801919621312251,0.4207395517119521,0.5359434076952606,0.2303648394385185,0.167832782121142,0.4556637046871999
2772,2015-03-23,0.403290654666718,0.4316647518470295,0.1661203270845644,0.4231911311053752,0.5392003085515275,0.2297726343333051,0.1925001571295115,0.4651213888968657
2773,2015-03-24,0.4118888321795113,0.4401822888821624,0.1027359393381771,0.4319468433681667,0.5516098126053378,0.2276935913342408,0.211020737551939,0.4654493878059274
2774,2015-03-25,0.4056055678388844,0.4339579157726086,0.0970866945450418,0.4277440881219211,0.5403677231420639,0.2227936578502593,0.2043000705544144,0.4747430725610623
2775,2015-03-26,0.4099871379132627,0.4382985119759634,0.1255406741243637,0.4284445473296286,0.5392984073978025,0.2220051379705499,0.2134417443035656,0.4868795327033243
2776,2015-03-27,0.4072587558917905,0.4355958367357854,0.0883341260960192,0.4244753155973569,0.5367086553359307,0.222788825607461,0.2018490366795298,0.4728843356100353
2777,2015-03-30,0.4156088021063229,0.4438676421231152,0.0654412117461894,0.4231911311053752,0.5466852313623928,0.2268471631140056,0.2016267240650979,0.4718456376405775
2778,2015-03-31,0.4184197279316235,0.4466522693443005,0.0604069578032941,0.4230743971819417,0.5459004405921913,0.2238943091855161,0.1930688074327013,0.4659414070239773
2779,2015-04-01,0.4186678592298845,0.4468980009921037,0.1224084287689428,0.4336979635538821,0.5506778735657235,0.2225747926093714,0.1786587723308079,0.4795539248203894
2780,2015-04-02,0.423131973108091,0.4513205077447264,0.0626423627577374,0.4378423240048575,0.556975838656521,0.2237446668048766,0.1836343226058172,0.4743603932641853
2781,2015-04-07,0.4271828055945328,0.4553335860462292,0.1112792122827734,0.4415780878902624,0.5664423773220758,0.2252524837040469,0.2094291135153947,0.500820049408798
2782,2015-04-08,0.4215613288590134,0.4497644558990775,0.0773586994823217,0.4339314314007489,0.5590849638514374,0.2261487665268105,0.1921152131394214,0.4813579813836011
2783,2015-04-09,0.4235454419573966,0.4517300190593252,0.0616104272432029,0.4364414055894423,0.5668445442719422,0.2276420866975859,0.1860331353967748,0.4833807386436165
2784,2015-04-10,0.4219745477649312,0.4501739257819369,0.1127847648691176,0.4319468433681667,0.5682866164721184,0.2293928907651086,0.167850499988903,0.4880275705939552
2785,2015-04-13,0.4295805749997625,0.457708660521076,0.0431399316554311,0.4408192338872846,0.5797740488507347,0.2278432337148801,0.1585883447389775,0.4895036282481052
2786,2015-04-14,0.4169121319021242,0.4330570654576222,0.1231654015543413,0.4317717146494629,0.5639114462481071,0.2283919879214359,0.1528141848876285,0.4970479159733862
2787,2015-04-15,0.4205437468413404,0.4365786390317792,0.1840657135921807,0.4376671952861538,0.5711413503785189,0.2301282559740369,0.1644205072942597,0.5139952075205179
2788,2015-04-16,0.4096490269953855,0.4260136697188704,0.112887791045721,0.4243585816739235,0.5547882535445153,0.2298643683734187,0.1690624021437501,0.5157446045503717
2789,2015-04-17,0.3920824433265865,0.4089787199438235,0.1628621289924726,0.4108748393429895,0.5300379337892184,0.2260329105592323,0.1813871374621187,0.5104417539274523
2790,2015-04-20,0.3942783209603024,0.4111081042026067,0.0778864604209329,0.4094739209275743,0.5325099480756293,0.2291257423827648,0.1899366614203128,0.51394054798716
2791,2015-04-21,0.3920824433265865,0.4089787199438235,0.1630051090635445,0.4147273371518277,0.5362082937401343,0.2286253106041918,0.180121149184633,0.5078176375282137
2792,2015-04-22,0.3920824433265865,0.4089787199438235,0.1159532298048143,0.4163617234141098,0.5339422487110396,0.2303422889721265,0.1792180974404396,0.512737829708714
2793,2015-04-23,0.3938559166348822,0.4106985928880078,0.1397346421630631,0.4209730195588189,0.5365516397020976,0.2311420447985051,0.176730508806806,0.5213754957912681
2794,2015-04-24,0.4008656414322156,0.4174961741154772,0.1220417914194707,0.4209730195588189,0.5443603653453947,0.2319080142118225,0.1906865934862776,0.5181500411072641
2795,2015-04-27,0.4100713688349588,0.4264231810334694,0.090945536332349,0.4290282726139028,0.557584070663358,0.2304967635955642,0.1991277586953233,0.5172753425923371
2796,2015-04-28,0.4168276510370401,0.4329751134766148,0.093308375944365,0.4257011052940684,0.5543958581594147,0.2314365366035124,0.2005336248761846,0.5176580218892141
2797,2015-04-29,0.4070309949796371,0.4234748155772279,0.0608107475210917,0.4048042299875949,0.5319508612915843,0.2301636924212243,0.2147959489121136,0.525967668208249
2798,2015-04-30,0.4088890741247107,0.4252765990706799,0.0908909413544907,0.3992589511212043,0.5325492259340011,0.226729696398828,0.2375126799319409,0.5317078785158609
2799,2015-05-04,0.4082977705549693,0.4247033080892851,0.0464770351845554,0.4015937965911941,0.5368753467348747,0.2313930857048547,0.2487161539768501,0.5278810646926337
2800,2015-05-05,0.3889575886061807,0.4059484025065746,0.0657416833299941,0.3890439813148345,0.5061213584276057,0.2273653131161723,0.2429602715048755,0.5359173716359649
2801,2015-05-06,0.3948693121008091,0.4116813951840015,0.0668288831109877,0.3962820412387773,0.5108301030488144,0.2258671607025986,0.2487749026962677,0.5388148065564496
2802,2015-05-07,0.3960518567544451,0.412827977146791,0.0756429934373449,0.3992589511212043,0.5124683729415408,0.227130379685817,0.2730500600635717,0.5279357242259916
2803,2015-05-08,0.4126048574997762,0.4288801246258442,0.0872941401463157,0.4069055519436108,0.5364437692910567,0.2316521803492014,0.2582623546225637,0.5303958203162416
2804,2015-05-11,0.4118449046291015,0.4281430539776537,0.0716155329455485,0.4046291012688913,0.5385136166276011,0.2299190945052724,0.2499896024091823,0.5296304617224877
2805,2015-05-12,0.4033994425262678,0.4199532005713313,0.0781393693001768,0.4017105305146274,0.526427819606568,0.2289198024091991,0.2422215296711805,0.5378307681203496
2806,2015-05-13,0.401372464136873,0.4179875959793438,0.061592141435433,0.4012435948208938,0.5266240172991185,0.2288167931358894,0.2542737828337733,0.5364640503873725
2807,2015-05-14,0.4066931964909948,0.4231472148118966,0.0353059359879502,0.4085399938729998,0.533893199287902,0.2324567684183782,0.2744598428257276,0.5330745962488378
2808,2015-05-15,0.3993454232616312,0.4160219913873564,0.0758888763672779,0.4034033115721798,0.5259079148812406,0.232719045271397,0.2829862403038967,0.5320358774249224
2809,2015-05-18,0.3968962904902039,0.4136469169125097,0.0738403915980409,0.400776603460053,0.5286252720829939,0.2337601775185286,0.2892557544370668,0.5306145001585877
2810,2015-05-19,0.405933118648626,0.4224101441637061,0.0631073539115814,0.4116920324741305,0.5436049850691448,0.2335397408165681,0.2706585209235894,0.5187513793920295
2811,2015-05-20,0.4095646711019953,0.425931842033082,0.0537687816597157,0.4170621826218175,0.5510996794447759,0.2332211270840962,0.2425714109334911,0.5281544040683377
2812,2015-05-21,0.4111691826801229,0.4274878524469912,0.0646477695830374,0.4178793757529584,0.5531892615101609,0.2340208829104747,0.235389519862569,0.5376667686658188
2813,2015-05-22,0.409142391748269,0.425522330718483,0.0580579086984464,0.416420062542273,0.5491475698836926,0.2332549134971573,0.2371262439108816,0.5321998977339109
2814,2015-05-26,0.391491264728539,0.4084054289624287,0.145032129947616,0.3990254832743375,0.5183543037180517,0.2297372371726445,0.2151159895550372,0.5229608725121336
2815,2015-05-27,0.401372464136873,0.4179875959793438,0.0517336489345636,0.4090069295667335,0.5370715444274251,0.2328397334817736,0.2022386432663989,0.5201180971250066
2816,2015-05-28,0.3949539179375871,0.4117632643015296,0.061589397879169,0.4046291012688913,0.5323333893122649,0.2324068745293228,0.2039841329966565,0.5210474760277488
2817,2015-05-29,0.3859172147508589,0.4030000784820728,0.0711560162562591,0.3988503545556339,0.5161274407476742,0.2302505549320129,0.2134229074125777,0.5353706720300995
2818,2015-06-01,0.3834679570077377,0.400625004007226,0.0500016628396235,0.3988503545556339,0.5181384670963153,0.230948951519208,0.2130471021121749,0.5348239932786918
2819,2015-06-02,0.3911533412682028,0.4080777867653579,0.0595966527293973,0.4033449167769095,0.5214052353170026,0.2306062158592715,0.2075791816172831,0.5406188631196612
2820,2015-06-03,0.3959673134035141,0.4127460665975233,0.0528560564579484,0.408073002512159,0.5210323830614331,0.2313255128787324,0.2430964193308278,0.5317625380492186
2821,2015-06-04,0.3933492189019186,0.4102071710241411,0.0576090120909536,0.4035200454956131,0.5091133732389989,0.2283919879214359,0.2599658809818086,0.5227968730576028
2822,2015-06-05,0.3902243641815128,0.4071769364503715,0.0551887970548923,0.3986752258369301,0.5008632985871179,0.2279076243323304,0.2521487577256898,0.5289744430499068
2823,2015-06-08,0.3822011814324055,0.3993964700634292,0.0508093371350204,0.3887521186726974,0.4866683763711684,0.2257271828075558,0.2365469628870351,0.5235622316513567
2824,2015-06-09,0.3824544990559638,0.3996422017112324,0.1263497270488783,0.390269771011546,0.4887088132137612,0.2258671607025986,0.2635821910437483,0.5344959735151725
2825,2015-06-10,0.3930114204132764,0.4098796116905495,0.093198250038605,0.4008933373834864,0.5043458076298869,0.2298981547864798,0.2664138793196862,0.5415482420224036
2826,2015-06-11,0.3936870798764079,0.410534813221212,0.0618033625938334,0.4042205047033208,0.5101532784893085,0.2304871383964945,0.26843352974056,0.5379401080415227
2827,2015-06-12,0.3856637096697598,0.4027543882660093,0.0536132874728071,0.4008933373834864,0.4977731849294499,0.2281136035924228,0.2572733245937619,0.5335119350790725
2828,2015-06-15,0.373755594357878,0.3912066166571068,0.0581493229813267,0.3907367623723867,0.479291323971344,0.2265558928041972,0.2540374824290039,0.5311065193766378
2829,2015-06-16,0.3733334399758454,0.3907971053425078,0.0945637895576743,0.3940055348969509,0.4821656968069304,0.2284643929903564,0.2629650497340547,0.5335666154668878
2830,2015-06-17,0.3703775469856077,0.387930650435534,0.0701075013563871,0.3901530370881125,0.4764759637229699,0.2291321853731625,0.2574907881075434,0.5332932552367263
2831,2015-06-18,0.3748533457171951,0.3922712466388889,0.0776979992909482,0.3939471957687877,0.482214746230068,0.2324792795982434,0.2775086216077043,0.5361907110116687
2832,2015-06-19,0.3793297693072519,0.3966119671374628,0.168284551351825,0.4007182086647828,0.4893170452205982,0.2306689564425955,0.2776298491239632,0.5315985385946878
2833,2015-06-22,0.4114225003036812,0.4277335426630547,0.1700334699213645,0.4227241954116414,0.5309011844765091,0.2327383742425901,0.2779739487662676,0.5319812178915647
2834,2015-06-23,0.4126894633365542,0.4289620766068515,0.1030862470997893,0.4219069466133933,0.5342659557438169,0.2329555894493518,0.2742380897229093,0.5392521453866843
2835,2015-06-24,0.4064396289240487,0.4229015245958331,0.147843657475561,0.4184047062419623,0.5263592270538991,0.2304420767502374,0.2465655778384163,0.5352066725755686
2836,2015-06-25,0.4070309949796371,0.4234748155772279,0.0650487061288002,0.4181712383950955,0.5250348926291842,0.2294331201685675,0.252011117868768,0.5320905578127377
2837,2015-06-26,0.4108313841914806,0.42716025168166,0.0978114286998416,0.4219069466133933,0.5313033514263755,0.229301156724995,0.2513825998229331,0.5317078785158609
2838,2015-06-29,0.3724887562966987,0.3899780827133099,0.1429895138381094,0.388927247391401,0.4804489669971149,0.2222449036437036,0.2157189565705219,0.524600950475272
2839,2015-06-30,0.3673369856727451,0.3849822435475529,0.108652413678616,0.3871177324104153,0.4721693860516277,0.2231251575635266,0.254510269742414,0.5308331800009338
2840,2015-07-01,0.3793297693072519,0.3966119671374628,0.0798194765695799,0.3970992343699183,0.4860994222227034,0.2254278587597502,0.2407460975463737,0.5171113222833488
2841,2015-07-02,0.3757825727472728,0.3931722212490943,0.0509867934740128,0.3899195692412457,0.479713225650051,0.2253248887729674,0.224888419396477,0.516947322828818
2842,2015-07-06,0.3566113212857288,0.3745810953331795,0.145662858038954,0.372991925667044,0.4496654723962395,0.2240343263670856,0.2188527811177512,0.49289308238664
2843,2015-07-07,0.3448719490035506,0.3631971033910729,0.1237797494659253,0.361434432240529,0.430624524654089,0.2260586825208231,0.2272917082803429,0.4917997248838245
2844,2015-07-08,0.3476587865348498,0.3658997786312509,0.1058885479310246,0.3677385094427905,0.4388942382351558,0.2204812725251757,0.2211824009725058,0.4880822509817705
2845,2015-07-09,0.3656478682578395,0.383344322584376,0.083819557360619,0.3830317667547102,0.4659793871715257,0.2212263218629639,0.2307364347808085,0.494259800119617
2846,2015-07-10,0.3854103295603546,0.4025086566182062,0.1253925062761379,0.4003680068944825,0.4983225001487289,0.2252991560979034,0.2294909619291512,0.4940411411317285
2847,2015-07-13,0.3970651897345251,0.4138106965793055,0.0843233261473906,0.4125092256052716,0.516774950612883,0.2289970397209179,0.2398156297331184,0.4910890258234284
2848,2015-07-14,0.3938559166348822,0.4106985928880078,0.1177531260317749,0.4155445302829688,0.520120082951005,0.2305015958383625,0.2181343682060137,0.4956811982404093
2849,2015-07-15,0.3982477343881611,0.4149573614055742,0.0619512079187335,0.4148440710752612,0.5277129719725656,0.2302521656796123,0.220878959174116,0.4867701927821513
2850,2015-07-16,0.4095646711019953,0.425931842033082,0.1524499198032576,0.4206228177885186,0.5448704027063019,0.2329700861777466,0.2107958138833108,0.4840367573161973
2851,2015-07-17,0.4052575841571884,0.4217549426330436,0.1296759385647746,0.4195137620152405,0.5419373046824668,0.2333482189983436,0.2017934585259218,0.4839274173950242
2852,2015-07-20,0.4092268726133531,0.4256041998360111,0.088102553294168,0.4224323327695043,0.5493339002118226,0.2336121458854886,0.1930688074327013,0.4798819445839086
2853,2015-07-21,0.4028927447933043,0.4194617787074646,0.2816755483494944,0.4195721011434037,0.5397692626999925,0.2321526121277744,0.1938767422025995,0.4810299824745394
2854,2015-07-22,0.4055107768090528,0.4220006328491071,0.2691579532660054,0.4224323327695043,0.5422904222091957,0.231338359573001,0.2102338777194827,0.4746337326398893
2855,2015-07-23,0.4017947434905994,0.4183971072939428,0.3520937577162849,0.4217318735617967,0.5381310886069207,0.2294073482069767,0.2082140407947377,0.4705882598287736
2856,2015-07-24,0.3915756206219291,0.4084872980799568,0.2134335566908899,0.4165951912609766,0.5251231241110391,0.2257867018956809,0.2179075794986738,0.4688935223322774
2857,2015-07-27,0.3793297693072519,0.3966119671374628,0.1716133651882806,0.4074309380997217,0.5090447806863297,0.2238540797820572,0.2153043584649163,0.4647933691333465
2858,2015-07-28,0.3846503142038328,0.4017715859700155,0.0717222175485032,0.4165367964657065,0.5195413572377742,0.2279751971584526,0.2337137825801281,0.4680188238173505
2859,2015-07-29,0.3870996344328009,0.4041466604448623,0.109096251096686,0.416945448698384,0.522533372049167,0.2304404660026379,0.2299505074677081,0.4724469967798006
2860,2015-07-30,0.3684351119471439,0.386046997824554,0.1004863876253103,0.4147856762799909,0.5113205972801903,0.2304500912017077,0.217133401929457,0.4709709391256506
2861,2015-07-31,0.3690261030876506,0.3866202888059487,0.1134496055991364,0.4117503716022936,0.5125076507999128,0.2296793288321188,0.2101216023890399,0.4633173114791964
2862,2015-08-03,0.3723461011080989,0.3857193141957435,0.2049070106913225,0.4158363929251059,0.5208656916624891,0.2287459988145683,0.2147771120211257,0.4526569089910844
2863,2015-08-04,0.3651101775447861,0.378757994733218,0.2653918652557581,0.4062051484030101,0.5095450464824715,0.2279864723916486,0.212746644375724,0.455773044608373
2864,2015-08-05,0.372516624984441,0.3858832181577582,0.2028591119448604,0.4140852170722834,0.5221997976519696,0.2290356583767774,0.2022571071496446,0.452547589924369
2865,2015-08-06,0.3708991163501467,0.3843271248803697,0.2758131862559231,0.4150191997939648,0.5196589992135806,0.2264159149091544,0.204467551030723,0.4498688139917728
2866,2015-08-07,0.3664721190650317,0.3800683563628033,0.2092091377388741,0.415077538922128,0.5122624036842248,0.2254520199737416,0.2082140407947377,0.4455499809504957
2867,2015-08-10,0.3751557772164604,0.3884219894359215,0.1060241458015304,0.4206228177885186,0.5253585996619613,0.2297340156774457,0.2141562406340087,0.4515088711004537
2868,2015-08-11,0.3654506629248475,0.3790855540668096,0.0718382331939495,0.4149608049986946,0.5097216052458359,0.2264979844636715,0.2222829603162657,0.4412311687636762
2869,2015-08-12,0.3506374556163029,0.3648351072177291,0.0955765054223912,0.4006598695366196,0.483019080129801,0.2268165981961434,0.226203644695951,0.4424338661876648
2870,2015-08-13,0.3491050839484856,0.363360965921348,0.1220709154865811,0.4025861184410387,0.4896702585469817,0.2263885321999642,0.2448098303952446,0.4365843159588799
2871,2015-08-14,0.34365666176611,0.3581193951077878,0.1581265390271611,0.399725942482045,0.4829406202127116,0.2277000343246385,0.2448098303952446,0.4380603736130299
2872,2015-08-17,0.3444228944644038,0.358856507187718,0.0934674326438255,0.4001345390476156,0.4850006959844904,0.2294540206008332,0.2341757526690102,0.4346162390866799
2873,2015-08-18,0.3427202801065558,0.3572184619293222,0.0723744271689298,0.3977412987823557,0.4847653162332227,0.2285657522295398,0.2318300934813353,0.4387163922856108
2874,2015-08-19,0.3377825859942723,0.3524683544113683,0.0753781417090699,0.3873512002572822,0.4734348994884395,0.2257802981918101,0.2244505083069756,0.428766688857895
2875,2015-08-20,0.3303759510970765,0.3453431309868281,0.092854438065412,0.3765525608337451,0.4542663466064075,0.2187192128677204,0.2380927069712721,0.430625425808922
2876,2015-08-21,0.3147967297907024,0.3303556134895571,0.0819770880546659,0.360617239109388,0.4233357995357741,0.2082853202867492,0.256700384701535,0.4268532923735103
2877,2015-08-24,0.2815949062537335,0.2984150153347673,0.1949040488204949,0.3368017652150972,0.3728050263396361,0.1957852314009823,0.2786013477888753,0.4147715126190636
2878,2015-08-25,0.3006648369144389,0.3167604096028787,0.1540319936836189,0.35442989583056,0.4080029690228943,0.1916657444154496,0.3108465615866556,0.4206210628478484
2879,2015-08-26,0.2902785331622387,0.3067686484078855,0.1278743306453926,0.3461411749286094,0.3951617917256114,0.2033966423927003,0.3058227068090138,0.416739568636806
2880,2015-08-27,0.3076456307646318,0.32347612171282,0.0804321370306919,0.360617239109388,0.425150628191865,0.2109839118136904,0.2728286799684958,0.4383883933765492
2881,2015-08-28,0.3119873036257288,0.3276529382493791,0.0582521120084259,0.3617846340108294,0.4313014450132496,0.2111786158405869,0.2584206964091851,0.4529302692212459
2882,2015-08-31,0.3031335902418102,0.3191354426459858,0.0562045178673269,0.3562393551444388,0.4220899250281483,0.2084929102944411,0.2531122367241416,0.4746884130277046
2883,2015-09-01,0.2901081967434376,0.3066048687410896,0.095429178664407,0.3400705655732148,0.3959759929897645,0.1991065733077358,0.2549636606532224,0.4539689671907037
2884,2015-09-02,0.2888313609467455,0.305376417660772,0.0760653324623615,0.3392533724420737,0.3906296058677672,0.2047403005395729,0.2655354460864867,0.4585611396076847
2885,2015-09-03,0.2920662844865638,0.3084885213520697,0.1061968212065183,0.3440981921007567,0.4008417532448062,0.2051055866659013,0.2534270552586724,0.4612945750736387
2886,2015-09-04,0.2791262466551326,0.2960398994281809,0.0809548872637791,0.3330660291632459,0.3792010902767087,0.2002925353359718,0.2393312791796962,0.4574677612504115
2887,2015-09-08,0.2787856363033772,0.2957123400945893,0.093426934886494,0.3341166901412538,0.3835567173711885,0.208047165361195,0.2452777686080041,0.4568664021111884
2888,2015-09-09,0.2885759188043908,0.3051307274447085,0.0908957686643982,0.3426388788900714,0.4003904410721476,0.2036428510562516,0.252070053092057,0.4470807189924611
2889,2015-09-10,0.273677699501063,0.2907983286146207,0.0937134568094632,0.333532992690533,0.3828503865180763,0.2052922565980641,0.254155539379453,0.4567570621900154
2890,2015-09-11,0.266526506746222,0.2839188368378836,0.1537977163234221,0.3292135313544075,0.3709706545540138,0.206701896466723,0.2651365143060591,0.449704814537242
2891,2015-09-14,0.2645684502460192,0.2820351842269036,0.0726371066077465,0.3271705206930014,0.3668995524335938,0.2054113340608412,0.2734527219214224,0.4462606800108918
2892,2015-09-15,0.268314320556394,0.2856387097820679,0.0896246936978321,0.3312565141822601,0.375345824778025,0.2094439192490585,0.2677531636185406,0.4494861346948958
2893,2015-09-16,0.2769127167696517,0.2939105151693976,0.1601014494802198,0.3400705655732148,0.3944064114493616,0.2122149354881836,0.2621496548093101,0.4634813317881848
2894,2015-09-17,0.2838936043486151,0.3006262272793389,0.0851948421433139,0.3436895955351863,0.407139622535949,0.2113926291954131,0.2653159310301223,0.4621146140552079
2895,2015-09-18,0.268314320556394,0.2856387097820679,0.1495905007234393,0.3237266194497337,0.3816928392919601,0.206215922130018,0.2823556707154793,0.4499781539129459
2896,2015-09-21,0.2684845944893481,0.2858024894488637,0.0906140002714908,0.3247773082612951,0.38263454989634,0.2076545161689398,0.2653159310301223,0.4609118957767617
2897,2015-09-22,0.2530756158730047,0.2709787930501281,0.075619468206529,0.311818896419365,0.3525574819482316,0.203755485528631,0.249499656739625,0.456265063826423
2898,2015-09-23,0.2443920826932699,0.2626251185452703,0.1682160383330651,0.306448746271678,0.3451411516900352,0.2031150365684884,0.2385183088052767,0.4488847755556727
2899,2015-09-24,0.2308559298818817,0.2496031227765074,0.1170918520302991,0.3018957892551321,0.3271695196921459,0.2020658505833597,0.2493428069839731,0.4512355317247498
2900,2015-09-25,0.2398800421704484,0.2582844394784361,0.1147648378033831,0.3119356581763519,0.3495458282076527,0.2019210208022552,0.2476206302376116,0.4555543647660268
2901,2015-09-28,0.2323884265213929,0.2510773469363678,0.0624059826719368,0.3032383407088307,0.3372540619293035,0.1939443433274722,0.2511862112465937,0.4486114361799689
2902,2015-09-29,0.2351977902005196,0.2537800221765458,0.0676087265945705,0.3118772633810817,0.3372246514353518,0.1943176635485343,0.255772341438605,0.4529849287546037
2903,2015-09-30,0.2421786777794829,0.2604957342864871,0.0869077572021258,0.3163718534359109,0.3535090599170317,0.2001010528042743,0.2596685938111673,0.4522195701608498
2904,2015-10-01,0.2412422336340819,0.2595948011080214,0.0884472284915563,0.3170139456819018,0.3542349338996754,0.2007109172032911,0.2465459949319437,0.4503061736764651
2905,2015-10-02,0.2441367655226091,0.2623794283292068,0.0733994231619728,0.3122274929849356,0.3577959028595334,0.2051425945741613,0.2498915013729481,0.4546796662510999
2906,2015-10-05,0.2623551390610027,0.2799057999681204,0.0682916117668638,0.3192904241901747,0.3938668677948481,0.2108857544264424,0.2551410258347026,0.4586157991410424
2907,2015-10-06,0.2743586702611859,0.2914535715770228,0.0710416037414611,0.3237849864114503,0.4068159155031718,0.2097384110540658,0.2501660350713068,0.4710255986590083
2908,2015-10-07,0.2850003536698937,0.30169098155634,0.0973222461885745,0.3358678381605228,0.4133591277096573,0.2122985961470367,0.2615535884370583,0.4670894657690657
2909,2015-10-08,0.2822760332284737,0.2990701340019505,0.7796680635675389,0.3347004154255278,0.4144578539478702,0.2151307618651498,0.257174477542043,0.4759457908395085
2910,2015-10-09,0.2954714819593362,0.3117644875736424,0.0968596581497064,0.346316303647313,0.4270536883298107,0.2153656952955052,0.2645182539731385,0.4770391691967816
2911,2015-10-12,0.2880650970055283,0.3046392641491022,0.1037952060695702,0.3440981921007567,0.420853917884943,0.2157792449200261,0.2775086216077043,0.4632079715580234
2912,2015-10-13,0.2758911356577735,0.2929277128734039,0.1366203116081877,0.3344669197451075,0.407993101658474,0.2135634062345911,0.2752461431465702,0.4608025558555886
2913,2015-10-14,0.2678037174579958,0.2851473707816805,0.1268716909996093,0.3303809540894024,0.4003708021429616,0.2120427426411522,0.2798578243689316,0.4606932159344156
2914,2015-10-15,0.2670374222738549,0.2844103001334899,0.0489545877007414,0.3369185269720841,0.4066589956689934,0.2168091215772251,0.2940227933841108,0.4592718386680808
2915,2015-10-16,0.2801478277670107,0.2970227017241746,0.0978565208335676,0.3431058702509121,0.419392206755581,0.2182976095052023,0.277225508731272,0.4640826700729503
2916,2015-10-19,0.2767425053225444,0.2937467355026019,0.0830366804713782,0.3394284733272239,0.4170181955157906,0.2183861220501171,0.2761141321629843,0.4565930627354846
2917,2015-10-20,0.2706387940631447,0.2838370091520952,0.7286432334210492,0.3367433982533805,0.406551029458298,0.2179210677889413,0.2711001620905144,0.4547343257844576
2918,2015-10-21,0.2727020142437738,0.2858024894488637,0.2648998495984143,0.3373854904993714,0.4121328921312176,0.2160173998455804,0.2750042476256658,0.4528209293000729
2919,2015-10-22,0.2867146841240459,0.2991520859829578,0.1300246273857715,0.3477755611908913,0.4325276805916894,0.221419415142261,0.2740769503782205,0.4538049677361729
2920,2015-10-23,0.2914429256773341,0.3036565447165878,0.132587313411969,0.3474836985487544,0.443406785163814,0.2250625726334218,0.2322909445469905,0.4495407942282535
2921,2015-10-26,0.2874884151239744,0.2998891566311484,0.079382016892176,0.3492348187344698,0.4436029828563644,0.2244237344208786,0.2228148693568357,0.4461513400897188
2922,2015-10-27,0.2800953084126445,0.2928458851876155,0.0891445312997067,0.3434560720212124,0.4283094302018565,0.2235724739578453,0.2299505074677081,0.441887187436257
2923,2015-10-28,0.2856830740337314,0.2981692836869641,0.0859185865941828,0.3521533894887336,0.438070265406237,0.2275085517929408,0.2254218204680165,0.4568664021111884
2924,2015-10-29,0.2754530473847674,0.2884233370032533,0.0929616148853376,0.3479506899095951,0.4356472047433092,0.2273572593781752,0.2085128199963482,0.457522441638227
2925,2015-10-30,0.2767424740796209,0.2896517466518312,0.0718544004661486,0.3315483768243972,0.4320665968542651,0.2257400687883512,0.2186636661923873,0.4604198765587117
2926,2015-11-02,0.2806970471188276,0.2934191761690102,0.0636913372006487,0.332715799559392,0.437707280515088,0.2297131152451799,0.2236893860087407,0.4579597804684616
2927,2015-11-03,0.2849952610733669,0.297514040724562,0.163105934492749,0.3353425076715188,0.4423179262900213,0.2306367807771338,0.2221311461651354,0.4675814849871158
2928,2015-11-04,0.2917867540502076,0.303984145481919,0.1164938147346145,0.3368017652150972,0.4431321275541745,0.2294331201685675,0.2139868951189885,0.4589438189045616
2929,2015-11-05,0.2859409218811939,0.2984150153347673,0.0962180433151292,0.3272288876547181,0.4389825655166653,0.2290501158186454,0.1989800476293586,0.4528209293000729
2930,2015-11-06,0.2943657636545322,0.3064410890742938,0.0955821474725954,0.3373854904993714,0.4411407401347192,0.2289326491034677,0.2014782669836485,0.447846077586215
2931,2015-11-09,0.2847375381975983,0.2972684333719778,0.0788311607538498,0.3335913596522498,0.4285840878114962,0.2256145483351765,0.1779192844816284,0.4455499809504957
2932,2015-11-10,0.2831899199831238,0.2957941677803777,0.0430288740156191,0.3297388618434115,0.4297219961084265,0.2261198123565477,0.1820027867408429,0.4474087179015227
2933,2015-11-11,0.2870585749827664,0.2994796453165494,0.0533995082617548,0.3304976880128358,0.4336852278178055,0.2250384507059572,0.1785685044571627,0.440411129782107
2934,2015-11-12,0.2705527510518868,0.2837550571710878,0.0786661953427427,0.3137451453237841,0.4108085577065026,0.2203670076619334,0.1825462590214253,0.433960220414099
2935,2015-11-13,0.267973866419256,0.281298113578713,0.0550855126488288,0.3156130272664865,0.4076105736377936,0.2166771777769161,0.1906865934862776,0.4284386899488334
2936,2015-11-16,0.2640193871088199,0.2775306840615339,0.0784891036869879,0.3150293298157659,0.4088956302041366,0.2215288281194416,0.1726906484534445,0.4339055608807413
2937,2015-11-17,0.2777741466557825,0.2906345489478249,0.0701173762617416,0.3235515185645835,0.4323706649578563,0.2210863046813943,0.1708119949591733,0.4280559897974988
2938,2015-11-18,0.2771722829779055,0.2900612579664302,0.0659101617157567,0.322325728867872,0.4222958942854643,0.2264191364043532,0.1639065026253217,0.4284933494821911
2939,2015-11-19,0.2858550350845533,0.2983330633537599,0.056102503528608,0.3297388618434115,0.431478003776614,0.2260425750448289,0.167992988946475,0.4273453115915603
2940,2015-11-20,0.2821583723786562,0.2948114483478633,0.0598367987493245,0.325419400507286,0.4251603997566305,0.2273186407223158,0.1767845949294446,0.426525272609991
2941,2015-11-23,0.2831899199831238,0.2957941677803777,0.0601772558475315,0.3277542459772756,0.4238949821194734,0.2269034999934588,0.1634633694274274,0.433960220414099
2942,2015-11-24,0.2846514951863402,0.2971864813909704,0.098916515877438,0.3270537867695681,0.4170084239510249,0.2273138084795175,0.1636228302372757,0.4400831100185878
2943,2015-11-25,0.2757108952322299,0.2886689443558375,0.1207773165871057,0.3271121537312847,0.4189801724412941,0.2272703968673866,0.1639065026253217,0.44101248892133
2944,2015-11-27,0.2782039555540669,0.2910440602624239,0.068911198047496,0.3303225592941321,0.427161654540506,0.2274699331370814,0.157743295698717,0.4337415405717529
2945,2015-11-30,0.2825882125198642,0.2952208767989829,0.0699477300464206,0.3324823038789717,0.4346368057866058,0.2259090008536569,0.1543897695912524,0.4334135416626913
2946,2015-12-01,0.2828462165819442,0.2954666084467861,0.0392352619069164,0.3325406708406884,0.4338814255103559,0.2294845855186955,0.1528141848876285,0.4345068991655068
2947,2015-12-02,0.2764847824467757,0.2894061392992469,0.0572903021292799,0.3209248104524568,0.4302321292689882,0.2257641907158158,0.1610929052248872,0.4240651765197409
2948,2015-12-03,0.2631597068264039,0.276711785727555,0.1172887598986242,0.3072075724411024,0.4057957449817028,0.2209543805243486,0.1590816474782159,0.4302974268998604
2949,2015-12-04,0.2646210633291559,0.2781040164746683,0.0936915157373354,0.3045808643289757,0.4044027222046643,0.227724156252103,0.206478435769652,0.4242291968287294
2950,2015-12-07,0.2569700462845166,0.2708150133833323,0.0614627589899327,0.3005532656349872,0.4008417532448062,0.225371561166824,0.2014782669836485,0.4115460579350596
2951,2015-12-08,0.2451925576356955,0.2595948011080214,0.067007411365739,0.2910387550363249,0.380701983464788,0.2232023948752454,0.1936562946268794,0.410780678486848
2952,2015-12-09,0.245278506918183,0.2596767530890288,0.0981012180159797,0.2922645447330364,0.3805450636306096,0.2206325256534144,0.2030365068272539,0.4088672820024633
2953,2015-12-10,0.2426135480313709,0.2571378575156466,0.0819028360179045,0.2922061777713197,0.3749730683221103,0.2213743534960039,0.2224349609712674,0.4066805252879172
2954,2015-12-11,0.2343607297947015,0.2492755634429158,0.0664948785872903,0.2821663366836535,0.3604544390733836,0.2149601797657179,0.2115080721672999,0.4004482957622554
2955,2015-12-14,0.2204340716827638,0.236007918889829,0.1703122006926226,0.2709590728609924,0.3406188331966112,0.2165001526870864,0.2171145650384691,0.4042204500521247
2956,2015-12-15,0.2365957860544586,0.2514049477016991,0.1785654882774908,0.278372205836532,0.3683905782572529,0.2199550687850119,0.2185314349477294,0.4099059799719211
2957,2015-12-16,0.2396047295287617,0.2542714026086728,0.1248416532998051,0.2822247036453702,0.3683317572693496,0.2247278907114825,0.2096534776724092,0.3999016170108476
2958,2015-12-17,0.2498348186635727,0.2640173492923837,0.2349858585695354,0.2901631949434672,0.3847633140204423,0.21971047086906,0.1999970532388355,0.3967855022480167
2959,2015-12-18,0.2426995285567819,0.2572197680649143,0.1770373991102637,0.2849681456809304,0.3689301219117664,0.2138627302823967,0.1952369149350248,0.3955827839695705
2960,2015-12-21,0.2230989993266525,0.2385468144632113,0.2637472387141755,0.2655889227133055,0.3344680163752266,0.2163730411295756,0.1992758427690304,0.3956374643573858
2961,2015-12-22,0.2267095877783682,0.2419865603515798,0.059695069773637,0.2679237681832952,0.3393533197597996,0.2192405843650859,0.2060125490994753,0.4032910711493823
2962,2015-12-23,0.2377994821672891,0.2525515296644885,0.0515560007679723,0.2783138388748152,0.3614648380300871,0.2233150293476248,0.2118081568960086,0.4107260189534903
2963,2015-12-24,0.2415819379410563,0.2561550552196529,0.0147963235633559,0.2790726650442395,0.3655752180088789,0.2227839933646627,0.2054164827272238,0.4140061331708521
2964,2015-12-28,0.2321255173203269,0.2471461791841326,0.0424841120925518,0.2741111114621232,0.3527830901347336,0.222061474850003,0.214306749258041,0.4069538855180786
2965,2015-12-29,0.2356501877324786,0.250504055954973,0.0474861727267536,0.274753203708114,0.3643489824304392,0.2255791511745159,0.2157566303524978,0.4127487553590482
2966,2015-12-30,0.2347044331958811,0.2496031227765074,0.0324435520123307,0.2729436887271282,0.3615531653115965,0.2231653869669854,0.208363430395543,0.4058058267729902
2967,2015-12-31,0.2301482776651088,0.2452625265731525,0.0268941092165396,0.2672816759373043,0.3519688888705805,0.2200403401914644,0.209298187797835,0.4082112633298825
2968,2016-01-04,0.2180268669146438,0.2337147549642501,0.111415991684809,0.2591680837540572,0.3293080553810139,0.2150068521595745,0.1967837780424888,0.4066805252879172
2969,2016-01-05,0.2147601068358016,0.2306025684094731,0.0743772453756418,0.2617364249044672,0.3314662299990679,0.2156585567096497,0.1926469356761202,0.4023617131010977
2970,2016-01-06,0.2026387898141071,0.2190548175164404,0.0820621572708119,0.2534477040025165,0.3179482281422789,0.2114022936810096,0.1808261338176464,0.3914279712372818
2971,2016-01-07,0.1951596713344427,0.2119295940919002,0.1088661802416947,0.248602912177387,0.3044007199918839,0.2038118027648207,0.1850510060112062,0.3876011574140547
2972,2016-01-08,0.1855312896628913,0.2027569383895841,0.1066426770303684,0.2401390903902861,0.2896761214858412,0.200422888031945,0.2080458143029446,0.3869997982748316
2973,2016-01-11,0.1889701045213259,0.2060329046111568,0.1123498010584956,0.2394969981442952,0.2874099806570918,0.2006867952758265,0.2104022907151472,0.3774327741439928
2974,2016-01-12,0.1934402482837637,0.2102915695493742,0.1004230160078012,0.2362281977861775,0.2902843534926782,0.2031021702309564,0.1974108040573543,0.3721299130938444
2975,2016-01-13,0.1948158117186457,0.2116020347583086,0.1047983337163333,0.2362865925814478,0.2921580031366723,0.1953137537926722,0.1952186375556504,0.3723485825089618
2976,2016-01-14,0.1915489579110331,0.2084898482035316,0.0862275586702155,0.2323173330156226,0.2777571116634068,0.2003923034708193,0.2017934585259218,0.376284736253362
2977,2016-01-15,0.1820067129795101,0.1993990409028738,0.1477787586152449,0.2186001228378217,0.2538111258078426,0.1937126117490522,0.197558328619448,0.3665537022407635
2978,2016-01-19,0.1755591733472368,0.1932566197743273,0.1247840207002975,0.2140471658212758,0.2549197194104757,0.1938735293628876,0.20320361429582,0.3613055007239729
2979,2016-01-20,0.1593113222355136,0.1777776596973198,0.2914309767298398,0.2013806166214828,0.228089684954214,0.1903333418585096,0.2060125490994753,0.3508637780782071
2980,2016-01-21,0.169111727443734,0.1871141986457808,0.2618646563600867,0.2103114019358709,0.2440601579678823,0.191887811508273,0.2003855408024777,0.3671550613799866
2981,2016-01-22,0.1838119603409827,0.2011189138470581,0.2619719322558052,0.2217521614389524,0.271400325584706,0.1979882037488854,0.1980382030799621,0.3816969267974546
2982,2016-01-25,0.1697133724211466,0.1876874896271755,0.8608520309283807,0.2107199985014415,0.2561753654828671,0.1931896295040873,0.188183338527466,0.3715832239152079
2983,2016-01-26,0.1813188687762222,0.1987437979404717,0.2974723645651224,0.218950324608122,0.2684180823380787,0.1974620000087216,0.1966364399842666,0.3776514539863389
2984,2016-01-27,0.1806311495446281,0.1980886585574187,0.0926835365387155,0.2190670863651089,0.273175876382425,0.1941342151115704,0.1984996136572308,0.3822982859366777
2985,2016-01-28,0.1683379652008819,0.1863771279975902,0.1058163743779177,0.207217730296457,0.258421771582776,0.1958093729717102,0.2052303518637983,0.3873278180383509
2986,2016-01-29,0.1765907521946279,0.194239422070321,0.1652567160721142,0.2180747645152642,0.2805136509238775,0.2033531914940426,0.2097659395067233,0.3895145538984395
2987,2016-02-01,0.1697119664895901,0.1836744527574123,0.2846467923795205,0.2125295134824271,0.277835571580496,0.2032148047033358,0.1923901198455224,0.3785808224618524
2988,2016-02-02,0.1526455820256712,0.16762220169901,0.3841100559118743,0.2006217904520585,0.2523495104781351,0.1973654533690731,0.2035566661239403,0.3690684578643713
2989,2016-02-03,0.139845731191885,0.1555830910897201,0.2301853486639519,0.1935588592468193,0.2313367184460606,0.198894170700509,0.207429792016478,0.3821889460155045
2990,2016-02-04,0.1569120844128805,0.1716352385687732,0.2465404938622825,0.210603264578008,0.2464046629140664,0.1993640375612197,0.2338676482738413,0.3791275012132602
2991,2016-02-05,0.1647486844229782,0.1790061729252468,0.2583622438165736,0.2184833610808347,0.249485005006969,0.1936675697460585,0.2509114910443639,0.3745899987568658
2992,2016-02-08,0.1444605921758721,0.159923687293075,0.1785366055758758,0.1991625050749265,0.2124625100026814,0.1893855347558277,0.2423186981880589,0.3680297598949136
2993,2016-02-09,0.1326185868900694,0.1487854477146413,0.1847281954751312,0.1839859816864403,0.193382284402159,0.1891876092337324,0.2493232240775005,0.3584627357640747
2994,2016-02-10,0.1477694989584859,0.1630358738478519,0.1682790463213344,0.2033652324876187,0.2145814546621908,0.1891312919975427,0.2649968229065547,0.3557839702587072
2995,2016-02-11,0.126523467434626,0.1430525171848239,0.1859823569390583,0.1798416490690184,0.1755969348325724,0.1854655840399899,0.2635821910437483,0.3490050411271801
2996,2016-02-12,0.1415000439900362,0.1571390807877595,0.1263572325671866,0.1950765115856679,0.1927151835075913,0.1912103546398704,0.269375001282214,0.3666630421619365
2997,2016-02-16,0.1520360325886186,0.1670489107176152,0.2029195987704007,0.2014973505449162,0.2139830421199468,0.1961666053600415,0.2468583889161495,0.3644762958746191
2998,2016-02-17,0.1654453391306869,0.179661415887649,0.1344301336991883,0.2148059919907001,0.2362809386181915,0.2011936700447972,0.2426297866451665,0.3733326209450618
2999,2016-02-18,0.1529938468936786,0.1679497817484714,0.1398215558753527,0.2040656916953262,0.2294630688020665,0.1997470222678784,0.2388665115327466,0.3739339800842849
3000,2016-02-19,0.1429803649473394,0.1585313943983521,0.1436253727907203,0.1972362561705074,0.2195354463990874,0.1997389881731447,0.2369910286042851,0.3677564100919809
3001,2016-02-22,0.1582181948288712,0.1728637517967003,0.0795882600189839,0.2099028053703004,0.2384488848010112,0.2041996197142777,0.2390214962496868,0.3778154534408697
3002,2016-02-23,0.1527326248104804,0.1677041329641475,0.0829922112503499,0.2005634234903418,0.2267358442358928,0.200300589073969,0.2240127837213452,0.3799475401948294
3003,2016-02-24,0.1377559857692233,0.1536174864977327,0.1543192333790874,0.1857371297057093,0.2018286046464174,0.2016732210343678,0.2238605965624724,0.381478267809566
3004,2016-02-25,0.1452441959396197,0.1606607786571354,0.0707585768751848,0.1926249321922448,0.2216347042295835,0.2051973010627516,0.2218084944680154,0.3865077790567817
3005,2016-02-26,0.1592631768904343,0.173846554092694,0.0792093193532344,0.210603264578008,0.2347407675717403,0.2046099674868633,0.223537198849868,0.3849223814814585
3006,2016-02-29,0.1650970742626795,0.1793337529747082,0.0607307385483663,0.2156815520835578,0.2457474772837464,0.2020642398357603,0.2077283847142172,0.3902252529588357
3007,2016-03-01,0.1718887859399846,0.1857218850351881,0.1243996793498391,0.2197675455728165,0.2604230263666516,0.2094857594001167,0.2022571071496446,0.3937787274063589
3008,2016-03-02,0.1906967134444048,0.2034120777726371,0.1083745925074562,0.2350607750511827,0.2754811992698917,0.2107891881435305,0.2002189928455249,0.3952001046726935
3009,2016-03-03,0.1906967134444048,0.2034120777726371,0.1493229317888451,0.2371621526743055,0.2757264463855796,0.2119075773456443,0.1991277586953233,0.3947080854546435
3010,2016-03-04,0.1972272655243587,0.2095544989011836,0.1128340698320358,0.2378626118820131,0.2801016166095909,0.2129680189207056,0.2116393708926018,0.4020883528709362
3011,2016-03-07,0.1955727965115901,0.2079984056237951,0.1017334145781536,0.2340684810348916,0.2776687843818973,0.2132528462401163,0.2186826895872464,0.4129127756680366
3012,2016-03-08,0.1990557576208988,0.2112743718453679,0.1024015796172223,0.229749019698766,0.2731071880301015,0.2096321999288206,0.2221311461651354,0.4052591480215824
3013,2016-03-09,0.1962693887334518,0.2086536278703274,0.0727672163117263,0.2272390455100727,0.2751476248726943,0.2112413760671743,0.2202536116940912,0.4150448519947675
3014,2016-03-10,0.2001006459536915,0.2122571741413616,0.1599503652200913,0.232025498207039,0.2757166748208139,0.2112912503129663,0.2179075794986738,0.4125847559045174
3015,2016-03-11,0.2259615384615384,0.2365812098712238,0.1743426039462666,0.2542065301719408,0.3074711947203661,0.2165403820905453,0.2475424851155923,0.4161928898853982
3016,2016-03-14,0.231360190666814,0.2416590010179882,0.1199526054713276,0.2559576781912098,0.3125822020910958,0.2161300539612231,0.2459018105609309,0.4089766219236365
3017,2016-03-15,0.2139453538773467,0.2252791699101245,0.1440764300936957,0.2446336526115617,0.297435701906346,0.2155330558997382,0.2355821783614851,0.4043844495066555
3018,2016-03-16,0.2050638655344564,0.2169254332576572,0.1260947934398675,0.2423571741032888,0.294934181326329,0.2173498024025204,0.2366819916897604,0.4159742100430521
3019,2016-03-17,0.207850078207286,0.2195461772326977,0.1179727433366214,0.2431160002727131,0.2965037628667318,0.2195012701137687,0.2538798866578673,0.4254865746405333
3020,2016-03-18,0.2111589225040528,0.2226583637874746,0.1682172103786147,0.246326433669114,0.3035962902924964,0.2209479375339509,0.269375001282214,0.421331741053787
3021,2016-03-21,0.2070664432006151,0.2188090858686373,0.1394363650026705,0.2416567427291347,0.3006435533394753,0.2212729942568205,0.2632834118421379,0.4239011770652101
3022,2016-03-22,0.2014067251267588,0.2134856873692887,0.0756669075933476,0.2394386311825785,0.2977986867974952,0.2209833346946114,0.2565422294187849,0.4323201633054182
3023,2016-03-23,0.1936572303873172,0.2061966842779526,0.0535577597068989,0.2325508286960429,0.2914320333543742,0.2188769089863569,0.254510269742414,0.4232451583926293
3024,2016-03-24,0.1857334626207164,0.1987437979404717,0.0771811335275585,0.224612337397946,0.2779630809207228,0.2187529992807815,0.247952980136032,0.4214410809749601
3025,2016-03-29,0.1837307912257873,0.1968601453294916,0.057637778852811,0.2210517022312448,0.2797779095768137,0.2218217091768494,0.2513432475061168,0.4149901716069521
3026,2016-03-30,0.1845143949895349,0.1975972159776822,0.1037292806154004,0.2211684361546782,0.2858502664811091,0.2232603032157711,0.2653159310301223,0.4152088514492982
3027,2016-03-31,0.175633000375415,0.189243582904564,0.0887487740991155,0.2149227259141335,0.2714198687142374,0.2225828463473685,0.2719840039359777,0.4153181913704713
3028,2016-04-01,0.1687541209416067,0.1827734988630768,0.1099529004536909,0.2093190800860262,0.2595695472441266,0.224681218317626,0.2790267631190086,0.4068445455969056
3029,2016-04-04,0.1675351157962721,0.1816269169002873,0.0900086419071123,0.2095525757664466,0.2590986919419366,0.2236110926137047,0.2806489737904245,0.4008856554469476
3030,2016-04-05,0.1561285118920564,0.1708981679205827,0.0733508212155848,0.1949597776622345,0.2385175731533347,0.2202382853568232,0.2804867154225086,0.4019243534164054
3031,2016-04-06,0.1551706663440731,0.1699972968897266,0.0869930235158597,0.1930918957195321,0.2395867930979415,0.2236963836634207,0.2793915646910125,0.4120927366864673
3032,2016-04-07,0.1496850963256822,0.1648376780571737,0.1112870740523368,0.1846864408941479,0.2292178216863786,0.2197136923642589,0.2829862403038967,0.4094139607538711
3033,2016-04-08,0.1572604742525818,0.171962901481714,0.0715391465632493,0.1895312605528308,0.2424316596399217,0.2206293041582156,0.278135834126441,0.4228624790957523
3034,2016-04-11,0.1631814456525596,0.1775320316288657,0.0916098057955622,0.1926832991539615,0.2492985788791842,0.2197265587017909,0.2826811199706667,0.4263612731554602
3035,2016-04-12,0.1667514495466776,0.1808898462520967,0.0921319615738922,0.1950181446239512,0.2540760118527164,0.2229014600798404,0.2842283560858731,0.4362562961953607
3036,2016-04-13,0.1916544027777708,0.2043129280876235,0.1448387614038912,0.2146308632719964,0.2809943735904877,0.2262324468289271,0.2798578243689316,0.4340148799474568
3037,2016-04-14,0.1943536976374851,0.2068518236610056,0.1656257354566061,0.2185417280425514,0.2849967873585841,0.2262903944559796,0.2632834118421379,0.432593502681122
3038,2016-04-15,0.1915673599929616,0.2042310796859652,0.1315962445539947,0.2197675455728165,0.283956977907929,0.2259605054903118,0.2618713910335279,0.4263612731554602
3039,2016-04-18,0.1975754991494426,0.2098821410982545,0.1751081636517124,0.2219856292858192,0.2869685358488535,0.2281506115006828,0.2665537572230618,0.423190478004814
3040,2016-04-19,0.2013196823419495,0.2134037561041512,0.1797421303114876,0.2251376957205035,0.2957680215196681,0.229190133000215,0.2679732381865183,0.4302974268998604
3041,2016-04-20,0.2143806302872399,0.2256885983612442,0.2079175604071723,0.2453924787809861,0.313023646899334,0.2294475776104355,0.2758920060524237,0.4387710726734261
3042,2016-04-21,0.2249166188858223,0.2355984075752301,0.280469907674125,0.2529223735135125,0.3179285892130931,0.2276903698390419,0.267353112814886,0.441777847515084
3043,2016-04-22,0.2275287459890334,0.2380553511676049,1.0,0.2562495408333468,0.3214208698206277,0.2277064773150362,0.2653159310301223,0.4447846223567418
3044,2016-04-25,0.2196922709506296,0.2306845203904804,0.2151544188930867,0.2484861504204001,0.3123173160462218,0.2270965932727558,0.2562460612713708,0.4388257322067839
3045,2016-04-26,0.2324049227849892,0.242641679018763,0.1159509626555542,0.2683323647488657,0.3263454510635726,0.2277257669997025,0.2617124897352931,0.446479359853238
3046,2016-04-27,0.2385870850252418,0.2484565408137179,0.0808166691547514,0.267340042899021,0.3312111155189596,0.2282809249101291,0.2664138793196862,0.453531628360469
3047,2016-04-28,0.2456295836493034,0.2509134844060927,0.1031045476635284,0.24066442087929,0.32497206721572,0.2251688034019303,0.2711001620905144,0.4573584213292385
3048,2016-04-29,0.2274951910892183,0.2340423142978416,0.3477187751790522,0.223153052020814,0.3011046370768996,0.2234775577090596,0.2753067569046996,0.4567570621900154
3049,2016-05-02,0.2231816681021748,0.2300292774280783,0.2374130384230354,0.2207598395891077,0.3007514237505162,0.2260731399626911,0.2920676733026608,0.4505248326643536
3050,2016-05-03,0.2045192076494674,0.2126666647400907,0.3110367343981214,0.207509592938594,0.2755204771282635,0.2231669977145849,0.3017613985104681,0.4443472835265071
3051,2016-05-04,0.1955398977131679,0.2043129280876235,0.1642808901302715,0.1999796982060676,0.2646706872504359,0.2211957569451017,0.2984839659824398,0.4450579617324457
3052,2016-05-05,0.1939554128489897,0.2028387867912424,0.1231205339221459,0.1978199536212281,0.2681140142344875,0.2211168695992566,0.2967671978483421,0.4480100770407458
3053,2016-05-06,0.1962441756942053,0.2049681710500256,0.2140561173533035,0.2023145436760573,0.2693597929424586,0.2221644448367859,0.2831490581834261,0.4498688139917728
3054,2016-05-09,0.1870009880262121,0.1963687856132344,0.0819628949203395,0.1965357969627998,0.2653083297512246,0.222413874995536,0.2803244570545928,0.4431992247814187
3055,2016-05-10,0.1970364025048326,0.2057052416982162,0.0749998618999387,0.2026647732799111,0.276530876084967,0.2265494498137995,0.2803244570545928,0.4498688139917728
3056,2016-05-11,0.1938673702906292,0.2027569383895841,0.0584691839085941,0.1957186038316588,0.2656124936544703,0.2233423727702882,0.2781964478845704,0.4584517996865116
3057,2016-05-12,0.1928990583632807,0.2018559844952486,0.0954729385449183,0.1938507218889563,0.2655339379377266,0.2232860751773619,0.2864320858275895,0.4610212356979347
3058,2016-05-13,0.1958040878740965,0.2045586597354266,0.0666130833861597,0.1955435029465086,0.271262948880059,0.2204699972919797,0.2786013477888753,0.4583424597653386
3059,2016-05-16,0.1954519176406544,0.2042310796859652,0.0382985919832103,0.1971778892087907,0.267397816016955,0.2236963836634207,0.26921460795301,0.4665974465510157
3060,2016-05-17,0.1963322807384127,0.2050501023151631,0.0582123710215123,0.2014389835831995,0.2690263143449157,0.2205665439316282,0.2690743570418918,0.4698229012350198
3061,2016-05-18,0.2018781808420392,0.2102097211477159,0.0603987745644028,0.2037154620914724,0.2765210087205467,0.2206341364010139,0.2690743570418918,0.4691668617079814
3062,2016-05-19,0.1980928194763886,0.2066880439942098,0.0704644303321564,0.1991625050749265,0.2666719420343114,0.2194127772121173,0.254510269742414,0.4690028622534505
3063,2016-05-20,0.2031986630028298,0.2114381515121637,0.066853638357232,0.2027231402416278,0.2761384806998663,0.2213888502243987,0.2518538951053737,0.4667614460055466
3064,2016-05-23,0.1967724935302154,0.2054596136297621,0.0621680532093755,0.1978783484164983,0.2705272075329951,0.2207001181228002,0.2543133216544608,0.4685655234232159
3065,2016-05-24,0.2068080017376064,0.214796048998874,0.066303531611339,0.2117706873130029,0.2905491437378975,0.2252090328053892,0.2534270552586724,0.4715176178770583
3066,2016-05-25,0.2291678747263744,0.2355984075752301,0.0846241476584637,0.2295738909800624,0.3108458333520941,0.2275391167108031,0.2412117977126793,0.4766564898999046
3067,2016-05-26,0.2219492909855917,0.2288826954652888,0.0686335845139021,0.2267137150210688,0.3063529253526218,0.227468322389482,0.2444979959226523,0.4762191302152123
3068,2016-05-27,0.2256466097928819,0.2323224413536573,0.0611240567980567,0.2275309081522098,0.3091094646130925,0.2289101379236025,0.2496759028978785,0.4753991120881007
3069,2016-05-31,0.2160512206485231,0.2233954344356651,0.0500191391770857,0.2218688953623858,0.3019188383410527,0.2285705844723381,0.2428437065853956,0.4741417134218392
3070,2016-06-01,0.2055755308922529,0.2136494670360845,0.0570326860958772,0.2148643589524168,0.290431501762091,0.2289535888222602,0.2409012687671852,0.4736496942037892
3071,2016-06-02,0.2083924553588612,0.2162702110111249,0.132976791947687,0.2148643589524168,0.2944535544593734,0.2299078192720764,0.2492057266386649,0.4745243927187161
3072,2016-06-03,0.1950998723789061,0.2039035203523736,0.0800501334473461,0.2073928311816071,0.279120628146839,0.2289213738702717,0.2434076942918066,0.4715176178770583
3073,2016-06-06,0.1977408054575638,0.2063604639447484,0.0375441182265871,0.2081516573510314,0.2812690312001273,0.2305756116548824,0.2745404124980719,0.4773671681058432
3074,2016-06-07,0.2029345978135952,0.2111925234437097,0.0609174036661059,0.2086770156735889,0.2882340492856651,0.2310133028501314,0.2765787133060626,0.4810299824745394
3075,2016-06-08,0.1979168905742849,0.2065242436115442,0.0536666071133318,0.202372910637774,0.2820440504055631,0.2321381546859064,0.2756094526876047,0.4857861543460512
3076,2016-06-09,0.1962441756942053,0.2049681710500256,0.0742629013707006,0.1991625050749265,0.2759716935012676,0.2315523925710906,0.2833120625668266,0.4821233608318126
3077,2016-06-10,0.1781978256924807,0.1881788493434327,0.0953210089785571,0.1856787627439925,0.2486021153904923,0.2284289958296959,0.2689141502165588,0.4739777139673085
3078,2016-06-13,0.1663137049458297,0.1771225203142667,0.078432585163151,0.174763333729915,0.2302870416309853,0.2256917856468953,0.257174477542043,0.4729390159978507
3079,2016-06-14,0.1574225312966613,0.168850714926937,0.0975021109125317,0.1679339260386497,0.2129137742755127,0.2250899553426121,0.265156470220274,0.4708069396711197
3080,2016-06-15,0.1627924400123372,0.173846554092694,0.1262070810951079,0.1733040761863366,0.2250878027784008,0.2244752390575335,0.252954827456876,0.4681828232718813
3081,2016-06-16,0.1605035834383512,0.1717171698339108,0.1097175543397285,0.1759307564649098,0.2200946289827868,0.2255195927998639,0.260719729629068,0.4583424597653386
3082,2016-06-17,0.1733561410840444,0.1836744527574123,0.18191839755757,0.1889475352685567,0.2359964136441317,0.2244301774112763,0.2590542500595414,0.4680188238173505
3083,2016-06-20,0.1865608064773329,0.1959592950145053,0.0809849957648313,0.1981701832250819,0.2639643563973237,0.226366021020099,0.2742380897229093,0.4756177710759892
3084,2016-06-21,0.1926350244169695,0.2016103564267946,0.1034813371197754,0.1996878355639305,0.2659459722520133,0.2272751898236581,0.2701568255101487,0.4727749956888623
3085,2016-06-22,0.1948357447038246,0.2036577887045704,0.0799967990508522,0.2022561767143405,0.2693500213776929,0.2267200319132314,0.2588364135380177,0.4743057337308276
3086,2016-06-23,0.210153056582684,0.2179082355536509,0.113211935420033,0.2112453289904454,0.2873315207400025,0.2312048246683559,0.2709796805897402,0.4796632647415625
3087,2016-06-24,0.1362070241090393,0.1491130070482328,0.4115261058911935,0.1566682674207184,0.1796582653882267,0.2189895631019997,0.270317405343224,0.4661600868663235
3088,2016-06-27,0.128812386494459,0.1422335152714958,0.2566422132186381,0.1519402095190224,0.1657085902879651,0.2130565314656204,0.2252504234104135,0.458998499292377
3089,2016-06-28,0.1339181987779768,0.1469836227894496,0.1336370267073355,0.1570768639862889,0.1842983216571118,0.2187771408515095,0.2219791455101338,0.4673081247569544
3090,2016-06-29,0.1443058459758864,0.1566477210715022,0.1434631045599742,0.1667665033036549,0.210814420645362,0.2243577723423558,0.2311967263348502,0.4784058869297586
3091,2016-06-30,0.1401684081055641,0.1527984845844046,0.1567693808985689,0.169509945339215,0.2165041537293225,0.2288779622581408,0.239660458512307,0.4699322411561928
3092,2016-07-01,0.1466827763511564,0.1588590573112928,0.1357390197827028,0.1728370848254959,0.2268634493757743,0.2295360901553503,0.2362187160737801,0.4735403751370737
3093,2016-07-05,0.1361190440365257,0.1490311586465746,0.0799010876189559,0.1646067587188154,0.2071161228806841,0.2272188922307318,0.2424742424166126,0.4604745360920694
3094,2016-07-06,0.1305729877182818,0.1438714569505425,0.1010285535518051,0.1547420185162993,0.1932449555973391,0.2290179401531837,0.2297973877894796,0.4650120489756927
3095,2016-07-07,0.1332140770115568,0.1463284834063966,0.0674319026542559,0.1572519927049926,0.2012890609919039,0.2287234483481764,0.2351194622571182,0.4524929095365537
3096,2016-07-08,0.1484433463320557,0.1604969782744698,0.1347709333466792,0.1660660440959473,0.218721197235107,0.233872811990908,0.2299122741741188,0.4539689671907037
3097,2016-07-11,0.1524926791581707,0.1642643042122997,0.0617142534041338,0.1691013487736446,0.2304145509712121,0.2350410754388138,0.2265089515330525,0.4504154927431805
3098,2016-07-12,0.1729160532639357,0.1832649414428133,0.2518225764150431,0.1818262649351542,0.2501226475077577,0.2374516181511454,0.228706153639278,0.4615679144493425
3099,2016-07-13,0.1661377135578791,0.176958740647471,0.183971225851726,0.1795497864268813,0.2469737128621861,0.2374982905450019,0.229471752030421,0.4503608332098228
3100,2016-07-14,0.1749407196769931,0.1851485940537934,0.1638459716415548,0.1863208549899834,0.2546646049303676,0.2393198889338458,0.2344836705603079,0.4554450248448538
3101,2016-07-15,0.1738843027054372,0.1841658124736694,0.1223352739438874,0.1859122305908594,0.2525751186646371,0.2389964429585756,0.2362187160737801,0.4569210824990038
3102,2016-07-18,0.1733561410840444,0.1836744527574123,0.1478487314209529,0.1771565739951749,0.2519277045990827,0.239825152955217,0.2279413012636195,0.453039609142419
3103,2016-07-19,0.1695708422042407,0.1801527548880364,0.1273120154430239,0.1743547371643445,0.2480822106651647,0.239324721176644,0.2308705310641781,0.449814154458415
3104,2016-07-20,0.1737963226329236,0.1840839640720112,0.0797089617386331,0.1773316748803251,0.2569405173238827,0.2408115983570217,0.2217514242834382,0.4513995311792805
3105,2016-07-21,0.1781978256924807,0.1881788493434327,0.2200106800121113,0.1802502456345889,0.2577350796588498,0.2395483793738034,0.2226818920966933,0.4503608332098228
3106,2016-07-22,0.1796943929699923,0.1895711422381556,0.0635568291638643,0.1806004752384427,0.2593341674928588,0.2411350443322919,0.2247740925234513,0.4472993779803496
3107,2016-07-25,0.1718596050494563,0.1822821391468196,0.0534852878724156,0.1759891512601801,0.2569601562530685,0.2400810261043649,0.2150031547129807,0.4415045081393801
3108,2016-07-26,0.1687785216648429,0.1794156842398458,0.0574519495553239,0.1734208101097701,0.2554396241358033,0.2401936605767443,0.2182477625596834,0.4403564493942916
3109,2016-07-27,0.1834302655448541,0.1883426290102285,0.1566875885615719,0.1788493272191737,0.2653672465387824,0.2397752983526884,0.2177188375810521,0.4348895784623837
3110,2016-07-28,0.169761392794532,0.1758121586846814,0.1597145964530126,0.1679922930003664,0.2474936175875137,0.2403352885059133,0.2311198867399291,0.430625425808922
3111,2016-07-29,0.1772658805280604,0.1826916504614185,0.1511053727582993,0.1789076941808904,0.2580882929852331,0.2409049431447348,0.232829008215309,0.4331401814325298
3112,2016-08-01,0.1694039112640986,0.1754844957717408,0.1307553229521078,0.1675253294730792,0.2508486172900558,0.2404608089590881,0.2459213934674033,0.4247212160467793
3113,2016-08-02,0.1518039601530253,0.1593503963116802,0.4112371892852308,0.1532243661774507,0.227687422204693,0.2382385272832553,0.2459213934674033,0.421714420350664
3114,2016-08-03,0.1505532121974373,0.1582038143488907,0.0896247516677109,0.1561429369317145,0.2263336772860265,0.2393263319242435,0.2538994695643399,0.4289307091668833
3115,2016-08-04,0.159219218097101,0.166148039686759,0.0593212409972,0.1633226020603871,0.2383017365315984,0.2394003477407635,0.2433299221775295,0.434944258850199
3116,2016-08-05,0.1692253891993463,0.1753207161049449,0.0443118760212494,0.1709108359210767,0.2533991872932105,0.2423966525679108,0.2407073047411707,0.4342335597898029
3117,2016-08-08,0.1750323239286302,0.1806441146042935,0.0540070125656468,0.1729538465824829,0.2556652323223053,0.2420779995489121,0.2336367564813359,0.440903149000157
3118,2016-08-09,0.1786953067630181,0.1840020120910038,0.0407544237128078,0.1787325932957403,0.2657596419238831,0.2422147952352829,0.2327137488229274,0.43953643126718
3119,2016-08-10,0.1798566687145361,0.1850666627886558,0.0380311010444531,0.1818262649351542,0.2651219994230945,0.2412090601488118,0.2377446907476734,0.4337415405717529
3120,2016-08-11,0.1823583520832531,0.1873599095777141,0.0456556610258008,0.1834606511974363,0.2710667511875085,0.2428665194286215,0.2487946721066116,0.4434725850115801
3121,2016-08-12,0.1815541279900102,0.1866227560660443,0.0317019465148038,0.1815344022930171,0.2707626830839174,0.242586524352009,0.2413865518399631,0.4489394559434881
3122,2016-08-15,0.1817329624839973,0.1867866185963194,0.019416638843672,0.1824099623858749,0.2711746215985494,0.2435680982244886,0.2457457068207635,0.455773044608373
3123,2016-08-16,0.1786953067630181,0.1840020120910038,0.0523413556060325,0.1814760353313005,0.2614727031817269,0.2416370868584642,0.2484225968836322,0.4603652170253539
3124,2016-08-17,0.1700293633492014,0.1760577867531355,0.0392307739842993,0.1761058851836135,0.2482587694285292,0.2422920325470017,0.2628059619319487,0.4615132549159848
3125,2016-08-18,0.170476043426164,0.1764672980677344,0.0376784375977658,0.1773900418420418,0.2544487683086313,0.2430644449507168,0.2663939234054711,0.4693308820169697
3126,2016-08-19,0.1635074343161273,0.1700791452913848,0.0483636891321318,0.1710859646397804,0.2446879331042508,0.2425575701817461,0.2742985169771677,0.4709709391256506
3127,2016-08-22,0.1656516673973345,0.1720447498833722,0.049500373055669,0.1734791770714868,0.2463948913493008,0.2423596053731239,0.2662740014163103,0.4629346321823195
3128,2016-08-23,0.1749430316533305,0.1805622662026353,0.0459943600556834,0.1791995568230275,0.2574702894136305,0.2430451159795237,0.2695754929437193,0.4686748424899313
3129,2016-08-24,0.1831623574760316,0.1880970009417745,0.089069768074014,0.1894145266293974,0.264788425025897,0.2412010064108147,0.2666934486225663,0.4614039149948117
3130,2016-08-25,0.1822688723504126,0.1872779783125766,0.0602765087120237,0.1857954966674259,0.259294889634487,0.2407230858121069,0.2608984003376466,0.4644653702242849
3131,2016-08-26,0.1853958515896149,0.1901444332195503,0.0307056392877813,0.1908154172112591,0.2651808204109978,0.2401711493968791,0.2650766465634144,0.4661600868663235
3132,2016-08-29,0.1840556551441098,0.1889159199916233,0.0238964772976827,0.1898814901566846,0.2609527984563994,0.2419959299943949,0.2508329729146024,0.4625519528854426
3133,2016-08-30,0.1892374502175257,0.1936661310889262,0.0600439767721778,0.1961272003972293,0.2677216188493868,0.241310458674522,0.2497935868405851,0.4591078183590924
3134,2016-08-31,0.1974568072831503,0.2012008451121956,0.0761134843516904,0.1995127346787804,0.2708018651426347,0.240478487896155,0.2436022178294343,0.4500874938341189
3135,2016-09-01,0.1990648180687074,0.2026750071244465,0.0732656128717297,0.2006801574137752,0.275314412071293,0.240464030454287,0.2447706645822993,0.4416685075939109
3136,2016-09-02,0.2046932619761624,0.2078346259569994,0.0596748435559239,0.2060503075614621,0.2896467109918895,0.2419315786634715,0.2510293614909418,0.4486660957133266
3137,2016-09-06,0.2018343782633233,0.2052138819819589,0.0464864537088642,0.2003299278099214,0.288724543517041,0.2429775431534014,0.2436022178294343,0.450798192894515
3138,2016-09-07,0.2071948203731854,0.2101277898825784,0.0546892948512006,0.204124058657043,0.300084370755776,0.2429260385167466,0.2593118119056237,0.4544609864087537
3139,2016-09-08,0.2155034384711862,0.2177444351709853,0.0846980592539369,0.2096109427281633,0.3085012326062555,0.2421440009139618,0.2573328193286643,0.4660507469451505
3140,2016-09-09,0.2136273321592659,0.216024562226801,0.0747816738161041,0.2063421702035992,0.3010849981477137,0.2335365193213693,0.2620901600744076,0.4565384032021269
3141,2016-09-12,0.2037997768505433,0.2070156033278015,0.0738214259616923,0.1982285780203521,0.2854970531547257,0.2385619732585255,0.257352402235137,0.4587798194500309
3142,2016-09-13,0.1937937619629154,0.1978429476254853,0.068045887990598,0.1905819493643923,0.2715278349249328,0.233409388120595,0.2577282075355396,0.451180872191392
3143,2016-09-14,0.1891479704846852,0.1935841791079189,0.0733229229479116,0.1870796533258542,0.2693892992360648,0.2332082411033008,0.253840534341051,0.4439646042296302
3144,2016-09-15,0.1917389461287018,0.1959592950145053,0.0688772118885508,0.1849199365745682,0.2711648500337837,0.2366663590531617,0.2583216628535949,0.4457686607928418
3145,2016-09-16,0.1848597855085823,0.1896530735032932,0.1533816665032566,0.1793162907464609,0.2626204788430774,0.2353629106664845,0.2581040128359424,0.4409578085335147
3146,2016-09-19,0.1881653492983839,0.1926833287929326,0.0424032694075694,0.1810674387657299,0.2706743558024078,0.2353565069626136,0.2444202238083754,0.4424338661876648
3147,2016-09-20,0.1861552108447436,0.1908405900248467,0.0334372252988599,0.1796256606937577,0.2677902114020557,0.2354594769493964,0.2478944179204856,0.4431992247814187
3148,2016-09-21,0.1956698995177592,0.1995628205696696,0.0597004325144251,0.187546644686695,0.2748926061922406,0.2392185296946623,0.2437191557566564,0.4535862878938268
3149,2016-09-22,0.2037997768505433,0.2070156033278015,0.0738035469970719,0.1963606960776497,0.2921972809950443,0.2414810014874272,0.249852335560003,0.4589438189045616
3150,2016-09-23,0.191917655650995,0.1961230746813011,0.1400668717544713,0.1941425845310934,0.281278802764893,0.2394711420620846,0.2525025555692946,0.4488847755556727
3151,2016-09-26,0.1846811072292125,0.189489210973018,0.0766863015881026,0.1839276147247235,0.2702721888525414,0.2364797087642623,0.2570560475838517,0.4568117425778307
3152,2016-09-27,0.1831623574760316,0.1880970009417745,0.062245975266464,0.1831104215935825,0.2679962764590263,0.2387051726487672,0.2587176105720838,0.4499234735251305
3153,2016-09-28,0.1876292832173512,0.1921918862131961,0.0406150578001798,0.1858538636291427,0.2731170553945217,0.2405461000088041,0.253978360701844,0.4629346321823195
3154,2016-09-29,0.1909349719788468,0.1952222036504449,0.0460205129030057,0.1862624601947132,0.2786007234215115,0.2372890897897106,0.2548256477885582,0.4671988056902388
3155,2016-09-30,0.1909349719788468,0.1952222036504449,0.1313524495936963,0.1880719751756989,0.2769429103992537,0.2400472396913038,0.253978360701844,0.4694402219381428
3156,2016-10-03,0.1907562624565536,0.1950584239836491,0.0326152819812951,0.1825850911045785,0.2742156858330801,0.2389095411612602,0.2563447218192185,0.4725563367009737
3157,2016-10-04,0.1913816520558093,0.1956317149650439,0.0474883819061349,0.1840443764817105,0.27592264407813,0.2371861198029277,0.2525419078861111,0.4719002971739353
3158,2016-10-05,0.1965632909146078,0.2003818224829977,0.0644957820467974,0.1902317197605384,0.2768349441885582,0.2386729969833055,0.2526008431094,0.4781325475540546
3159,2016-10-06,0.2002261800202254,0.2037396371062287,0.0992766110625878,0.1926249321922448,0.2747847357811998,0.2388403575875385,0.2522076929489787,0.4814673213047742
3160,2016-10-07,0.1929004018089903,0.1970239249962874,0.0746186814888718,0.1907570502495424,0.2617277218621805,0.2377091020478927,0.2422411125776531,0.4780232076328816
3161,2016-10-11,0.1941510560358078,0.198170506959077,0.067469161476359,0.2024312775994907,0.2684867706904023,0.2349718918650921,0.2416582879802544,0.4833807386436165
3162,2016-10-12,0.1955806072424596,0.1994809721680114,0.1118070122193031,0.2039489299383393,0.2678294892604277,0.2353661321616834,0.2293186323521923,0.4800459440384395
3163,2016-10-13,0.1878973162578676,0.1924375971451294,0.0521155534421166,0.1974113570556575,0.2601974181801495,0.2342992672394878,0.2214858427708954,0.4814673213047742
3164,2016-10-14,0.2001369189878492,0.2036577887045704,0.0558977686726468,0.2067507667691697,0.2758147736670892,0.2343684508132095,0.2274062216572399,0.4809753020867241
3165,2016-10-17,0.1990648180687074,0.2026750071244465,0.0433878909610231,0.2079765564658812,0.2731464658884733,0.2333257078184785,0.2145891161189888,0.4787338858388201
3166,2016-10-18,0.2079188126389372,0.2070156033278015,0.063124486645762,0.2180163975535475,0.2853695438144989,0.2354337442743324,0.2220740759805581,0.4806473031776626
3167,2016-10-19,0.2161405129238227,0.2144684896652824,0.0927256722086225,0.2248458330783664,0.2936883068187033,0.2361884384544539,0.2160205333302001,0.487808890751609
3168,2016-10-20,0.2253558006611502,0.2228221434542704,0.1106586531621751,0.2359947299393107,0.3045871461196685,0.2357137393509449,0.2157377934615099,0.4814126617714164
3169,2016-10-21,0.2295117343421715,0.2265895315397098,0.0998465572090025,0.2340684810348916,0.3084326400535865,0.2356847458941552,0.2087371841533629,0.483708737552678
3170,2016-10-24,0.2441478880033672,0.2398571760927966,0.1722715825961468,0.2456259744614064,0.3197924672923214,0.2373213047416991,0.2012559543692169,0.4819046809894665
3171,2016-10-25,0.2395403066205504,0.2356803595562375,0.1048907651070871,0.2417734766525681,0.3122879055522701,0.236006581121826,0.2001449508086714,0.4788432257599933
3172,2016-10-26,0.2410761150099502,0.2370725488716112,0.1535416096148638,0.2492449765898244,0.3155839884672544,0.2354063615651422,0.2019974937609792,0.4745790731065314
3173,2016-10-27,0.2483038841702354,0.2436244813147567,0.1048000032488428,0.2597518090383314,0.3179285892130931,0.234378115298806,0.2058635325064124,0.4775311884148316
3174,2016-10-28,0.246496949690895,0.2419865603515798,0.079560246865551,0.2585843863033366,0.3183307561629594,0.2333112110900836,0.2040398976541355,0.4719549775617506
3175,2016-10-31,0.2427926637116693,0.2386286421489997,0.0703129687408168,0.2578839270956289,0.312641023078999,0.2332693709390254,0.2172277728882679,0.4618959342128618
3176,2016-11-01,0.2349325065372693,0.2315034187244594,0.0887655790399814,0.2495952061936781,0.3025761197710274,0.2309473407716086,0.2154550535928199,0.4608572153889464
3177,2016-11-02,0.2277048311057545,0.2249515277130536,0.0768424429296582,0.2347105732808825,0.2861642019491206,0.2287298913385741,0.2285532204649205,0.4535862878938268
3178,2016-11-03,0.2317703790091544,0.2286369638174857,0.0656119931171372,0.2390884015787247,0.2868018444499093,0.2272365711677987,0.2348883839607416,0.4498688139917728
3179,2016-11-04,0.2265303158834524,0.2238868562995318,0.0662958932893085,0.2355861333737402,0.2781396396840873,0.2266765810145738,0.2356593909641484,0.4466433593077688
3180,2016-11-07,0.233396666904946,0.2301112294090857,0.0563243869287169,0.2469101311198347,0.2906178320902211,0.2341335173828541,0.2354665459613611,0.4511261918035767
3181,2016-11-08,0.2370106295923973,0.2333871956306584,0.0798892586016868,0.2527472447948089,0.2924032502523602,0.2354273012839347,0.2277883680892622,0.4516182110216267
3182,2016-11-09,0.2378236954329844,0.234124266278849,0.142703873057298,0.2311499102806277,0.2889207412095913,0.2392410408745275,0.2226059850211281,0.4532036085969498
3183,2016-11-10,0.2384561459329462,0.2346975572602437,0.1248013600180462,0.2270639446249226,0.2747258189936419,0.2399201084905295,0.2072058008672057,0.4498688139917728
3184,2016-11-14,0.2286986685015844,0.2258524608915192,0.0807399360071772,0.2201177751766703,0.265053311070771,0.2393922940027663,0.1922252504234103,0.4425432061088379
3185,2016-11-15,0.233035217523231,0.2297835457802752,0.1138457812368528,0.2241453738706587,0.2678883102483309,0.2419975407419944,0.180573048064472,0.4561557239052499
3186,2016-11-16,0.2287888355787414,0.2259342885773077,0.0741099378325012,0.222335858889673,0.263120744639219,0.2414423828315678,0.1769645711651213,0.4548436657056307
3187,2016-11-17,0.2309573131685673,0.2278998931692951,0.0474035045175879,0.2258381270946575,0.2709196029180958,0.2430805524267111,0.1737302210313327,0.4540236267240615
3188,2016-11-18,0.2237295440082821,0.2213479607261496,0.0799384760827879,0.2159150477639782,0.261590440957188,0.2422405279103469,0.1606514505618335,0.4554996843782115
3189,2016-11-21,0.2240909621470737,0.2216755614914809,0.0337716524756737,0.2156231851218411,0.2607761438933803,0.2448602713779698,0.1545826145940398,0.4653400687392118
3190,2016-11-22,0.2295117343421715,0.2265895315397098,0.043856526839247,0.2168489748185527,0.2643960296407963,0.2456262407912872,0.1631269164438411,0.4682921631930543
3191,2016-11-23,0.2297828916750356,0.226835263187513,0.0451810458180778,0.2152145885562706,0.262041657330192,0.2459126788582974,0.1623303584100843,0.4679094838961773
3192,2016-11-25,0.2248137359388098,0.2223307630221433,0.0289425623658427,0.2107783654631581,0.2666425315403598,0.2473014182946905,0.1510847344902914,0.457522441638227
3193,2016-11-28,0.2186701274661289,0.2167616535908614,0.041012290597686,0.2081516573510314,0.2612372276308046,0.2454299260167913,0.1589758997832637,0.4630986524913079
3194,2016-11-29,0.2233681883553375,0.221020401392558,0.0510422938359783,0.2113037237857156,0.2659165617580616,0.2459030143727008,0.1603866150647754,0.4529849287546037
3195,2016-11-30,0.2279758322240012,0.2251972179291171,0.0558201997048201,0.2139887988595591,0.2679962764590263,0.24496166990368,0.1646333082112618,0.4760004503728662
3196,2016-12-01,0.2305958637868523,0.2275723338357035,0.0494858658299992,0.2165571121764156,0.2661323983797979,0.2437177798916548,0.155810369577936,0.4848567962977665
3197,2016-12-02,0.2258979278693376,0.2233135653181371,0.0507898487157648,0.2117706873130029,0.2600404025463165,0.2438577577866977,0.1669250677801692,0.4882462504363013
3198,2016-12-05,0.2313186375785884,0.2282274939346263,0.0712445678811244,0.2152145885562706,0.2656909535715597,0.245911068110698,0.1542321738201157,0.4888476095755244
3199,2016-12-06,0.2511950418230271,0.2462453288691462,0.0801326266928776,0.2312666720376147,0.288116311510204,0.247121171709662,0.1816586870985388,0.4841460972373703
3200,2016-12-07,0.2614042919278784,0.25549989512073,0.1013565091821489,0.2358779960158773,0.2946988015750613,0.2518071114820807,0.1758850867588033,0.4778045277905355
3201,2016-12-08,0.2837198624511549,0.2757289834315612,0.1349211902185374,0.2520468134206548,0.3128470881359696,0.2525859275896667,0.1823830681341536,0.4836540780193203
3202,2016-12-09,0.2786603834231547,0.2711425727169239,0.0956126870587464,0.2483110495352499,0.3152210035761054,0.2547325827013801,0.1603866150647754,0.4872622120002012
3203,2016-12-12,0.2802865775901758,0.2726167968767843,0.0663798811037153,0.2456843414231232,0.316869140833252,0.2543190134335957,0.1488190854633473,0.4945331603497784
3204,2016-12-13,0.2857074747569675,0.2775306840615339,0.096744424570625,0.251579822059814,0.3310836061787329,0.2566941589852667,0.1635696766339931,0.4953531784768901
3205,2016-12-14,0.2799253156660016,0.2722891546797134,0.076126475928529,0.2457427083848399,0.3200083039140577,0.253726847614909,0.1616229492267455,0.4847474563765934
3206,2016-12-15,0.2898635021667592,0.281298113578713,0.0911747281531782,0.2553155859452188,0.3320155452183471,0.2551348767359684,0.1436139489229309,0.4839820977828396
3207,2016-12-16,0.2930256296948741,0.2841645684856868,0.2995145664534949,0.2563662747567803,0.33907866215016,0.2544976492710248,0.1287035239346945,0.4894489687147475
3208,2016-12-19,0.2824550239370782,0.2745824014687718,0.0746991942725439,0.2518133177402344,0.3316133782684807,0.2552153355428862,0.1335751915534635,0.4906516661387361
3209,2016-12-20,0.2895924073197421,0.2810523819309098,0.0517814561666131,0.2542065301719408,0.3385980352832044,0.256539684361829,0.1266680206847712,0.4912530252779591
3210,2016-12-21,0.2876047950139293,0.2792505984374578,0.0745694777097421,0.2507042619669563,0.3350468378881119,0.2556417515049392,0.1242660373280037,0.4926744233987514
3211,2016-12-22,0.2857074747569675,0.2775306840615339,0.0338756694102057,0.2500621697209654,0.3313092143652348,0.2549626838889371,0.1302334151898823,0.4951891790223592
3212,2016-12-23,0.2876047950139293,0.2792505984374578,0.0354085648073843,0.2509961246090934,0.3346544425030112,0.2554180933077798,0.1316469280294616,0.4955718583192362
3213,2016-12-27,0.2857979230204358,0.2776126360425413,0.0159380930262607,0.2500621697209654,0.3355274647550675,0.2562371388188247,0.1346694097656038,0.5003827105785633
3214,2016-12-28,0.2835391221388356,0.2755651209012862,0.0347925768752291,0.2483110495352499,0.332417807967868,0.2531861471463504,0.1355081176742445,0.5012574090934903
3215,2016-12-29,0.2811901541800782,0.2734358195059822,0.0396580393950163,0.2460345710269769,0.3306715718644462,0.2530799556643688,0.128414815942127,0.4996720115181672
3216,2016-12-30,0.2863399252569293,0.2781040164746683,0.046564922790809,0.2483110495352499,0.3331240430213257,0.2514015959522934,0.1531817840176998,0.4993986721424633
3217,2017-01-03,0.3000727835145339,0.2905527212620364,0.0668059818468673,0.2571251009262046,0.3471129959799591,0.2544590306151654,0.1351485382106334,0.4917997248838245
3218,2017-01-04,0.3021506566262741,0.2924363738730166,0.0673540807269581,0.2530391074369459,0.3439934718283393,0.2565380736142296,0.1288734289613282,0.4968838956643979
3219,2017-01-05,0.3035057559462781,0.2936647835215945,0.0548459052217756,0.2543816588906444,0.3464753534791704,0.2562564677900177,0.141541144898774,0.4996173311303519
3220,2017-01-06,0.3061259124808231,0.2960398994281809,0.0309454111384908,0.2571834678879213,0.3491927106809238,0.2575405872055019,0.1579721359486396,0.5008747297966134
3221,2017-01-09,0.3008857556263506,0.291289791910227,0.0616606660481688,0.2554907146639226,0.3469265698521744,0.2562403603140235,0.1463857694562236,0.489776967623809
3222,2017-01-10,0.3004340454387081,0.2908802805956281,0.0434314948498605,0.2449838822154156,0.342924156084078,0.2562403603140235,0.1552663377857401,0.4835447380981472
3223,2017-01-11,0.2964587583412357,0.2872767550404637,0.0602503021108138,0.23284269133818,0.3386666278358734,0.2572734781096848,0.1496025882261225,0.4913623651991322
3224,2017-01-12,0.2955552442371802,0.2864577324112658,0.0552157604265201,0.2310331763571943,0.3385489858600667,0.2564881797251742,0.1566884298033932,0.4955171779314209
3225,2017-01-13,0.3035057559462781,0.2936647835215945,0.0970295615404897,0.2379209788437299,0.3487708090022169,0.2571640258459774,0.1596808844162773,0.492018383871713
3226,2017-01-17,0.2938387267783847,0.2849016391338774,0.043759861539345,0.2316752686031852,0.337322750281627,0.2560778319525887,0.1575146419526656,0.4926197430109361
3227,2017-01-18,0.2953746913824019,0.28629395274447,0.0685215782760733,0.2321422321304724,0.3364692711591021,0.2567215024079301,0.172189326047746,0.4849661362189396
3228,2017-01-19,0.2979043371676315,0.288587116670049,0.1852624648501352,0.2309748093954776,0.3357727118707555,0.2554019858317855,0.1613933629613382,0.4865515129398051
3229,2017-01-20,0.3020603020915763,0.2923544218920092,0.0537548109189243,0.2312666720376147,0.3358708107170307,0.2566281969067439,0.1663914802047588,0.4922917232474169
3230,2017-01-23,0.2945615318130443,0.2855568820962795,0.2021304653502403,0.2291652944144918,0.3284839867524406,0.255644973000138,0.1748429031267186,0.4940958006650862
3231,2017-01-24,0.3047706257032782,0.2948114483478633,0.4273459509046751,0.2397304938247156,0.3365673700053773,0.2580378367754027,0.1822019728752499,0.4964465568341631
3232,2017-01-25,0.3235628380171891,0.3118464395546498,0.468216733866211,0.2512879872512304,0.3524691546667221,0.2609826369658953,0.1771807291518046,0.4940958006650862
3233,2017-01-26,0.322749709690755,0.3111093274747196,0.2054851390226308,0.2482526825735332,0.3488885467776781,0.2607106563407531,0.1808261338176464,0.4997266710515249
3234,2017-01-27,0.3222980932318829,0.3106998575918603,0.09095451850157,0.2465599015159809,0.3480350676551531,0.2603904318606818,0.1700260676460729,0.4963918764463478
3235,2017-01-30,0.3132607339437617,0.2980873317059567,0.1173345329149267,0.242415568898559,0.3340265715669882,0.2581713716800479,0.174878898373854,0.4934397819925054
3236,2017-01-31,0.3083314129349702,0.2936647835215945,0.1188849815914067,0.2401974573520028,0.3295042530735643,0.2578447434961056,0.1740351548606917,0.4944238204286054
3237,2017-02-01,0.3135347656255858,0.2983330633537599,0.3669865220780123,0.235119169846453,0.3310345567555952,0.2579541564732862,0.1889317785624618,0.5002733706573903
3238,2017-02-02,0.321111424512348,0.3051307274447085,0.3517131770299642,0.2315585068461982,0.3384508870137916,0.2581633572285775,0.1832352043215184,0.4984146337063633
3239,2017-02-03,0.3253104734277686,0.3088980326666687,0.0524636783742925,0.2347689402425991,0.3439738328991534,0.2608297338035302,0.1823468863831472,0.5000000312816864
3240,2017-02-06,0.3149952473264805,0.2996434249833452,0.1116361054226176,0.2311499102806277,0.3336341761818875,0.2600476962007454,0.1856692663441268,0.4955171779314209
3241,2017-02-07,0.3055018038414299,0.2911260122434312,0.2837781622295638,0.2304494510729201,0.3311032451079188,0.2601313765028619,0.1794529058142395,0.4909250055144399
3242,2017-02-08,0.2990205218518006,0.2853111504484763,0.1175627540037853,0.2260132558133612,0.3309266863445543,0.2603872103654829,0.1692586042162183,0.4918543844171822
3243,2017-02-09,0.306323367757203,0.2918630828916218,0.0667308412899635,0.2272390455100727,0.3415900500945974,0.2625113542973312,0.1714735241902047,0.4954625183980632
3244,2017-02-10,0.2984727396744637,0.28481968715287,0.0463684913294879,0.2225693545700934,0.3356746130244804,0.2638357031162741,0.166213742015536,0.5001640307362172
3245,2017-02-13,0.306688472560965,0.2921906422252134,0.0516236674265017,0.2276476420756432,0.3460730907296494,0.2657908364097631,0.1601042482038277,0.4950798391011862
3246,2017-02-14,0.3103398642707426,0.2954666084467861,0.0527192791639084,0.2372205196360222,0.3486335280972243,0.2672922103185355,0.1568115223583637,0.4965558967553363
3247,2017-02-15,0.3184640866343773,0.3027556115381222,0.0637931597117685,0.2486612791391037,0.3558829753571675,0.2691701063003057,0.1536541983233674,0.4960638775372863
3248,2017-02-16,0.3136260886909116,0.2984150153347673,0.0486315858600407,0.2424739358602758,0.3529989267564699,0.2688434388298366,0.1582009761985625,0.4974305952702632
3249,2017-02-17,0.307510036476738,0.2929277128734039,0.0511404916486763,0.2381544466905967,0.3476623111992383,0.2694774447995816,0.1683493978442762,0.4976492751126093
3250,2017-02-21,0.3129871396628664,0.2978417243533725,0.0474408834954397,0.237570749239876,0.3536169303280726,0.2717656885539372,0.1585178462756762,0.5012574090934903
3251,2017-02-22,0.30413245774832,0.2898974782996343,0.0713956827071889,0.2357612342588903,0.3453962661701435,0.2713537693202791,0.1479839211282589,0.4986879730820671
3252,2017-02-23,0.3053191264678551,0.2909621082814165,0.0539375867847951,0.2326091956577597,0.3469854866397323,0.271513076186515,0.1498638801496283,0.5033894854202212
3253,2017-02-24,0.2992031367395285,0.2854749301152721,0.0758148593720251,0.2284648352067843,0.3430713043534907,0.2720811200777371,0.1546176773218193,0.5008747297966134
3254,2017-02-27,0.2999334713187463,0.2861301730776742,0.0276380524811789,0.2317920025266186,0.3441307527333318,0.2724689173839306,0.1496548093100493,0.501202728705675
3255,2017-02-28,0.3087878408040578,0.2940742948361934,0.0961104712460299,0.2345354445621788,0.3530773866735591,0.2714856934773247,0.1545826145940398,0.5009840488633288
3256,2017-03-01,0.323849741783486,0.3075876710370834,0.0768214082956353,0.2451590109341192,0.3723047605434945,0.2766865617567112,0.1522197970502175,0.5000000312816864
3257,2017-03-02,0.3156341338686788,0.30021671596474,0.0733618839764559,0.2460345710269769,0.3688222515007255,0.2744272721726184,0.1470107439285062,0.4933304420713322
3258,2017-03-03,0.3234847307084946,0.3072601117034917,0.0730806752563784,0.2583508906229161,0.3769154063184279,0.2746204047384423,0.1429223925686413,0.4972665958157324
3259,2017-03-06,0.3206549029144898,0.3047212161301096,0.0421706267979549,0.2592848455110441,0.3774647215377071,0.2733636287456217,0.1602454316343016,0.4965558967553363
3260,2017-03-07,0.3209288408675435,0.3049669063461731,0.0543993980272873,0.2587011202267699,0.3772293417864394,0.2722500521430427,0.1537942627306143,0.496227876991817
3261,2017-03-08,0.3259493287270433,0.3094713236480634,0.0542577881533508,0.2610359656967597,0.3820165463247372,0.2713795019953431,0.1523772063174828,0.4805926227898471
3262,2017-03-09,0.3379075264452601,0.3202001554912473,0.1286915067309242,0.2755703968392551,0.3965254040086983,0.2716836582859468,0.1488190854633473,0.4751257518579392
3263,2017-03-10,0.3394595186690214,0.3215923862383607,0.1058502013831956,0.276212489085246,0.3973101947788997,0.2729275482979721,0.1536717296872571,0.4708069396711197
3264,2017-03-13,0.3368122120339742,0.3192173531952536,0.0545780548697698,0.2757454977244051,0.3962801568930103,0.273067526193015,0.1711337141369375,0.4703149204530698
3265,2017-03-14,0.3275925190444364,0.3109455478079238,0.0551142203868096,0.2706088432571386,0.3873727050115003,0.2717769637871332,0.1650949052924017,0.4665974465510157
3266,2017-03-15,0.3342563534359467,0.3169241892696745,0.053591927153465,0.2732355513692653,0.3950342823853846,0.2749647511459782,0.1589934311471534,0.4728296760766776
3267,2017-03-16,0.3526956144433285,0.333467800044334,0.158580793105453,0.2857853666456249,0.413162930017107,0.274340370375303,0.1786225905798013,0.4722283169374545
3268,2017-03-17,0.3540646793501272,0.334696209692912,0.1836825990951574,0.2872446241892034,0.420795001097385,0.2738367171015312,0.1843786595556471,0.4723923163919853
3269,2017-03-20,0.3527868437798839,0.3335496277301225,0.0669159043310526,0.287419752907907,0.4176754769457652,0.273067526193015,0.1794167240632329,0.4693308820169697
3270,2017-03-21,0.3547037845927897,0.3352695006743068,0.0701285423143968,0.289579469659193,0.4174695076884492,0.2683285103228688,0.1785865953326659,0.4645200297576426
3271,2017-03-22,0.3568946946016726,0.3372351052662942,0.1312016509669707,0.2912722507167453,0.4191763701338445,0.269041364351932,0.190284118132298,0.4683468435808697
3272,2017-03-23,0.3608198992928102,0.3407568031356701,0.0719432229684476,0.2947161519600131,0.4285546773175445,0.268640681064943,0.1867979877724332,0.4664881066298427
3273,2017-03-24,0.359998397862884,0.3400197324874795,0.0962709128985949,0.2935487292250183,0.4270341452002791,0.2683220673324712,0.1858149258675088,0.4679641642839928
3274,2017-03-27,0.3554340566861605,0.3359247436367089,0.0821663438989891,0.2936654631484516,0.4263965026994906,0.2679374915214765,0.196083829013997,0.4666521060843734
3275,2017-03-28,0.3641062174417494,0.3437052100236512,0.055219700270283,0.2980432914462939,0.4348427750439217,0.2706698694614787,0.1978720281307517,0.4701509001440813
3276,2017-03-29,0.3606373156480057,0.3405930234688742,0.0872819938757099,0.2931984996211644,0.432743421413771,0.2710817886951369,0.191107719227374,0.4763831296697431
3277,2017-03-30,0.3627369650774099,0.3424766760798543,0.0408260007031619,0.2947745189217298,0.4365006838658342,0.2721969760453153,0.1820206911124751,0.4809753020867241
3278,2017-03-31,0.3627369650774099,0.3424766760798543,0.0674948431866663,0.2982767871267142,0.4420923181035193,0.2713376618442847,0.170669132993859,0.4823420198197011
3279,2017-04-03,0.3536084389385804,0.3342867398100527,0.0462811686660532,0.2793645276863766,0.4285938593762618,0.2707133203601365,0.1678150642533811,0.4803739638019586
3280,2017-04-04,0.35525159801305,0.335760963969913,0.057220246057746,0.2814658774759458,0.4321156462774026,0.2709257033240998,0.168010893318107,0.4846927759887781
3281,2017-04-05,0.3586289892839271,0.3387911985436826,0.0553832396223716,0.285668604888638,0.4361867483978227,0.2697654936141911,0.1696155726256332,0.4853488155158165
3282,2017-04-06,0.3641062174417494,0.3437052100236512,0.0565974029239229,0.2902215619051839,0.4475858534949294,0.270496065866848,0.1683850200836694,0.4883555903574744
3283,2017-04-07,0.3654754698060889,0.3449336196722292,0.0476969248561346,0.289579469659193,0.448576613522447,0.2701822843771744,0.1640305276996481,0.4913077056657745
3284,2017-04-10,0.3566206941627721,0.336989373618491,0.0719828743655485,0.2850265404762007,0.4396202080174539,0.2704429504825937,0.1542321738201157,0.4958998780827555
3285,2017-04-11,0.3526956144433285,0.333467800044334,0.0696365603849824,0.2838007229459356,0.4375208543873033,0.2698990678053631,0.1566708984395033,0.4976492751126093
3286,2017-04-12,0.3461232593317613,0.3275710277001114,0.0829421410850315,0.2795979955332435,0.4320469579250791,0.2684749312083094,0.1588173714927714,0.4960638775372863
3287,2017-04-13,0.3391856432018147,0.3213467374540368,0.0833332965312436,0.2741111114621232,0.4286723192933511,0.2659034708821424,0.168099855664654,0.4964465568341631
3288,2017-04-18,0.3380901100900646,0.320363935158043,0.1667314655728584,0.2704337423719885,0.4226294686826618,0.2680340185178615,0.1640126233280161,0.4922370637140592
3289,2017-04-19,0.3529695836393056,0.3337134488286579,0.4535389924329356,0.2788975641590894,0.4330083074586449,0.2673871265673212,0.1771807291518046,0.4814673213047742
3290,2017-04-20,0.3549777225458433,0.3355152323221099,0.2538918207248782,0.2836839890225021,0.4332241440803813,0.2702305675186304,0.1750404107262853,0.4805379632564894
3291,2017-04-21,0.3558905157981716,0.3363342549513078,0.1377921590062087,0.2880618173203444,0.4336655888886195,0.2690799830077914,0.1750225063546531,0.4769844888089662
3292,2017-04-24,0.386014317757028,0.363360965921348,0.3080419735692619,0.3183564693020467,0.471904500006754,0.2731769391701955,0.1999045473187364,0.4748524124822354
3293,2017-04-25,0.3896657407097292,0.3666368492794414,0.1078933855975145,0.3192904241901747,0.4735034920411084,0.2755038408669373,0.1984811497739853,0.4766564898999046
3294,2017-04-26,0.3905785964479045,0.3674558719086394,0.2550913471590307,0.3182397353786134,0.4715710214092109,0.2753171512915112,0.2084009176736476,0.4769844888089662
3295,2017-04-27,0.3856960773384827,0.3586107755399149,0.2192446607636262,0.3090754543838048,0.4637721631303343,0.2755295735420013,0.2053793684568614,0.4734310352159007
3296,2017-04-28,0.3898415133972155,0.3622962530760866,0.1718005657369008,0.3028881111049769,0.4669014588467196,0.2747941690465463,0.1983890168616284,0.4753991120881007
3297,2017-05-02,0.3961979486646274,0.367947293772506,0.2090549916151471,0.3081998942909471,0.4771527882824761,0.2759157601005955,0.2053793684568614,0.4662694267874966
3298,2017-05-03,0.3977640939327242,0.3693395245196194,0.206711095505526,0.3119940251380687,0.4787910581752025,0.2754265642686917,0.2095600392329544,0.4671441253024235
3299,2017-05-04,0.4065154867422529,0.3771199494748221,0.2806648445665708,0.321391773979744,0.4960466835548683,0.2756502617523779,0.2022571071496446,0.4545703263299268
3300,2017-05-05,0.418399232573822,0.387684918787731,0.2744198464909758,0.3292135313544075,0.5080637922235781,0.2772224299824716,0.2167372677070971,0.4583971401531539
3301,2017-05-08,0.4154513377719946,0.3850641955285602,0.1540092051972627,0.3269954198078513,0.5042280698544258,0.2772368874243396,0.2141750775249966,0.4595451780437847
3302,2017-05-09,0.4055944453581264,0.3763009682773638,0.068354724100915,0.3178311388130428,0.4996076525147265,0.2768410363801489,0.2083261296213094,0.4565384032021269
3303,2017-05-10,0.4032912795251875,0.3742534945678483,0.0787191387060541,0.3146791002119121,0.4981949908085022,0.2772771168277984,0.2019232652202545,0.4644653702242849
3304,2017-05-11,0.396566427704125,0.3682748531060976,0.0665931596658142,0.3050478556898164,0.4811847083441786,0.2764419638407592,0.1994050899517496,0.4671988056902388
3305,2017-05-12,0.3936185953881446,0.365654129846927,0.0397495949136014,0.3051645896132499,0.4846769889517132,0.2758723092019378,0.1984996136572308,0.4672534652235965
3306,2017-05-15,0.4043046125052675,0.3751543863145744,0.0425928003453175,0.3081415273292304,0.4906413796453134,0.2777100150667759,0.2082513415689713,0.4727749956888623
3307,2017-05-16,0.4034754253161658,0.3744172742346441,0.0427554142873408,0.3081998942909471,0.4930546687434755,0.2774444774320315,0.2167749414890729,0.4717362977194045
3308,2017-05-17,0.3871699934964731,0.3599211371695002,0.0744896257826883,0.3000279351459832,0.4737977885799339,0.270422050050328,0.2343296183627234,0.4739777139673085
3309,2017-05-18,0.3669032714090258,0.3419033850984596,0.1295843798841961,0.2965256391074453,0.4638702619766094,0.2718204146857909,0.2440889929331817,0.4755084311548162
3310,2017-05-19,0.3756549141619423,0.3496838100536623,0.105320677106271,0.3066822419520985,0.4786341383410241,0.2743967072547562,0.2373966745240747,0.4808659830200087
3311,2017-05-22,0.3641397098557176,0.3394464415060848,0.0672270297245834,0.3016623214082653,0.4745139867974665,0.276374391014637,0.2516770894355069,0.4830527188800972
3312,2017-05-23,0.3762075389924182,0.3501751904857893,0.0524770335803708,0.31047637279922,0.4865702775248933,0.2770824128009019,0.2569967393528203,0.4870982125456705
3313,2017-05-24,0.3795239128337431,0.3531235559420308,0.0517708677047504,0.3109433363265073,0.485697255272837,0.2780430862411158,0.2476793789570293,0.4864968534064474
3314,2017-05-25,0.3804451416754105,0.3539424957077495,0.0338226217011124,0.3104180058375033,0.4886696311550439,0.2797617146431768,0.2557525720282612,0.4730483559190237
3315,2017-05-26,0.3787868297830541,0.3524683544113683,0.0419103894720325,0.3087835917416678,0.4853833198048255,0.2798824028535533,0.2526008431094,0.4779685272450663
3316,2017-05-30,0.372706894388421,0.3470630039310124,0.0700148718140475,0.3036469372744012,0.4827052404614439,0.2794141074539152,0.2398156297331184,0.4772031686513124
3317,2017-05-31,0.3708646866484741,0.3454250829678355,0.0881076430495269,0.2972260983151529,0.4830093085650352,0.279235510903013,0.246487432716397,0.4698775607683775
3318,2017-06-01,0.3716936238941879,0.346162153616026,0.0831106542527213,0.2951247485255835,0.4831074074113103,0.2821738681031078,0.2577282075355396,0.4700962406107236
3319,2017-06-02,0.37445731041919,0.3486190972084008,0.0552027477697256,0.2964672721457285,0.4855501070034241,0.2836237373752255,0.2533877029418561,0.4662694267874966
3320,2017-06-05,0.3735358316341348,0.347800074579203,0.0293778033778852,0.2972844652768696,0.4834703923024593,0.2831458167765177,0.2635622351295335,0.4648480495211619
3321,2017-06-06,0.3726149152217023,0.3469811348134843,0.0504343025851044,0.2933152335445979,0.4829798980710836,0.2820564013879302,0.259807352691316,0.4691668617079814
3322,2017-06-07,0.3679166668749528,0.3428042354134459,0.2474810214179235,0.3018374222934155,0.4821951073008822,0.2826694676388824,0.2620901600744076,0.4556637046871999
3323,2017-06-08,0.3956452613483046,0.3674558719086394,0.1364177648516518,0.3084333621378139,0.490180295907889,0.2827740876597916,0.2595496043413625,0.4552263450025076
3324,2017-06-09,0.4020937382682822,0.3731887817225869,0.0971892327206655,0.3092505831025085,0.4926524059939544,0.282449030936922,0.2485399078185965,0.456265063826423
3325,2017-06-12,0.3970270733678821,0.3686843644206966,0.090970086049023,0.3029464780666936,0.4793208302649502,0.2820660265869998,0.2512255635634102,0.4576317815594
3326,2017-06-13,0.3964742610798654,0.3681929425568299,0.0606866645765117,0.3068573428372486,0.4832152778223512,0.283829716635318,0.2503228848269589,0.4597091774983155
3327,2017-06-14,0.3845904527624493,0.3576279732439211,0.0775793338950417,0.300611632596704,0.4727873896232305,0.2834386585473988,0.2523059804890839,0.4502514932886498
3328,2017-06-15,0.3806294749239297,0.3541063582380245,0.1775799623939278,0.2998528064272796,0.465312238377131,0.282560054661702,0.2533877029418561,0.4487754356344997
3329,2017-06-16,0.3775893510119957,0.3514036829978466,0.1405031014164469,0.3006699995584206,0.4711786260241103,0.282671078386482,0.2426103902425651,0.4503061736764651
3330,2017-06-19,0.3842221611804925,0.3573004139103296,0.0357391037863271,0.306448746271678,0.479958472765739,0.2859393245522446,0.2522076929489787,0.447354058368165
3331,2017-06-20,0.3778658508847745,0.3516493317821704,0.053079007557825,0.3024795145394063,0.4698738347289267,0.283295459157157,0.2422411125776531,0.4420511868907878
3332,2017-06-21,0.3772208719724982,0.3510760408007757,0.0430882752234291,0.3023044136542562,0.4693441584388335,0.2830669687171995,0.2410566264918676,0.4382243730675608
3333,2017-06-22,0.3777737467463619,0.351567504096382,0.0519278079766357,0.3007283665201373,0.4663227331334888,0.2828883328797704,0.2457848726337088,0.4393724318126492
3334,2017-06-23,0.3721543320437921,0.346571664930625,0.0482848711769164,0.2964089051840118,0.4585630569133293,0.2834998276696501,0.2430382301230236,0.4408484686123417
3335,2017-06-26,0.3767603512804349,0.3506665294861767,0.0402227197684402,0.300611632596704,0.4650179418383052,0.2836237373752255,0.2507348718783682,0.442871225872357
3336,2017-06-27,0.3804451416754105,0.3539424957077495,0.0443422185098124,0.3043473964821088,0.4602406046644277,0.2804552397010468,0.2483444517616129,0.4475727382105111
3337,2017-06-28,0.3909470130015551,0.3632790139403406,0.0687229709050221,0.3104180058375033,0.4656164022803767,0.2838844034806448,0.2726878695457642,0.4503061736764651
3338,2017-06-29,0.3826560783982428,0.3559081002997369,0.0692839275042313,0.3059234157826741,0.448782582779763,0.2805067443377016,0.2794928362930564,0.4513448716459228
3339,2017-06-30,0.3718778321710132,0.3463259332828218,0.0624086756363066,0.2979849244845772,0.4402872610121943,0.2811037423991865,0.2887230993810123,0.4574131017170538
3340,2017-07-03,0.39122338790264,0.3635247455881438,0.0474281849299886,0.3122274929849356,0.4559536659222715,0.2820048967512754,0.2858194206108038,0.4630439721034926
3341,2017-07-05,0.3837615780025823,0.3568909025957306,0.0920384350794278,0.3096008127063623,0.4480468414326991,0.2825729406424974,0.2759727622286392,0.4524382500031959
3342,2017-07-06,0.3886662795876734,0.3612513031706333,0.0752263238664751,0.3129279521926431,0.4455748271462884,0.2789056219373451,0.2738956686154457,0.4545703263299268
3343,2017-07-07,0.3823908884637629,0.3556722708377076,0.1123127561979452,0.3135116774769173,0.4446330207422538,0.2813885697185972,0.2860848156194753,0.4475180578226957
3344,2017-07-10,0.3823908884637629,0.3556722708377076,0.0548855344849228,0.3129863191543598,0.4466636860200809,0.2817506343497269,0.2828030935024102,0.4484474367254381
3345,2017-07-12,0.3802367513758133,0.353757171536341,0.1146323439563877,0.3125777225887893,0.4516569556153494,0.2842963620008298,0.2937756757548138,0.454406326875396
3346,2017-07-13,0.3862310186742702,0.3590862876157599,0.0980774271777191,0.3207497095673066,0.4612607751858969,0.2850333772438843,0.285166470557846,0.4576317815594
3347,2017-07-14,0.3810796229653983,0.3545065888429442,0.0676060104422491,0.3220922331874516,0.4609468397178854,0.2868742653173944,0.2828234224243675,0.4601465371830078
3348,2017-07-17,0.3754598958335936,0.3495105010867493,0.0684019885240994,0.3194655250753249,0.4605643116972048,0.286853325598602,0.2940022779582825,0.4573037617958808
3349,2017-07-18,0.3706831652630679,0.345263789205418,0.0740929210380781,0.3110600702499407,0.4481351687142086,0.2870899090630835,0.2938374085361703,0.4593811785892538
3350,2017-07-19,0.3679668430100582,0.3428489816922568,0.1902539949923531,0.3121107590615021,0.4543742170174484,0.2892172352036037,0.3056348974107481,0.4633173114791964
3351,2017-07-20,0.3740549015647956,0.3482614584318308,0.1572688282943752,0.3134533105152006,0.4520885330591674,0.2891560660813524,0.3023018867291118,0.4615132549159848
3352,2017-07-21,0.3662809748591944,0.3413501470790505,0.0770740768633816,0.3070908385176689,0.4385312533440068,0.2890096451959119,0.3179904058678593,0.4559370440629038
3353,2017-07-24,0.3725563659831048,0.3469290965484968,0.049878477901166,0.3125193556270726,0.4404834587047447,0.2885864114425309,0.32627901091029,0.4590531588257347
3354,2017-07-25,0.3823908884637629,0.3556722708377076,0.1308029984344328,0.321391773979744,0.4480272983031678,0.289748231900039,0.3195784863308515,0.4675268045993005
3355,2017-07-26,0.3821098271241564,0.3554224788794198,0.3480362551252975,0.3216252696601643,0.4531284383094772,0.2898609056589453,0.3204690423156768,0.4722283169374545
3356,2017-07-27,0.3822973471508702,0.3555890344727714,0.152128511607225,0.3234931516028668,0.4558752060051821,0.2894730690662248,0.3335237537857953,0.4738137145127776
3357,2017-07-28,0.3815477669307902,0.3549228535311044,0.1674455311619629,0.3238433812067206,0.4492730770111389,0.2889388508745908,0.3273683800217799,0.4774765080270162
3358,2017-07-31,0.379112630989081,0.3527579622714499,0.1302966589470357,0.3205162138868863,0.445947583602203,0.2886491913123817,0.3365413864212871,0.479991263650624
3359,2017-08-01,0.3837958202467141,0.3569213134926262,0.0975743814334358,0.3271705206930014,0.4542369361124557,0.289622750733391,0.3485587633599716,0.4744697331853584
3360,2017-08-02,0.3791585580865934,0.3478450694484516,0.0790021508163612,0.3261198597149936,0.4470953592635535,0.289819065507887,0.3465486246365272,0.4768204893544354
3361,2017-08-03,0.383227886383734,0.351425600388116,0.115882052279625,0.3302641923324154,0.4505483620127163,0.2889484760736605,0.352789976685151,0.4737590341249623
3362,2017-08-04,0.3886222895514166,0.3561718961860229,0.1021539565369273,0.3311981472205434,0.4612706425503171,0.2896999880451099,0.3580784804559795,0.4767658298210777
3363,2017-08-07,0.390231237624678,0.3575874944342931,0.0223406679884101,0.3332411300483959,0.463046193348036,0.29035650519472,0.3414121215207004,0.4757271109971623
3364,2017-08-08,0.392218412529562,0.3593361210057874,0.1468312620261741,0.3365099304065136,0.4687555653611824,0.2893926102593072,0.3449348066393141,0.4745243927187161
3365,2017-08-09,0.3807675061598548,0.3492606676967218,0.1919839595195198,0.3249524369799987,0.455149236222884,0.2892478001214661,0.3376863336863851,0.4766564898999046
3366,2017-08-10,0.3682754606081723,0.3382692829194411,0.0859289442305281,0.3170723126436184,0.4408268046667077,0.2834853309412553,0.338767869635286,0.4713536184225275
3367,2017-08-11,0.3560671320445918,0.3275275658052293,0.1562183192306724,0.3089003534986547,0.4244345257739869,0.283985802006355,0.3401323319567482,0.4726109962343314
3368,2017-08-14,0.3676127982012074,0.3376863383427103,0.0314034764728145,0.3163718534359109,0.4419255309049207,0.2879315050405203,0.3487775324008513,0.4658867474906196
3369,2017-08-15,0.369127080216331,0.3390186587943047,0.0260221157596146,0.3198741216408954,0.4439169183243759,0.2877335795184249,0.3409997614615487,0.4656680676482735
3370,2017-08-16,0.3722499978754812,0.3417665360624296,0.0443287515799677,0.3213334070180274,0.4500775067105264,0.2882967911668488,0.3355918952131729,0.4614585745281695
3371,2017-08-17,0.3589063639585633,0.3300256096833268,0.0557983556004895,0.3128112182692096,0.4402185726598707,0.2821658143651107,0.3407612230103254,0.4631533120246657
3372,2017-08-18,0.357865287262435,0.3291097196468512,0.0548819656483841,0.3118772633810817,0.4345190680111445,0.2814481280932492,0.3315677011849895,0.4709162587378352
3373,2017-08-21,0.3529442768712886,0.3247797299688441,0.0401458654111194,0.3080831603675137,0.4320175474311275,0.2819019267644924,0.3379457605711793,0.4646840292121734
3374,2017-08-22,0.3570136364113528,0.328360302340248,0.0267334725743823,0.3122858877802057,0.4368832118865146,0.2857864606764063,0.3466577294011603,0.4661600868663235
3375,2017-08-23,0.352470915337676,0.3243634238489442,0.0318465255005328,0.3070324715559522,0.4298495054486532,0.2844234932016041,0.3388760418805632,0.4703695799864275
3376,2017-08-24,0.3559725909581479,0.3274443294402931,0.0433329133819646,0.3102428771187997,0.431742889821488,0.2836076298992313,0.3473781938554807,0.4650120489756927
3377,2017-08-25,0.3559725909581479,0.3274443294402931,0.0215148891728642,0.3093673170259419,0.4305558363017655,0.2842641863353681,0.3451310087117822,0.4674174646781274
3378,2017-08-28,0.3537011054496156,0.3254458694787714,0.040921956662547,0.3077329307636598,0.4247288223128126,0.2844556688670657,0.3685458237213901,0.4603105366375386
3379,2017-08-29,0.3465089219791717,0.3191175441344615,0.0488082011087915,0.3012537248426948,0.4155761233156145,0.284787168580333,0.3704250367272748,0.4595998375771425
3380,2017-08-30,0.3500104101421027,0.3221984082940708,0.0399351196057253,0.3023044136542562,0.420795001097385,0.2866039347263786,0.371455657119347,0.4569757420323616
3381,2017-08-31,0.3549315767478666,0.3265283565403383,0.0786907756253527,0.3071492054793857,0.4260629283022931,0.2888664065191434,0.3594054554993371,0.4639186706184195
3382,2017-09-01,0.3566349721788014,0.3280271911535447,0.0406434777967622,0.3078496646870933,0.4286134983054478,0.2896549263988528,0.3620648141983158,0.4642466903819388
3383,2017-09-05,0.3445214658879764,0.3173688761312276,0.0350901921250055,0.2966424008644323,0.4143204772432232,0.2866457748774368,0.3594054554993371,0.4717362977194045
3384,2017-09-06,0.3401682331451926,0.3135385118015358,0.0392134093706034,0.296175437337145,0.4095332727049253,0.2878832218990643,0.3641980454767308,0.4744697331853584
3385,2017-09-07,0.3379915074235685,0.3116233710684296,0.0833465853354607,0.2937821970718851,0.4089349080625085,0.2878124275777433,0.3647765804850928,0.4740870538884815
3386,2017-09-08,0.344048323054828,0.3169525285795881,0.0538110754292922,0.292673141298607,0.4093958960002782,0.2872218332201292,0.3806245604336886,0.4652853883513965
3387,2017-09-11,0.3609882361645087,0.3318575554832365,0.045026039632149,0.3039971668782549,0.4283289733313881,0.291515143443556,0.3788378533479031,0.4685108430354004
3388,2017-09-12,0.3656254358387825,0.3359377117712161,0.0479035010462461,0.3059234157826741,0.4296631751205232,0.292862003442364,0.3697310558226601,0.4693855415503275
3389,2017-09-13,0.3677076517168861,0.3377696575711258,0.0583256789466196,0.30790803164881,0.4330769958109685,0.2931661597329679,0.3721059961181083,0.4752350917791124
3390,2017-09-14,0.3737642798906048,0.3430988150822843,0.0446969730881277,0.3081415273292304,0.4321057789129824,0.2927236362949207,0.3589628818130563,0.4784605464631163
3391,2017-09-15,0.3670450517957683,0.337186712994395,0.2070863650969506,0.304522497367259,0.4278189359704806,0.2934654444942467,0.3638198156260031,0.4784605464631163
3392,2017-09-18,0.3707358408320516,0.3404341741790956,0.0347810756512747,0.3066822419520985,0.4298790117422594,0.2940512066090623,0.366246790501507,0.4785698863842894
3393,2017-09-19,0.375467831536157,0.3445976082637511,0.0333356156952949,0.3093673170259419,0.4338029655932666,0.2944985230033811,0.36970867535812,0.4762191302152123
3394,2017-09-20,0.3707358408320516,0.3404341741790956,0.0777355205585026,0.3045808643289757,0.425336958519995,0.2947543961525289,0.3749143714101501,0.4813033218502434
3395,2017-09-21,0.3770764671801837,0.3460132065120213,0.0463062116536959,0.3119356581763519,0.4258176811866051,0.2935250028688986,0.3560698337635044,0.4820686804439972
3396,2017-09-22,0.3814299186234318,0.3498435294099734,0.040987824146838,0.3121107590615021,0.4266024719568065,0.293785668974318,0.3675629483203368,0.4826700395832203
3397,2017-09-25,0.3752784994198813,0.3444310526703994,0.0405872638782885,0.3038804329548216,0.4179207240614532,0.2928909576126269,0.3646876181385459,0.4911983657446014
3398,2017-09-26,0.3745213584123196,0.3437649545922117,0.0671291207072816,0.3027130102198268,0.415281826776789,0.2929199510694166,0.3534934692871951,0.4893396287935744
3399,2017-09-27,0.3928810124506798,0.3599189827190389,0.0745048159989302,0.311818896419365,0.4328710265536525,0.2945613028732319,0.3426064923116576,0.4907610060599091
3400,2017-09-28,0.3957200569071105,0.3624170265971363,0.0545006250296522,0.3084333621378139,0.4289077948442733,0.2950472772099368,0.336908426039745,0.4875902317637205
3401,2017-09-29,0.397328942494525,0.3638325834136669,0.0706022310580567,0.3152627976626327,0.4341070336968579,0.2965438188759111,0.3419330268328715,0.488191570048486
3402,2017-10-02,0.3883382288911561,0.3559221042277351,0.0618042901118942,0.304814360009396,0.4217662179953713,0.2981143763584053,0.3459376379545822,0.4822327007529856
3403,2017-10-03,0.3895685127318662,0.3570046327210416,0.0607160553050646,0.3086668578182343,0.4219427767587355,0.2989929802441021,0.334427924553216,0.4813579813836011
3404,2017-10-04,0.368464667752754,0.3384357556493135,0.135586974276584,0.2929650039407441,0.3932390926584796,0.2995014657606722,0.3365846553193981,0.4789525656811663
3405,2017-10-05,0.3839850898771428,0.3520917813297829,0.1019725677321566,0.3045808643289757,0.4177441652980888,0.3018074277386215,0.3380972017145673,0.4833807386436165
3406,2017-10-06,0.3847422308847046,0.3527579622714499,0.1068591355038191,0.3011369630857079,0.4148796598269226,0.3013665150481738,0.3310738389341379,0.4751804322457545
3407,2017-10-09,0.385215248746159,0.3531742269596102,0.0764276178549322,0.2962921712605784,0.4198336515638191,0.3006262783099204,0.3357860457430583,0.4767658298210777
3408,2017-10-10,0.3692217462744688,0.3391019365909805,0.1915930391148163,0.293607096186735,0.4106417705079039,0.3015772872645377,0.3356566120564681,0.484091416849555
3409,2017-10-11,0.3726287245938795,0.3420995643856536,0.0996301830553755,0.3038220381595513,0.4239930809657487,0.3023175240027911,0.3471161559164903,0.4861688336429282
3410,2017-10-12,0.3711145675504498,0.3407673267975386,0.0295387488413968,0.3038804329548216,0.4237478338500607,0.3016239596583943,0.3550339912630396,0.4823420198197011
3411,2017-10-13,0.3648684198029146,0.3352715308295491,0.0415822999839685,0.3018957892551321,0.4219918261818732,0.3019844135419244,0.3497626458483585,0.4869888726244974
3412,2017-10-16,0.3649629608893585,0.3353548500579645,0.0377292719114866,0.294424289317876,0.4144774928770561,0.3027037105613852,0.3469852301989307,0.4892849484057591
3413,2017-10-17,0.3711145675504498,0.3407673267975386,0.0490068902333926,0.2949496198068799,0.4179501345554047,0.3029805234293257,0.3439330943472727,0.4893396287935744
3414,2017-10-18,0.3757847597519161,0.3415167441041417,0.0408188314101508,0.2985686497688513,0.4235025867343728,0.3032862511810021,0.3403925048570271,0.4902143273085013
3415,2017-10-19,0.3693035402481338,0.3358544339745403,0.047232692580704,0.2953582163724504,0.4160568459822248,0.3034214361197734,0.3440420126080346,0.4861141741095705
3416,2017-10-20,0.3720676641740645,0.3382692829194411,0.0495295129327463,0.3010785961239911,0.4185289560682902,0.3055310440367,0.3523065586510847,0.4870982125456705
3417,2017-10-23,0.3663486470314473,0.3332730708680274,0.0311418742197458,0.2931401326594477,0.4125155159515525,0.3038848599900864,0.3375350790468683,0.4894489687147475
3418,2017-10-24,0.3744504369760248,0.3403509378141594,0.1716417324849732,0.2978098235994271,0.4168612756816122,0.3045526523728925,0.3384000840013434,0.4925650834775784
3419,2017-10-25,0.3751175358781236,0.3409337995274109,0.0898641019193018,0.2974012270338565,0.4117208578169309,0.302624862502067,0.3383784495522881,0.4909796859022552
3420,2017-10-26,0.3923693783358069,0.3560054234561506,0.124665179286759,0.3049894887280997,0.4308010834174535,0.3031478447470319,0.3480339414665061,0.4934944415258631
3421,2017-10-27,0.3814082985203851,0.3464295126319211,0.1548341260586023,0.2937821970718851,0.4160568459822248,0.3064740385398471,0.3193242815544501,0.5003827105785633
3422,2017-10-30,0.3936084101950908,0.3570878690859778,0.0656495059527092,0.306448746271678,0.4404344092816069,0.3051480789733047,0.3142112779263903,0.5017494283115403
3423,2017-10-31,0.3933225999311156,0.3568380771276899,0.0609073949030312,0.3124609886653559,0.4480370698679335,0.3055390977746972,0.3217428637557515,0.5030068061233443
3424,2017-11-01,0.3940851147215155,0.357504258069357,0.0551939152681917,0.3104180058375033,0.4463890284104413,0.3061988757060329,0.3215940336665597,0.502569446438652
3425,2017-11-02,0.3930367271812934,0.3565882437376624,0.0492667881720245,0.3094256839876587,0.4415919565077232,0.3062777237653512,0.3179904058678593,0.5038815046382712
3426,2017-11-03,0.3826475178372098,0.3475120411252276,0.0475312785624509,0.3017790553316988,0.4317820718802053,0.3075634539284346,0.3231671938198586,0.5098950543215869
3427,2017-11-06,0.3759754665568249,0.3416832168340141,0.0510443702116372,0.2977514566377103,0.4277306086889713,0.3080928398772704,0.3158349806287754,0.5192433986100796
3428,2017-11-07,0.3739737949354471,0.3399345902625199,0.0558939321206679,0.2948328858834464,0.4193137468384916,0.3080139918179522,0.3154763336845201,0.518423380482968
3429,2017-11-08,0.3720676641740645,0.3382692829194411,0.0452950873256515,0.295241482449017,0.4191175491459412,0.3086158221222354,0.3136637025606421,0.5162913041562371
3430,2017-11-09,0.368064320931309,0.3347719054812337,0.0592869238829468,0.2927315360938772,0.4105240327324427,0.307045303926268,0.3130111255154266,0.5182593601739796
3431,2017-11-10,0.368540838000193,0.3351882944646129,0.0805888939069607,0.2910971219980416,0.4057761060525168,0.3066719640619424,0.3208297408025149,0.5159086248593602
3432,2017-11-13,0.3658721299625634,0.3328568061798671,0.0345876354356997,0.2900464610200337,0.40157749459187,0.3070807010869285,0.3230608866132929,0.5160179439260756
3433,2017-11-14,0.3586283019396107,0.3265283565403383,0.0459650831588925,0.2885871756429018,0.3957406132384968,0.3061200276467146,0.3236567664816734,0.510223074085106
3434,2017-11-15,0.3651096776580105,0.3321906252382001,0.0496796296228977,0.2939573257905887,0.3980459361259635,0.3038269516495607,0.343671988927638,0.5082003376795483
3435,2017-11-17,0.3607252332346723,0.328360302340248,0.0519906051653457,0.293607096186735,0.3977025901640004,0.3061168061515158,0.3412601208656987,0.5148699060354448
3436,2017-11-20,0.3623454912462327,0.3297758177250389,0.0340215827571449,0.2894627357357595,0.3991838444228938,0.3066461921003516,0.3341265342974091,0.512355150411837
3437,2017-11-21,0.3593907542441636,0.3271945374820053,0.0286324171902626,0.2838007229459356,0.3960349097773223,0.3093641125984859,0.3355918952131729,0.5164006440774102
3438,2017-11-22,0.3622502940583958,0.3296925813601027,0.0335152074338228,0.2853183752847842,0.3980459361259635,0.3090503311088123,0.3349667342370193,0.5229062129787758
3439,2017-11-24,0.3679689675288546,0.3346886691162976,0.0718632445616583,0.2900464610200337,0.4019306121185988,0.3099096060233161,0.3532295663094931,0.5279904046138069
3440,2017-11-27,0.3694941220813486,0.3360210309996315,0.0782909057253599,0.2866609267384826,0.4028723227229788,0.3097486884094806,0.3645762753274588,0.5233982321968259
3441,2017-11-28,0.3721630175765189,0.3383525192843773,0.0301463227091434,0.290513424547321,0.4108478355648746,0.3138714165334755,0.3611998092438406,0.5227422135242451
3442,2017-11-29,0.3819801065058764,0.3469290965484968,0.063967789228671,0.2988021176157182,0.4229434041506733,0.3137153311624384,0.3523065586510847,0.5189700592343757
3443,2017-11-30,0.3761659859041927,0.3418497724273658,0.0989273235708424,0.2931401326594477,0.4173811804069397,0.3171766706074982,0.3529218349220666,0.5195167588402411
3444,2017-12-01,0.3628221332868105,0.3301921652766784,0.0670874656603697,0.2868360276236328,0.405020725776267,0.3163141349112688,0.3601581851233695,0.5247649499298028
3445,2017-12-04,0.3698753482336251,0.3363540593228556,0.0376156667590007,0.2918559481674659,0.4171457048560175,0.3158667792304233,0.3541533199833862,0.519899438137118
3446,2017-12-05,0.368064320931309,0.3347719054812337,0.0301936050502903,0.2931401326594477,0.4174105909008913,0.3142785428108622,0.3553864835795464,0.5207194562642297
3447,2017-12-06,0.3626315514535957,0.3300256096833268,0.0637930300700396,0.2869527893806197,0.4147325115575099,0.3142302596694062,0.349937772983385,0.5116444513514408
3448,2017-12-07,0.365490778838593,0.3325236535614241,0.0517031599403069,0.292147810809603,0.4224430425548772,0.3154709281862325,0.3454579499979391,0.5156352646291987
3449,2017-12-08,0.3749270790166027,0.3407673267975386,0.0565061140667803,0.2947745189217298,0.4281818250619752,0.3178074550820442,0.340435773755138,0.5192980789978949
3450,2017-12-11,0.3754989494879409,0.3412669107141142,0.0360570464376051,0.2954749781294373,0.4267888980845914,0.3191736440520454,0.3400890630586373,0.5227422135242451
3451,2017-12-12,0.3798832064537382,0.3450972336120664,0.0579695278212241,0.2950080146021502,0.4249642020640801,0.31983664347858,0.3412817553147542,0.5180953607194487
3452,2017-12-13,0.3773098518185631,0.3428489816922568,0.0461460261225954,0.2939573257905887,0.4222370732975612,0.3196338857136863,0.3358076801921139,0.5151432454111486
3453,2017-12-14,0.3735926937548645,0.3396015205075562,0.0515689069709893,0.290513424547321,0.413996770210446,0.3178895246365614,0.3503978780335555,0.517548681968041
3454,2017-12-15,0.3743551460594175,0.3402677014492232,0.0934351602852972,0.2912138837550285,0.4114364286425256,0.3217193717031483,0.3408695817594738,0.5189700592343757
3455,2017-12-18,0.378834881399363,0.3441812607121116,0.0479535353756395,0.2972260983151529,0.4206282138987863,0.3240285158897698,0.3359585618238885,0.5182047006406219
3456,2017-12-19,0.3790254007467308,0.3443478163054632,0.0460755452899496,0.2989188793727052,0.4196668643652205,0.3226301512543068,0.3423239389468386,0.5198447577493027
3457,2017-12-20,0.3750224324190571,0.3408505631624747,0.0414739848464228,0.2983935210501477,0.4170574733741624,0.3222729188659755,0.3512529982828589,0.5232888922756528
3458,2017-12-21,0.383219388308548,0.348011666473543,0.0535996909012334,0.3042306625586753,0.4265631940984348,0.3231290115718072,0.3570183924522629,0.5247649499298028
3459,2017-12-22,0.3714957312168794,0.3377696575711258,0.0377608907913811,0.2979265575228604,0.4145363138649595,0.3229310860497119,0.3537571857610262,0.5253663090690259
3460,2017-12-27,0.3682550902220647,0.3349384610745854,0.0199978669824994,0.2950080146021502,0.4128882724074674,0.3228152300821336,0.3538452155882172,0.5317625380492186
3461,2017-12-28,0.3635847105630574,0.3308583462183454,0.0288008829280516,0.2910971219980416,0.4058152881112341,0.323606932170515,0.3605569303999258,0.5328559164064917
3462,2017-12-29,0.3605346201585341,0.3281937467468963,0.0363780151165565,0.2890541391701891,0.4009889015142189,0.3213653608100159,0.3669603543125943,0.5360266907026803
3463,2018-01-02,0.3581517536278032,0.3261120504204384,0.0446138263639624,0.28730299115092,0.4044419042633816,0.3249377239798556,0.3778892946591445,0.5357533513269764
3464,2018-01-03,0.3582469195727168,0.3261952867853746,0.0419525283039329,0.2880034503586276,0.4080617900107975,0.3277135528185156,0.3860051971168738,0.5426416203796767
3465,2018-01-04,0.3756894688353087,0.3414333834439866,0.0841573204404584,0.2954166111677206,0.4275246394316551,0.3294723713375086,0.3777087589118544,0.5447190163185922
3466,2018-01-05,0.3792161700374865,0.3445143718988149,0.044505773671868,0.2972844652768696,0.4370402275203476,0.3325555386754445,0.3868478216068092,0.5416029015557613
3467,2018-01-08,0.3808364280490468,0.3459298872836058,0.041423150532702,0.2962338042988617,0.4357649425187703,0.3332893324233003,0.3819384802060643,0.5431882991310845
3468,2018-01-09,0.3817896496443556,0.3467626238186244,0.0300488384529535,0.2978098235994271,0.438521481779241,0.3338654300525194,0.371455657119347,0.5499125478747963
3469,2018-01-10,0.3949430454002168,0.3582536339442205,0.0928430454032306,0.3029464780666936,0.4386980405426054,0.3333730127254167,0.3650214600679358,0.5532473424799733
3470,2018-01-11,0.4018053660845818,0.364248972397046,0.0777608091276318,0.3025962484628398,0.439374960901766,0.3364835627725429,0.3692164916421088,0.5545047202917772
3471,2018-01-12,0.402377424013461,0.3647485977453614,0.057829608559753,0.3086668578182343,0.4420432686803818,0.33948949279876,0.3826641667687775,0.5572381766121888
3472,2018-01-16,0.4044743865514461,0.3665804606817918,0.1102008608132807,0.3103596388757866,0.4477330017643423,0.3379092708306692,0.4180743512602718,0.5541220409949003
3473,2018-01-17,0.400089817156414,0.3627501377838397,0.0898637572620224,0.3057482870639705,0.4432399979652154,0.3421156792567806,0.4185217740472029,0.5554340991945195
3474,2018-01-18,0.400852331946814,0.3634162358620273,0.07200514850098,0.3046392591242459,0.439129713786078,0.3413867177517232,0.404861298003532,0.5553247592733465
3475,2018-01-19,0.4035211649561374,0.3657478070102524,0.0629149698017984,0.3058650488209574,0.4437207206318255,0.3433611800164052,0.4130950709078393,0.5521539641227002
3476,2018-01-22,0.4134337322596432,0.3744076620710477,0.1354774375555922,0.3114102998537945,0.4539720500675818,0.3470091697503644,0.4160513437697168,0.5528100036497386
3477,2018-01-23,0.4111461878884432,0.372409202109526,0.3009431698227167,0.3111184372116574,0.4564735706475989,0.3480004081084406,0.4161688412085524,0.5581675346604735
3478,2018-01-24,0.4084774173649668,0.3700777138247803,0.3706309239346686,0.3105347397609367,0.4519119742958032,0.3477445742458195,0.4246193316111566,0.5643997641861352
3479,2018-01-25,0.4174370130165518,0.3779049152140362,0.3889594028053545,0.3175976431326225,0.4550805478705605,0.3480197370796337,0.4372676511460009,0.5638530854347276
3480,2018-01-26,0.4156259857142357,0.3763228442358936,0.1410512371864605,0.3195238920370415,0.4550904152349807,0.3534298061143115,0.4374599366371747,0.56729719910662
3481,2018-01-29,0.4146729515764679,0.3754901905643542,0.0778529327510292,0.3200492503595991,0.4511860045135049,0.3503176453195858,0.4430500171676814,0.5641264039559738
3482,2018-01-30,0.4092817351869802,0.3658310433751886,0.0449023888266654,0.3153795594196197,0.4386882689778396,0.3453130918146954,0.4357075462636839,0.5583315341150042
3483,2018-01-31,0.4142877263299862,0.3701609501897164,0.1137947224216014,0.3156713942282033,0.4409739529361206,0.3455351785507821,0.4401545445678043,0.5595889327812658
3484,2018-02-01,0.4102442671734851,0.366663697046728,0.107528464156455,0.3198683044282112,0.4358237635066736,0.3452406867457748,0.4415771960970707,0.5654384830100506
3485,2018-02-02,0.4018690391626296,0.3594193573707235,0.2213885354954316,0.303179973747114,0.4174008193361257,0.3356097518431176,0.455868987744644,0.5635250448167507
3486,2018-02-05,0.3946488620327496,0.3531742269596102,0.2495443707180832,0.2974012270338565,0.4030096994276259,0.3173954965618593,0.4460025599521355,0.5564181376306195
3487,2018-02-06,0.3783795470325971,0.3391019365909805,0.3297139547896942,0.2874781198696237,0.3780435430505925,0.3248298824637476,0.4336231789995148,0.5522633040438732
3488,2018-02-07,0.3900278461928372,0.3491773484683064,0.1248715415153179,0.2957668407715744,0.3944162788137818,0.3226607161721692,0.4357316052630646,0.5435163188946036
3489,2018-02-08,0.3754913887004593,0.3366038512811434,0.1379167109798082,0.2901631949434672,0.3727756158456844,0.3064627633066511,0.4180273522847377,0.5400175248348957
3490,2018-02-09,0.36615319130217,0.3285267750701204,0.094265614635068,0.2830418967765112,0.36132746132544,0.3126661451773097,0.4168741988493083,0.5293571223467838
3491,2018-02-12,0.375587679390618,0.3366870876460796,0.0610692394266632,0.2881785790773313,0.3742274596106262,0.3185315843443034,0.4156283529899087,0.5298491415648339
3492,2018-02-13,0.3654794064144471,0.3279439547886085,0.0553085670404895,0.2823998323640738,0.3624164159988872,0.3196483431555543,0.423600460962968,0.5293024419589685
3493,2018-02-14,0.3672120764646808,0.3294427479700752,0.0607339015957534,0.2806486843448049,0.3658989250416561,0.325391483364572,0.4314241118545776,0.5370107291387803
3494,2018-02-15,0.3695226781134073,0.331441207931597,0.0562106162985769,0.2821079697219368,0.3687143810896847,0.3306325810474173,0.4491830104671568,0.5410562228043535
3495,2018-02-16,0.3788608130258496,0.33951828414262,0.0679645024967505,0.2859604675307751,0.3802114892334122,0.3307967201564515,0.4548655969177624,0.5429149597553805
3496,2018-02-20,0.3850219800215251,0.3448474416537785,0.0534155585401985,0.2840342186263559,0.3864113554779345,0.3282284813254834,0.4384454230924244,0.5441176780338267
3497,2018-02-21,0.3829040847248098,0.3430155372856085,0.0349185591238382,0.2807654182682383,0.3793482385461214,0.3258259923511489,0.4285394564792284,0.5429149597553805
3498,2018-02-22,0.3835779320983797,0.34359839899886,0.04168829738036,0.2807654182682383,0.384567116327892,0.3262491868180031,0.4201723333070362,0.5488738499053385
3499,2018-02-23,0.3825189844500221,0.3426824260989052,0.037903849782497,0.2772631500632538,0.3792600070642665,0.3332233703447774,0.4271833868319687,0.5531380025588002
3500,2018-02-26,0.3861772808458884,0.3458466509186696,0.0383535874802313,0.2801233538558009,0.3871079147662809,0.338421017128965,0.42099873196018,0.5551060794310003
3501,2018-02-27,0.3899316804743725,0.3490941121033702,0.0466962351062746,0.2795979955332435,0.3868920781445446,0.3327373960080725,0.4254494603417236,0.5501858872505001
3502,2018-02-28,0.3838667416830088,0.3438481909571478,0.0653354609852824,0.276095727328259,0.3810159189327995,0.3278374625240909,0.4121116359951724,0.5426962799130344
3503,2018-03-01,0.3779942593002685,0.3387688668360168,0.0441232957895137,0.2702586136532848,0.3710392471066828,0.322018656464427,0.4059999041370101,0.5391428263199688
3504,2018-03-02,0.3662494819923287,0.3286100942985358,0.0724059280010711,0.2616196909810337,0.3506837365045829,0.3242039302319999,0.4184512755839016,0.5405642035863035
3505,2018-03-05,0.3682712115705793,0.3303587623017697,0.0527398774428437,0.2597518090383314,0.3565402567871421,0.3289815647580054,0.4254257743500853,0.5477804715480654
3506,2018-03-06,0.3633614486318849,0.3261120504204384,0.06380229471067,0.262086654508321,0.3561478614020413,0.3301369815116426,0.4287298769316905,0.5479444710025962
3507,2018-03-07,0.3638427146251374,0.3265283565403383,0.0396762545849338,0.2609192317733262,0.3573740969804811,0.3299245592611525,0.4412634965857669,0.5400175248348957
3508,2018-03-08,0.3649017872451889,0.3274443294402931,0.0848601019291546,0.2622033884317545,0.3619749711906489,0.3318829140498402,0.4409499835783341,0.5343866335939994
3509,2018-03-09,0.3638427146251374,0.3265283565403383,0.0329586017375172,0.2618531588279006,0.3658890576772359,0.3395426081830143,0.4240506813079665,0.5448830366275806
3510,2018-03-12,0.36615319130217,0.3285267750701204,0.067965074817554,0.2634875450901827,0.3699503882328901,0.3389713427965933,0.4243822851909025,0.5411655627255266
3511,2018-03-13,0.3632650954558792,0.3260287311920229,0.0660111642165909,0.2632540772433158,0.3664384686961696,0.3361214981414133,0.4292060213147814,0.5376120882780034
3512,2018-03-14,0.3534456945501844,0.3175353902928396,0.0625446150020985,0.2574169635683417,0.3661245332281581,0.333574159742711,0.4374599366371747,0.5389788060109805
3513,2018-03-15,0.3519055121514977,0.3162031112729849,0.0509837642843459,0.2549653563413651,0.3657027273491058,0.3332282025875757,0.4348444063479204,0.5402361838227844
3514,2018-03-16,0.3620136913988981,0.3249462855621957,0.1359350169969318,0.2621450214700377,0.3732366995831087,0.3339812860200977,0.4244535296696885,0.5465230937362615
3515,2018-03-19,0.3542158638568364,0.318201529802767,0.0406325394076311,0.256424641718497,0.3637308830591819,0.3276910023521237,0.420007277381053,0.5449923765487537
3516,2018-03-20,0.3547934205402476,0.3187011551510823,0.0526072529001215,0.258992982868907,0.3654476128689975,0.328337894302664,0.4287774354188383,0.5523179844316886
3517,2018-03-21,0.3505575674609701,0.3150373049830026,0.0551355164122861,0.2551404850600688,0.3604740780025696,0.3275316954858877,0.4154875425671773,0.561994327629243
3518,2018-03-22,0.339871737801388,0.305794546777216,0.0769104995673723,0.2501205645162356,0.3463968935620812,0.3165506790892236,0.430469585041942,0.5572381766121888
3519,2018-03-23,0.3369836731980207,0.3032965028991187,0.0682834137720033,0.2401390903902861,0.3371460957186081,0.3076310267545569,0.4269219084045919,0.5658758009858278
3520,2018-03-26,0.341123266830063,0.3068770752705226,0.0645105717438766,0.2393802642208618,0.3359591379985402,0.3189419321168889,0.4315196018366154,0.5640717652770737
3521,2018-03-27,0.3448777601873175,0.3101245364552232,0.092008215908607,0.2410146504831438,0.3450430528437601,0.3115509971136582,0.4476521866926131,0.5624316873139352
3522,2018-03-28,0.3433375153027839,0.3087922160036288,0.0586836271382581,0.2441083221225578,0.3530283372504216,0.3103247860386998,0.4398895225668751,0.5576754945879658
3523,2018-03-29,0.3480547593470079,0.3128724137233481,0.0523366421278869,0.2491866096281076,0.3574820631911766,0.3160969197045071,0.4246193316111566,0.5607369706718967
3524,2018-04-03,0.3417971766894798,0.3074599369837741,0.0432656345946242,0.245509240537973,0.3524985651606738,0.3118454496321386,0.4218730621082136,0.552919322716454
3525,2018-04-04,0.3391978591848946,0.3052116850639645,0.0576446361624744,0.244575285649845,0.3489375962008156,0.3167115967030589,0.4196532930335768,0.5521539641227002
3526,2018-04-05,0.3578740977668557,0.3213657546225314,0.0556177857520065,0.2539146953633572,0.3712649510928394,0.3196322749660869,0.4209513599769032,0.5530833430254425
3527,2018-04-06,0.3520978748313507,0.3163696668663366,0.0430615384613276,0.2443418178029782,0.3655653506444587,0.3102394949889838,0.415440543591643,0.5449923765487537
3528,2018-04-09,0.3543120920611481,0.3182847661677032,0.039743586072164,0.2493033713850946,0.3714512814209695,0.3116378596244468,0.4185454600388412,0.5524273034984041
3529,2018-04-10,0.3532531131698669,0.3173688761312276,0.0358493582798183,0.2487196461008204,0.3734819466987966,0.318671601525873,0.4265179410196427,0.5638530854347276
3530,2018-04-11,0.3507501175983639,0.3152039020080939,0.0348619889541094,0.2444585517264116,0.3707645894970431,0.3163093026684705,0.4328816396077526,0.571014673008674
3531,2018-04-12,0.3526756189723027,0.3168692922146519,0.0301800053167232,0.2433494959531335,0.3718633157352561,0.3198173145073868,0.4342216699220917,0.5723813907416511
3532,2018-04-13,0.3551784895721119,0.3190341834743064,0.042095962648055,0.2480775538548295,0.3738547031547113,0.3185798674857594,0.4276589717034462,0.574130787771505
3533,2018-04-16,0.3568151501184982,0.3204497817225766,0.0682431584341651,0.2483694164969666,0.3737369653792503,0.3220460391736174,0.4281110570871564,0.5677345587913123
3534,2018-04-17,0.3586442358305843,0.3220318527007191,0.0598353505563522,0.2476105903275423,0.3774451784081757,0.3266402056193955,0.4363312152088685,0.5693745950455356
3535,2018-04-18,0.3646129151747129,0.3271945374820053,0.2260252488734642,0.2528640065517958,0.3826835993194776,0.3270022702505251,0.4344611408926708,0.5800350183881051
3536,2018-04-19,0.3682712115705793,0.3303587623017697,0.1306225213377559,0.2543816588906444,0.383733276134553,0.3245064364884775,0.4353957117910918,0.5790509799520052
3537,2018-04-20,0.3685600211552083,0.3306085542600576,0.2214295001737868,0.2578839270956289,0.3853224966041417,0.3208069421178636,0.4301355566086806,0.5795429783155975
3538,2018-04-23,0.3749138320170481,0.3361042673645678,0.569840315549992,0.2581173949424957,0.3890306138334126,0.320831103331855,0.4188516993952984,0.5809643764363899
3539,2018-04-24,0.3574888412774506,0.3210326434358281,0.2999068159494197,0.2581173949424957,0.3852440366870525,0.3150815201324396,0.4087709786548184,0.5758255044135435
3540,2018-04-25,0.3558523994315288,0.3196171280510372,0.1918278508518958,0.256424641718497,0.3827522876718011,0.3158603362400256,0.4138450029738041,0.5777389426068434
3541,2018-04-26,0.3539269605434368,0.3179517378444791,0.0450173662842823,0.2557825494725061,0.3870980474018607,0.3202920136108957,0.4029354590298553,0.5785043012005974
3542,2018-04-27,0.3558742069921162,0.3146210402948423,0.1393556003135251,0.264246371259607,0.3893641882306101,0.3207699342096036,0.3932273730239681,0.5780122611280898
3543,2018-04-30,0.3614237312748662,0.3193673360927493,0.3873838584413419,0.2667563454483004,0.3947791679052763,0.3172522971716176,0.3952942089242475,0.5805816971395129
3544,2018-05-02,0.3638578362001007,0.3214489909874676,0.3530239708494902,0.2687993282761529,0.405403349596602,0.3152601166833418,0.3747569621428848,0.577082903079805
3545,2018-05-03,0.3578214221978721,0.3162863476379211,0.2867239954267162,0.2630205815628955,0.4004885399184228,0.3143042754859262,0.3684119139418917,0.579816338545759
3546,2018-05-04,0.361715852609384,0.3196171280510372,0.0380986749511764,0.2674568046560079,0.4068943754202611,0.3197255804672732,0.3743970096715312,0.58686860705299
3547,2018-05-07,0.3621053581363821,0.3199501978060008,0.1037212523141852,0.2701418797298514,0.4105044896029114,0.3212076254048526,0.3690376344296591,0.5923901583727134
3548,2018-05-08,0.3624945199912219,0.3202832261292249,0.0757569885690155,0.268273997787149,0.4131727015818727,0.3210933801848737,0.3657118973989983,0.5832604522176515
3549,2018-05-09,0.3674598953337069,0.3245298965788166,0.071317643656345,0.2711925685414128,0.4183818077988775,0.3252563377123275,0.3554084910363442,0.5946315537661597
3550,2018-05-10,0.3724253956478858,0.3287766084601479,0.0416788967740138,0.2738776436152562,0.4208734610144743,0.3293243397044687,0.3521748869180403,0.5958342720446058
3551,2018-05-11,0.3755408774912482,0.331441207931597,0.0499001934177654,0.2739943775386897,0.4233063890418224,0.3300725908941924,0.3631752582472478,0.5922261172092673
3552,2018-05-14,0.3743725796107181,0.3304419986667059,0.0354323282417022,0.2727685878419782,0.4219721872526872,0.3304603882003859,0.3685905846504702,0.5936475153300597
3553,2018-05-15,0.3705756271204572,0.3271945374820053,0.0431801153214192,0.2666979784865836,0.4170476060097422,0.3274544581741688,0.365310914075988,0.5955609118144444
3554,2018-05-16,0.3571399515509736,0.3157034859246695,0.0601420712930918,0.260335506489052,0.4075712957794217,0.3292261626739573,0.3480557624194327,0.5965449502505444
3555,2018-05-17,0.3593792256054003,0.3176187095212551,0.047381165034293,0.2654137939946018,0.4179109524966874,0.3288512120620324,0.3474438432181317,0.5965449502505444
3556,2018-05-18,0.3451647264394615,0.3054614770222524,0.0994510297799309,0.2580006610190624,0.4077086724840688,0.3276990560901208,0.3440420126080346,0.5953969123599135
3557,2018-05-21,0.3415624173624674,0.3023806128626431,0.0329853121496738,0.2537979336063702,0.4032058971201762,0.3309238513572258,0.3395689037619509,0.6006451034494753
3558,2018-05-22,0.3502273297598094,0.3097914252685199,0.039579769518655,0.2600436438469149,0.4102984245459408,0.3295447764064292,0.3436068990766006,0.6000437443102523
3559,2018-05-23,0.3406861470876846,0.3016311955560399,0.0490064433383269,0.2514047211746639,0.3991347949997562,0.3309689130034828,0.3429977774333672,0.5984583467349291
3560,2018-05-24,0.3373757718876674,0.2987999990594995,0.045238401216165,0.2466766632729678,0.396289928457776,0.3300790338845901,0.3307304853073183,0.5922807975970826
3561,2018-05-25,0.3241349896748386,0.2874755445272551,0.1009054898230942,0.2362865925814478,0.3796621740141329,0.3290443446278562,0.3326848593732836,0.5768095428496436
3562,2018-05-29,0.2883552500358669,0.2568743930832777,0.1644181069413926,0.2170240757037028,0.3497223869710171,0.3239802720348406,0.3177154991617583,0.5705226746450817
3563,2018-05-30,0.2933693330960537,0.2611627852946865,0.1173652717066611,0.2192421872502591,0.3541270634886345,0.3294755928327074,0.3040085836541666,0.5786136202673129
3564,2018-05-31,0.2861646524562187,0.2550008912485093,0.1213729412818344,0.2147476250289834,0.3442484905087929,0.3264599983208939,0.3240187704956097,0.5722173912871202
3565,2018-06-01,0.3010121020088949,0.2676993465624256,0.0949072842775305,0.2251960626822201,0.3606212262719823,0.3311829460015725,0.328074110670278,0.5654931216889508
3566,2018-06-04,0.3031539293849943,0.269531209498856,0.0478976186845444,0.2274725411904931,0.3721870227680333,0.3331541867710557,0.3242317579164833,0.5596982518479813
3567,2018-06-05,0.2953164233301157,0.2628280926377653,0.048760802827887,0.2191838202885423,0.3659185639708421,0.3334647467655304,0.3292300616637749,0.5639077241136277
3568,2018-06-06,0.303494695951367,0.2698226403554818,0.0727296159943373,0.2237367773050882,0.3762384859592673,0.3372543644286586,0.333243997979044,0.5595889327812658
3569,2018-06-07,0.3024237510203938,0.2689067503190063,0.0539492671883749,0.2307996806767739,0.3799074211298209,0.3369357506961867,0.3425195815076935,0.5662584802827046
3570,2018-06-08,0.2955598057040081,0.2630362871294548,0.0505085219479341,0.2286983308872046,0.3717946273829325,0.3383292830888513,0.3440420126080346,0.5651104423920739
3571,2018-06-11,0.3084600400509285,0.2740693108050735,0.0537156485768009,0.2361698308244608,0.38670565201676,0.3388072036875591,0.3422806700487277,0.5670785192642739
3572,2018-06-12,0.307291710927475,0.2730701015401824,0.0399843781927404,0.2352359037698864,0.3882851009215831,0.3395876698292713,0.3407394020573988,0.5684999173850662
3573,2018-06-13,0.3027645175867666,0.269198181175632,0.058044170891168,0.2299824875456329,0.3867841119338492,0.337782139629895,0.3366926410608042,0.5700306345725741
3574,2018-06-14,0.3043222272655244,0.2705304187637471,0.0712699091501434,0.2296322579417791,0.3925327618053675,0.3388860517468773,0.3460031008133619,0.571397352305551
3575,2018-06-15,0.2940994489748072,0.2617872444745363,0.1361363084420922,0.2228028502505138,0.3820655957478749,0.3384306423280347,0.3082683320716346,0.5613929684900199
3576,2018-06-18,0.2911786417876351,0.2592892005964389,0.0398369354949986,0.2194173159689627,0.374060768211682,0.3374796333734173,0.3128637874572044,0.565711801531297
3577,2018-06-19,0.2920062355876394,0.2599970204364438,0.0584500317146356,0.2218688953623858,0.3726873843638295,0.3356838069461644,0.3183076489527154,0.5614476488778352
3578,2018-06-20,0.2984319676593252,0.265492733540954,0.0605482472619005,0.2247290991549329,0.375973695714048,0.3364449441166834,0.3117076499598363,0.5677345587913123
3579,2018-06-21,0.2938074526119834,0.2615374525162485,0.0519003987639401,0.2225109876083767,0.3674586392176387,0.3336192213889681,0.3102171110214649,0.5640170848892584
3580,2018-06-22,0.2992109787133215,0.2661588730508814,0.0546091172388278,0.2276476420756432,0.3762875353824049,0.3344430991428112,0.3144009523633677,0.5806363775273282
3581,2018-06-25,0.2854343491199244,0.2543763492051802,0.0495391612285747,0.221518665758532,0.3591987930009922,0.3283588340214565,0.3231034094959191,0.5779029420613743
3582,2018-06-26,0.2870895679628564,0.2557919474534504,0.0926684211563172,0.2249625670017998,0.3611117205033582,0.3293227289568693,0.3295726692751097,0.5912967591609827
3583,2018-06-27,0.2844122681212705,0.2535020980670426,0.0882010673062049,0.2222774919279563,0.3631913394046684,0.3255524009784074,0.3213605308198579,0.60348789969106
3584,2018-06-28,0.2836332570672742,0.2528359171253756,0.0435543024571069,0.2221607580045229,0.3563636980237776,0.3282365350634806,0.3078080405175929,0.6072600122720141
3585,2018-06-29,0.2853857976168398,0.254334751738582,0.064532473818086,0.2284648352067843,0.3596696483031821,0.3285680347767479,0.3077034118458679,0.6110868469496987
3586,2018-07-02,0.2825136981473696,0.2518783053270828,0.0411584516341074,0.2209933352695281,0.3533520442831988,0.3299100625327575,0.3257879462175057,0.6099388090590679
3587,2018-07-03,0.2873816892973742,0.2560417394117383,0.0338296213004784,0.2253127966056536,0.3634170433908249,0.3277392854935796,0.3200872688913967,0.6110321665618834
3588,2018-07-05,0.2979452653973875,0.2650763445575748,0.0431414978961566,0.2421820732181387,0.3835567173711885,0.3315031704816438,0.3232522395851109,0.60447193812716
3589,2018-07-06,0.3014500028243603,0.2680740137839876,0.0362736556327407,0.2456843414231232,0.3873629334467345,0.3352380620129183,0.3285019505507365,0.609173450465314
3590,2018-07-09,0.3056366482991602,0.2716545861553915,0.0350015372083561,0.2456259744614064,0.3895211080647885,0.3391563823378932,0.337318921060185,0.6094467689865604
3591,2018-07-10,0.3007686571491557,0.2674911520707361,0.0404237983060457,0.2365200604283146,0.3858227624002833,0.3407124823785195,0.3380539328164564,0.6108681671073526
3592,2018-07-11,0.2902051122920659,0.2584565469248995,0.0632966824817525,0.2267720819827855,0.3705487528753068,0.3375230842720751,0.3333732451617632,0.5904767201794134
3593,2018-07-12,0.2920549120624178,0.2600386179030421,0.0333746620976607,0.2274725411904931,0.3738645705191317,0.3414285579027815,0.3255106149610793,0.5902034016581671
3594,2018-07-13,0.2880631599442727,0.2566246011249898,0.0549040416322299,0.2260716227750779,0.370666490650768,0.3419145322394864,0.3238057830747363,0.5939208755602211
3595,2018-07-16,0.2891828125929477,0.2575822129232826,0.0318433255632229,0.2237367773050882,0.3689105787822351,0.3414510690826466,0.3258733649905003,0.5777935812857437
3596,2018-07-17,0.2870895679628564,0.2557919474534504,0.1647164779075891,0.2203512430235371,0.3691558258979229,0.3432404918060288,0.3306232455813969,0.5779029420613743
3597,2018-07-18,0.2907405535146289,0.2589145333748769,0.1023461171991774,0.2243788695510791,0.3724715477420931,0.3442172727222369,0.3218279095210039,0.5816204159634283
3598,2018-07-19,0.291227349505337,0.2593308394947768,0.0720795069915189,0.2227444554552436,0.3693225172968671,0.3424262392512553,0.3206387608384393,0.5854472089321978
3599,2018-07-20,0.290643138079225,0.2588312141464615,0.1324888531538197,0.22245262064666,0.3696855021880162,0.341998212541603,0.3221251966916452,0.5909140798641057
3600,2018-07-23,0.2924930940641944,0.2604133679880833,0.2756678252038292,0.2256630262095074,0.3698130115282431,0.3428269225382443,0.3356996944507078,0.5768642232374589
3601,2018-07-24,0.3002332159265927,0.2670331656207587,0.3455542104705033,0.2332512879037505,0.3744236573031765,0.3449864243442263,0.3282238732788256,0.5803083369093515
3602,2018-07-25,0.2975557286274659,0.2647433162343508,0.3354802007162153,0.2269471828679356,0.3675567380639138,0.3491172062062183,0.3268769423212532,0.5845725312717284
3603,2018-07-26,0.3021316921717231,0.2686569583607184,0.2708190485231569,0.2312082772423444,0.375100577662337,0.3477284667698253,0.3350098166312589,0.5862672479137669
3604,2018-07-27,0.3073892200916492,0.2731534207685979,0.0564597444877251,0.2358779960158773,0.3837235045697872,0.3447322012292046,0.320214464531533,0.5812377366665513
3605,2018-07-30,0.308622753196401,0.2687817921922529,0.1332261657183218,0.2374540153164426,0.3823696638514661,0.3421221222471783,0.3229545794067274,0.5891100024464364
3606,2018-07-31,0.3139521398403262,0.273278296031872,0.1879226509424895,0.2408395217644402,0.3839981621794268,0.3443250749518181,0.3303015264036328,0.5816204159634283
3607,2018-08-01,0.3073892200916492,0.2677409440290239,0.2472359079063818,0.2372205196360222,0.3769938662355171,0.3438535973435079,0.3275181426303275,0.5756068662801126
3608,2018-08-02,0.300184726909355,0.2616624106430019,0.299249994034636,0.2270639446249226,0.3670761111969582,0.346083893470811,0.3238057830747363,0.5827137734662438
3609,2018-08-03,0.3012209609523443,0.2625366617811395,0.1031970222681919,0.2278227707943469,0.371156984882144,0.3481967621694632,0.3113083451716665,0.5801443374548206
3610,2018-08-06,0.300184726909355,0.2616624106430019,0.1428338225536128,0.2265385863023651,0.3694795329307002,0.3498139527592873,0.3075987831741429,0.5829871336964053
3611,2018-08-07,0.3049712365149294,0.2657008866009039,0.1888149401809822,0.2264802193406484,0.3743942468092248,0.3511093474079673,0.3069297937882647,0.5838618113568746
3612,2018-08-08,0.3016156840475632,0.2628697315361032,0.0290182731355543,0.2242621077940922,0.3718730873000219,0.3509886591975908,0.313958378677087,0.5716707125357124
3613,2018-08-09,0.2990004014090809,0.2606632013781108,0.155591144165906,0.2210517022312448,0.3726088286470856,0.350325699057583,0.3151809115525905,0.5709599926208587
3614,2018-08-10,0.2864172827354604,0.2500464423906524,0.0744944984145011,0.2031317368071983,0.3576487545901207,0.3470590636394197,0.3015952235612578,0.5754428251166667
3615,2018-08-13,0.2755118465667526,0.2408452816514641,0.0594895170153857,0.1925081982688114,0.3506151439519139,0.3452326330077777,0.2813800689654013,0.5730920689475896
3616,2018-08-14,0.2743768848855734,0.2398876698531714,0.0855241142169054,0.1922163356266743,0.3483195926292129,0.3481339822996124,0.2825998042828375,0.5722173912871202
3617,2018-08-15,0.2661855839652318,0.2329764413638703,0.0510860737424478,0.1890642970255436,0.3365280921470054,0.3446597961602842,0.2737143868526708,0.5611196499687736
3618,2018-08-16,0.2695410114609041,0.2358075549969314,0.0387280939772513,0.1942009514928101,0.3405109627855704,0.3482514490147902,0.2734928202537237,0.5635797252045661
3619,2018-08-17,0.2665803383033743,0.233309511118834,0.0465854177779602,0.19145750945725,0.3395201069583984,0.3497705018606295,0.2777311207260073,0.5660398421492737
3620,2018-08-20,0.2675672085272685,0.2341421647903733,0.021633754828352,0.1900565910418348,0.3445525586123842,0.3508840784632085,0.2881087556293862,0.5688825966819432
3621,2018-08-21,0.2725510796804523,0.2383472377733667,0.0337925016060844,0.1947262819818141,0.3524397441727704,0.3518350874178259,0.2964984457699895,0.5739121079291588
3622,2018-08-22,0.2678632664701446,0.2343919567486612,0.072482336517324,0.197936715378215,0.355500447336487,0.3516516586241254,0.3098605156197924,0.5767002237829282
3623,2018-08-23,0.2683074158703054,0.2347667068337025,0.0236491514447663,0.1962439343206627,0.3542349338996754,0.3508728032300126,0.3111194167501738,0.5765362243283974
3624,2018-08-24,0.267616603589287,0.2341838451204509,0.0223686832498386,0.1968860265666536,0.3564127474469153,0.3537226478851925,0.3046337446303204,0.5814017361210821
3625,2018-08-27,0.2710707587231492,0.2370981951184482,0.0181124230243934,0.1991041381132099,0.3633090771801295,0.3572708891275676,0.321148102910598,0.5822217751026514
3626,2018-08-28,0.2688008978466377,0.2351830958170816,0.0351856990813293,0.1943760523779603,0.3580804278335934,0.3573964095807425,0.3265779766157717,0.5803630172971668
3627,2018-08-29,0.2690475607274952,0.2353911660135522,0.0264425512646109,0.1968860265666536,0.3544507705214117,0.3600547717042248,0.327774585453183,0.5857205691623593
3628,2018-08-30,0.2609055611404017,0.228521576422589,0.0508470976600746,0.1880136082139822,0.344454459766109,0.3579773001662331,0.3306661414717655,0.5897660419734748
3629,2018-08-31,0.261497708269077,0.2290212017709044,0.0477655053307535,0.1873715159679913,0.3377346887962591,0.3580400800360839,0.323614057095176,0.5873059667376823
3630,2018-09-04,0.2613003467214676,0.2288546461775527,0.0604794296377774,0.1872547820445579,0.335498054261116,0.3572676676323688,0.3159194668824143,0.5876886460345593
3631,2018-09-05,0.2600667198879454,0.2278137980143238,0.0436428646219502,0.1869629194024208,0.3281406407904774,0.3559610370370196,0.3113924584175631,0.5814017361210821
3632,2018-09-06,0.2556255383155715,0.2240667114813078,0.0428059872096081,0.1790828228995941,0.3190567259452576,0.3542633483537512,0.3190064789579805,0.5762081837104205
3633,2018-09-07,0.2506416984053112,0.2198616799300541,0.0593878410099595,0.1762809860687637,0.3153780192099383,0.353238284296087,0.3166373202825383,0.5760988646437051
3634,2018-09-10,0.2581422807734048,0.2261901295695829,0.0353310485394474,0.1773900418420418,0.3251486259790844,0.3541152774341843,0.3074106007681347,0.5749508267530742
3635,2018-09-11,0.2569085602111122,0.2251491985428747,0.0306353292027785,0.177973767126316,0.3264533214746135,0.355846752530514,0.3128637874572044,0.5842991710415669
3636,2018-09-12,0.2564645357826453,0.2247745313213127,0.0577953220114358,0.1783239967301697,0.3286801844449909,0.3560125023871476,0.3128848623946463,0.5904220815005132
3637,2018-09-13,0.2594744790304996,0.2273141726660084,0.0357198830825118,0.1913407755338166,0.3308776369214168,0.3584681067457363,0.3180750786253694,0.5806910162062284
3638,2018-09-14,0.2610042575356681,0.2286048127875252,0.0342369376949028,0.1919828399462539,0.3344189669520889,0.35859684869411,0.3278601907300489,0.5828777729207746
3639,2018-09-17,0.2657414033221476,0.232601691278829,0.0406967658173531,0.1951348785473846,0.3382742324507727,0.3559932127024813,0.3180327422466145,0.5824404549449975
3640,2018-09-18,0.2712188189375106,0.2372231532452016,0.0355583157603003,0.1941425845310934,0.3424827112758397,0.3584890464645288,0.3243169901856066,0.5875792852589287
3641,2018-09-19,0.2800022669865275,0.2446339656510784,0.0662120087666857,0.2005634234903418,0.3462889273513858,0.3590747692928178,0.3260014931499926,0.5945222346994442
3642,2018-09-21,0.2895260785931987,0.2526694443955032,0.1420239095668963,0.2028982689603314,0.3565010747284247,0.3625698951509386,0.3410213959106041,0.5926634768939596
3643,2018-09-24,0.280298356172327,0.2448837576093662,0.0460016041825381,0.2003882947716381,0.3488885467776781,0.3609124751576559,0.3371245840264283,0.599770425789006
3644,2018-09-25,0.2800517557773164,0.2446756874128955,0.0430658672302775,0.2006801574137752,0.3470050297692637,0.3602993696201767,0.3374270933054621,0.6008637832918214
3645,2018-09-26,0.2809399296059442,0.2454251047194988,0.0519420938627682,0.1994543677170636,0.3500657329329802,0.3587561555603459,0.3390276695278225,0.5969823099352367
3646,2018-09-27,0.2805450815390314,0.2450919521010558,0.037583645251948,0.2013222496597661,0.3503306189778541,0.3600483287138271,0.3367357234550439,0.5999891056313521
3647,2018-09-28,0.2661855839652318,0.2329764413638703,0.0767761433062707,0.1943760523779603,0.3367635676979276,0.3600451072186282,0.319345356491892,0.6061666547691986
3648,2018-10-01,0.2618431612739714,0.2293126326275302,0.0433802389370212,0.1958353377550922,0.3385097080016949,0.3617524603874932,0.3143377275510419,0.617373756863176
3649,2018-10-02,0.2586850328400617,0.2266480331560811,0.0883316850371227,0.1873131490062746,0.3285526751047641,0.3615657708120671,0.3099862192289593,0.616991077566299
3650,2018-10-03,0.2663336129366699,0.2331013166271444,0.0560123477190966,0.1858538636291427,0.3340069326378023,0.3619004920205332,0.3059480374104384,0.623441986934307
3651,2018-10-04,0.267715331227477,0.2342671229171267,0.0495731811154493,0.1831104215935825,0.3294355647212408,0.3580545767644787,0.294146445450695,0.6120708853857988
3652,2018-10-05,0.2642116873028259,0.2313110511573122,0.0347860241709288,0.1811258057274466,0.3234908129568267,0.3554734519527152,0.3006815410964076,0.612125524064699
3653,2018-10-08,0.2658895260223559,0.2327266494055824,0.0671143078222508,0.1783239967301697,0.3181247869056434,0.3552899838724879,0.3013874582487772,0.6118522055434527
3654,2018-10-09,0.2701332210754265,0.2363071803452467,0.0450172935584343,0.1829936876701491,0.324138227022381,0.3546318559752784,0.2969324402781965,0.6155149990576914
3655,2018-10-10,0.2688995629989807,0.2352663321820178,0.0487729902044069,0.1828769537467156,0.3145638179457852,0.3393993695062457,0.2989395949397024,0.6057292950845063
3656,2018-10-11,0.2587344279020802,0.2266897134861586,0.0842785839409331,0.1826434580662953,0.2993584967731323,0.3301772109151014,0.3030715882054204,0.593702195717875
3657,2018-10-12,0.2549840898536482,0.2235254886663942,0.0490422002135701,0.1811841726891634,0.288969790632729,0.3364143399122944,0.3120017665646677,0.5957249112689752
3658,2018-10-15,0.2557736610157799,0.2241916696080612,0.0267316459962011,0.1843945782520108,0.2910985547568313,0.3337849712456017,0.3058853721097261,0.5981303478258675
3659,2018-10-16,0.2626819400405809,0.2300204110357954,0.0522196209685428,0.1868461854789874,0.3059114805443834,0.3433000108941538,0.3109094133912391,0.5988957064196214
3660,2018-10-17,0.2587344279020802,0.2266897134861586,0.0438149877320927,0.1831687885552992,0.298308819958057,0.3431857656741751,0.3096298103311581,0.5870326065075209
3661,2018-10-18,0.2501268775122435,0.2165725798470156,0.0583730287436255,0.1748217285251853,0.2877533266190549,0.3366798775470389,0.2979873061735205,0.5810190568242052
3662,2018-10-19,0.2487834942885436,0.2154484124553711,0.1012474478141633,0.1777986384076123,0.2879985737347428,0.3365189599332034,0.291594885989251,0.5835884928356284
3663,2018-10-22,0.2463455152407979,0.2134083550272512,0.0453731938323544,0.1713194324866473,0.2796013508134493,0.3346040167566465,0.2993333046117372,0.5838618113568746
3664,2018-10-23,0.2401262051645302,0.2082040727793667,0.0833455366076533,0.1697434131860819,0.2717141652530629,0.3321596876312538,0.2928287956008959,0.5688825966819432
3665,2018-10-24,0.2344542086217471,0.2034577769814597,0.0657373587770354,0.1637020012283225,0.2669368280791854,0.3185476918202976,0.2936520236882296,0.571014673008674
3666,2018-10-25,0.2433105464112378,0.2108686929666856,0.0583698604262495,0.1719615247326381,0.2775118645477188,0.3265082814623498,0.2820912082261635,0.5738027888624434
3667,2018-10-26,0.2384346820445169,0.2067885573945758,0.0640077568251108,0.1709108359210767,0.2721360669317698,0.3189644432967541,0.2787432772348339,0.5752241452743205
3668,2018-10-29,0.24863424684309,0.2153235579079668,0.0565429839636965,0.1735375440332035,0.2810434230136253,0.3161580495402317,0.2820098925383345,0.5722173912871202
3669,2018-10-30,0.2471416474168601,0.2140745359689181,0.0725488701282223,0.1641397951915282,0.2795620729550774,0.3228168015432062,0.2784799337687453,0.5675158789489662
3670,2018-10-31,0.2557491665637733,0.2212772367465846,0.0916483789529174,0.1590615076859783,0.2881359504393899,0.3275011305680254,0.2738149124392299,0.5627596862229969
3671,2018-11-01,0.2595304975922954,0.2244414615663491,0.0426699150400939,0.1676420633965126,0.2941493905561275,0.3321082222811258,0.269174509620709,0.5539033611525541
3672,2018-11-02,0.2646054731103405,0.2286881734476804,0.0648831842068565,0.1753470590141892,0.2978967856437703,0.3293227289568693,0.2827217778145812,0.5508965863108963
3673,2018-11-05,0.2619187066629408,0.2264399215278708,0.0306083647771529,0.177857005369329,0.2996331543827719,0.3317767225678585,0.2818271187445902,0.5506779064685502
3674,2018-11-06,0.2570924560587027,0.2224013212747498,0.0297173846039234,0.1748217285251853,0.2974946186939039,0.3345348331829249,0.2842283560858731,0.5458123946758653
3675,2018-11-07,0.2671926371176928,0.2308530647073348,0.0734105987006081,0.1800167499541685,0.3150543121771612,0.343938849106697,0.2882316616804856,0.5428602793675652
3676,2018-11-08,0.2668443722496855,0.2305616338507091,0.0403865036480175,0.1784407306536032,0.3159469733584035,0.3428028006107798,0.2875358157371592,0.5373934084356573
3677,2018-11-09,0.2601275186170332,0.2249410869146644,0.0386483263700213,0.1606083295889085,0.31180718288566,0.3386478968213232,0.2772657935674441,0.5347693128908764
3678,2018-11-12,0.2558983202804564,0.2214021120098587,0.0368829190589548,0.1606666965506253,0.306068400378562,0.3298312144734393,0.270477798672428,0.5333479356245416
3679,2018-11-13,0.2652025253780019,0.2291877573642561,0.0412889281293205,0.1657449840561751,0.3128470881359696,0.3291811010277001,0.2561472142196519,0.5101683936972907
3680,2018-11-14,0.264107867068109,0.2282717844643012,0.0340541744770055,0.1641397951915282,0.309040776260769,0.3258662217546078,0.268313421247528,0.5132298489267639
3681,2018-11-15,0.2593811876609948,0.2243165448713353,0.0507484171163858,0.1644316578336652,0.3057937427689223,0.3304716634335819,0.2684135738263451,0.5143778868173947
3682,2018-11-16,0.2582368218598487,0.2233589330730426,0.0667241389179762,0.1605791321912734,0.3041554728761959,0.3314484443497901,0.2704576562543419,0.5143778868173947
3683,2018-11-19,0.256545267496912,0.2219434176882516,0.0251379254401895,0.1605499626271918,0.2992014811392993,0.3241202499298834,0.2843915469731448,0.5160179439260756
3684,2018-11-20,0.2443056022810833,0.211701346638225,0.0498924655059221,0.1571352587815591,0.28548728158996,0.3162610195270146,0.2908145537922857,0.4978132745671402
3685,2018-11-21,0.2515698006901437,0.2177799836035961,0.0514832116801523,0.1621259819277572,0.2947183447045927,0.3175548034280951,0.2778930060861808,0.5043735238563212
3686,2018-11-23,0.2450519332371218,0.2123258886815541,0.023388256424219,0.1608418252693289,0.290411862832905,0.3147596849047689,0.2827014488926238,0.4813579813836011
3687,2018-11-26,0.2567939611677955,0.2221515293164619,0.0422158865173304,0.1707357350359266,0.307530111507924,0.321339588848425,0.2724062487003011,0.4879729110605975
3688,2018-11-27,0.2560974314317807,0.2215686676032104,0.0322933278144041,0.161016926154479,0.3069807004889902,0.3227427857266862,0.271782952762859,0.4875902317637205
3689,2018-11-28,0.2586846891679034,0.2237336831580838,0.0463555682625061,0.1644900247953819,0.3086582482400885,0.3326585479487541,0.2663739674912562,0.4806473031776626
3690,2018-11-29,0.2575900308580107,0.2228177102581289,0.0380425896204339,0.165190456169536,0.3082854917841737,0.3316946530133414,0.2772861224894014,0.4869888726244974
3691,2018-11-30,0.2547541419368513,0.2204445830750452,0.042232864313835,0.1668248702653716,0.3061567276600714,0.3352943596058445,0.2810755081437848,0.4841460972373703
3692,2018-12-03,0.2634113373320943,0.2276889227510496,0.0583415985293366,0.1710859646397804,0.3162019920388571,0.340154102972894,0.2731707280682172,0.4951891790223592
3693,2018-12-04,0.2530126613821969,0.2189873873601768,0.0619776917213638,0.1616590184004699,0.3046361955428062,0.3256216238386559,0.2751452445522686,0.4968292361310401
3694,2018-12-06,0.2343546999104702,0.2033745406165235,0.0642537335608477,0.1477374821063303,0.2754811992698917,0.3249602351597207,0.2742380897229093,0.4872075524668435
3695,2018-12-07,0.2342552224421168,0.2032913042515873,0.0402605024274481,0.1477374821063303,0.2804842404299259,0.3148433652068854,0.278257248146571,0.4933304420713322
3696,2018-12-10,0.2237072678038424,0.1944648107339611,0.0654412939580176,0.1409664135432281,0.2652298698341354,0.3155900056490097,0.2823556707154793,0.4845287765342473
3697,2018-12-11,0.2243043825573507,0.1949644153664066,0.0445024093109018,0.138777499394307,0.2726363327279114,0.3154387525207709,0.2754076554990012,0.4880822509817705
3698,2018-12-12,0.2373897312258773,0.2059142026770891,0.0693708949704086,0.1453442696746239,0.284202225023617,0.3177382715083225,0.2701769679282348,0.4853488155158165
3699,2018-12-13,0.2434099613937443,0.2109519293316218,0.054309619548987,0.1504225571801738,0.2913535734372849,0.3176529804586065,0.2780548914463543,0.4931664426168015
3700,2018-12-14,0.2422656893213687,0.2099944211126782,0.0723184725339141,0.1490216387647585,0.2874099806570918,0.3095121442315258,0.2765180995479332,0.4856221548915204
3701,2018-12-17,0.2390316405834079,0.2072881827428911,0.0437985453664688,0.148613042199188,0.2801899438911003,0.3008209823368168,0.2674929907182617,0.4784058869297586
3702,2018-12-18,0.2353498182661627,0.2042071942880629,0.049020016721949,0.1472413211814079,0.2692322836022318,0.3008563794974774,0.2743589442314258,0.4585064800743269
3703,2018-12-19,0.240474563761308,0.2084955864994718,0.0576797943669692,0.1498680292935347,0.2759324156428957,0.2945484168924365,0.2783585197486151,0.4637546711638887
3704,2018-12-20,0.234155651244993,0.2032079643073021,0.063805571589819,0.1455777375214908,0.2590005930956615,0.288185728155542,0.2805678446064665,0.4565384032021269
3705,2018-12-21,0.2294291280524961,0.1992528075778155,0.2335485122885924,0.1435055851295566,0.2551060497386058,0.280011144801927,0.291101956257755,0.4549530056268037
3706,2018-12-24,0.2255482570697737,0.1960053463931148,0.0172901445355294,0.139974119526937,0.2476308984925063,0.2694678196005118,0.2779536198443102,0.4382243730675608
3707,2018-12-27,0.22261270322272,0.1935488999816157,0.0569577205026076,0.1392152933575127,0.2361828397719163,0.2916309994111342,0.2761546035030275,0.4495954746160689
3708,2018-12-28,0.2308719262587024,0.2004601284709168,0.0389933852226075,0.1448189113520665,0.2489160508585038,0.2911337498412333,0.2870656394779458,0.453531628360469
3709,2018-12-31,0.2336582326603024,0.2027916996191418,0.0184006787737376,0.1444978791458478,0.2534482367163481,0.2945307379553696,0.2884567718529849,0.4539689671907037
3710,2019-01-02,0.2341059749966632,0.2031663461248339,0.0398152790022758,0.1461322654081298,0.2544389967438656,0.2950424449671386,0.2918621460366342,0.4601465371830078
3711,2019-01-03,0.2372902537575239,0.2058309663121528,0.034911410910783,0.1468619220134725,0.2518197383883873,0.2850430024429541,0.2693949571964289,0.4631533120246657
3712,2019-01-04,0.2522165604490582,0.2183212064185098,0.0521794246545812,0.1570476944222073,0.2728619409144135,0.2985681357431218,0.2808114186622115,0.4679094838961773
3713,2019-01-07,0.2545550307855271,0.2202780274816936,0.0480104259606984,0.1560553725723626,0.2766387464960079,0.3014244233886994,0.2838413605532002,0.4709709391256506
3714,2019-01-08,0.2579880657031183,0.223150738581353,0.0529321192629241,0.158448585004069,0.2836037645815457,0.3054023020883264,0.2946822710725594,0.4778591873238932
3715,2019-01-09,0.2561969089001341,0.2216519039681466,0.0391117681471045,0.1623010828129073,0.281278802764893,0.3070999907715949,0.2909788637027843,0.4919637243383553
3716,2019-01-10,0.2637596646859487,0.2279803536076755,0.0396728659820184,0.1648402543992357,0.2845357036211599,0.3089794975009644,0.3064491733122658,0.4932211021501592
3717,2019-01-11,0.2645058706702932,0.2286048127875252,0.1284459537023015,0.1678755312433795,0.2865270910406151,0.3089183676652398,0.2994370007641063,0.4877542312182513
3718,2019-01-14,0.2607744033476418,0.225482309729578,0.1119715349513358,0.1651029196437377,0.2807883085335171,0.3067218579509978,0.2916155879189506,0.481850000601651
3719,2019-01-15,0.262465988953502,0.2268978251143689,0.0838348392746692,0.1651612866054544,0.2838784221911853,0.3111776572493326,0.2936108063327016,0.4905970066053783
3720,2019-01-16,0.2667448635384085,0.2304783974857729,0.053991278486542,0.1721950204130585,0.2900194674478042,0.3121109872668831,0.2848400887833029,0.4916903849626515
3721,2019-01-17,0.2619187066629408,0.2264399215278708,0.1045646234069509,0.1679339260386497,0.2896172046982833,0.3153067890771984,0.2819082479285482,0.4903783267630321
3722,2019-01-18,0.2717202678593299,0.2346417487069491,0.1862935192225119,0.1774484088037585,0.3053620695254497,0.3208986761579773,0.2810551792218274,0.499836010972698
3723,2019-01-22,0.2671428671405926,0.2308114672407366,0.2842745119258464,0.175697288618043,0.3022621843030159,0.3148143717500957,0.2774075365095316,0.4931117622289861
3724,2019-01-23,0.2716704978822296,0.2346001512403508,0.0875225762507248,0.1790244559378773,0.3112185898080088,0.3157477017676462,0.2765787133060626,0.49338510160469
3725,2019-01-24,0.2697301248767154,0.2329764413638703,0.275769658254927,0.1777402714458956,0.3132983045089736,0.3163318531348625,0.2803649283946361,0.4961732174584593
3726,2019-01-25,0.2779395466926742,0.2398460723865731,0.104853134223762,0.183519018159153,0.3167514030577909,0.3199412242129622,0.2686737467266238,0.4992346518334749
3727,2019-01-28,0.2705760582728012,0.2336842612038752,0.0326766288690373,0.1800751169158852,0.3047048838951297,0.3165764510508144,0.2842488715117015,0.4899409879327975
3728,2019-01-29,0.2701778359701527,0.2333511085854323,0.0370422845797697,0.1809507048422965,0.3102670118392087,0.3159569025229375,0.2869020755829319,0.4971572558945594
3729,2019-01-30,0.2625003249264042,0.2216103065015483,0.0604148785967341,0.1808339430853096,0.305597545076372,0.3225625784281846,0.2877404104838301,0.502186767141775
3730,2019-01-31,0.2557318892270901,0.2160313570321019,0.1395913532706369,0.175697288618043,0.3041457013114302,0.326271737284395,0.2959202837693699,0.4997813514393402
3731,2019-02-01,0.2494180068214549,0.2108270747842175,0.1477641407198065,0.1772733079186083,0.3004866335052969,0.3266627560857875,0.2899527194036202,0.5078176375282137
3732,2019-02-04,0.2455285752776996,0.207621231781985,0.3840276880920806,0.1757556555797597,0.296150645340003,0.3296139992666776,0.2908555846439427,0.5039908445594443
3733,2019-02-05,0.2530042570357814,0.2137831051122924,0.3254045193214223,0.178790960257457,0.3076085714250132,0.3316785455373472,0.2878838319607582,0.4990706523789441
3734,2019-02-06,0.254923666039642,0.2153651760904349,0.292031837685621,0.1798416490690184,0.3084816894767241,0.3306985824124669,0.2837600448653712,0.5009840488633288
3735,2019-02-07,0.2417403395630889,0.204498708008168,0.1762792911692385,0.1702687715086394,0.2925307595925871,0.3265855187740687,0.27688178209671,0.4934944415258631
3736,2019-02-08,0.2386590687209347,0.2019589423682533,0.0615027571523086,0.1691597157353613,0.2845357036211599,0.3268799712925492,0.2726274422915058,0.4939318012105553
3737,2019-02-11,0.2435080641734647,0.2059558208595571,0.1091859631731251,0.1724868552216421,0.292344429264457,0.3271889598259513,0.270357503675525,0.4922370637140592
3738,2019-02-12,0.242851494136578,0.2054145980446435,0.1128219688833353,0.1775068035990288,0.2969255687457842,0.332809801076993,0.2632834118421379,0.4960091971494709
3739,2019-02-13,0.2431041244158198,0.2056227925363331,0.0676830808691182,0.171669662090501,0.2968569761931152,0.3341454251291319,0.2719840039359777,0.5003827105785633
3740,2019-02-14,0.2393662835367789,0.2025418869449842,0.0541427569418463,0.1674085677160922,0.2939237823696256,0.3329707186908284,0.2610770710462251,0.5031708055778751
3741,2019-02-15,0.2524991526919152,0.213366736844783,0.0689963589614503,0.1770981791999047,0.3106692745887297,0.3377773466736236,0.2658347847997107,0.509621714945883
3742,2019-02-19,0.2508828000457896,0.2120344785407981,0.0376728155735198,0.1768063443913211,0.311964198519493,0.338446749804029,0.26843352974056,0.512355150411837
3743,2019-02-20,0.2565905072501079,0.2167391354403672,0.03339939099396,0.179608153388598,0.3163491403082699,0.3392416733876092,0.2732913960728624,0.5168926424410026
3744,2019-02-21,0.2571966512085013,0.2172387607886826,0.0472750527521417,0.1788493272191737,0.3173399961354419,0.3376614514195185,0.2738149124392299,0.5171113222833488
3745,2019-02-22,0.2553276682831339,0.2156982251295288,0.0261453449659795,0.1790244559378773,0.3186544631957366,0.3405241820554938,0.2732913960728624,0.5187513793920295
3746,2019-02-25,0.2615405735600886,0.2208192502966072,0.0321449987045155,0.1806588422001594,0.318625052701785,0.3410777685048479,0.2731707280682172,0.5090203558066599
3747,2019-02-26,0.2609344296016952,0.2203196663800315,0.049967683004665,0.1803086125963056,0.3208715546013484,0.3407221075775892,0.2771244236330992,0.509129695727833
3748,2019-02-27,0.2626013645409315,0.2216936257299638,0.0654988854516111,0.1877801125335619,0.3193510224840832,0.3404775096616373,0.2811363084057854,0.5170019823621756
3749,2019-02-28,0.2722994804176853,0.2296873827125714,0.065157471323405,0.1934421253233858,0.325825546338245,0.3392078869745482,0.2791078923029666,0.518532720404141
3750,2019-03-01,0.268107055002042,0.2262317270361812,0.061808422837254,0.1878968742905488,0.3248445578754932,0.3422974973028817,0.2780548914463543,0.5107697528365138
3751,2019-03-04,0.2667936649848809,0.2251491985428747,0.0270579658219649,0.1853869001018555,0.3240695386700575,0.3405467325218858,0.2784394624287019,0.5150885858777909
3752,2019-03-05,0.2670462327782757,0.2253573516028246,0.0311433761666057,0.1836941468778567,0.3239126188358791,0.3400382077187889,0.2724062487003011,0.5149245864232601
3753,2019-03-06,0.2741683071284354,0.231227814792376,0.0494579412123812,0.1874882777249783,0.3276894244174735,0.3371095150042906,0.2676731534578096,0.5130658494722331
3754,2019-03-07,0.2588634924189671,0.2186126372751355,0.0784372986412966,0.1785574645770366,0.3230984175717259,0.3334856471977961,0.268753943391226,0.5154712651746679
3755,2019-03-08,0.2503271446517364,0.2115764713749509,0.0531680998835599,0.1737126727519072,0.3112676392311465,0.3325426919811759,0.2506563537486066,0.5122458104906639
3756,2019-03-11,0.2562875133782198,0.2164893434820793,0.0417066411580087,0.1775068035990288,0.3154467075622619,0.3390164044428505,0.2559894319446441,0.516181964235064
3757,2019-03-12,0.2567420354289753,0.2168640107036413,0.0377414898539426,0.1763393808640339,0.3144460801703241,0.3403391425141939,0.2601840905110746,0.5166193030652987
3758,2019-03-13,0.269167721011191,0.2271060196060585,0.055606662913261,0.1818262649351542,0.3174871444048547,0.3434609285079892,0.2645980776299983,0.5242182503239375
3759,2019-03-14,0.2722488043958043,0.2296456609507542,0.0895038370405069,0.1822348615007248,0.3191645963562984,0.3430682989589974,0.2714215082605362,0.5261316676627799
3760,2019-03-15,0.2809366803419025,0.2368067642618224,0.151827260065051,0.187546644686695,0.3321529219229941,0.3453211455526925,0.2678730856077014,0.5256396484447298
3761,2019-03-18,0.2856848236374462,0.2407204063881901,0.0446833512206069,0.1903484536839718,0.3387156772590109,0.3470043375075661,0.2696555031044501,0.5287557632075607
3762,2019-03-19,0.291443050649028,0.245466702186097,0.0547032213240845,0.1940842175693767,0.3468775204290368,0.346944818419441,0.2722253399452685,0.5284277434440415
3763,2019-03-20,0.2851291994863163,0.2402624199382126,0.0371529364304301,0.1902317197605384,0.3383723312970478,0.3456027513769044,0.2751452445522686,0.532801256873134
3764,2019-03-21,0.2738652820136239,0.2309780228340882,0.0641585080219356,0.1874882777249783,0.3334673889832888,0.3505348605263475,0.286575134296775,0.5336212750002456
3765,2019-03-22,0.2571461001583142,0.2171970390268653,0.1053711456827564,0.1767479774296044,0.3181444258348294,0.3418179659565745,0.2782977194866145,0.5284824238318568
3766,2019-03-25,0.2571966512085013,0.2172387607886826,0.0559957556857855,0.1774484088037585,0.3162314983324633,0.3414398331359775,0.2659146084565704,0.5272797055534106
3767,2019-03-26,0.2512868335322049,0.2123675068640222,0.0713466507297,0.1741212693174777,0.3165453380008203,0.3446742536021522,0.2690342587095908,0.5334025951578995
3768,2019-03-27,0.2577522441167076,0.2176966643751807,0.0626868172227966,0.1725452500169123,0.3211364406462224,0.3425678671804244,0.262626918215628,0.5305051602374147
3769,2019-03-28,0.2528021778067267,0.2136165288030709,0.0426468451363261,0.1685176234893704,0.3157213651719015,0.3441882792654472,0.2590147112388539,0.5299038010981916
3770,2019-03-29,0.2569946032223701,0.2170721844794611,0.0822568580677513,0.1712026985632138,0.3221566111676914,0.3472392709379215,0.2556143726597262,0.5344959735151725
3771,2019-04-01,0.2698749670699586,0.2276889227510496,0.0857707402152849,0.18363577991614,0.3321038724998566,0.3525157657814273,0.2546482826070779,0.5424229405373305
3772,2019-04-02,0.2704810485425051,0.228188548099365,0.0603339399979523,0.1849199365745682,0.3342424081887245,0.3525238195194244,0.2518147292924284,0.5478351519358807
3773,2019-04-03,0.2791688620027563,0.235349568546954,0.0559069900993676,0.1898814901566846,0.3464360756207986,0.3535150578775006,0.2515200531759838,0.5471791124088423
3774,2019-04-04,0.2835127531114203,0.2389301409183579,0.0674286500170562,0.1948430437388011,0.3509780330434084,0.3544789528129134,0.2582623546225637,0.5452110355366422
3775,2019-04-05,0.2830076487675541,0.2385137933667184,0.0459799898497271,0.1946679150200974,0.3486432996619901,0.3566272186722262,0.2549636606532224,0.5505685874018347
3776,2019-04-08,0.2818964629511415,0.2375978204667636,0.0407753318670952,0.1852117992167053,0.3415213617422739,0.3571148037565306,0.253978360701844,0.5577848553635966
3777,2019-04-09,0.2806336864700145,0.2365569723035346,0.0351233003037863,0.1859706253861296,0.3385881679187841,0.3542874702812157,0.2597478579564136,0.5554887587278773
3778,2019-04-10,0.2798761393044475,0.2359325131236848,0.0524534619736519,0.1829353207084324,0.3384606585785573,0.3558982571671688,0.2613946871388235,0.5589328932542273
3779,2019-04-11,0.2905843701401632,0.2447589237778318,0.145813064318918,0.1873715159679913,0.3422767420185236,0.3559159753907625,0.2628855990849374,0.5533020228677886
3780,2019-04-12,0.2988680563852287,0.2515868744704571,0.0916618248028062,0.195660236869942,0.3445427870476185,0.3589878674955024,0.2604220694506844,0.5549967395098272
3781,2019-04-15,0.2989691897285265,0.2516701936988725,0.2521595742924823,0.1938507218889563,0.3473483757312268,0.3586934149770219,0.267353112814886,0.5523179844316886
3782,2019-04-16,0.3001307703805088,0.252627722633686,0.4203157877106233,0.1964774300010831,0.3473680146604128,0.3589315699025761,0.2673331569006711,0.5558714588792117
3783,2019-04-17,0.3048789449189758,0.2565413647600536,0.276178504000154,0.2007385243754919,0.3525182040898597,0.3578678871890526,0.2642194747715281,0.5542860404494311
3784,2019-04-18,0.3039191935526603,0.2557503085551125,0.2194310275999894,0.2004466617333548,0.3556672345350857,0.3586049024321071,0.266114354102591,0.5555980986490503
3785,2019-04-23,0.2977063507615525,0.2506292626721643,0.1572856922591178,0.1935588592468193,0.3503012084839024,0.3632151763538795,0.260144365186516,0.5681719184760047
3786,2019-04-24,0.2904327482325253,0.2446339656510784,0.0391853403552872,0.1896479944762643,0.3433558293275506,0.3621804870971457,0.2547269872407107,0.5659304813736431
3787,2019-04-25,0.2912410026628969,0.2453001465927454,0.0688198533284702,0.1870212863641375,0.3477506384807478,0.3620066835025148,0.2436411971385084,0.5622130074715891
3788,2019-04-26,0.2916956184424227,0.2456748966777866,0.037268648524511,0.1877801125335619,0.3482214937829377,0.3642128577023534,0.2410370435853952,0.5517712848258233
3789,2019-04-29,0.3015875341735097,0.2482978158191581,0.108023145374226,0.1899982240801181,0.3493202200211507,0.3647197717578508,0.2431353986399018,0.5528646631830963
3790,2019-04-30,0.3007673761892931,0.2476316348774911,0.2759669350224809,0.1901733527988217,0.3545586409324526,0.3651703489338953,0.2485988430418855,0.5551060794310003
3791,2019-05-02,0.2928744451881648,0.2412200317365054,0.1866817487708412,0.1861457262712798,0.3396084342399078,0.3606147618574497,0.2510487578935432,0.5436256588157767
3792,2019-05-03,0.2902093300867353,0.239055016181632,0.2288130920169261,0.1853869001018555,0.3387647266821485,0.3651397447295061,0.2467804302980014,0.5443363370217152
3793,2019-05-06,0.283751386560944,0.2338090950354097,0.1920751029249665,0.1820597327820211,0.3310541956847812,0.3630204723269831,0.2486967575742484,0.5460310745182114
3794,2019-05-07,0.2739107404672841,0.225815338052802,0.2555449878106051,0.1741796362791944,0.3216464780071296,0.3552288540367633,0.2512059806569375,0.5413842425678728
3795,2019-05-08,0.2739619476188644,0.22585697695114,0.1008836836626843,0.1774484088037585,0.3208519156721625,0.3544837850557116,0.2495192396460976,0.5453203754578153
3796,2019-05-09,0.2634550774249632,0.2173219971536187,0.0605459895986206,0.1712610655249305,0.3079225068930247,0.3530838096726494,0.2506563537486066,0.5430242996765536
3797,2019-05-10,0.2607898373518398,0.2151569815987454,0.0759901328815811,0.1703271384703561,0.3101100920050302,0.3548023987881835,0.2543722568777498,0.5428056198342075
3798,2019-05-13,0.2549470357464034,0.2104106858008383,0.0444388627297585,0.1647526900398839,0.3031744844134441,0.3436138316703543,0.2566213070601599,0.5394161656956727
3799,2019-05-14,0.2589960249003601,0.2136997858838769,0.0369636942880782,0.1706190011124932,0.3111008520325478,0.3472408816855209,0.2560092013549879,0.5434616385067883
3800,2019-05-15,0.2593035177532289,0.2139495778421647,0.0538111428851511,0.1710859646397804,0.3159567449231691,0.3499040760518015,0.251618340716089,0.5447736967064075
3801,2019-05-16,0.2679653995869936,0.2209858058899589,0.0466990324164263,0.1769814452764713,0.3284349373293029,0.3539849640247381,0.2520504701855843,0.5494205286567463
3802,2019-05-17,0.2646339666565522,0.2182795882360417,0.1135236320803694,0.1746465998064816,0.3260609260895127,0.3512831510025981,0.2467804302980014,0.5488191695175232
3803,2019-05-20,0.2578684990349685,0.2127838751315315,0.0524184818947847,0.1700936427899357,0.318173836328781,0.3481774331982702,0.2454920615559757,0.5506779064685502
3804,2019-05-21,0.2583297383142718,0.2131585423530935,0.0300750967000554,0.172603616978629,0.3220388733922303,0.3520603956491115,0.2459993520855514,0.5500765681837847
3805,2019-05-23,0.2489504564716092,0.2055395354555271,0.0749438566730287,0.1642273317173264,0.3097667460430672,0.3452825268968331,0.2439526586033582,0.5223048538395527
3806,2019-05-24,0.2503854751898695,0.2067052381661603,0.0397362839754305,0.1671750998692254,0.3157114978074812,0.3458972431819117,0.2485009285095225,0.5262410075839529
3807,2019-05-28,0.250026743942497,0.2064138073095346,0.0442122163136077,0.1685176234893704,0.3173988171233453,0.3420882965475904,0.2499504365962372,0.5290291025832646
3808,2019-05-29,0.2483354082800245,0.2050399308230815,0.0541540241782899,0.1655698831710249,0.3064804346928486,0.3389713427965933,0.2463311424723586,0.5272250460200529
3809,2019-05-30,0.2534606536619456,0.2092032820442578,0.0275519703731506,0.1701520097516524,0.3140634563499891,0.3399111158045416,0.241114815699672,0.5150885858777909
3810,2019-05-31,0.2434150852331947,0.2010430523317778,0.0637620319948472,0.1580399884384985,0.2989955118819832,0.3339893397580947,0.2401449955696004,0.4981959538640171
3811,2019-06-03,0.2421850825787959,0.2000438430668867,0.0499997477256274,0.1577189562322798,0.3008201121028397,0.3327647394307359,0.2468583889161495,0.4968292361310401
3812,2019-06-04,0.2525894447407663,0.2084955864994718,0.0540651141941738,0.1663579067380844,0.3101198635697959,0.3422299244767595,0.2581633210669738,0.498086613942844
3813,2019-06-05,0.2495142662686901,0.2059975426213743,0.0401462680382777,0.1646067587188154,0.3133473539321112,0.3459117006237797,0.2593713066405263,0.4882462504363013
3814,2019-06-06,0.2453114369595287,0.2025835051274522,0.0525630419085534,0.1625345784933277,0.315181821517388,0.3487020261908345,0.2554565903847183,0.4932211021501592
3815,2019-06-07,0.244696451253791,0.2020839004950067,0.0732440839127402,0.161279591398981,0.3217445768534048,0.3535054326784309,0.2628855990849374,0.5008747297966134
3816,2019-06-10,0.2521793813701196,0.2081624545968986,0.0226645351613016,0.1697434131860819,0.3274343099373652,0.3556601022416146,0.2697157438548372,0.4968838956643979
3817,2019-06-11,0.2491554412925472,0.2057060289012693,0.0314566759575904,0.1657741814538102,0.326257123782063,0.3554975738801798,0.2693949571964289,0.4969385760522132
3818,2019-06-12,0.2455165467521606,0.2027500607208039,0.0356637229179258,0.1621843488894739,0.321980052404327,0.3545513971683607,0.2711803587551165,0.4852941351280012
3819,2019-06-13,0.2463364860359128,0.2034161587989916,0.0277138665426746,0.1607834583076122,0.3228236641624318,0.3564501935823966,0.2658746966281404,0.491526364653663
3820,2019-06-14,0.2436714021774068,0.2012512468234674,0.0301579925727452,0.1586820806844894,0.3176342926742674,0.3557003316450734,0.2635025538907598,0.4927837424654669
3821,2019-06-17,0.2442351807315643,0.2017091504099655,0.0427196026042122,0.1579816214767818,0.3115031147820687,0.3561331905975241,0.253584651029809,0.4896129681692783
3822,2019-06-18,0.249616711814774,0.2060807789863105,0.0565730966807399,0.1600538017022695,0.3221958890260633,0.3606517697657097,0.254766339557527,0.5003827105785633
3823,2019-06-19,0.2544857964671002,0.2100360392951462,0.0554488130412774,0.1663579067380844,0.3212639499864491,0.3620533558963714,0.250636770842134,0.4996173311303519
3824,2019-06-20,0.2497704582412084,0.2062056335337148,0.050621024618725,0.162213546287109,0.3190370870160717,0.3665139874375045,0.2569374311217891,0.5154166056413101
3825,2019-06-21,0.2483866466745282,0.2050815490055497,0.1622346219184004,0.1609585591927624,0.3208715546013484,0.3659153786284201,0.2658746966281404,0.5196807582947719
3826,2019-06-24,0.2466440101317052,0.2036659714731493,0.0961314563421564,0.1609293617951272,0.3174675054756688,0.3650931116221765,0.2798173530288881,0.522250194306195
3827,2019-06-25,0.2481816306106667,0.204914993412198,0.0935829392083361,0.1586528832868543,0.3142596540425395,0.3605922113910578,0.2822538396018217,0.521867515009318
3828,2019-06-26,0.2535120482710666,0.2092450038060749,0.0592174074582846,0.1596160077390639,0.3140242742912718,0.3600129315531665,0.2775086216077043,0.5303411607828838
3829,2019-06-27,0.2520256974295322,0.2080376000494943,0.0365410190377645,0.1601121686639862,0.3130824678872373,0.3618055364852207,0.278257248146571,0.5306145001585877
3830,2019-06-28,0.2565871955002192,0.2117430476841724,0.0468829234119657,0.1609293617951272,0.3180855090472715,0.3645154032453578,0.2779739487662676,0.5253663090690259
3831,2019-07-01,0.2605336141363981,0.2149488078229256,0.039160393281444,0.1642273317173264,0.3245403939722474,0.3681473247898494,0.276720269744279,0.5287557632075607
3832,2019-07-02,0.2594061507568536,0.21403291778645,0.0301959881393079,0.1616881879645515,0.3261983027941598,0.369544078677713,0.2645980776299983,0.5132298489267639
3833,2019-07-03,0.2667865728412515,0.2200282355234057,0.0352456125320683,0.1673502007543756,0.3372737008584895,0.373214618878064,0.2654755783438418,0.5191887390767219
3834,2019-07-05,0.2709380075412919,0.2234005305396408,0.0390610603131193,0.1703271384703561,0.3314465910698819,0.3723440294438376,0.2643390237529466,0.5201180971250066
3835,2019-07-08,0.2672478121205547,0.2204029027449677,0.0348300749548319,0.1648986213609524,0.3265122382621713,0.3700171670336225,0.2552001475618628,0.5209381361065758
3836,2019-07-09,0.26299383814566,0.2169472470685775,0.1053714271001681,0.1629140054948166,0.3254527898823303,0.3706093328523091,0.2534270552586724,0.521867515009318
3837,2019-07-10,0.2657614300360968,0.2191954782725172,0.0438969718966886,0.1625053810956926,0.3233927141105515,0.3727720954400167,0.2522076929489787,0.5360813710904957
3838,2019-07-11,0.2692979415162465,0.2220682929515258,0.0536875795614847,0.1616881879645515,0.3260805650186986,0.3738727467752735,0.2601245957761722,0.5348239932786918
3839,2019-07-12,0.2676066995825445,0.2206944164650727,0.0477716912438206,0.1597911364577675,0.3273460784555103,0.3761030821891035,0.2591137447944438,0.5348786528120495
3840,2019-07-15,0.2652489523622899,0.2187791928684872,0.0386701515023915,0.1614255227200496,0.3303282259024831,0.3761883732388194,0.2621895666377398,0.5314345391401569
3841,2019-07-16,0.2709380075412919,0.2234005305396408,0.0318565395335965,0.1640814282298114,0.3355765141782052,0.3745373569494075,0.2605807842450482,0.5207194562642297
3842,2019-07-17,0.2606362158970993,0.2150321270513411,0.0328984490292784,0.1602289304209731,0.3264631888390337,0.3713801345084248,0.2528369570102982,0.5161272838472487
3843,2019-07-18,0.2528969688365585,0.2087453784577596,0.0594661562082261,0.1573395570643444,0.3207244063319356,0.3731003736580852,0.255555250932566,0.5080363173705599
3844,2019-07-19,0.2486429636187403,0.2052897434972392,0.064833389134963,0.1529325313688671,0.3153093308576148,0.370123397802131,0.2605412454243605,0.5098403947882292
3845,2019-07-22,0.2471565815342825,0.2040823397406586,0.0504849819611491,0.1508603511433794,0.3146226389336886,0.3714783115389362,0.2537814126138908,0.5130658494722331
3846,2019-07-23,0.2620712658582831,0.2161978297619743,0.0547109513439234,0.1587404476462061,0.3262080743589255,0.3747674581369645,0.2518736645157176,0.516072624313891
3847,2019-07-24,0.2623787274682284,0.2164476217202622,0.0515470481106896,0.1586528832868543,0.3309266863445543,0.3770348014590544,0.2432909428684555,0.5112071125212061
3848,2019-07-25,0.2578172606404649,0.2127422569490634,0.0585130713228388,0.1595868381749823,0.3270223714227331,0.3744777985747555,0.2419108142218153,0.51197247111496
3849,2019-07-26,0.2545883357419545,0.2101192756600824,0.033349132163036,0.1560262030082811,0.3207047674027498,0.3780485902835226,0.242493638819214,0.5129565095510601
3850,2019-07-29,0.251923095668831,0.207954260105209,0.0292399752480422,0.1542166880272953,0.3197140073752322,0.3772616811514127,0.2403001667904118,0.5166193030652987
3851,2019-07-30,0.2365984729458778,0.1955057210447995,0.0669817243854428,0.1457236688425593,0.2972689147077474,0.3760081266537909,0.2420079827386936,0.5230702124333066
3852,2019-07-31,0.2342920578488972,0.1936321570624217,0.0713506179774057,0.1423965293562785,0.2957386110257164,0.3707300210626856,0.2443420786863561,0.525967668208249
3853,2019-08-01,0.2355733301407231,0.1946729845097808,0.0381734624188184,0.1444978791458478,0.3023308726553394,0.3664142389459205,0.2308515076693189,0.5006560499542673
3854,2019-08-02,0.2232213153720682,0.1846391700990532,0.0722641083815731,0.1378727419038142,0.2885381173892564,0.3629528995008607,0.2319645627724471,0.5100043942427599
3855,2019-08-05,0.2173272128862813,0.1798512561186781,0.0525762379609644,0.1342537397753963,0.2767270737775174,0.3489031732081288,0.2365275664844337,0.5047015227653828
3856,2019-08-06,0.2098443140128761,0.1737727020167862,0.0534438172751181,0.1315686647015528,0.2690950026972393,0.3548619571628355,0.2577677463562271,0.4989066529244133
3857,2019-08-07,0.208665487267134,0.1728151109343633,0.0498787382386217,0.1311600681359823,0.2736761421785666,0.3552175788035673,0.252011117868768,0.4850207957522974
3858,2019-08-08,0.2170709896708395,0.1796430823428584,0.045931486979132,0.1376100766593122,0.285732528705648,0.3639248481742706,0.2515985713057453,0.4929477627744554
3859,2019-08-09,0.2088191087218745,0.1729399654817676,0.0894079769949213,0.132852821359981,0.2748239178399171,0.3607965799035508,0.248911983041576,0.5036628247959251
3860,2019-08-12,0.2022587821358462,0.1676108286864789,0.0381630552445767,0.1235134394800224,0.2668387292329102,0.3550115995434748,0.2522468587619237,0.506013580965002
3861,2019-08-13,0.2064615802020842,0.1710248454645311,0.0520378021326711,0.1280080295348516,0.2686731010185323,0.3620308447165062,0.2537814126138908,0.5178766808771026
3862,2019-08-14,0.1940070261585751,0.1609077118253881,0.0958334964351006,0.1216163879732384,0.2517609174004841,0.3482369915729222,0.2473274461521359,0.5076536380736829
3863,2019-08-15,0.1944682654378783,0.16128237904695,0.0594492153016444,0.1210618600865993,0.2513979325093349,0.3493634148697697,0.2420467755438966,0.5034988253413942
3864,2019-08-16,0.2058465320104996,0.1705252408320856,0.1226434955734891,0.1287376583066408,0.266250136155259,0.3559738837312882,0.2373966745240747,0.5056855612014829
3865,2019-08-19,0.2020537348290612,0.1674442523772574,0.044940726942512,0.1230756455168168,0.2724204961061751,0.3616011679727277,0.2343104084639933,0.5130111690844178
3866,2019-08-20,0.1961084251916941,0.1626147202144142,0.0394853755840042,0.1194858129524805,0.2611391287845295,0.3578775516746491,0.2326369092280062,0.5137218681448139
3867,2019-08-21,0.1954933770001094,0.1621151155819687,0.0307642763471889,0.1208867313678957,0.2693009719545554,0.3617266884259024,0.2349268037582021,0.510113734163933
3868,2019-08-22,0.1999010974014386,0.1656956258057632,0.042363299703134,0.126373615439016,0.2707626830839174,0.3614885335003482,0.2338292284763807,0.5083096567462637
3869,2019-08-23,0.1937507717002099,0.1606995173336985,0.0633580525574462,0.1214120618568996,0.264199831948246,0.3492845668104514,0.2327713785191181,0.5018587473782558
3870,2019-08-26,0.1965696332280738,0.1629893874359761,0.0254221275140088,0.1235134394800224,0.2671133868425497,0.3543164244514786,0.2420079827386936,0.498961312457771
3871,2019-08-27,0.1935456931505014,0.1605329617403468,0.0611898399625239,0.1243598300087986,0.2719889186623571,0.3528327687662997,0.2358522359669357,0.506013580965002
3872,2019-08-28,0.1939557565211479,0.1608660936429199,0.0410545664493,0.123396705556589,0.2737742410248417,0.355854806268511,0.2337137825801281,0.5106604129153408
3873,2019-08-29,0.1927769297754058,0.1599084818446272,0.0606167718746362,0.126227711951501,0.2784045257289611,0.3617508496398938,0.2330597135039434,0.5157446045503717
3874,2019-08-30,0.190931785200652,0.1584096679472906,0.052191343261663,0.1254396883844416,0.2802292217494723,0.3620533558963714,0.2293186323521923,0.5069429390132868
3875,2019-09-03,0.1866778424686808,0.1549540122709005,0.0481407485722332,0.1240971369307431,0.2798662368583231,0.3588044387018019,0.214701950961045,0.5006013695664518
3876,2019-09-04,0.1875491138757071,0.1556618113950356,0.0774105319319557,0.1256731840648619,0.284516064691974,0.3638749542852152,0.2156436090065703,0.5132845084601216
3877,2019-09-05,0.1998498902498584,0.165654007623295,0.0785214445553729,0.1363550895649656,0.2978673751498187,0.3700252207716196,0.2250980497476695,0.5135031883024678
3878,2019-09-06,0.200259828648811,0.1659870359465191,0.0449911776010349,0.1360048599611118,0.2976122606697104,0.3704613012192691,0.225307680098862,0.514705906580914
3879,2019-09-09,0.2090241872715829,0.1731065210751192,0.0626393504320353,0.142542460677347,0.2996232870183517,0.370416239573012,0.222852916146554,0.5219768340760336
3880,2019-09-10,0.2196849288636123,0.1817664589993938,0.0726804996970246,0.1480293447484673,0.3062548265063466,0.3705707141964497,0.2271962182983051,0.5195167588402411
3881,2019-09-11,0.2186597860584578,0.1809337224643752,0.0623960434727167,0.1468910915775541,0.3044203589210698,0.3740368858843077,0.2275017116392776,0.51049641346081
3882,2019-09-12,0.2204536609957844,0.1823909181792437,0.0950315558877161,0.1499555936528865,0.306656993456213,0.3754272360683003,0.221732400888579,0.506888279479929
3883,2019-09-13,0.2299867829936519,0.1901348832035634,0.0600933734329043,0.1579232545150651,0.3121113467889057,0.3750764073838398,0.2287443869328673,0.5055762212803098
3884,2019-09-16,0.2243489349662301,0.1855551429990081,0.0373529651862303,0.1538080914617248,0.303684617574006,0.3735589652855999,0.2326753290254668,0.5495845489657346
3885,2019-09-17,0.2131244773058902,0.1764372393406258,0.1349610113092836,0.1481169091078192,0.2989955118819832,0.3748044660452245,0.2205568669886095,0.5301224809405377
3886,2019-09-18,0.2094341881563825,0.1734395701142131,0.119149396964594,0.1478250464656821,0.3016932301545507,0.3749702159018582,0.2313117992233606,0.5233982321968259
3887,2019-09-19,0.2199924217164812,0.1820162716735515,0.0392638442191594,0.153195196613369,0.3119249206611211,0.3749798803874548,0.2245456252812712,0.5235075721179989
3888,2019-09-20,0.223733855531722,0.1850555383665625,0.1640702813445909,0.159937067778836,0.3161431710509539,0.3726111778261814,0.2272152416931641,0.5232888922756528
3889,2019-09-23,0.2131244773058902,0.1764372393406258,0.0376224334248536,0.1474164499001116,0.3077654912591916,0.3725645054323249,0.2226059850211281,0.5262956671173107
3890,2019-09-24,0.2103055532921793,0.1741473692383482,0.0421632646233469,0.1465116924096187,0.3101787803573538,0.3685126109161779,0.2186448293013994,0.518915399701018
3891,2019-09-25,0.2117406344962865,0.1753131548124607,0.0782770604103063,0.1468619220134725,0.3069512899950385,0.3714525788638722,0.2222639369214067,0.5145419071263831
3892,2019-09-26,0.2111768559421291,0.1748551683624833,0.0547880439047461,0.1479417803891155,0.3113069170895184,0.3702859261635658,0.2122585637448784,0.5141045474416909
3893,2019-09-27,0.2175835298304934,0.1800594506103677,0.0303990629487398,0.1510062824644479,0.3166434368470954,0.3677385877648633,0.2075416943391785,0.5113711119757369
3894,2019-09-30,0.2213250261315812,0.1830987173033788,0.0571986022129967,0.1529617009329487,0.3225784170467438,0.3701442982343967,0.2106645151580088,0.5013120686268481
3895,2019-10-01,0.2149695593947971,0.1779360532379624,0.069251438022157,0.1482920099929694,0.3148581144846109,0.3642724160770053,0.2039281818353062,0.4988519725365979
3896,2019-10-02,0.1988248411734742,0.1648213539517557,0.0572007713404617,0.137697641018664,0.2899704180246667,0.3558017301707836,0.2094477639025114,0.4934944415258631
3897,2019-10-03,0.1979535385235244,0.1641135548276206,0.0570079329576285,0.137697641018664,0.2889894295619148,0.3595060174976691,0.2139492213370126,0.4924557435564053
3898,2019-10-04,0.1999010974014386,0.1656956258057632,0.0413201833799752,0.1386315680732385,0.2948360824800538,0.3661648087871703,0.2157754672434857,0.4944238204286054
3899,2019-10-07,0.2029763071164381,0.1681936696838606,0.0266035272940586,0.1416668727509357,0.3029095983685702,0.36403748264665,0.2175299091595595,0.4940958006650862
3900,2019-10-08,0.1991836036637701,0.1651127640925116,0.0418737198346976,0.1369096174516046,0.2927073183559515,0.356678723308881,0.2152666846829405,0.4934397819925054
3901,2019-10-09,0.2015413196411013,0.1670279669732273,0.0245500876811807,0.1369388148492397,0.2977889152327294,0.3609172681139273,0.2133854201344729,0.4932211021501592
3902,2019-10-10,0.2110230157869242,0.1747302102357299,0.0457746974289316,0.1440600851826421,0.3088250354386872,0.3639312518781415,0.2177188375810521,0.498469293239721
3903,2019-10-11,0.2270140500676597,0.1877200756904022,0.0707501828367342,0.1491967674834622,0.3254429225179099,0.3691031659872651,0.221353052014624,0.5047562031531981
3904,2019-10-14,0.223170108220488,0.1845975519165851,0.037529690050752,0.144439512184131,0.3227648431745284,0.3684401665607305,0.2243210746203854,0.4986879730820671
3905,2019-10-15,0.2376234907793385,0.1963383747163389,0.1148983814321837,0.1511230163878813,0.3335164384064264,0.3731920684116721,0.224164970880218,0.4944238204286054
3906,2019-10-16,0.2401860978488372,0.198420050326927,0.0737051910847044,0.154537720233514,0.3365183205822396,0.3722281734762593,0.2250600029579514,0.4974305952702632
3907,2019-10-17,0.2337794552033964,0.1932157680790425,0.2660844398297938,0.1498388597294531,0.3319370853012579,0.3735573545380004,0.2313502190208209,0.5005467100330941
3908,2019-10-18,0.2350095515865656,0.1942149980598034,0.1582064257361421,0.1528449670095152,0.3309364579093201,0.371666572575435,0.2395248701979682,0.4997266710515249
3909,2019-10-21,0.2447989280427983,0.2021671368599429,0.3659009559936031,0.1594701042515488,0.3380486242642706,0.3749686051542588,0.2439916379124322,0.4971572558945594
3910,2019-10-22,0.2447476584053712,0.2021255186774748,0.2760707242934889,0.1591782416094117,0.335880678081451,0.3732419623007275,0.2433689014866036,0.501804087844898
3911,2019-10-23,0.2469515342274974,0.2039157634314372,0.1860258659680941,0.1604040313061233,0.336351533383641,0.3746145942611263,0.2398542360344502,0.5116991317392562
3912,2019-10-24,0.2431588620177529,0.200834878555958,0.2092103287563841,0.159119874647695,0.3370185863783812,0.3755430920358785,0.2403387730917436,0.5131205090055908
3913,2019-10-25,0.2464902949481942,0.2035410962098752,0.1002652177817097,0.1590615076859783,0.34078562039521,0.3775159435529611,0.2358908422682675,0.5154712651746679
3914,2019-10-28,0.2461828333382489,0.2032913042515873,0.0379041269839175,0.1588863789672746,0.3410602780048496,0.3802306032693697,0.2328097983165786,0.5108244332243291
3915,2019-10-29,0.2449015298034995,0.2022504560883584,0.0394865655475163,0.1573979240260611,0.3378327876425343,0.379823476991983,0.2351388586597198,0.5093483755701791
3916,2019-10-30,0.2283917067784147,0.180850486099439,0.1097095049585574,0.1502766258591052,0.3264925993329853,0.3814133634456704,0.2375900790384755,0.5067242800253983
3917,2019-10-31,0.216245926547637,0.1712329570927414,0.1734462283583172,0.1496053640490327,0.3238439304835555,0.379931318508091,0.2437969278709333,0.5019134277660712
3918,2019-11-01,0.217928607920306,0.1725652982602056,0.1731120372770099,0.1501890614997534,0.3307598991459557,0.3846542269022428,0.2442057443565326,0.5129565095510601
3919,2019-11-04,0.2303370474087619,0.1823909181792437,0.3653846446330542,0.1586528832868543,0.3394318754765434,0.3864822682814843,0.2456871446052169,0.5148152465020871
3920,2019-11-05,0.2361207374029782,0.186970658383799,0.3049384022238923,0.1630891063799668,0.3385980352832044,0.385894934705596,0.2397380441227128,0.5185873799374988
3921,2019-11-06,0.2344907940851397,0.1856800182622822,0.1712888139708192,0.1601705356257029,0.3376660962435902,0.3862425026083307,0.2312351461323107,0.5137765276781717
3922,2019-11-07,0.2427455806259882,0.1922165588141515,0.1896093636160827,0.1651320892078193,0.3424630723466537,0.387594194849937,0.2306405717910282,0.5181500411072641
3923,2019-11-08,0.2339123938427946,0.185222011096435,0.1237986813743444,0.1633226020603871,0.3372050125061659,0.3888654675711526,0.2227085621502702,0.5186420603253141
3924,2019-11-11,0.231598917845108,0.1833901481600045,0.0762030710023918,0.162476211531611,0.336694879345604,0.3878886866549443,0.2231380805655691,0.516564643531941
3925,2019-11-12,0.2274452336545772,0.1801010687928358,0.0444873255484374,0.1609001922310456,0.3286704128802252,0.3886659313014577,0.2251741433271059,0.5162366237684217
3926,2019-11-13,0.2138799624385076,0.1693594552579731,0.148130112996669,0.1515607825175335,0.3176637031682191,0.3890199421945902,0.2215617498464606,0.5179860207982757
3927,2019-11-14,0.2114087096772581,0.1674026341947893,0.0429767791205338,0.1505976580653239,0.3155839884672544,0.3894366936710466,0.2216945406027319,0.516072624313891
3928,2019-11-15,0.2141428716395736,0.1695676497496627,0.0749180853729087,0.1522028747635243,0.3242265543038904,0.3932713729804319,0.2228338927516948,0.521266155870095
3929,2019-11-18,0.2105674314767705,0.1667364532531223,0.0426259591159925,0.1503349928208219,0.3238929799066931,0.3935240246343809,0.2282471676123345,0.5176033415013988
3930,2019-11-19,0.2119345905652369,0.1678190024622986,0.0498429718773983,0.1518818425573057,0.3240107176821541,0.3932263113341747,0.2309473706590989,0.5075442981525099
3931,2019-11-20,0.210304616004475,0.1665283623407818,0.0432113737340673,0.1497804649341828,0.320694995837984,0.3913403616144075,0.2321432334810258,0.5179313612649179
3932,2019-11-21,0.2135644713972285,0.1691096425838154,0.0677627430765685,0.1518234755955889,0.3195766306705851,0.3905486595260261,0.2319645627724471,0.525967668208249
3933,2019-11-22,0.2180862284692517,0.1726901528076099,0.0498170087496794,0.1539540227827933,0.3235692728739159,0.3916348534194148,0.229931297568978,0.5215394952457989
3934,2019-11-25,0.2205574499875778,0.1746469738707937,0.056571698025664,0.1550046837608012,0.3299653368109886,0.3953922561305545,0.223156917456557,0.5228515325909605
3935,2019-11-26,0.2161933759503472,0.1711913181944035,0.0584395992444467,0.1536037931789396,0.3304459636779442,0.3964993897427357,0.2218844015435805,0.5250382893055068
3936,2019-11-27,0.2172450439975345,0.172024075445292,0.0388683167900878,0.1557635099302256,0.3341639482716353,0.3986089976596623,0.223156917456557,0.5233982321968259
3937,2019-11-29,0.2102519404354913,0.1664866612948344,0.0438461512849392,0.1530200678946654,0.33311427145656,0.3965734055592557,0.2214670058799075,0.5073256183101638
3938,2019-12-02,0.204468375412969,0.1619069210902791,0.0785918558241642,0.1478834134273988,0.3139163080805763,0.392210951048634,0.2226059850211281,0.5116444513514408
3939,2019-12-03,0.2012610706175051,0.1593672590297136,0.0477793337818424,0.1457528662401944,0.3118955101671694,0.3888847572558188,0.2320029825699077,0.5124098099451947
3940,2019-12-04,0.2118820087250238,0.1677773842798305,0.0850355514563426,0.1499555936528865,0.3251486259790844,0.3920323152112049,0.2329636640102921,0.5251476292266798
3941,2019-12-05,0.2102519404354913,0.1664866612948344,0.0586665871558835,0.1496637310107494,0.3224607750709373,0.3927837878961275,0.2326176993292761,0.5251476292266798
3942,2019-12-06,0.215299484666723,0.1704835397861382,0.0369702585863543,0.1531076322540172,0.3361259251971389,0.3973667183952365,0.2361222935723865,0.5293571223467838
3943,2019-12-09,0.2157202018742755,0.1708166716887114,0.0337512808062647,0.1515316129534518,0.3333692901370136,0.39576559599488,0.2288400634187763,0.5283730839106838
3944,2019-12-10,0.2150892822775641,0.170317046340396,0.0776180862320223,0.1517651086338722,0.3300829787867951,0.3952120488320528,0.2297953362468967,0.5295758021891299
3945,2019-12-11,0.2128283881200908,0.1685268015864337,0.0485081679880702,0.1520277738783742,0.3370872747307047,0.3966779862936379,0.2341371463676784,0.5269516857898915
3946,2019-12-12,0.2261308126209413,0.1790602206296068,0.069610983020457,0.1611628574755476,0.3445427870476185,0.401013136668123,0.2408818723645838,0.5292477824256108
3947,2019-12-13,0.2285493585702838,0.1809753406468432,0.1528255551319175,0.1628264411354648,0.3538818163729466,0.401050144576383,0.2487357368833225,0.5341132942182956
3948,2019-12-16,0.2377507119637402,0.1882613813687951,0.0899784849221615,0.1695683123009318,0.3653495140227223,0.4046949128151432,0.2390988953562214,0.5348786528120495
3949,2019-12-17,0.2342804979672104,0.18551352481654,0.0515117412925055,0.1685759904510871,0.3590025953084419,0.4048671056621746,0.2410566264918676,0.5388694660898073
3950,2019-12-18,0.2375404158458109,0.1880948257754434,0.0599435234041955,0.1713194324866473,0.3595813210216727,0.4046450189260878,0.2433105257749281,0.5388148065564496
3951,2019-12-19,0.2374878027626742,0.1880532075929753,0.0483645987322301,0.174763333729915,0.3591301046486687,0.4069349127145697,0.2377639006464038,0.5404002041317727
3952,2019-12-20,0.2402745153222795,0.190259820614447,0.2809915079956162,0.1740629023557609,0.3648492482265808,0.4094854333219442,0.2393312791796962,0.5361360306238534
3953,2019-12-23,0.2342278536411503,0.1854718237705926,0.0740431301821758,0.1710275976780637,0.3632894382509436,0.4099343997503891,0.2321180554584181,0.5365733903085457
3954,2019-12-24,0.2331763105656568,0.1846391700990532,0.0083190180494456,0.1693348166205114,0.3635052748726799,0.4098330012246789,0.2343104084639933,0.5397988449925496
3955,2019-12-27,0.2333341185721434,0.1847641282258066,0.0396572309787065,0.1680506599620831,0.3673017193834602,0.4125106923193543,0.2354471495587597,0.5431336395977266
3956,2019-12-30,0.231861889532021,0.1835983426516941,0.0293720327399498,0.1660660440959473,0.3586787924760101,0.4094967085551402,0.2481486226968869,0.5429149597553805
3957,2019-12-31,0.2305474372554616,0.1825574944884651,0.0214377491821406,0.1647818596039655,0.3524593831019564,0.4110238151389767,0.2512764791202388,0.5395255056168458
3958,2020-01-02,0.2448488229915924,0.1938819490207096,0.0526374383430129,0.1721950204130585,0.366389419273032,0.4153798659457275,0.2541753087897969,0.5401815242894266
3959,2020-01-03,0.2385393458381677,0.1888858612645147,0.0418974948629912,0.1689262200549409,0.3620141532493662,0.4116787608275141,0.246448453407323,0.5504045670928462
3960,2020-01-06,0.2352269086052009,0.1862629421231432,0.0282176068715057,0.1676420633965126,0.3575311126143141,0.4135180381534248,0.2449657476315407,0.5516072853712924
3961,2020-01-07,0.2333341185721434,0.1847641282258066,0.0318583608417887,0.1663579067380844,0.3554611694781151,0.4120536721529122,0.250603386649195,0.5484911706084615
3962,2020-01-08,0.2335969028015155,0.1849722191381471,0.0330448588091797,0.1691597157353613,0.3565991735746999,0.4146074535420123,0.2438359071800073,0.5315985385946878
3963,2020-01-09,0.234596020251413,0.1857633374906976,0.0900898629773036,0.1704438723937895,0.3556573671706654,0.4180913041669373,0.2373388583240128,0.5313251992189839
3964,2020-01-10,0.2292329224930553,0.1815166463252362,0.029906343220868,0.1655990805686601,0.3548529374712781,0.4165867480494927,0.2370104250068867,0.5284824238318568
3965,2020-01-13,0.2265513736138764,0.1793932696687007,0.0339918821532399,0.1612504218348994,0.3519394783766288,0.4202524167205187,0.23787990605427,0.5232342327422951
3966,2020-01-14,0.2188749248295261,0.1733147155668088,0.1146277696059513,0.1575438553471297,0.3504090788949433,0.4194510501465407,0.2408624759619821,0.5240542508694067
3967,2020-01-15,0.2150367004373509,0.170275428157928,0.069723143141964,0.1527282330860818,0.3487806763666372,0.4204391062959448,0.2401062027643976,0.521758175088145
3968,2020-01-16,0.2204522863071514,0.1745637375058575,0.0993665413165708,0.1533702974985192,0.3547450670602372,0.4248675621716161,0.2437210207953681,0.5256396484447298
3969,2020-01-17,0.2250265939764643,0.1781858659121201,0.0738883379577996,0.1544793532717973,0.3654182023750458,0.4269289262336136,0.241464137450369,0.5257489883659029
3970,2020-01-21,0.2187696986632527,0.1732313963383933,0.0546426744206698,0.1510646494261646,0.3585512831357833,0.4255080111317588,0.2347919614593481,0.5246556100086298
3971,2020-01-22,0.2144583001950058,0.1698174417079505,0.0346530180810044,0.1481460786719008,0.3548628048356983,0.4256624857551965,0.2330212937064828,0.5159086248593602
3972,2020-01-23,0.2139324817928739,0.1694010734404412,0.0496530762564127,0.1461614628057649,0.3494477293613774,0.4262723697974767,0.2347149353605557,0.509621714945883
3973,2020-01-24,0.2105674314767705,0.1667364532531223,0.0579786891700705,0.1428342954859306,0.3537150291743478,0.4214335661492199,0.2282661910071937,0.5019680872994289
3974,2020-01-27,0.2038373620874871,0.1614073164578336,0.0491761527935157,0.1384272697904532,0.3345170657983641,0.413091582904845,0.2235942690344452,0.496227876991817
3975,2020-01-28,0.2117242319614607,0.1676524468689469,0.0461496434430327,0.1424548963179952,0.3460829580940697,0.418339123578088,0.2227199388864114,0.498086613942844
3976,2020-01-29,0.2281813169317149,0.1806839097902175,0.0894233864427048,0.1463657610885502,0.3522141359862685,0.4178821034116459,0.223156917456557,0.4972665958157324
3977,2020-01-30,0.2238699497063915,0.1772699758756445,0.0505886879663312,0.1487589735202566,0.345464954522467,0.4195331197010578,0.2222639369214067,0.4907610060599091
3978,2020-01-31,0.2120396605168929,0.1679022388272348,0.0714021152557404,0.1464241280502669,0.3346740814321972,0.4101773869187416,0.2241839942750771,0.4875902317637205
3979,2020-02-03,0.2129335205575937,0.1686100379513699,0.0411736450123427,0.1462198297674816,0.3382840998151929,0.4139428433678783,0.2336753627826675,0.4796632647415625
3980,2020-02-04,0.2264463036622205,0.1793100333037645,0.0561712421028964,0.1532535635750857,0.3538033564558573,0.4217747303480837,0.229471752030421,0.4769298292756085
3981,2020-02-05,0.2372775066447449,0.1878866312837538,0.0612952766320877,0.1615130870794014,0.36899881026409,0.4277447502494595,0.2270242617290885,0.4831620588012704
3982,2020-02-06,0.2410631179537834,0.1908843005101666,0.0939430375554792,0.1716112951287844,0.3781710523908193,0.4295293407300434,0.2199884031892907,0.4842554371585434
3983,2020-02-07,0.2441127397144547,0.1932991080233278,0.0661012757581949,0.1790244559378773,0.3781416418968677,0.4266215484478109,0.2169634969028233,0.4808113026321933
3984,2020-02-10,0.2417466506336315,0.1914255233250802,0.0398016877006911,0.1799000160307351,0.3786321361282435,0.430544740302111,0.2116956950616946,0.4767111494332624
3985,2020-02-11,0.245269415227451,0.1942149980598034,0.0494149275623097,0.1793746577081777,0.3851654809703088,0.4314555198532696,0.2060871506479424,0.4787338858388201
3986,2020-02-12,0.2542078906627649,0.2012928650059354,0.0652341486090959,0.184978303536285,0.3908356709247378,0.4349474242161916,0.207019296996038,0.485458134582532
3987,2020-02-13,0.2525252405330193,0.1999605031226015,0.0636092181243348,0.1831687885552992,0.3878337887489246,0.4340607665924976,0.2002189928455249,0.486824852315509
3988,2020-02-14,0.2508953284581042,0.1986698630010847,0.0665554897845706,0.1799583829924518,0.392444434523858,0.4350616694361704,0.1955314045475984,0.4902689868418591
3989,2020-02-18,0.2480035147039196,0.1963799928988069,0.0493587273458074,0.1755805546946096,0.3972512779913418,0.4334734330166092,0.1946117539588709,0.4902689868418591
3990,2020-02-19,0.2502118270211797,0.198128640186171,0.0367685223541238,0.1759307564649098,0.4048833490716199,0.4360255643715831,0.1876178587900858,0.4970479159733862
3991,2020-02-20,0.2430610716672674,0.1924663714883092,0.0481184976247532,0.1718447908092047,0.3899135034498893,0.4339465213725187,0.1899167055060977,0.4997266710515249
3992,2020-02-21,0.2360155737225518,0.1868874220188628,0.0683301374943182,0.1721950204130585,0.3855186942966921,0.4282371675765622,0.1864591102385215,0.4975399351914363
3993,2020-02-24,0.2190325766213952,0.1734395701142131,0.0703817378810413,0.1606375269865436,0.3460142697417462,0.4102369060068667,0.1944463250251453,0.4868795327033243
3994,2020-02-25,0.2072550254867272,0.1641135548276206,0.0784994507833552,0.1514148790300184,0.3231866490535808,0.3945184844876559,0.196034032480395,0.4785152268509316
3995,2020-02-26,0.2111458004761921,0.1671944397030997,0.1058687359344455,0.1506852224246757,0.3296611729077427,0.3926164272918945,0.2011651269839582,0.4721189770162814
3996,2020-02-27,0.1978959578155547,0.1567026388423947,0.1137993621199012,0.1393320272809461,0.2972003221550784,0.3704693549572663,0.2017749946426763,0.4631533120246657
3997,2020-02-28,0.1881688797487369,0.1490003127164129,0.142989743609629,0.1269281433256551,0.2714297360786577,0.3665204304279021,0.2191933371865033,0.4504154927431805
3998,2020-03-02,0.1805975321589659,0.1430049949794571,0.113014302401224,0.1240971369307431,0.2732249258055625,0.388406836657111,0.2276546448136349,0.4612945750736387
3999,2020-03-03,0.1785470590911158,0.1413813058188465,0.1574835012955588,0.1219374201794571,0.2801016166095909,0.3744295547198264,0.2421633404633763,0.4636453312427157
4000,2020-03-04,0.1848565050016171,0.1463774142909111,0.0862861936216275,0.1264611797983678,0.2897545814029304,0.3948258622734586,0.2478944179204856,0.4614585745281695
4001,2020-03-05,0.1671900377064595,0.1323883395713478,0.1247020491836751,0.1146118237297159,0.2674861432984645,0.3777396017501204,0.2413865518399631,0.4566477431232999
4002,2020-03-06,0.1584619208749218,0.1254770282185675,0.1363139566086835,0.1092708709796641,0.2373305196336123,0.3694411086909301,0.2546482826070779,0.4313907844026758
4003,2020-03-09,0.1201319463641485,0.0951256894487477,0.2188629860275928,0.078188209347679,0.1719084565324874,0.3331042928820003,0.2800200827368473,0.3759020465292562
4004,2020-03-10,0.1171875820126741,0.0927942218798717,0.1478164917363563,0.0753863864336254,0.147658402573332,0.3549359729793554,0.281888105510462,0.3935600475640127
4005,2020-03-11,0.1264940366007099,0.1001634989667597,0.1367699297573814,0.0806689861387372,0.1451961119518595,0.3322707113560338,0.2691444824974509,0.3860157598387316
4006,2020-03-12,0.0779112905926807,0.061693548666928,0.2468099694788904,0.0494987601474003,0.0426337681711588,0.2903130542960622,0.2605412454243605,0.3779247933620429
4007,2020-03-13,0.0757030095183441,0.0599449220954338,0.1697540793474858,0.0516293212513815,0.0660499819369752,0.3273852746004472,0.2485596772289404,0.3791821711738468
4008,2020-03-16,0.050517760852167,0.0400021478213829,0.2172195346935532,0.0278722421523608,0.0148031542227865,0.275104729041021,0.2439332622007568,0.3626175589235921
4009,2020-03-17,0.0670274120411726,0.0530752289251215,0.1633882931244223,0.0385249780883829,0.0531892136103335,0.2981256123050745,0.2451606441769107,0.3530505347927533
4010,2020-03-18,0.05283120560693,0.0418340211157482,0.1395225272145314,0.0320165886865595,0.0312444825386448,0.2770309474507739,0.22205523908957,0.3170785244778883
4011,2020-03-19,0.0531466341623622,0.042083823431971,0.1145375779605148,0.0375618536361733,0.0431144429379416,0.2788476743102926,0.2136109033147146,0.3435928401558587
4012,2020-03-20,0.06008704653396,0.0475795365364812,0.1571239236233271,0.0423774758972212,0.0477741381360127,0.2620366159072954,0.1660182859585524,0.3283402756779945
4013,2020-03-23,0.0607179817521331,0.0480791411689267,0.0972981254490037,0.0364527978628952,0.0268693123146337,0.2511714554782095,0.1718135207473434,0.3334244673130255
4014,2020-03-24,0.0874280412986458,0.0692293191995582,0.0992117912521064,0.0543435798060833,0.0746532220154121,0.2849529184369667,0.1828000907900844,0.33697793133332
4015,2020-03-25,0.0983643142328263,0.0778891535444837,0.1122954527161216,0.0644126043746079,0.0967352818919206,0.2894956195326168,0.1887491912725887,0.3396020268781008
4016,2020-03-26,0.0968396751885698,0.0766818326513824,0.0837103241909926,0.0653465453459591,0.1056426858736033,0.3143590016177798,0.202349986077486,0.329269644153508
4017,2020-03-27,0.0814866370267134,0.0645246415841193,0.0749232636640825,0.055131589456366,0.0805980216796534,0.300101685317356,0.2271770083995747,0.3233107540035501
4018,2020-03-30,0.0711811743390122,0.0563643290081601,0.1097872826179478,0.0443621056801338,0.0690223578191822,0.3138086366636247,0.2413865518399631,0.3155477968631517
4019,2020-03-31,0.0715491691131958,0.056655739148916,0.0924248549135406,0.044099426518855,0.0813337630267173,0.3070404716834697,0.2243934381223984,0.3176798731898826
4020,2020-04-01,0.0640304970924085,0.0507021431737775,0.0820350115575654,0.0330964609789792,0.0611254006940302,0.2886813669778435,0.2237845029830361,0.3167505047143691
4021,2020-04-02,0.0645562061443083,0.0511184078619377,0.075776016391234,0.0300027893395652,0.0606054959687026,0.2977571046835472,0.2123710255791924,0.3441395293344952
4022,2020-04-03,0.0588251604761521,0.0465803065557203,0.0789028146860431,0.0343222506756908,0.0613412373157665,0.2916020059543446,0.195752411634932,0.3606494820513921
4023,2020-04-06,0.073231788000018,0.05798810103225,0.0841984706224258,0.0473390294793376,0.0871117754923599,0.3197674206183314,0.1894248947978287,0.3482943524940127
4024,2020-04-07,0.0747039233113699,0.0591538037428832,0.0824578881214582,0.0447707022457043,0.1025819827098868,0.3190802992643323,0.1889317785624618,0.3349005145399468
4025,2020-04-08,0.0711811743390122,0.0563643290081601,0.0590993965950097,0.0466385841884067,0.0976574014669418,0.3336546185496286,0.2032222646829369,0.3428821515226913
4026,2020-04-09,0.0659759158300644,0.0522425752535821,0.1016524348734577,0.0492652783837567,0.1093115731443296,0.3400655904279792,0.1982966974454005,0.330144342668435
4027,2020-04-14,0.0613489325917679,0.0485787458013722,0.0863358031899089,0.0452376657729915,0.1130393293027864,0.3491155954586189,0.2075791816172831,0.3156571367843248
4028,2020-04-15,0.0487300251493036,0.0385865495731127,0.1377404688462772,0.0333299427426228,0.08664092019017,0.339026068928447,0.2173409807380666,0.3143450890119343
4029,2020-04-16,0.0453229218581991,0.0358886596988631,0.0787618351027888,0.0270842325020782,0.0791755884086633,0.3416313156676751,0.2047799450149285,0.3143450890119343
4030,2020-04-17,0.0443554534897845,0.0351225661170549,0.096418038343,0.0294190779720678,0.0902018891500281,0.3537017474529268,0.1974846595903368,0.3055980934354359
4031,2020-04-20,0.043472106692834,0.0344231051305223,0.0840871515911603,0.029068848368214,0.0858561294199685,0.345430558529873,0.198813686176277,0.0
4032,2020-04-21,0.0349964951688442,0.0277117433532432,0.0621499581752067,0.0186204107149773,0.0665698866623026,0.3314951167436466,0.1984811497739853,0.260441738286609
4033,2020-04-22,0.0406539168878249,0.0321915502017876,0.0594046712467726,0.0248077539938052,0.0748984691311001,0.3415926970118157,0.197171146582904,0.2810518389888224
4034,2020-04-23,0.0483094485349068,0.0382535108919537,0.1046707957669766,0.0317539234420575,0.0775177274865782,0.3413497098434632,0.1898452745234407,0.295921729383424
4035,2020-04-24,0.0385297886278757,0.0305095562255689,0.0585115493500208,0.0252747175210925,0.0645098108905239,0.3476158322974458,0.1847419690966816,0.2983271555130875
4036,2020-04-27,0.045449112026126,0.0359885826969392,0.0492236364482417,0.0307032485472729,0.0760756552864022,0.3543325319274728,0.1920419171180527,0.2755849680569144
4037,2020-04-28,0.0553549621010841,0.0438324603614001,0.0841738797998378,0.0447707022457043,0.0863368041867514,0.3519042709915475,0.1922252504234103,0.2731795471408653
4038,2020-04-29,0.065923349611313,0.0522009570711141,0.0723497857544476,0.0584879263402819,0.1078499099147948,0.3641533386142283,0.1940604485156996,0.2880494375354669
4039,2020-04-30,0.0525682651629406,0.0416258369819936,0.1269627174113006,0.0482729704506888,0.094763485501824,0.359795677059878,0.20042265507284,0.3087142081982668
4040,2020-05-04,0.0443554534897845,0.0351225661170549,0.0794299621979369,0.037357555353388,0.0703368727793042,0.348581337980458,0.2133102590743925,0.3171878539718326
4041,2020-05-05,0.047678497695272,0.0377538959015733,0.0681716183337338,0.037357555353388,0.0776354652620393,0.3527169127987215,0.204653495390277,0.3399847061749778
4042,2020-05-06,0.0419578559206339,0.0332240498694791,0.0523408233371453,0.032629497451692,0.0701799529451256,0.3494953390268154,0.1943728424999053,0.3368685914121468
4043,2020-05-07,0.0443134161362451,0.0350892860721893,0.0430286748100356,0.0311118451128434,0.07598737590472,0.3547686123751223,0.1881104155138395,0.3344631652824833
4044,2020-05-08,0.048414565350948,0.0383367472568899,0.0342583833880663,0.0330964609789792,0.0811081548402152,0.3625908348697312,0.194152208420314,0.3409687446110778
4045,2020-05-11,0.0424836899442276,0.0336404181369884,0.0487605393284379,0.0284267700389999,0.0702290023682633,0.3626535754530552,0.1945198075503853,0.3376886199664873
4046,2020-05-12,0.0438506615751532,0.0347228741247506,0.0394592132507017,0.0293023301318577,0.0791069479561671,0.3529872826762642,0.1898087197646918,0.3466542953853319
4047,2020-05-13,0.0353329345903153,0.0279781390811917,0.0618697992369344,0.0222394128433952,0.0662265407003396,0.3449220730133029,0.1956602787225752,0.3439755298799645
4048,2020-05-14,0.0350805386329996,0.0277783034429744,0.118347779994533,0.0262086584924437,0.0578096788498599,0.3501518954629522,0.1920419171180527,0.3563853189707016
4049,2020-05-15,0.0311477262899953,0.0246641281646948,0.0692804935794106,0.0243991574282347,0.0508740712582739,0.3519541648806029,0.1894248947978287,0.36660837220135
4050,2020-05-18,0.0413690517847707,0.0327577977874436,0.0694437673240545,0.0328045983368421,0.0807353504844732,0.3664705365388467,0.1916754370112083,0.3796741903918967
4051,2020-05-19,0.030032994401768,0.0237814249516706,0.1460005167730116,0.0256249471249463,0.0640389555883339,0.3614869227527488,0.2063480695637058,0.3833916642939508
4052,2020-05-20,0.0365107615625061,0.0289108089722213,0.0926990619262566,0.024691006153595,0.0713473196358348,0.3693188097329541,0.2083261296213094,0.3888038756925009
4053,2020-05-21,0.0337135513806123,0.0266958370972774,0.0828069721916288,0.0236986982205271,0.0715925667515228,0.3656015971387465,0.2169634969028233,0.3911546110071203
4054,2020-05-22,0.0376674370755024,0.0298266990086969,0.0753432554360065,0.0250412357574489,0.0727108840190944,0.3667183559499976,0.2122585637448784,0.3874918174928817
4055,2020-05-26,0.0538827174394999,0.0426666747872876,0.1103574838318292,0.03881684073052,0.1027683609378441,0.3725628946847255,0.2044507656823178,0.3935053671761974
4056,2020-05-27,0.0643985231095156,0.0509935533145334,0.1718453775072129,0.0444204726418505,0.1195040336923554,0.3797011780340071,0.2167749414890729,0.3850864017904469
4057,2020-05-28,0.0625582680522861,0.049536357599665,0.0888042955410369,0.0450041840093479,0.1243697460475697,0.3786713210200715,0.2222639369214067,0.3900065731164895
4058,2020-05-29,0.0525682651629406,0.0416258369819936,0.0991116013835732,0.0369489587878175,0.1118523236828913,0.3810175124014797,0.2320029825699077,0.3997376175563167
4059,2020-06-01,0.0562488065203231,0.0445402491276003,0.0493988467179299,0.040918204436866,0.1241048600026958,0.382855178979791,0.2381701060778067,0.3994642573261553
4060,2020-06-02,0.0658181078235779,0.0521176378426986,0.0952398058263284,0.0493236592622502,0.1424199337622028,0.3868926160540699,0.2393312791796962,0.4069538855180786
4061,2020-06-03,0.0730739799935314,0.0578631429054966,0.1099228183025836,0.0583711924168485,0.1638348927441437,0.3936592095731522,0.2492644753580828,0.4095779810628595
4062,2020-06-04,0.0769648799546902,0.0609441313603248,0.1640612538534647,0.061406483177769,0.1579881919261776,0.3919663531326821,0.2565422294187849,0.4102339997354404
4063,2020-06-05,0.1040428093036927,0.0823856573841029,0.1887431281491194,0.0797934121291027,0.187986847857024,0.4050939853545328,0.2724866318687744,0.4219331001930101
4064,2020-06-08,0.1069873923556314,0.0847172285323279,0.1618758927143948,0.0811359496660245,0.1902921707444907,0.4112828704967965,0.269615404772149,0.4144981523889021
4065,2020-06-09,0.1012561904728579,0.0801791065102407,0.1116374450538169,0.0728472426808505,0.1761855279102234,0.4072261437378514,0.267433122975617,0.418598305587833
4066,2020-06-10,0.0938951390010162,0.0743502822190272,0.1122861079716586,0.0673019777312366,0.1675135994794629,0.4044841013122525,0.2716022305116976,0.4222064395687139
4067,2020-06-11,0.070129615642057,0.0555316753366207,0.1532287714749139,0.0545770615697269,0.1296572642818364,0.3742251862073333,0.2768010259204945,0.4043844495066555
4068,2020-06-12,0.0710234444398343,0.056239453744886,0.1102217236456628,0.0565616774358628,0.1310993364820125,0.3805347595599736,0.2646976706972017,0.4039470898219632
4069,2020-06-15,0.0644511049497288,0.0510351714970015,0.0966999564035945,0.0522422160997373,0.1278227966965597,0.3846027615521148,0.2590542500595414,0.4086486021601172
4070,2020-06-16,0.0749142506722227,0.0593203593362349,0.0939972288521816,0.057962595851278,0.1509741244175022,0.3939601050820305,0.2724666759545595,0.4155368712128174
4071,2020-06-17,0.0745987596309435,0.0590705466620772,0.1109833234813875,0.058312811538355,0.149345721889196,0.3921497819263826,0.2611960605160301,0.4132407745770982
4072,2020-06-18,0.0681842125258629,0.0539912225409462,0.116562397317229,0.0549272911735807,0.1406639739938425,0.3924474952265887,0.2576291739799496,0.4180516268364252
4073,2020-06-19,0.0647139985293331,0.0512433659886911,0.3250091173180884,0.055219139898941,0.1430183463044469,0.3896153295084756,0.2526381438836336,0.4230264785502832
4074,2020-06-22,0.0622428082539305,0.0492865449255073,0.0533746655336935,0.0527091796270245,0.1362985753345971,0.392853010756376,0.2474055912741553,0.426907951906868
4075,2020-06-23,0.0732843542187694,0.0580297192147181,0.0910036337448849,0.0598304638772037,0.1453923096444099,0.3950141233099574,0.2633830049093413,0.4264159326888179
4076,2020-06-24,0.0628211616318903,0.0497445313754847,0.0493083978970311,0.0508996785628155,0.1215641094641341,0.3819862395796908,0.2684935839870759,0.4135141139528021
4077,2020-06-25,0.0684470904840053,0.054199396316766,0.0753668692026373,0.0531761570710885,0.1289018840055866,0.3873657044099794,0.2588761388625762,0.4173956081638444
4078,2020-06-26,0.0614014831890576,0.0486203639838403,0.0693547435081764,0.0489150487799029,0.1198866096128631,0.3753435557661837,0.2543722568777498,0.4161382303520405
4079,2020-06-29,0.0703924936001995,0.0557398491124404,0.0547401576228619,0.0538182354003026,0.1296670837464294,0.382454495692802,0.2549636606532224,0.4227531391745793
4080,2020-06-30,0.0669748614438829,0.0530336107426534,0.0586631374210959,0.0527675465887412,0.1250858484654476,0.3900256772810612,0.2583018934432513,0.4204023830055023
4081,2020-07-01,0.0636623929679927,0.0504106294536725,0.0488173329456996,0.0494987601474003,0.1246934530803469,0.3925311755287053,0.2565422294187849,0.4234091578471601
4082,2020-07-02,0.0786473738698184,0.0622763896643097,0.091446740742482,0.0622820571874035,0.1512978793501066,0.394808144049865,0.2589552165039512,0.4279466707307834
4083,2020-07-06,0.0840629753610807,0.0665646990122393,0.066807122272483,0.0669517481273828,0.1569483824755224,0.4028073523477765,0.2583018934432513,0.4278373308096103
4084,2020-07-07,0.0767545682152992,0.0607775757669732,0.052206786437376,0.0622236902256868,0.1462751992608865,0.3972718021464508,0.2685735941478069,0.427782650421795
4085,2020-07-08,0.0713389198596518,0.0564892664190436,0.0466186092225669,0.0559779660683654,0.1344052388615897,0.4012335733700835,0.2626865994544016,0.4293133884637603
4086,2020-07-09,0.0669748614438829,0.0530336107426534,0.068635614513658,0.0534096388347321,0.1256253921199611,0.3983547745446406,0.2726878695457642,0.4223157794898871
4087,2020-07-10,0.0717595277169721,0.0568223154581375,0.0478412782863351,0.0575539853689307,0.1338853341362622,0.4036634450536082,0.2646777147829868,0.427399971124918
4088,2020-07-13,0.0744936428149024,0.0589873102971411,0.0438151489937556,0.0609978866121985,0.1442641729122453,0.3988648708088101,0.2681332585079803,0.4249398750346679
4089,2020-07-14,0.0721801199528306,0.0571553644972313,0.0448423130602657,0.0588965229058524,0.1369165789061998,0.4056716937313513,0.2736800701403759,0.4259785938585833
4090,2020-07-15,0.0767019395107008,0.0607359575845051,0.0882385843577681,0.0636245947243252,0.1502187920410796,0.4103447475229747,0.2838820183971149,0.4309534455724412
4091,2020-07-16,0.0760184380737762,0.0601947140537217,0.0400674701090203,0.0643250539320328,0.1489533265040953,0.4085762645183851,0.2848971589678801,0.4284933494821911
4092,2020-07-17,0.0712336780719167,0.0564059471906281,0.0804825360433228,0.0616399788581894,0.1455885073369602,0.4100502557179674,0.2809738635339984,0.4276186509672641
4093,2020-07-20,0.0707080315058639,0.0559896617865981,0.0389468238159533,0.0603558082829844,0.1492770335368725,0.4144127495151158,0.2889278806315543,0.4288213692457103
4094,2020-07-21,0.0693935323649193,0.0549488136233692,0.0772493176990059,0.0597137299537702,0.150895664500413,0.4152913534008127,0.2913895452270956,0.4351082583047299
4095,2020-07-22,0.0645036399255568,0.0510767896794696,0.0524172508253585,0.0597137299537702,0.1406541545292496,0.4183037264174274,0.303175657365532,0.4347802593956683
4096,2020-07-23,0.061033488414874,0.0483289538430844,0.062493561456836,0.0573205036052871,0.1401440213686877,0.4118090742369603,0.3086032930242517,0.4302427465120451
4097,2020-07-24,0.0618747509938998,0.0489951140688815,0.0440659098254904,0.0558612321449319,0.1312955341745629,0.4085858897174548,0.3128848623946463,0.4314454647904912
4098,2020-07-27,0.0565117000999273,0.044748433261355,0.0598001881358662,0.0500824715148977,0.1191214577718475,0.412412515288843,0.3217216023144384,0.4331401814325298
4099,2020-07-28,0.059403513854112,0.0470382930056977,0.0521644399679096,0.0517752386556733,0.1265573311595753,0.4090380776410987,0.3399807043094889,0.4300787470575142
4100,2020-07-29,0.0489929655932931,0.0387947440648023,0.0904039543206335,0.0452376657729915,0.1226137862792094,0.4154747821945131,0.3320830113810258,0.4313361248693181
4101,2020-07-30,0.0368893476877487,0.0292105779664496,0.1046342831753134,0.0314036938382037,0.1020522585199662,0.4135083736678282,0.3421068484407996,0.4239558365985679
4102,2020-07-31,0.0284977796279142,0.0225657659209668,0.093791765683743,0.0278430586715025,0.0903588568840338,0.4175152458242449,0.3560918412203022,0.4258692539374102
4103,2020-08-03,0.0335873612126853,0.0265959244571362,0.0942083298548332,0.0329213461770523,0.0999333138604569,0.4212951990017765,0.3420199376368356,0.4299147267485258
4104,2020-08-04,0.0401702451894646,0.0318085448426231,0.0703559939848641,0.0358982838930329,0.1045047296768457,0.4232101028918066,0.339049303976878,0.4336868810383951
4105,2020-08-05,0.0370575595877533,0.0293437706514564,0.044532295418419,0.0295358118955013,0.1062803283743919,0.4266312129334074,0.3472036262320679,0.4363656361165338
4106,2020-08-06,0.0344286550346346,0.0272620950408683,0.0455982097139141,0.0259168097670833,0.0982558140091859,0.430073223407274,0.3561800575513645,0.4350535987713722
4107,2020-08-07,0.0312528743489599,0.024747364529631,0.0567855078026524,0.0213054857888208,0.097529892126715,0.4304143876061379,0.3567535569552049,0.4310627854936142
4108,2020-08-10,0.0374571878219583,0.0296602262788245,0.0671944928126082,0.0243991574282347,0.1076733032516031,0.4318932110485185,0.3420852139917443,0.4349989183835568
4109,2020-08-11,0.0488351732082683,0.0386697962959838,0.0768651249622369,0.0312285790362768,0.1282348310108464,0.4275838326356243,0.3350528990254986,0.4331948618203451
4110,2020-08-12,0.0473630378969163,0.0375040935853505,0.0583245343050127,0.0276095629910821,0.1314230435147897,0.4350922736405594,0.3348589349994844,0.4389897316613147
4111,2020-08-13,0.0431145939194772,0.034140022769434,0.0425880057093416,0.0233484686166733,0.126959546009269,0.4339786970379805,0.3438178349548912,0.4366389963466952
4112,2020-08-14,0.040969407929104,0.0324413525180103,0.0545541828736789,0.0214222197122542,0.1175224178376658,0.4338853915367943,0.3473781938554807,0.4353815976804338
4113,2020-08-17,0.0371416967806791,0.0294104136046668,0.0418056832229417,0.0207217744213233,0.1112245006466956,0.4353561612411777,0.3530096782453864,0.4401924499397608
4114,2020-08-18,0.0356905410924425,0.0282613146636942,0.0387818562968506,0.0185620298364838,0.1066530848303067,0.4366097157387995,0.3567535569552049,0.4401924499397608
4115,2020-08-19,0.0417054912062417,0.0330242038733269,0.0268615196046746,0.0229398720511028,0.111636487061155,0.434207226764465,0.367920289737494,0.440411129782107
4116,2020-08-20,0.0332508436839056,0.0263294355077735,0.0428958858436572,0.0177448367053428,0.1017285035873618,0.4359225943848003,0.3515931813438686,0.4384977332977222
4117,2020-08-21,0.0304537116093205,0.0241145568542437,0.0534011113924032,0.0155267390755633,0.1006298252489761,0.4377972688713715,0.3563124752998936,0.437185675098103
4118,2020-08-24,0.0378988377882409,0.0300099515931234,0.0367540014264827,0.0189122594403376,0.113088378725924,0.443287796712967,0.344477499147211,0.4387163922856108
4119,2020-08-25,0.0376043263700771,0.0297767426886263,0.0505996284634579,0.0201380630538259,0.1130196903736004,0.445273534210845,0.3439330943472727,0.4427072055633687
4120,2020-08-26,0.0402753776269675,0.0318917812075593,0.0238649005777,0.0222394128433952,0.1144519431091836,0.4509233296321496,0.3502663928043823,0.4429258854057148
4121,2020-08-27,0.038067080931169,0.0301431442781301,0.0443964625064046,0.0218308162778247,0.1112833695344261,0.4518598811448989,0.3514725133392231,0.44101248892133
4122,2020-08-28,0.0446289071775242,0.0353390883884121,0.0562550064697704,0.025683314086663,0.1154329315719353,0.4556350020796322,0.3478590008353508,0.4406298096244531
4123,2020-08-31,0.0341972074575108,0.0270788424564418,0.0535764007119261,0.0171027583761287,0.0993937702059434,0.4543959443104053,0.3632864145544636,0.438661732752253
4124,2020-09-01,0.0349543484650726,0.0276783804448983,0.0650745975846689,0.0176864697436261,0.0981577151629107,0.4586344891154517,0.3665366175173015,0.4394817508793647
4125,2020-09-02,0.0301382049465795,0.0238647441800861,0.0535003589869064,0.01301676488687,0.1020816690139179,0.4673546444669504,0.364064508704975,0.4326481622144797
4126,2020-09-03,0.0321151321725629,0.0254301388830237,0.0633506935448317,0.0157602208392069,0.1029743780949875,0.4471144222843551,0.3521968943748381,0.4318828036207259
4127,2020-09-04,0.0386980161493421,0.0306427592685106,0.0892489455914079,0.0231733538147464,0.101375386060633,0.4425926216209707,0.3510118487774392,0.4231358184714562
4128,2020-09-08,0.0334400820714108,0.0264793148259202,0.0523591534128226,0.0192041220824747,0.0979713369349533,0.4272861586219449,0.3481868746408634,0.4066805252879172
4129,2020-09-09,0.0365107615625061,0.0289108089722213,0.0690806914331365,0.0208385083447568,0.1044360413245222,0.4380869284335805,0.3401323319567482,0.4137327937951482
4130,2020-09-10,0.0323885702388409,0.0256466611543808,0.0746412275557348,0.0206633935428298,0.1023073251002472,0.4284688795117187,0.3457850777879672,0.4096326405962173
4131,2020-09-11,0.0281612152347493,0.0222992769716041,0.0709342466879123,0.0160520695645672,0.0968137897088371,0.4287553175787288,0.348602591769696,0.4097966609052056
4132,2020-09-14,0.0290656197621238,0.0230154142333417,0.0499473334692098,0.0192624890441914,0.0975887610144455,0.4356055913999278,0.3514725133392231,0.4094139607538711
4133,2020-09-15,0.0269413665304808,0.0213333373936438,0.0614665017361077,0.014767912906139,0.1059173434832428,0.4384473823171106,0.3557391623999244,0.4149901716069521
4134,2020-09-16,0.0272989574111463,0.0216165026182114,0.0778075939818188,0.0157018399607135,0.1132551180246954,0.4359193728896015,0.3517358568053117,0.4252678947981871
4135,2020-09-17,0.023597342701878,0.0186854038394648,0.0616434374001887,0.0150597616314993,0.1108419247261878,0.4313364423904924,0.3453272107842506,0.4296960677606373
4136,2020-09-18,0.0165938821107019,0.013139734414884,0.2568200015669364,0.0088140513909547,0.0954992268488879,0.4252955888812686,0.3523285661078823,0.4304614263543912
4137,2020-09-21,0.0055102831708618,0.0043632800808076,0.1157519004157333,0.0002334817636436,0.0722007508585326,0.419114757477002,0.3519113569480805,0.4206210628478484
4138,2020-09-22,0.0023976131906123,0.0018985162475758,0.108310703377029,0.0,0.0679138600162035,0.4246680259019214,0.3397811451673396,0.4222064395687139
4139,2020-09-23,0.0,0.0,0.0941707095114859,0.0005253304890039,0.06846322313531,0.412011832001854,0.3304516620199227,0.4240105169863832
4140,2020-09-24,0.0008833311754887,0.0006994506285976,0.0948363871157551,0.0072380181736126,0.0674037268556417,0.4135679320424802,0.3226567327244727,0.4260879337797564
4141,2020-09-25,0.0012619016792696,0.0009992196228259,0.0651751900803604,0.0077049956176765,0.0659224246969211,0.4219147082431266,0.3249563254559693,0.4257599140162371
4142,2020-09-28,0.0123665271066103,0.0097923502321073,0.0812221168110828,0.0130751457653635,0.0819321755689613,0.4304658922427927,0.3190277403992936,0.4276733105006219
4143,2020-09-29,0.0057416057762916,0.0045464498017548,0.0544939985455062,0.0099814741259495,0.0742902850240903,0.4278702707026344,0.3258308421078741,0.4205117229266754
4144,2020-09-30,0.0065198357572009,0.0051626640654163,0.0670746743431125,0.0123746865576559,0.0745845815629158,0.4323003373259052,0.3357213288997633,0.4255959145617063
4145,2020-10-01,0.0044587557168301,0.0035306264092682,0.0597290833365249,0.0126665491997929,0.0759677848753613,0.43516467870948,0.3332225500338597,0.4173956081638444
4146,2020-10-02,0.0043114765755556,0.0034140271359872,0.065051445469073,0.0127249161615096,0.0783025182567797,0.429954145944497,0.3361743468028293,0.4082659228632402
4147,2020-10-05,0.0075082525058074,0.0059453510589502,0.0542239295281389,0.0142425685003583,0.0864839524561642,0.4396381962314084,0.3323409462348505,0.4201290436297984
4148,2020-10-06,0.0180450221774768,0.0142888333558566,0.0888278966596941,0.0185036628747671,0.0961270977849108,0.4319736698554361,0.3436068990766006,0.4280559897974988
4149,2020-10-07,0.0157105509352131,0.0124402837862863,0.0554152168615169,0.014767912906139,0.0935667083171631,0.4413825180220067,0.335031264576443,0.4241198569075562
4150,2020-10-08,0.0187601726958843,0.0148550912994475,0.0515776509367083,0.0160520695645672,0.1016794541642241,0.4457900734654123,0.3396988969601546,0.4308987651846259
4151,2020-10-09,0.0164467123196596,0.0130232180050822,0.0702557282284895,0.0134253753692173,0.0975691220852595,0.4506674564830017,0.3396252279310434,0.4276733105006219
4152,2020-10-12,0.0137967656575785,0.0109248557613542,0.0409012424438542,0.011207263822661,0.0975789415498525,0.4598526464524128,0.3474220222652051,0.4212770815204293
4153,2020-10-13,0.0079709914454376,0.0063117630063889,0.0471052937590565,0.0057203658347639,0.0901430681621249,0.4562657865541784,0.347312730996701,0.4254865746405333
4154,2020-10-14,0.0082022828079439,0.0064949223694012,0.0460896340784942,0.0063040772022613,0.0942043508179518,0.4525228412849067,0.3357429633488187,0.4300787470575142
4155,2020-10-15,0.0065829152197027,0.0052126203854869,0.0547743661753421,0.0056619988730472,0.0844140572197925,0.4516651771180024,0.3360234651710547,0.429641387372822
4156,2020-10-16,0.0110415459648389,0.0087431639312758,0.0672175711483584,0.0101565889278764,0.0876415475821077,0.4517408036821219,0.3302586305132642,0.4292040485425873
4157,2020-10-19,0.0122193729370297,0.0096758338223055,0.0489339335599229,0.0114407455863047,0.0886715854679971,0.442586178630573,0.3315677011849895,0.4289307091668833
4158,2020-10-20,0.0170355164555228,0.0134894597291828,0.0714343328063832,0.0156434729989967,0.0952539797331999,0.4451930754039274,0.3399156144584514,0.4323748228387759
4159,2020-10-21,0.013775676684231,0.0109081691282143,0.0619911807851623,0.0136588571328609,0.0838941524944649,0.4439765288145656,0.349456033484159,0.424557195737791
4160,2020-10-22,0.015752682017523,0.0124736466946312,0.0743701340525094,0.01558510603728,0.0824324892649303,0.4468617706304061,0.3532295663094931,0.427891990342968
4161,2020-10-23,0.0217045058044353,0.0171865692262584,0.0600808730190389,0.0195543377695517,0.0919284384244367,0.4487766745204362,0.3471381633732879,0.423573157301691
4162,2020-10-26,0.019475260728445,0.0154213388851035,0.0559166204772334,0.0161104504430607,0.0824618997588818,0.4384103744088506,0.3523723945176067,0.4165209096489175
4163,2020-10-27,0.0168252672019787,0.0133229869993105,0.097862275661536,0.0143593024237917,0.0681786981612502,0.4367545258766405,0.3462649522484813,0.4220424401141831
4164,2020-10-28,0.0111677361327659,0.0088430869293519,0.0938354507304108,0.0120244569538021,0.0508250218351362,0.41750074909585,0.3423023044977833,0.4101246598142672
4165,2020-10-29,0.0129343828622816,0.0102419985444822,0.0737856343045219,0.0104484376532367,0.0446840244783446,0.4237894220162246,0.3367573579040992,0.4034550706039131
4166,2020-10-30,0.0182133746706371,0.0144221192622776,0.0786531457960253,0.0176280888651326,0.0486472561877237,0.4173285562488187,0.3258093941626898,0.4013776746649976
4167,2020-11-02,0.0257636332870604,0.0204007607240283,0.053209857168258,0.0197878334499721,0.0617336327008672,0.4238103224484904,0.3200872688913967,0.4069538855180786
4168,2020-11-03,0.033040563187438,0.0261629524199663,0.0927523994847439,0.0274928290676487,0.0780180411825471,0.4332915756839813,0.3201933895940911,0.4116007174684173
4169,2020-11-04,0.0250696186063856,0.0198511894135773,0.0833549867518959,0.0172778731780555,0.0809904170647541,0.4452445407540554,0.3388760418805632,0.4197463643329214
4170,2020-11-05,0.0308111931397538,0.0243976392153321,0.0958834074467518,0.0233484686166733,0.0949499116296086,0.4560276316286241,0.3342555949762571,0.4177782874607214
4171,2020-11-06,0.0262263722266906,0.0207671726714671,0.0575473627058438,0.0190290072805478,0.0896721649601076,0.4558651032671893,0.3475313135337092,0.4087579420812903
4172,2020-11-09,0.0623479250699716,0.0493697812904435,0.2194746030308864,0.0431946829451389,0.1474523854161886,0.4624723899200358,0.3593390601212014,0.4259785938585833
4173,2020-11-10,0.0815917225998311,0.0646078779490555,0.2698184863070303,0.0543435798060833,0.172173294677534,0.4616726340936572,0.3490619508043819,0.4318281440873681
4174,2020-11-11,0.0852723264430606,0.0675223108105321,0.1673629325166517,0.0573788705670038,0.1802468584658777,0.4660383100994778,0.3477278886139199,0.4323201633054182
4175,2020-11-12,0.0820649435402881,0.0649826280340968,0.0997222740048411,0.0542851989275898,0.1736055474131171,0.4603016128808578,0.3417051191023046,0.4305160858877489
4176,2020-11-13,0.0892156207868918,0.0706448138684793,0.1102861640169374,0.0591883855479895,0.179265870003126,0.4680481695248204,0.3453184451023057,0.4251038953436563
4177,2020-11-16,0.0962841291447487,0.0762419311557577,0.1600299220277621,0.0874400407850626,0.1991308863738499,0.4747680906500462,0.3518675285383561,0.4317188041661951
4178,2020-11-17,0.0981495191339162,0.0777190348215231,0.0920579087427143,0.0780422780266105,0.1940395179323062,0.4719713613791205,0.3540872976129929,0.4322108233842451
4179,2020-11-18,0.0974910901430825,0.0771976992416365,0.0668746940712108,0.0788594711577515,0.1986698026364256,0.4652546617490936,0.3547477078207974,0.434342899710976
4180,2020-11-19,0.0933762877708199,0.0739393829411503,0.0671397197091222,0.0824201202412295,0.1936373509824398,0.467520394323584,0.3522407227845625,0.4339055608807413
4181,2020-11-20,0.0946930207807931,0.0749820333850536,0.0593709528032677,0.0839961395417948,0.1983166372098695,0.4636052562072811,0.355188043460624,0.4361469771286452
4182,2020-11-23,0.0966681515386765,0.0765460401247132,0.0586799381459706,0.0858056545227805,0.1986403921424741,0.4668316622219854,0.355188043460624,0.4411218288425031
4183,2020-11-24,0.1108232735285457,0.0877546722287948,0.0784696026197587,0.0943278432715981,0.2145324052390532,0.4761358903676468,0.3514725133392231,0.4512355317247498
4184,2020-11-25,0.1084092265601841,0.0858431153411674,0.0727216930929017,0.0948531876773788,0.2166415304339696,0.4752090033404941,0.360512728982459,0.4556090242993846
4185,2020-11-27,0.1087933270614206,0.0861472243101229,0.0720704320704918,0.1049513957267618,0.2191921004371242,0.4766090180100831,0.3629354142689263,0.4546249858632846
4186,2020-11-30,0.1035811013805373,0.0820200222817824,0.1035658255831356,0.1033170094644797,0.2080284229911124,0.4739184409346123,0.3716126933788701,0.4535862878938268
4187,2020-12-01,0.1190529720018415,0.0942713255456371,0.141496914884683,0.1076948516790987,0.2142969296881309,0.4804871089315994,0.3664028942416744,0.4492674548525497
4188,2020-12-02,0.1323851085229195,0.1048282985327954,0.1077547279714057,0.112072679976941,0.2221448373901453,0.4815427379071257,0.3877143185922538,0.4532582681303075
4189,2020-12-03,0.1354027062870259,0.1072177291054273,0.0738182713462877,0.1119559460535075,0.220173088899876,0.4811742302855984,0.3940075187170622,0.4552263450025076
4190,2020-12-04,0.1523558663962612,0.1206420270660918,0.1183347009358774,0.1251478257423045,0.2321607870746339,0.4863879845457803,0.3988648255377511,0.4586157991410424
4191,2020-12-07,0.1374326527541512,0.1088251770240992,0.0850857038334891,0.1190772163869099,0.2275206350060943,0.485235789287342,0.3950644361549691,0.4558823636750885
4192,2020-12-08,0.1424253656546792,0.1127786143363908,0.0635143182707418,0.1164505361083367,0.2228118903848857,0.4868916378195521,0.3937779324516548,0.4550076651601615
4193,2020-12-09,0.1373778214234476,0.1087817358450869,0.0472735255093347,0.1164505361083367,0.2235672706611354,0.4821558434446049,0.3934338328093507,0.4545703263299268
4194,2020-12-10,0.1288737475961694,0.1020478559173136,0.0776756840496027,0.1105550276380923,0.2183680318085509,0.4813963170216853,0.388398787799439,0.4614585745281695
4195,2020-12-11,0.1208635306603054,0.0957049880323902,0.104408509469338,0.1057102218961861,0.2066746780724458,0.4806496372930341,0.3986525841323625,0.4603105366375386
4196,2020-12-14,0.1261305251860453,0.099875631239743,0.0598395170096414,0.1090373752992437,0.2142969296881309,0.4780797877144666,0.3969488712692464,0.4626066332732579
4197,2020-12-15,0.1350734683594166,0.106957061315484,0.0703826928030449,0.1131817357502191,0.2154348858848884,0.4856638552835212,0.3993726755789406,0.4660507469451505
4198,2020-12-16,0.1322753521327419,0.1047413954589011,0.0564228608888375,0.1106717893950793,0.2141694203479041,0.4867178342249214,0.4002182841308146,0.4671441253024235
4199,2020-12-17,0.1333177722745798,0.1055668400077431,0.0595128809845387,0.1108468902802294,0.2155329847311636,0.4901469980045194,0.4073030066848582,0.4700962406107236
4200,2020-12-18,0.121247506189848,0.0960090970013457,0.2079081218569054,0.1105550276380923,0.2041535185632428,0.4880437937914638,0.4171798786941521,0.4741417134218392
4201,2020-12-21,0.1072570187852451,0.0849307884343008,0.1443664765852961,0.1004568195887094,0.1798642346455428,0.4857120991384503,0.4098911209050511,0.4667067864721889
4202,2020-12-22,0.1160354367235821,0.0918818742571354,0.0424383232662824,0.1054183731708258,0.1940297463675405,0.4844794843596212,0.4131418833795024,0.4627706327277887
4203,2020-12-23,0.1257464871706558,0.0995715222707874,0.0805902651580938,0.1121310469386577,0.2077047159583352,0.4849220077976683,0.4052794396826897,0.4687841824111044
4204,2020-12-24,0.1312878258074546,0.1039594128049411,0.0287762889434702,0.1132401027119358,0.211422652652199,0.4870219905155253,0.4060232171209061,0.4693855415503275
4205,2020-12-28,0.1225643329285916,0.0970517681611188,0.0337772787159109,0.1119559460535075,0.2157488213528999,0.4922196372997128,0.4081650275773949,0.4660507469451505
4206,2020-12-29,0.1226740893187693,0.0971386505191433,0.0284245140169253,0.1113722207692334,0.2176322904614871,0.4908807917523751,0.4110358816662778,0.4681281637385235
4207,2020-12-30,0.1208635306603054,0.0957049880323902,0.027684981733064,0.1117224503730872,0.2156310835774388,0.4916853798215519,0.415652038981547,0.4703149204530698
4208,2020-12-31,0.1168035127543611,0.0924901129109162,0.0155115485500364,0.1094459718648142,0.2077145354229281,0.495552234796399,0.4229967479319985,0.4709709391256506
4209,2021-01-04,0.1199308356657217,0.0949664258415726,0.0643227999284508,0.1119559460535075,0.2102160560029453,0.4866341539228048,0.4152995466650404,0.4660507469451505
4210,2021-01-05,0.1209183307480855,0.0957484292114024,0.0359263338468856,0.1117224503730872,0.2094606757266954,0.4908518375821122,0.415440543591643,0.4786792263054624
4211,2021-01-06,0.1403405253710034,0.1111277252387066,0.0776669316519013,0.1254396883844416,0.2348486379827812,0.4942761298323852,0.4230558696591586,0.4825060401286895
4212,2021-01-07,0.1447845188064903,0.1146467093291361,0.057761582487975,0.1279496625731349,0.2383311470255501,0.5032312186142393,0.4294443732621336,0.4835994184859626
4213,2021-01-08,0.1411634639754096,0.1117793843556299,0.0668260141289859,0.1235134394800224,0.2404795500788383,0.5065927702811882,0.4185454600388412,0.4913077056657745
4214,2021-01-11,0.1466499400385812,0.1161238129949014,0.1013493989130144,0.1220541541028905,0.2355549688358934,0.502558593988635,0.4052096872348731,0.4913623651991322
4215,2021-01-12,0.1509842395697374,0.1195559147273065,0.0561772151084087,0.1223460167450276,0.2344170605389631,0.5028128171036566,0.4012196234151133,0.496610556288694
4216,2021-01-13,0.1490639870069429,0.1180353698825289,0.0413757259018526,0.1188437485400431,0.2359080863626221,0.5042047780352485,0.408759415414806,0.4949704991800131
4217,2021-01-14,0.1456624137132939,0.1153418303409414,0.0597957149692183,0.1175595640480613,0.2370166799652554,0.5019036483000975,0.4014995657257361,0.4985786331608941
4218,2021-01-15,0.1368291644442534,0.1083472826232249,0.108428863907991,0.1125396435042282,0.2231160542881315,0.4975122003326861,0.3997423262515949,0.4919637243383553
4219,2021-01-19,0.1328240715977831,0.1051758486807631,0.0543734854914626,0.1086871456953899,0.2200063017012773,0.5024459202297288,0.3881705070611299,0.4953531784768901
4220,2021-01-20,0.1333177722745798,0.1055668400077431,0.0590751799416394,0.1103799267529422,0.2205065674974189,0.5109649285639333,0.3978038050146788,0.4967745765976824
4221,2021-01-21,0.1279959151752128,0.1013527556213781,0.0875466843423221,0.1094459718648142,0.2124625100026814,0.5111612433384292,0.3941682850540087,0.4961732174584593
4222,2021-01-22,0.1215219440296772,0.0962263236122767,0.0866352977177563,0.1075197229603951,0.2040554197169676,0.5092945833033282,0.4020945130747606,0.4914717051203053
4223,2021-01-25,0.1115365494715447,0.0883194489876936,0.0531170821742225,0.1008070491925632,0.1904098606201246,0.5115297509599565,0.4025878158139988,0.4942051405862593
4224,2021-01-26,0.1161999932015398,0.0920122185100419,0.0413209359344018,0.1041342025956208,0.1970413522082922,0.5106060854280026,0.3989571449539792,0.4933304420713322
4225,2021-01-27,0.1052270410751964,0.0833233405156289,0.0581474753231896,0.0977717445148659,0.1860346903961134,0.4946993635857661,0.4015780838554974,0.494642479416494
4226,2021-01-28,0.1106037607481905,0.087580886796876,0.0513391175334096,0.1039590877936939,0.1938629591689419,0.5005905354278238,0.3925164202670772,0.4918543844171822
4227,2021-01-29,0.1033067885124019,0.0818027956708513,0.0707122252140921,0.0938024988658174,0.1766956610707853,0.4888210384379771,0.3948576033618443,0.4910890258234284
4228,2021-02-01,0.1035262075639867,0.0819765811027702,0.0624447350089174,0.0932771544600367,0.1806883032741161,0.4984149654323744,0.3954553482689362,0.498469293239721
4229,2021-02-02,0.116693787607107,0.0924032098370219,0.0780928142175095,0.1064690480656104,0.1956679683604397,0.5068550864207338,0.3868250681345266,0.5050842020622598
4230,2021-02-03,0.1185591775962744,0.0938803135027873,0.0692169206483224,0.1083369160915361,0.2017402773649079,0.5074762064096833,0.3821878358818154,0.5101683936972907
4231,2021-02-04,0.1334824849671549,0.1056971842606497,0.0961875595908615,0.1259066519117288,0.212511559425819,0.5141655626170468,0.3827094872094712,0.5131205090055908
4232,2021-02-05,0.1442359555560665,0.1142122768231438,0.0888830428784,0.1319772612671233,0.2215464727477286,0.5165938235529721,0.3708728325219481,0.5165099631441257
4233,2021-02-08,0.1504905076500172,0.1191649234003265,0.0826864169776734,0.135946492999395,0.2219682786267809,0.5212218156983383,0.3837084019434449,0.522632873603072
4234,2021-02-09,0.1490639870069429,0.1180353698825289,0.0514866013370655,0.12946728707843,0.2103926147663096,0.5205201976159443,0.384462810102318,0.5247649499298028
4235,2021-02-10,0.1496675690456111,0.1185132642834032,0.0478797892578203,0.130401241966558,0.2069002862589478,0.5203029431226558,0.394850702718611,0.5265143469596568
4236,2021-02-11,0.1451686505506502,0.1149508182980916,0.0387317892935255,0.1297007827588504,0.2041731574924287,0.5213489076125857,0.3950414961788153,0.524108931257222
4237,2021-02-12,0.1450040003439221,0.1148204947610549,0.0458312359787266,0.1307514715704118,0.2058800678376514,0.5243178690170696,0.3966519571063476,0.5308331800009338
4238,2021-02-16,0.1577874798858058,0.1249430145263511,0.0615803219041441,0.1369971818109564,0.2155624431249426,0.5239574151335394,0.3967599428477537,0.5340039542971226
4239,2021-02-17,0.1559220898966384,0.1234659108605858,0.0600005425769856,0.1335532805676887,0.212521378890412,0.5237546573686458,0.3905467528836761,0.5399628444470804
4240,2021-02-18,0.1516426529391093,0.120077250307193,0.0508510754477582,0.1336116475294054,0.2061841838410699,0.5209611103063921,0.3835881069465419,0.5365733903085457
4241,2021-02-19,0.1648102329822295,0.1305038997573146,0.0756580951177718,0.136880447887523,0.2153564259677992,0.5197928468584863,0.3904551794829329,0.5295758021891299
4242,2021-02-22,0.1560318150438925,0.1235527932186102,0.0607432769061524,0.1350709329065373,0.2114913410045226,0.5149315320303642,0.3958462603829036,0.5418762617859227
4243,2021-02-23,0.1620669793291819,0.1283316750797439,0.0589332148704455,0.1418420014696394,0.2252153121186275,0.5157152196672753,0.4021732177083934,0.5428602793675652
4244,2021-02-24,0.1633836810962317,0.129374346239517,0.045521512402265,0.1441768469396291,0.2269320419284433,0.5228052198751011,0.3998808986278723,0.5513339459955886
4245,2021-02-25,0.1637128877809176,0.1296350140294603,0.0789303134885514,0.1484963082757546,0.2316604254788378,0.5073426715050382,0.4028890195659347,0.5530286626376272
4246,2021-02-26,0.1562513278242478,0.1237265786505291,0.0636184037151306,0.1426008276390637,0.222556871704432,0.5044155502516126,0.4011756085015179,0.5419309213192806
4247,2021-03-01,0.1587202373662365,0.1256815767171687,0.0377270985680304,0.1430094242046342,0.2375757667493002,0.5190059770129032,0.3900894453915733,0.5372294089811265
4248,2021-03-02,0.1557026396021301,0.123292125428667,0.0406076914095807,0.1402659821690741,0.2353881816372947,0.5139322399342909,0.3840717114844794,0.5323638971884417
4249,2021-03-03,0.1614085659598101,0.1278103394998573,0.073955311085779,0.1482044456336175,0.2327885622110024,0.5057946252024091,0.3894491776018549,0.5407282030408344
4250,2021-03-04,0.1611342530916747,0.1275931128889263,0.0499988655294718,0.1466867932947689,0.2352116228739302,0.4975475974933467,0.3840036375715032,0.5546687406007657
4251,2021-03-05,0.1653039649019497,0.1308948910842946,0.1303079303994705,0.1484379413140379,0.2286193612443072,0.5093702098674476,0.3710298687814712,0.5670238388764586
4252,2021-03-08,0.1734788008016184,0.1373681032221246,0.0541192053610855,0.1540999541038619,0.2440601579678823,0.5060569413419547,0.3644427385557027,0.5613383298111198
4253,2021-03-09,0.1645907514447977,0.1303301143253958,0.0798140231849813,0.1489632718030419,0.2491809369033777,0.5147609499309324,0.352877820008471,0.5556527790368656
4254,2021-03-10,0.1632740496777479,0.1292874431656227,0.0520425103408277,0.1453442696746239,0.2520061645161719,0.5185216134237977,0.3601050315200866,0.5580035352059427
4255,2021-03-11,0.158665343549686,0.1256381355381565,0.0447939904232938,0.1467451602564856,0.2586572471336983,0.5250436090269281,0.3645095069415809,0.5666411595795816
4256,2021-03-12,0.1645907514447977,0.1303301143253958,0.0369064853956848,0.15264066872673,0.2637093377168701,0.5256872794822696,0.3739024014051948,0.5643997641861352
4257,2021-03-15,0.1599272452289556,0.1266373448030475,0.0469076122563488,0.1482044456336175,0.2628166765356278,0.5298067468245388,0.3682552506901109,0.5631970459076892
4258,2021-03-16,0.1581166865704918,0.1252036823162944,0.051933992835705,0.1467451602564856,0.2650042616476333,0.5288042332332666,0.3644649325163718,0.5599716120781427
4259,2021-03-17,0.159488344639939,0.1262897946550797,0.0439150690388529,0.1524071730463096,0.259294889634487,0.5306403283505052,0.3606900941639395,0.558878212866412
4260,2021-03-18,0.1659622845425511,0.1314162266641811,0.0804429225901426,0.1578356901557132,0.2617571323561322,0.5212008759795457,0.3733855991781893,0.5337306149214186
4261,2021-03-19,0.1555380831241723,0.1231618018916302,0.094570215782239,0.1469786559369059,0.2488473625061803,0.5208211324113493,0.3632864145544636,0.5414935616345883
4262,2021-03-22,0.1502161635389584,0.1189476967893954,0.0463984659728199,0.1259066519117288,0.2341815849880408,0.5252447560442223,0.3577912644943815,0.5422042606949844
4263,2021-03-23,0.1521363848588295,0.120468241634173,0.0361359687386024,0.1270740746467236,0.2387725918337884,0.5204059523959654,0.36560036808404,0.5214848148579836
4264,2021-03-24,0.1540566999074709,0.1219888071948204,0.0572537558096872,0.1304596089282747,0.2440111085447448,0.5169655133831714,0.3510776846439614,0.5401815242894266
4265,2021-03-25,0.1516426529391093,0.120077250307193,0.0354470810488585,0.1281831304200017,0.2406561088422028,0.5202450347821301,0.3468322970245732,0.525858328287076
4266,2021-03-26,0.1560866776175196,0.1235962343976225,0.0514751074910957,0.1326777204748309,0.2493574956667421,0.5307079011766276,0.3411299411636237,0.5390334863987958
4267,2021-03-29,0.1525753166907695,0.1208158124980106,0.0396864003677221,0.1288252226659926,0.2487590352246708,0.5301527432662009,0.3429108666294032,0.5422589410827997
4268,2021-03-30,0.1610793905180476,0.1275496717099141,0.0378049658172335,0.1365302182836692,0.2588730837554346,0.5281348301028611,0.3402515079304242,0.5367373897630765
4269,2021-03-31,0.1561964652506207,0.1236831374715168,0.0464745656677185,0.1322691239092604,0.2573819621321209,0.5304423635418831,0.3328353679973157,0.5291384425044376
4270,2021-04-01,0.1546601882173688,0.1224666808798249,0.0278500356799861,0.1334073492466201,0.2571464865811987,0.5380023091834731,0.3336530009685146,0.5416575819435766
4271,2021-04-06,0.1592139692859567,0.1260725680441487,0.044887082670666,0.1381354349818697,0.262738120818884,0.5467030962772519,0.3477498960707177,0.53006782140718
4272,2021-04-07,0.1620121479984783,0.1282882339007316,0.0436407819223045,0.1376392740569473,0.2590889203771709,0.5476702127078635,0.3564006916309559,0.5324732371096147
4273,2021-04-08,0.1589396564178213,0.1258553414332177,0.0351902481358186,0.1388358663560237,0.2630520562868954,0.5504412093037253,0.3563124752998936,0.5315438582068724
4274,2021-04-09,0.1568548161341456,0.1242044730514034,0.0345174054545294,0.1325609865513975,0.2559889393550825,0.555531014571805,0.3628865502546803,0.5300131410193646
4275,2021-04-12,0.1573485792967892,0.1245954643783834,0.04251386855834,0.1352460616252409,0.2527320384988156,0.5554007404488855,0.360512728982459,0.5320905578127377
4276,2021-04-13,0.1543310440185298,0.1222060338057515,0.0489128841699308,0.1319772612671233,0.2519962971517517,0.5575891571386036,0.3627310060261266,0.5347146533575187
4277,2021-04-14,0.1574583044440434,0.1246823467364078,0.0356512952299083,0.1357421947166098,0.2582060307606942,0.5548648722231252,0.3689033516424183,0.5509512666987116
4278,2021-04-15,0.1498869568542725,0.1186870289994521,0.0363020640353473,0.1271032720443587,0.2565578935035476,0.5622284245171656,0.3739024014051948,0.5526459833407502
4279,2021-04-16,0.1536726931350049,0.1216846982258649,0.0392574917744404,0.1285625574214906,0.2606682734823395,0.56465028174922,0.3716574543079503,0.5508419267775385
4280,2021-04-19,0.1636580252072905,0.1295915521345782,0.0797782736877227,0.1373766088124453,0.2702721888525414,0.5610762292587272,0.3712988073636951,0.5522086445105155
4281,2021-04-20,0.1512036898642457,0.1197297001592253,0.0841828841030125,0.1256439866672268,0.245551279591196,0.5565190707212091,0.3831634376318931,0.5470697724876692
4282,2021-04-21,0.1474180160693603,0.1167320309328125,0.0745108564603014,0.1240679673666615,0.2514763924264241,0.5627111773586717,0.3811454657458597,0.5411108823377113
4283,2021-04-22,0.1505453702236443,0.1192083645793387,0.0260084854601114,0.1307806411344934,0.2649159343661239,0.5565255137116067,0.3819838006467582,0.5415482420224036
4284,2021-04-23,0.1507098954586786,0.1193386881163754,0.0937164881071257,0.1268406067998568,0.261168539278481,0.5637973712520604,0.3783859544680639,0.5454297153789883
4285,2021-04-26,0.1580618552397882,0.1251602411372822,0.0588771885635796,0.1353335981510393,0.2693402498129272,0.5649962389043554,0.3901351388400094,0.5441723375671844
4286,2021-04-27,0.1740823828402866,0.1378459769071291,0.0861090345100137,0.1357130251525282,0.2747160474288762,0.5648514287665143,0.3888553492760571,0.5498032079536231
4287,2021-04-28,0.183135051160912,0.1450142893408946,0.0787192588618029,0.1361507912821803,0.2789244304542887,0.5642817741276928,0.3902060103110529,0.5548327400552965
4288,2021-04-29,0.189225046776905,0.1498366123810405,0.077855920834782,0.1395363255637313,0.2812396207061757,0.5688341397089395,0.3973429539490236,0.5611196499687736
4289,2021-04-30,0.1941503374485678,0.1513137160468058,0.0540056075865842,0.1465408619737004,0.2804351910067882,0.5639582888658958,0.395961333271414,0.5533020228677886
4290,2021-05-03,0.1921581011900804,0.149749730023016,0.0936073845792282,0.1468619220134725,0.2881555893685759,0.5658072699639298,0.3804208982063737,0.5582768537271889
4291,2021-05-04,0.1879521475885711,0.1464479518276478,0.0589154107396686,0.1462198297674816,0.2819459515592879,0.5613015767765397,0.3856637085287659,0.5648371238708276
4292,2021-05-05,0.1952571180127701,0.1521826017746602,0.0367716738075351,0.1524947374056614,0.2954246755577049,0.561773015098323,0.3784312749087577,0.5645090832528508
4293,2021-05-06,0.1945377184567695,0.1516178250157614,0.041932953456858,0.1544793532717973,0.2968373372639293,0.5672490854980504,0.3773251204488625,0.5594795720056351
4294,2021-05-07,0.1942610311264498,0.1514006191207002,0.0574312543085914,0.1553549133646551,0.3043909484271182,0.5722343100317479,0.3868023146622443,0.5605182908295505
4295,2021-05-10,0.204222337390581,0.159220590671389,0.0595783047357574,0.1615714540411181,0.3127391219252742,0.5651265916003284,0.4028427666058851,0.5606276098962659
4296,2021-05-11,0.1980241787735078,0.1543548264522309,0.0514967481738515,0.16046239826784,0.2973278314953052,0.5592804421180011,0.3981266432156698,0.562595686768466
4297,2021-05-12,0.2021747386716908,0.1576131427527171,0.0597897904476046,0.1601121686639862,0.2993388578439464,0.5449491100010572,0.3986848493020745,0.5669692001975585
4298,2021-05-13,0.1995737340492378,0.1555712623280529,0.0533412011036575,0.1594701042515488,0.2952677557235265,0.55290808889551,0.388359994994236,0.5546140602129503
4299,2021-05-14,0.209424346635487,0.1633043515207173,0.0562488353126725,0.1674085677160922,0.3128666312655009,0.5627804002189203,0.3881705070611299,0.5630877268409736
4300,2021-05-17,0.2069893669083952,0.1613928153489597,0.0543126561166384,0.1662411449810974,0.3138476197282528,0.5610811007880524,0.3996037538753172,0.5680078773125586
4301,2021-05-18,0.2113613141623422,0.1648249170813647,0.0503688124320245,0.1730705805059163,0.316623893717564,0.5553749684872947,0.4006205729809231,0.5637437246590968
4302,2021-05-19,0.2027281133323302,0.1580475959745791,0.0717226517955953,0.1655115162093082,0.3055190851592827,0.5534198351938058,0.4111222329586284,0.5520993045893424
4303,2021-05-20,0.2055505677963941,0.1602632618311621,0.0341374013050033,0.1659492823389603,0.3107771449997706,0.5604100869100475,0.403120843877796,0.5449376961609383
4304,2021-05-21,0.2112506204844602,0.1647380140074704,0.0554007433637766,0.1728370848254959,0.3185956422078333,0.5598854546309563,0.4113396964724098,0.5533020228677886
4305,2021-05-24,0.2100331462423761,0.1637822459215916,0.0278755308326834,0.1716112951287844,0.3187427904772461,0.5665136417160684,0.4047451060917946,0.5668052007430276
4306,2021-05-25,0.2118039951450996,0.1651724672293325,0.0350582412358051,0.1721950204130585,0.3190567259452576,0.5650782691723456,0.4096576180583493,0.5669145198097432
4307,2021-05-26,0.2095904027737717,0.1634346957736238,0.0483791765757522,0.1706773680742099,0.3178991787191414,0.5663431381896902,0.4150485124544487,0.567679878403497
4308,2021-05-27,0.2198837275857018,0.1715153351142559,0.0724505194858438,0.1741212693174777,0.3168396345396458,0.5671299687487465,0.4062093479843314,0.5711786724632049
4309,2021-05-28,0.2202157773764242,0.1717760029041992,0.0404400983819671,0.173128947467633,0.3206164401212402,0.5676497294985126,0.406302226912173,0.5682812375427201
4310,2021-06-01,0.2232595254674816,0.1741654334768311,0.0283535462372975,0.1789660611426071,0.3171928478660292,0.5673166583241727,0.4125096352562443,0.5759348651891742
4311,2021-06-02,0.2229274756767592,0.1739047656868878,0.0586666535577447,0.1803086125963056,0.3163099582495525,0.5682950499879803,0.4101479367356488,0.5820030952603052
4312,2021-06-03,0.2263585735330947,0.1765983259443451,0.0521189178030827,0.1824683293475916,0.3125527915971441,0.5658378348817922,0.408910856558194,0.5818937344846745
4313,2021-06-04,0.2193303216821389,0.1710809026082637,0.04592678614896,0.1784407306536032,0.3072455865338641,0.5717982295840983,0.3968867654801478,0.5863219283015824
4314,2021-06-07,0.2213779204010292,0.1726883298110658,0.0353210988002493,0.1849199365745682,0.3146324104984542,0.5712559183679402,0.4024257439499543,0.5841898519748514
4315,2021-06-08,0.2144603622279553,0.1672577888330089,0.0556720560985436,0.1840443764817105,0.3136514220357024,0.5713749565441906,0.4063719793599896,0.5886726844706593
4316,2021-06-09,0.2125234259440237,0.1657372439882313,0.1109332817740096,0.1812425396508801,0.3138966691513903,0.5701342880273642,0.403120843877796,0.5881806443981518
4317,2021-06-10,0.2197177651761876,0.1713850115772192,0.0652285950947067,0.1817095031781673,0.3117090840393848,0.5732931605024731,0.4045524475928785,0.589984721815821
4318,2021-06-11,0.2184448972307772,0.1703857815964583,0.0274143256389242,0.180133483877602,0.3186937410541085,0.5746223022776875,0.4030745909177464,0.5933741968088133
4319,2021-06-14,0.2187769157785761,0.1706464493864016,0.0408826710026815,0.1857954966674259,0.3261590249357879,0.5758629707945139,0.3933191329285825,0.5932101556453674
4320,2021-06-15,0.2175041103190127,0.1696472401215106,0.0487126783425008,0.1873715159679913,0.3212149005633116,0.5744855065913167,0.3952022625157618,0.5999891056313521
4321,2021-06-16,0.2106418833634182,0.1642601403224659,0.040967566309191,0.1838108808012901,0.3184190834444689,0.5708021589832238,0.395961333271414,0.6001531050858829
4322,2021-06-17,0.2104205272505777,0.1640863548905471,0.1118530181691186,0.1889475352685567,0.3178010798728662,0.5705060171440903,0.37538715872356,0.5940848750147519
4323,2021-06-18,0.2022854011066493,0.1577000458266114,0.1778996768155014,0.1787325932957403,0.3015852639438553,0.5615896255911493,0.3625312603801061,0.5973649892321137
4324,2021-06-21,0.2013446141948849,0.1569614836357938,0.0517161894610661,0.1796665203503147,0.3036552070800543,0.5709775340389273,0.3563124752998936,0.6084080918715602
4325,2021-06-22,0.2021747386716908,0.1576131427527171,0.0451535575555475,0.1820013658203044,0.3038121269142327,0.5744613846638521,0.3623979101122212,0.6051279359452832
4326,2021-06-23,0.2008466019946482,0.1565704923088138,0.0300055075495453,0.1815344022930171,0.294080702203804,0.5737211479255987,0.3661798356117578,0.6052372967209139
4327,2021-06-24,0.2055505677963941,0.1602632618311621,0.0294092472941455,0.1850366704980016,0.3058525637568257,0.5776878299650833,0.3656227485485803,0.6064400149993601
4328,2021-06-25,0.2097010339658067,0.1635215781316483,0.0306061461117915,0.190932178968246,0.3079028679638387,0.5799744629718395,0.3651773773042319,0.610540168198291
4329,2021-06-28,0.1994077091538766,0.1554409387910162,0.0244892699003324,0.1819429988585877,0.2901175662940795,0.5815691030952715,0.3670274957062145,0.6043079386726292
4330,2021-06-29,0.2006804833705166,0.1564401480559072,0.023770166201761,0.1828185589514454,0.290254847199072,0.5817605856269692,0.3649546916820578,0.6046906179695062
4331,2021-06-30,0.194648443377575,0.1517047280896557,0.0460729355914057,0.1790828228995941,0.2810434230136253,0.5826778474550521,0.3607342955814061,0.6073693730476448
4332,2021-07-01,0.2023960635416078,0.1577869281846359,0.0254811534986033,0.1896479944762643,0.291942166514936,0.5862888292807513,0.3536693424377062,0.616991077566299
4333,2021-07-02,0.1949804931682973,0.151965395879599,0.0277432404072627,0.1829936876701491,0.2895191058520081,0.5915025442544063,0.3520212077281981,0.616608398269422
4334,2021-07-06,0.1882841973792936,0.146708619617591,0.0319555900305118,0.1823515954241582,0.2849280990062606,0.5900865006818766,0.354769715277595,0.606822694296237
4335,2021-07-07,0.1864026547986881,0.1452315159518257,0.0359056997320253,0.1786158315387533,0.2843100954346579,0.5924342635243574,0.3486242262187515,0.6004264236071292
4336,2021-07-08,0.1767180358648766,0.1376287502961981,0.0624159144931724,0.1686343574128038,0.2642586529361492,0.5864304179233936,0.3437547966464365,0.60447193812716
4337,2021-07-09,0.1846870746275968,0.143884735823097,0.0376013397669541,0.1790244559378773,0.2766681569899595,0.5942719301026687,0.3522977929691397,0.6133282423431451
4338,2021-07-12,0.1857385552172432,0.1447101803719391,0.04161821074289,0.1808339430853096,0.280601978205387,0.5966985802909945,0.3562020650081623,0.6108134867195373
4339,2021-07-13,0.1795957278176493,0.1398878573317932,0.0342222955575151,0.1744131041260612,0.2686436905245807,0.5942172432573418,0.3549897898455729,0.6171003966330144
4340,2021-07-14,0.1818647138923033,0.1416690906823839,0.0229674625599719,0.175697288618043,0.2650630826355367,0.5950362887683867,0.3409346716105113,0.6055106152421602
4341,2021-07-15,0.1837463189587558,0.1431461943481493,0.0280200170666063,0.1772149409568917,0.2521827232795364,0.5927399912760338,0.350003422346036,0.597419669619929
4342,2021-07-16,0.1745597434681044,0.1359344407353715,0.0357397456709852,0.1710275976780637,0.2501422864369436,0.5874506890247863,0.3466359084482338,0.5982943472803983
4343,2021-07-19,0.1631042131457225,0.126941453772003,0.0512038832921436,0.1607542609099771,0.2300810723736692,0.5764004890544004,0.3469787025634396,0.5688279162941279
4344,2021-07-20,0.1653178992458208,0.1286792252277117,0.0463930810980781,0.1672918337926588,0.235604018259031,0.5867909110934505,0.343824362590382,0.5742947872260358
4345,2021-07-21,0.1781015037593985,0.1387148626349834,0.0424907512246714,0.1788493272191737,0.2561066771305436,0.5925243868168716,0.3423023044977833,0.5900394022036363
4346,2021-07-22,0.1790423531570099,0.139453424825801,0.0377681981581036,0.1804253465197391,0.2614824747464925,0.5939388589283288,0.3436501679747115,0.5988410677407213
4347,2021-07-23,0.1842996623764717,0.1435806268541415,0.029243315367059,0.1871380481211244,0.2708411430010066,0.6010691278261402,0.3405224980552308,0.5997157454011907
4348,2021-07-26,0.1912726142528717,0.1490546090112107,0.0324538021409007,0.1937923549272396,0.276530876084967,0.6027603342324841,0.3406310433082504,0.5988410677407213
4349,2021-07-27,0.1875648290662165,0.1461438428586922,0.0327600137967046,0.1916326103424001,0.2690753637680534,0.5994068363035323,0.3460031008133619,0.597419669619929
4350,2021-07-28,0.176939391977717,0.1378025357281169,0.0762599626414486,0.1874882777249783,0.2724597739645471,0.5992749121464865,0.3484056436817431,0.6014651424310445
4351,2021-07-29,0.1856278927822848,0.1446232980139146,0.0356999656861531,0.1898231231949679,0.2776197349587597,0.6022534594635134,0.3519773793184737,0.6081894120292141
4352,2021-07-30,0.1800385025291771,0.1402354281956308,0.0417090379489977,0.1897647283996977,0.2667700408805866,0.5984091156685316,0.3593370085786185,0.609993447737968
4353,2021-08-02,0.1776587915337176,0.1383673124870156,0.0304168691875124,0.1920412069079707,0.2749122451214265,0.597105745854908,0.3552762597916863,0.5952875932931981
4354,2021-08-03,0.1817540514573449,0.1415821876084896,0.0272709998565751,0.1990457711514931,0.2762954005340448,0.6028971299188549,0.3564667140013491,0.5914607586155134
4355,2021-08-04,0.1853512054519651,0.1444060714029836,0.0245549076131037,0.2045326552226135,0.2782672448239687,0.5995999688693562,0.3556509460688621,0.5782856213582512
4356,2021-08-05,0.1869560607022509,0.1456659691736878,0.0251426051904056,0.2038905629766226,0.2825443162017046,0.6038546211503967,0.350639027538975,0.5834244516721824
4357,2021-08-06,0.1954231429081313,0.1523129460275668,0.039005719104821,0.2102530349741542,0.2867135171683999,0.6050486172733666,0.3503760570806287,0.5789962995641899
4358,2021-08-09,0.1963639298198957,0.1530514875025145,0.0214625286703342,0.2101363010507208,0.2854284606020568,0.6043776033953616,0.3368867915906897,0.5691559569121046
4359,2021-08-10,0.1991863217981127,0.1552671533590974,0.0254870189963403,0.2139887988595591,0.2886754940939035,0.6050856251816266,0.3351606982630335,0.5790509799520052
4360,2021-08-11,0.2030601631230526,0.1583082637645224,0.0293756342504202,0.2186001228378217,0.2962094663279063,0.6059964440193119,0.3327924721069473,0.5842991710415669
4361,2021-08-12,0.2008466019946482,0.1565704923088138,0.0231586957041612,0.2176661679496937,0.2965626796542897,0.6089605338944707,0.3356976429081251,0.5834244516721824
4362,2021-08-13,0.1995184028317586,0.1555278211490407,0.0478210952825317,0.2160317816874117,0.2985638386385106,0.6101143006139816,0.3348156661013735,0.5798710189335744
4363,2021-08-16,0.1926007821728378,0.1500972801709838,0.0391330852525369,0.2134050735752849,0.2913829839312365,0.6119986395861494,0.3439549153001995,0.5735841090200973
4364,2021-08-17,0.1861259049825215,0.1450142893408946,0.0411106538880381,0.2050579857116174,0.2854088216728708,0.6069088343180697,0.3416506599719238,0.5697572743424125
4365,2021-08-18,0.187675491501175,0.1462307459325865,0.025010277875062,0.2121792838785734,0.2956601511086272,0.5992153537718347,0.3306661414717655,0.5635797252045661
4366,2021-08-19,0.1783782848184886,0.1389320892459145,0.0396464264472955,0.2001548269247713,0.2889894295619148,0.6001051936042006,0.3296584610558468,0.5539033611525541
4367,2021-08-20,0.1787656345837668,0.13923619821487,0.0289008388090741,0.1981118162633652,0.2902744861282579,0.605877327270008,0.3254807743416925,0.5464137538150884
4368,2021-08-23,0.1838016501762351,0.1431896355271615,0.0229336640126345,0.1998045973209174,0.2954540860516566,0.6119696461293598,0.3287589528852055,0.5645637636406661
4369,2021-08-24,0.182971588185276,0.1425379764102383,0.0203496819609606,0.1949597776622345,0.2935411585492905,0.6130478255712781,0.3361098164634053,0.5749508267530742
4370,2021-08-25,0.1924901509808028,0.1500103978129593,0.031192173102586,0.2070426015777533,0.2963664819617394,0.6146505587192341,0.3374487277545177,0.5794336592488821
4371,2021-08-26,0.1876200977978488,0.1461872840377045,0.0249857945602492,0.2015557175066329,0.2880574905223007,0.6104361358416523,0.3407826709555097,0.5742947872260358
4372,2021-08-27,0.1887270033337449,0.1470561697655588,0.0155335402140585,0.1996294686022138,0.2909514064874184,0.6167714811558834,0.3379673950202346,0.5815110551877977
4373,2021-08-30,0.1839676125857493,0.1433199590641983,0.0116456090045485,0.197002760490087,0.2856246582946071,0.6198964886448777,0.344632110856409,0.5840804911992208
4374,2021-08-31,0.1844657497576799,0.1437109711070481,0.0437562716228504,0.1977032196977946,0.2835350762292221,0.6189133040247986,0.3443033045315404,0.580199017842636
4375,2021-09-01,0.1902211336632252,0.1482291851782384,0.0333526335437157,0.2029566359220481,0.2977496373743575,0.61914014443063,0.346395877966041,0.5806910162062284
4376,2021-09-02,0.185793917677646,0.1447536215509514,0.0399526423190906,0.2013222496597661,0.2967588773468401,0.6212096015171514,0.3511873489202077,0.5883446438526825
4377,2021-09-03,0.1787656345837668,0.13923619821487,0.0418501766859193,0.1989290093945062,0.2852420344742721,0.6209650036011994,0.3567535569552049,0.5845178508839131
4378,2021-09-07,0.1853512054519651,0.1444060714029836,0.0238308596108694,0.2003882947716381,0.2882340492856651,0.618486809489692,0.3565329228756135,0.5793789788610667
4379,2021-09-08,0.1773267729859186,0.1381066446970724,0.0410547846268438,0.1961272003972293,0.282760152823441,0.6175277467970776,0.3516039985683963,0.5845725312717284
4380,2021-09-09,0.1772160793080367,0.1380197623390479,0.0613829249808415,0.195660236869942,0.2790225293005639,0.614182263319596,0.3477760066126811,0.5782309409704359
4381,2021-09-10,0.1751131493716673,0.1363688732413637,0.0304957893805141,0.1949597776622345,0.2686927399477183,0.608598469263341,0.3488431817635022,0.58686860705299
4382,2021-09-13,0.182971588185276,0.1425379764102383,0.0292200557436878,0.2006217904520585,0.2805430614178291,0.6102317673291593,0.3466577294011603,0.5908593994762904
4383,2021-09-14,0.1804258835373788,0.1405395371645864,0.0330974912431412,0.1996294686022138,0.277001731387157,0.6060993747195679,0.3466577294011603,0.5909140798641057
4384,2021-09-15,0.1802044961816148,0.1403657517326675,0.0355310836192345,0.2009136530941956,0.2628166765356278,0.6121579857389122,0.345566868258701,0.6026678607094907
4385,2021-09-16,0.1818647138923033,0.1416690906823839,0.074256158946797,0.208034923427598,0.2724597739645471,0.6110395768935349,0.347915884516057,0.6026678607094907
4386,2021-09-17,0.1747810995809449,0.1361082054514205,0.1662242249173454,0.2049996187499007,0.2751280817431628,0.6044806126686713,0.3396988969601546,0.5991690666497829
4387,2021-09-20,0.158621603456817,0.1234224696815735,0.0778989713747763,0.1802502456345889,0.2647786534611314,0.5923699121934339,0.3338251440416022,0.589984721815821
4388,2021-09-21,0.1592303405778591,0.123900343366578,0.0503072146928068,0.1821764945390081,0.2746473590765527,0.5918002575546125,0.3338680399319709,0.5914607586155134
4389,2021-09-22,0.1696343903105946,0.1320678857811044,0.0452695953349475,0.1901733527988217,0.2797877769412339,0.5984703240773097,0.332727755263652,0.6005904647705752
4390,2021-09-23,0.17954039660017,0.139844416152781,0.0372454015491134,0.1990457711514931,0.2865075479110838,0.6070536444559109,0.3272188039171035,0.6064400149993601
4391,2021-09-24,0.181311339231664,0.1412346374605219,0.0301103423863673,0.2043575265039098,0.2861346956555144,0.6080996089458407,0.3354410135813983,0.6101574889014141
4392,2021-09-27,0.1927668383111225,0.1502276244238903,0.0584925942536501,0.2113037237857156,0.2988680025417565,0.6061090392051645,0.3327493897127076,0.61819375413583
4393,2021-09-28,0.1792083780523711,0.1395837483628377,0.0535067925894557,0.2058751788427585,0.2759619219365019,0.5915492166482629,0.3286410824386276,0.6173190764753606
4394,2021-09-29,0.187675491501175,0.1462307459325865,0.0535703275766232,0.2090856122391594,0.2867527950267717,0.592648296522447,0.3270050704807454,0.6148043208517527
4395,2021-09-30,0.1854618366440001,0.1444929537610081,0.050866400575718,0.2076263268620275,0.2786007234215115,0.5842934665838035,0.31374800231041,0.6158976783545683
4396,2021-10-01,0.1840230062890755,0.1433634209590803,0.0389948829534762,0.2027231402416278,0.278914658889523,0.592258888468654,0.3095041067219912,0.620544510304907
4397,2021-10-04,0.1841889999415132,0.143493744496117,0.0280763806527671,0.2027815072033445,0.2781495070485075,0.5831541573061606,0.314632776675229,0.6300568957568456
4398,2021-10-05,0.198909634467793,0.1550499267481664,0.0574582408681707,0.2241453738706587,0.2914615396479804,0.590437329366337,0.3163838615216217,0.6372184833307922
4399,2021-10-06,0.1968067045314236,0.1533990583663521,0.0519383131726725,0.2209349683078113,0.2765112371557811,0.5933064244196565,0.3128848623946463,0.6290181769329304
4400,2021-10-07,0.207044729368798,0.1614362565279719,0.0617994996919096,0.2264802193406484,0.294934181326329,0.5991332449307907,0.3065118386129781,0.6337743696588997
4401,2021-10-08,0.2090923280876881,0.163043683730774,0.0446841332869719,0.2200593803814001,0.2941690294853135,0.5977783311939855,0.307201529928556,0.6395145591120539
4402,2021-10-11,0.2089816031668827,0.1629568013727495,0.029799453088343,0.2191254533268256,0.2886754940939035,0.59292668085146,0.3081845918334804,0.6459107880922466
4403,2021-10-12,0.2128001445172668,0.1659544705991623,0.0408536449573661,0.2185417280425514,0.2922953798413193,0.591230602915791,0.3062611774101289,0.646566827619285
4404,2021-10-13,0.2009019019692039,0.1566139334878261,0.0411246499247766,0.2060503075614621,0.286948992719322,0.5933466538231154,0.303175657365532,0.6454734701164694
4405,2021-10-14,0.2014553078727668,0.1570483659938183,0.0624909854862216,0.2029566359220481,0.2912260640970581,0.6053285730634522,0.313432064752652,0.6502296211335236
4406,2021-10-15,0.2085942221586811,0.162652692403794,0.049007586925936,0.2106616315397247,0.298289181028871,0.6106566118301396,0.3121699930564607,0.6555324926109007
4407,2021-10-18,0.2068786107446663,0.1613059122750654,0.091797588150966,0.2138136701408554,0.292305151406085,0.6130848334795381,0.3130322004528687,0.6564072119802853
4408,2021-10-19,0.210365164790175,0.1640429137115349,0.0545991717156209,0.2110702281052952,0.2982204926765475,0.6184224581587686,0.3156661946253687,0.6592499665129548
4409,2021-10-20,0.2101991086518903,0.1639125694586283,0.387040077034085,0.2142222667064259,0.3003394852358841,0.6210872632726486,0.3184982559090488,0.6642248390812702
4410,2021-10-21,0.205052461867387,0.1598722497883123,0.1032202049497239,0.2043575265039098,0.2931193526702381,0.623274108501294,0.3221041217542031,0.6567352108893469
4411,2021-10-22,0.2015659703077253,0.1571352690677126,0.0960730068943566,0.2058168118810417,0.2894014638762016,0.6224888494033103,0.3174616673930992,0.6636234799420472
4412,2021-10-25,0.2056058677709498,0.1603067030101743,0.0967274889340323,0.206692399807453,0.2908238971471917,0.625961464081566,0.319769279791056,0.6636234799420472
4413,2021-10-26,0.2098117588866122,0.1636084604896728,0.0417443163092413,0.2056417109958916,0.2987403974018751,0.6272986988813044,0.3153286226185554,0.668488991734732
4414,2021-10-27,0.1992417155014389,0.1553105945381097,0.0704536184227608,0.2016724514300663,0.2958661203659432,0.6235799148260242,0.3132215018821038,0.6576099302587315
4415,2021-10-28,0.201399945412364,0.1570049248148061,0.0674080169561937,0.203190103768915,0.3011144086416654,0.6307793280110304,0.3135161779985487,0.6584299275313855
4416,2021-10-29,0.2063992193268225,0.1566573746668383,0.0511448446595755,0.2277643759990767,0.3042438001577054,0.632221143545151,0.3265779766157717,0.6625847611181318
4417,2021-11-01,0.2139261394794079,0.1624789069718752,0.0813087670239234,0.2404309251988697,0.3164962885776826,0.6335551568496904,0.3067207229486859,0.6652088775173702
4418,2021-11-02,0.2084213550630782,0.158221381406498,0.0538762641390023,0.2336015175076043,0.3089525447789141,0.6362875347896927,0.313432064752652,0.6644435189236163
4419,2021-11-03,0.2101626481601917,0.1595681408193567,0.3235492281322759,0.2348273072043159,0.3016049028730412,0.6411021772239582,0.3102799628260484,0.6477695458977312
4420,2021-11-04,0.2020178054670617,0.1532687141134455,0.1523504972451201,0.2264802193406484,0.3024486104308005,0.6442384992326752,0.3159616167572983,0.6365624438037538
4421,2021-11-05,0.2072417472442491,0.1573090337837616,0.0893459513325982,0.2256630262095074,0.3113951485713733,0.647049685945469,0.3065118386129781,0.6500109412911774
4422,2021-11-08,0.2020740427293218,0.1533121552924577,0.0727941775753585,0.2253711635673703,0.3055288567240485,0.6477207783965275,0.3086241814578223,0.653619096126516
4423,2021-11-09,0.1968501009521343,0.1492718356221417,0.0417352097682804,0.2225693545700934,0.3059311194735694,0.6450736522197144,0.3121699930564607,0.665755556268778
4424,2021-11-10,0.1991530793275323,0.1510530482568626,0.0463051882218355,0.2260132558133612,0.3124938748095862,0.6388718810966552,0.3128007491487496,0.6503936205880544
4425,2021-11-11,0.2000518757501425,0.1517481692686679,0.085300696196005,0.2288150648106381,0.3076282103541992,0.6392838396168401,0.2956519046987598,0.6517603383210314
4426,2021-11-12,0.1961760661210236,0.1487505000422552,0.0496296606413677,0.2315585068461982,0.3065098451868002,0.6446874656611201,0.2901578736619046,0.6473868666008542
4427,2021-11-15,0.1990969670369661,0.1510096070778503,0.0556053253900574,0.2162652495342785,0.3079715563161622,0.6446793726365962,0.2887230993810123,0.6478788649644466
4428,2021-11-16,0.1988160931549004,0.1507924011827892,0.033424856634719,0.2124127517254402,0.3025270703478897,0.647591997161627,0.2769627247767967,0.6472228671463234
4429,2021-11-17,0.1978050721511577,0.1500103978129593,0.0697382522003756,0.2096693096898801,0.2979360635021423,0.6456239778873427,0.2698761371840414,0.6341023685679613
4430,2021-11-18,0.1908398060339333,0.1446232980139146,0.0594298291201751,0.1911656468151129,0.2890875284081901,0.6481777592764427,0.2698761371840414,0.6376558430154845
4431,2021-11-19,0.1819085789568662,0.1377156533700924,0.1042131847057031,0.1892977648724104,0.274372701466913,0.6471189088057174,0.2772657935674441,0.6217472285833532
4432,2021-11-22,0.1867954720755748,0.1414953052504651,0.0521793097688214,0.190523554569122,0.281053194578391,0.6447019231029881,0.2627662366073902,0.6253007030308764
4433,2021-11-23,0.1824702954780742,0.1381500858760846,0.0574839310104604,0.1828769537467156,0.2804449625715539,0.6459506846443385,0.2575107440217583,0.6348677271617152
4434,2021-11-24,0.1789315032645106,0.135413105155485,0.0784534047816235,0.1768647113530378,0.2781789175424591,0.6476821204541412,0.2579458575531923,0.6342663680224921
4435,2021-11-26,0.1509582767003273,0.1137778236012818,0.1225990021105114,0.1567850291777054,0.2399890558474624,0.6304897077353482,0.252423850935662,0.5782856213582512
4436,2021-11-29,0.1510144514767405,0.113821264780294,0.0680358117716644,0.1542458575913769,0.2451392452769094,0.6402493452998522,0.2654955342580567,0.5881259640103363
4437,2021-11-30,0.1472510538862947,0.1109104986277756,0.0859051807962103,0.1484087439164028,0.2304145509712121,0.6260451443836826,0.2655354460864867,0.5675158789489662
4438,2021-12-01,0.1553396280742412,0.1171664841546746,0.0650047997425952,0.1551214455177882,0.2448841307968011,0.6173620362269707,0.271301026759762,0.5641810843437891
4439,2021-12-02,0.1520255349663301,0.1146032681501239,0.0448311891675224,0.1524655400080263,0.2299927450921598,0.6276704279980305,0.269615404772149,0.5692652759788202
4440,2021-12-03,0.1487676166348322,0.1120834933245854,0.0383564143023213,0.1534870592555061,0.2241951415971584,0.6214477564427056,0.2675330890505629,0.5679532386336584
4441,2021-12-06,0.1543847193610647,0.116427921963857,0.0300238450032073,0.1658325484155269,0.2436187131596441,0.6300149693453124,0.267313014482585,0.5856112083867285
4442,2021-12-07,0.1549464671251961,0.116862375185719,0.039503284060563,0.1735375440332035,0.2553709357834798,0.6453150286404673,0.2644785286485798,0.5996064263344751
4443,2021-12-08,0.1470825295570553,0.1107801750907389,0.0691645137698894,0.1776235375224622,0.2474151576704245,0.6476418910506824,0.2628855990849374,0.6013011429765138
4444,2021-12-09,0.1435999121199048,0.1080866148332816,0.0494961191205627,0.1748217285251853,0.2396848919442167,0.6422093501226663,0.2736942444345847,0.5935381962633441
4445,2021-12-10,0.1417462382270416,0.1066529523465285,0.0517027963110671,0.1721950204130585,0.2358198548807673,0.6493814198850091,0.2655154901722718,0.5975289886866445
4446,2021-12-13,0.1369716634182357,0.1029601828241802,0.0394861407864044,0.1721950204130585,0.232141148145448,0.6424539480386182,0.2684135738263451,0.5954515927477289
4447,2021-12-14,0.1401172946827543,0.1053930752916942,0.0475535938037965,0.1727787178637792,0.2376150446076721,0.63684108195252,0.2642791560103017,0.5923901583727134
4448,2021-12-15,0.1367470580413536,0.1027864181081312,0.0374141729462634,0.1712610655249305,0.2274618140181911,0.649032241234675,0.260501520099802,0.5931555169664672
4449,2021-12-16,0.1491046652933111,0.1123441611145287,0.057213893613027,0.1738294066753406,0.237762192877085,0.6424056256106354,0.265116371887973,0.6014104620432292
4450,2021-12-17,0.150059542763564,0.1130827233053463,0.1482486171309126,0.1656282501327417,0.2310521934720008,0.6346767871902665,0.2719036207675045,0.5931008365786519
4451,2021-12-20,0.147756564388166,0.1113014899547556,0.0518564091119091,0.1626221428526795,0.224263829949482,0.6262092834927168,0.2577282075355396,0.5787229810429435
4452,2021-12-21,0.1541039392077694,0.1162107160687958,0.0453705535678744,0.1693931835822281,0.2384979342241487,0.6392773966264423,0.2630446868870433,0.5945222346994442
4453,2021-12-22,0.1546094497096407,0.1166017073957758,0.0283958020629534,0.1714361942436342,0.2455217732975898,0.6468936398609587,0.2646180335442132,0.60348789969106
4454,2021-12-23,0.1642708551513082,0.1240741287984968,0.0824281000357361,0.175697288618043,0.2557829700977664,0.6515972585704443,0.2710800196724283,0.6091187700774987
4455,2021-12-27,0.1667423890988691,0.1259856856861242,0.0208340824842254,0.1791995568230275,0.2615118852404442,0.6621212548006663,0.270357503675525,0.6188497936628684
4456,2021-12-28,0.1675850107450662,0.1266373448030475,0.0227396599082385,0.1802502456345889,0.2680649648113499,0.6613424386930803,0.2712607419235897,0.6210912307652299
4457,2021-12-29,0.1666300083031193,0.1258987826122299,0.0283737882649776,0.1813009066125968,0.2665738431880362,0.6624221895960712,0.2688740518842578,0.624261984206961
4458,2021-12-30,0.1686521752822985,0.1274627893518896,0.0381262106436076,0.1803669795580223,0.2705075686038092,0.6601162276181219,0.2759727622286392,0.626612740376038
4459,2022-01-03,0.1697756083247144,0.1283316750797439,0.0381230644601853,0.1809507048422965,0.2751574922371145,0.662985401244495,0.2780548914463543,0.6216379095166377
4460,2022-01-04,0.1789877405267707,0.1354565463344972,0.0508148885414141,0.1887140674216898,0.2785516739983739,0.6624994269077901,0.2669133366866729,0.626612740376038
4461,2022-01-05,0.1795493945621316,0.1358909788404895,0.0331794269238384,0.1879552412522655,0.278061179766998,0.647540531811499,0.2640003327229061,0.6313142527141921
4462,2022-01-06,0.1849418606685585,0.140061642763712,0.0548982520223342,0.1925081982688114,0.2779729482851431,0.6468115310199147,0.2686737467266238,0.640115918251277
4463,2022-01-07,0.1879750486514804,0.1424076321573317,0.041622186422578,0.2000380651677843,0.274235324762266,0.643750874861844,0.26607425577029,0.6370544838762614
4464,2022-01-10,0.1883120973099593,0.142668299947275,0.040333006935863,0.1994543677170636,0.2698307440443032,0.6426663310025815,0.2750042476256658,0.6333916903620227
4465,2022-01-11,0.1887052895019278,0.1429724089162305,0.061823083946602,0.2005050286950715,0.274637587511787,0.6495503519503149,0.2713209826739768,0.6497376227699312
4466,2022-01-12,0.1880874294472302,0.142494535231226,0.049455581311315,0.2065172710887493,0.2760501534183568,0.6516873818629585,0.2769627247767967,0.6575005694831008
4467,2022-01-13,0.1896040234386911,0.1436675299280359,0.0526288862048928,0.2100779062554505,0.280621617134573,0.6408543578128075,0.2887230993810123,0.6546578149504314
4468,2022-01-14,0.1940415495890181,0.1470996316604408,0.0504147804379193,0.210486502821021,0.2796111223782149,0.6414691133844129,0.291142987109412,0.6639514788511087
4469,2022-01-18,0.1910645051395858,0.1447970834458334,0.0373927462250602,0.2113620907474323,0.2771586512213354,0.6276719994591031,0.2838616894751575,0.6727531443881937
4470,2022-01-19,0.1904466138419648,0.1443191890449591,0.0581299241518838,0.2061670414848956,0.2765014655910154,0.620535287570894,0.2712005011732026,0.6811174502405865
4471,2022-01-20,0.1899972468735831,0.1439716388969913,0.0507412351754011,0.2068091337308864,0.2803959131484164,0.6124846139228544,0.273352009830992,0.6807894513315248
4472,2022-01-21,0.1846048120100797,0.1398009749737688,0.0598558160315651,0.2023145436760573,0.268633918959815,0.5988404031599096,0.268713845058925,0.6711677468128706
4473,2022-01-24,0.1689330491643642,0.1276800159628206,0.0913436260300637,0.190932178968246,0.2414703101063559,0.6008019794437963,0.2730500600635717,0.6611633629973395
4474,2022-01-25,0.1779766570371811,0.1346745429646674,0.0503043889247146,0.1947262819818141,0.2475230280814654,0.5921639722198683,0.2703373612574389,0.6736825024364784
4475,2022-01-26,0.1905589321518676,0.1444060714029836,0.0909963885640324,0.2020810758291904,0.2613255549123141,0.5911147862347396,0.2672731026541552,0.6832495265673173
4476,2022-01-27,0.1979735339945502,0.150140721349996,0.059480052115174,0.2056417109958916,0.2697424167627936,0.5873460297173503,0.2577282075355396,0.6792040537562016
4477,2022-01-28,0.1917947459900333,0.1453618602047322,0.0401120826737489,0.2033652324876187,0.2603052885911904,0.604297144588444,0.2426297866451665,0.6803520916468325
4478,2022-01-31,0.1859529441581482,0.1408436461335419,0.0490149712344976,0.2027815072033445,0.260599585130016,0.6177659017226317,0.243466070003482,0.6876230399964097
4479,2022-02-01,0.1938730565027021,0.1469692874075343,0.0438148306864211,0.2096693096898801,0.2717730820406208,0.6227527762904553,0.255555250932566,0.687896358517656
4480,2022-02-02,0.1950525393498372,0.1478816143144009,0.0855695699798711,0.2133467066135682,0.2704487476159058,0.6296464617237851,0.2624875998238658,0.6882243991356328
4481,2022-02-03,0.208926896807873,0.158612372733478,0.0707533448301234,0.2063421702035992,0.2681140142344875,0.6116333534598211,0.2665537572230618,0.6992127796783488
4482,2022-02-04,0.2038714793599249,0.1547023766001986,0.0792765580886585,0.2058168118810417,0.2582942622425492,0.6153489160199024,0.2878017702574442,0.7103652013845108
4483,2022-02-07,0.2083651802866651,0.1581779195116159,0.0541679896490923,0.2095525757664466,0.2552630653724389,0.6126680820030818,0.2908350692181143,0.7049530108404182
4484,2022-02-08,0.2170155022387429,0.164868358260377,0.0711958415629964,0.2174327001028268,0.2666620746698912,0.6187298359445713,0.2889278806315543,0.6942379488189485
4485,2022-02-09,0.2239807683559674,0.1702554580594216,0.0689454139779608,0.2250209339635165,0.2835155330996908,0.6292924901171796,0.2855336966801751,0.6958780267820869
4486,2022-02-10,0.2294293467529604,0.1744695424457866,0.0764372925007054,0.2274141742287763,0.287419848021512,0.6159202206928501,0.2855743545240896,0.6970807033516179
4487,2022-02-11,0.2294293467529604,0.1744695424457866,0.049663030211602,0.2222191249662396,0.2787772821848759,0.6021714291955231,0.2846362400521165,0.7146840344257878
4488,2022-02-14,0.2142631568949633,0.1627395747618185,0.0709107499150369,0.2084435199931685,0.2567737301252839,0.5994406227165934,0.2767404121623651,0.7275858531618037
4489,2022-02-15,0.2228573665564749,0.1693865723315673,0.0854558151596981,0.216790607856836,0.2709196029180958,0.6106082894021568,0.267553231468649,0.709053164039349
4490,2022-02-16,0.2179142361755062,0.1655634585563125,0.0470588135102327,0.2134050735752849,0.2728031199265102,0.6112422953719018,0.2754479403351735,0.7177455105097186
4491,2022-02-17,0.2135329160445159,0.1621747980029197,0.0357714573026857,0.2094358418430132,0.266318728707928,0.5959953514610011,0.2783381908266578,0.7073584473973105
4492,2022-02-18,0.2115107803082601,0.1606108119791299,0.0348954576001365,0.2073344642198904,0.2583629505948728,0.5909442041353077,0.2769627247767967,0.7035862931074411
4493,2022-02-22,0.2069609358480304,0.1570918278887004,0.0619341489643986,0.2033068655259019,0.2488670014353662,0.5838460716164312,0.2680732042614642,0.7105838812268569
4494,2022-02-23,0.2020178054670617,0.1532687141134455,0.0394913032676112,0.2039489299383393,0.2436578952183614,0.571091779258906,0.2711201180047293,0.7092171634938799
4495,2022-02-24,0.1740446413887254,0.1316334532751122,0.1711859996477729,0.183227155517016,0.2199572522781397,0.5812618038825225,0.2674530788898319,0.7130986368504647
4496,2022-02-25,0.1886491147255146,0.1429289677372183,0.1111435047964968,0.1911656468151129,0.2482194915701573,0.5967018017861934,0.24946049092668,0.7064290476401106
4497,2022-02-28,0.1735953056632672,0.1312858824112746,0.15409629703518,0.182701825028012,0.2474936175875137,0.5949783804278609,0.247952980136032,0.729007251282596
4498,2022-03-01,0.1561822497204383,0.1178181432715978,0.0999510094446244,0.1706773680742099,0.2189468533214363,0.5840874480371843,0.2534074723521999,0.7710475020958208
4499,2022-03-02,0.1671355812908376,0.1262897946550797,0.0923809748772805,0.1767479774296044,0.2319743609468493,0.5970059580767972,0.2403971488034191,0.8103542757341765
4500,2022-03-03,0.1607320629377445,0.1213371273620273,0.0692006479763436,0.1710275976780637,0.2016029485600881,0.5932968385071136,0.237203456513545,0.7943363422353297
4501,2022-03-04,0.1437121991868842,0.1081734971913061,0.1257955371155221,0.1540707567062268,0.1731052337171482,0.5877258518586004,0.230084790254949,0.8381259900784084
4502,2022-03-07,0.1338823319018242,0.1005707522515483,0.1188327401906277,0.1357421947166098,0.1656203109062829,0.5671637551618076,0.1999970532388355,0.8584627566185322
4503,2022-03-08,0.1412968712586599,0.1063054021985607,0.0948753281183412,0.1422214006375748,0.179236411609347,0.5622735254499496,0.1985550053069675,0.8819702766003872
4504,2022-03-09,0.1632597716617186,0.123292125428667,0.0877330659346545,0.1654823188116731,0.2164845626999638,0.5795206250140695,0.2037053097092609,0.7999672126217684
4505,2022-03-10,0.1588222767543151,0.119860023696262,0.0677792771400008,0.1652780205288878,0.2072828621794555,0.5765661996245073,0.2311775164361198,0.7853159968558985
4506,2022-03-11,0.1600580281066338,0.1208158124980106,0.0771111354259034,0.1653655848882397,0.214424486928185,0.5676819444505011,0.2218084944680154,0.8034113680025761
4507,2022-03-14,0.1702811813124327,0.1287226664067239,0.0619101958104774,0.1719031577709215,0.2234790391792805,0.5626612834696163,0.208998849084611,0.7688607453812746
4508,2022-03-15,0.1734267188481809,0.1311555588742379,0.0714155168377217,0.1735959109949202,0.2236457305782246,0.5770377165193441,0.2107394897142183,0.7329434050269962
4509,2022-03-16,0.1929742913230153,0.1462741871115988,0.1153539814656616,0.1874882777249783,0.2378014707354568,0.5923908126256997,0.2148338091979607,0.725289777380542
4510,2022-03-17,0.191120679915999,0.1448405246248457,0.1287414588484894,0.1828185589514454,0.2409013559578907,0.601049798854947,0.2230618004822617,0.7686967459267439
4511,2022-03-18,0.1888176390547541,0.143059291274255,0.116989326502649,0.1821181275772913,0.2414506711771699,0.6093290415159979,0.2351966748597818,0.7780997288941367
4512,2022-03-21,0.1898287225443437,0.1438412946440848,0.0476560339576251,0.182701825028012,0.2386647214227475,0.6090168707739237,0.2263754147612964,0.818663942907669
4513,2022-03-22,0.1956705243762288,0.1483595087152752,0.0538314629086681,0.1870796533258542,0.2482784083577152,0.6171318957528868,0.222321007105984,0.816695866035469
4514,2022-03-23,0.1899972468735831,0.1439716388969913,0.0485563293633793,0.1773900418420418,0.2327003307291475,0.6082219471903435,0.2242791112493727,0.8340258368794774
4515,2022-03-24,0.1825264390115638,0.1381935270550969,0.0552491795346508,0.1727787178637792,0.2304145509712121,0.6185077884950113,0.2206135641654445,0.8198666194772
4516,2022-03-25,0.1817400858705503,0.1375853091171858,0.0413658383485244,0.1724868552216421,0.2329160715512293,0.6221927861372304,0.2211255172917996,0.8283949664930387
4517,2022-03-28,0.1843239693709375,0.1395837483628377,0.0422480682320482,0.1748217285251853,0.2363495311708605,0.6274161655964821,0.2167937783800608,0.7849879979468369
4518,2022-03-29,0.2032536193052273,0.1542245029151941,0.0757614511956855,0.1950181446239512,0.2607761438933803,0.6364404379520577,0.2186636661923873,0.7755849732705289
4519,2022-03-30,0.1913453165358046,0.1450142893408946,0.0510228781425707,0.1885389387029862,0.2544978177317688,0.6317497052233677,0.2339446743726336,0.7951563812168989
4520,2022-03-31,0.1865707417269988,0.1413215198185464,0.0979134230126023,0.1780321340880327,0.2441483894497373,0.6201571940368238,0.2449461647250681,0.7539361693852433
4521,2022-04-01,0.1956705243762288,0.1483595087152752,0.0478437193452316,0.182701825028012,0.2498970393212556,0.622643324026748,0.2309473706590989,0.74841461806552
4522,2022-04-04,0.1966815766228949,0.149141512085105,0.0461360184135185,0.1845697069707144,0.2515744912726994,0.6285619178645226,0.2270242617290885,0.7703367821809671
4523,2022-04-05,0.1910645051395858,0.1447970834458334,0.0619435506247426,0.1803669795580223,0.2616296230159053,0.6193059335737905,0.2158508148074376,0.7631205142192052
4524,2022-04-06,0.1796056005814683,0.1359344407353715,0.0728686583296417,0.1573979240260611,0.247778046761919,0.6122303515213059,0.2049882698390228,0.7317953671363653
4525,2022-04-07,0.1797741249107077,0.1360647642724082,0.0561970439689525,0.1567558317800702,0.2463360703613974,0.6152974506697744,0.2037053097092609,0.7307019679246346
4526,2022-04-08,0.1885929399491015,0.142885526558206,0.0440488993550542,0.1595284712132655,0.2599718099936475,0.6133776752504192,0.1984811497739853,0.742893108454712
4527,2022-04-11,0.1930866408758416,0.1463610694696233,0.0671712816731357,0.163556069907254,0.2578724563634968,0.6011881660023904,0.2016267240650979,0.7211896241816111
4528,2022-04-12,0.1902781207556488,0.1441888447920526,0.0473029404798369,0.1640230334345412,0.2571857644395706,0.5987615943871182,0.2005336248761846,0.7556855664150972
4529,2022-04-13,0.1892108624896461,0.1433634209590803,0.0669742852689957,0.1630599089823316,0.2610900793613918,0.6066690293583893,0.1924268611081425,0.7756396536583442
4530,2022-04-14,0.1924687495782205,0.1458831750687489,0.2841131069192956,0.1677587973199461,0.2690557248388674,0.5979794782112797,0.2034451368089822,0.7904001884909295
4531,2022-04-19,0.1935359766012998,0.146708619617591,0.1170549136235262,0.170560606317223,0.2685652306074915,0.6091825813440306,0.1854874250697384,0.766400628436567
4532,2022-04-20,0.1991530793275323,0.1510530482568626,0.1501007948105685,0.1710859646397804,0.2759716935012676,0.6087384864449107,0.1874720127628328,0.7674393472604824
4533,2022-04-21,0.2011753087925585,0.1526170549965222,0.1397952586303323,0.1746465998064816,0.2803959131484164,0.5981517103448378,0.1961390341598625,0.7731248980347364
4534,2022-04-22,0.1939853748126049,0.1470561697655588,0.0409028624384673,0.166124411057664,0.2644744895578855,0.5785390118550631,0.1938400009399794,0.7637218733584283
4535,2022-04-25,0.1814030372120715,0.1373246413272426,0.0892131845001736,0.1547128489522176,0.2568521900423731,0.5824558000054922,0.1900647895798048,0.7444238256422198
4536,2022-04-26,0.1580920046609442,0.1192952469373632,0.1872650933372439,0.1472413211814079,0.2435794353012722,0.5629976547122088,0.1749147071171182,0.7616991160984129
4537,2022-04-27,0.1546656244860539,0.116645148574788,0.107289833785359,0.1479709777867507,0.247346469318101,0.5644072552943408,0.1638708803859287,0.7634485131282669
4538,2022-04-28,0.1532351672346213,0.1110842840596944,0.0805825973241249,0.1510646494261646,0.2507308795145947,0.5810686713166986,0.1500207299052802,0.7817078837294752
4539,2022-04-29,0.1606162141774888,0.1166885897538002,0.089593305643455,0.169218082697078,0.2577939964464076,0.5560347464186304,0.1420588796451354,0.7780450902152365
4540,2022-05-02,0.1518619470190002,0.1100416128999213,0.0692516351197449,0.1567266343824351,0.243255728268495,0.5598082173192375,0.1470282752923961,0.7806691649055598
4541,2022-05-03,0.1613028086638376,0.1172099253336868,0.1148291980708252,0.1596452051366989,0.2583825895240587,0.563042677071939,0.1428186964162721,0.765580631163913
4542,2022-05-04,0.1555238675939899,0.112822055515403,0.1506684084598597,0.1523488060845929,0.2495831038532441,0.583107484912304,0.145865423655666,0.7951017008290835
4543,2022-05-05,0.146082974706229,0.1056537430816375,0.0939682470747737,0.1418420014696394,0.2431282189282682,0.5584388461405643,0.1605632342307712,0.7975618177737912
4544,2022-05-06,0.1416200168161911,0.1022650825282447,0.0626224453613787,0.1417836345079227,0.2320724597931245,0.5546524106861082,0.1476189330523838,0.8058167628505533
4545,2022-05-09,0.1358410445034199,0.097877191994091,0.0632263144268708,0.1411999092236485,0.2141400098539525,0.5333952174703728,0.1464379905401507,0.7692980633570518
4546,2022-05-10,0.1396746449429204,0.1007879788624793,0.0737133384876706,0.1447605443903497,0.2141400098539525,0.5349738286908641,0.1516957211722365,0.7510934148525739
4547,2022-05-11,0.1464834777422914,0.105957852050593,0.043696623779556,0.1510354520285295,0.231150292318276,0.5243741666099958,0.1465594045602807,0.7836212802138599
4548,2022-05-12,0.141963282816442,0.102525750318188,0.0439337016118979,0.1487589735202566,0.2201436784059244,0.5235535103513516,0.1433545220381367,0.7859173559951216
4549,2022-05-13,0.150488726803379,0.1089989417401482,0.060782370738419,0.1570184970245722,0.233651812898293,0.5386491618474867,0.1225619514571454,0.8097529165949534
4550,2022-05-16,0.1472273405073751,0.1065226288094918,0.0309532391801247,0.1569017631011388,0.2351822123799786,0.536093808997314,0.1258554233180941,0.8300350027472619
4551,2022-05-17,0.1562104933232622,0.1133433910952896,0.0411625948994451,0.1599662373429176,0.2471502716255506,0.5491024030429144,0.1318515227761325,0.8201946600951768
4552,2022-05-18,0.1518619470190002,0.1100416128999213,0.0284485535986658,0.1572519927049926,0.2472189599778741,0.5225236140508892,0.1488886514072929,0.8048327244144532
4553,2022-05-19,0.1519191528118881,0.1100850540789335,0.0410874121826295,0.1521445078018077,0.2403127628802396,0.5188402271562695,0.1371366694772799,0.8191559412712615
4554,2022-05-20,0.1523196558479504,0.110389163047889,0.0422306467024714,0.1510354520285295,0.2480135223128412,0.5189319611963832,0.1537592000028349,0.8247321729788
4555,2022-05-23,0.1644497833740657,0.1195993559063187,0.0416085202871498,0.1582442867212838,0.2618748701315933,0.5305807699758534,0.1523247987296847,0.8086595590921378
4556,2022-05-24,0.1694277496147122,0.1233790285025613,0.039777651280944,0.1566974648183536,0.2624046422213411,0.525387955434464,0.1698832056807586,0.8058167628505533
4557,2022-05-25,0.1762366448999301,0.1285489016906749,0.0720471155312396,0.1596452051366989,0.2750593933908393,0.5313821365498312,0.1784060595853758,0.808878238934484
4558,2022-05-26,0.1839037832930841,0.1343704339957119,0.0621427477762815,0.1661827780193807,0.2876748667019656,0.5441123462664187,0.1705975155073307,0.8294336436080388
4559,2022-05-27,0.1861924211666057,0.1361082054514205,0.0594006860811044,0.1681673938855166,0.2920696758551628,0.5602684982674052,0.1778472939873576,0.8347911954732313
4560,2022-05-31,0.1832743633566997,0.1338925395948376,0.0656545409001826,0.1703855054320728,0.2840157988958324,0.5560701042927642,0.1841970047851298,0.8326044387586851
4561,2022-06-01,0.1798985654749199,0.1313293235902868,0.0399066226673038,0.1662411449810974,0.273784108389262,0.5510945442446633,0.1780274567269055,0.8358299142971467
4562,2022-06-02,0.1792691455385355,0.1308514499052824,0.0212346743727087,0.1651029196437377,0.2734799444860162,0.5632582815311012,0.1655208801341485,0.8446315798342316
4563,2022-06-03,0.1774382164939641,0.1294612285975415,0.0186014864339095,0.163293404662752,0.2715866559128361,0.5522708614305663,0.1806815933174916,0.8555653216980474
4564,2022-06-06,0.1859635667521306,0.1359344407353715,0.0254179937346513,0.1718447908092047,0.2825246772725187,0.5543451114733591,0.1767666905578124,0.8535425644380321
4565,2022-06-07,0.1814434655550517,0.1325023390029665,0.0281069065369467,0.1680506599620831,0.2830445819978462,0.5606611278163971,0.1713483800926514,0.8585174370063476
4566,2022-06-08,0.1798985654749199,0.1313293235902868,0.0292800492982594,0.1644316578336652,0.2831525482085417,0.5534342926356738,0.1724757959938594,0.8732779718389329
4567,2022-06-09,0.1708581443802978,0.1244651201254768,0.0401795617206706,0.1508019841816627,0.2702525499233555,0.5376724202178053,0.1754537033047927,0.8699978576215712
4568,2022-06-10,0.1472845775431865,0.106566069988504,0.0897658587846985,0.1255272527437934,0.23880200232774,0.5188515023894655,0.1600512811044161,0.8654056643501327
4569,2022-06-13,0.1370426160974539,0.0987895396168274,0.0825060589827475,0.1163921413130665,0.2184661306548261,0.4945158955055388,0.1398350074853329,0.866827062470925
4570,2022-06-14,0.138473042105963,0.099875631239743,0.0407434294617935,0.1187269867830561,0.206998385105223,0.4922389269843792,0.1281262944534307,0.8558933206071091
4571,2022-06-15,0.1461974175349283,0.1057406254396619,0.0999771622919467,0.1226670489512463,0.2176225188967213,0.5010105476860058,0.1321072195835033,0.8361032328183929
4572,2022-06-16,0.1399034993573955,0.1009617435785283,0.0363684901384704,0.1174428301246279,0.2081461607665735,0.4811822840235956,0.1345496742803142,0.8485676918697166
4573,2022-06-17,0.1468267749854657,0.1062185198405362,0.1155989136895823,0.1233091411972372,0.2147972433840999,0.4824809001674746,0.148731988155512,0.8046687249599224
4574,2022-06-21,0.1584419566468195,0.1150377006561161,0.0319929647923725,0.1253813214227248,0.2235966811550871,0.49695543167466,0.1446524024775919,0.810627635964338
4575,2022-06-22,0.159300230997679,0.1156893804889092,0.050344152045582,0.1291462548722113,0.2147481939609622,0.4961669117949507,0.146507369980225,0.7862453966130984
4576,2022-06-23,0.1491155065877578,0.1079562912962449,0.0604886573884849,0.1215871905756033,0.2109223389562302,0.5019342132179598,0.1514338697371171,0.7757489727250597
4577,2022-06-24,0.1541506473783687,0.1117793843556299,0.091862756834718,0.1274243042505774,0.2244305213484261,0.5206022671704613,0.1445485198213516,0.7940630237140833
4578,2022-06-27,0.1553522189724027,0.1126917112624965,0.0257622810608505,0.1315686647015528,0.2242833730790133,0.518730814179089,0.1517481287600346,0.8047234053477378
4579,2022-06-28,0.1561532562874509,0.1132999292004075,0.0264829067322398,0.1312768020594157,0.2316310149848862,0.5060891170074164,0.1540570466850894,0.816695866035469
4580,2022-06-29,0.1514042381900499,0.1096940627519535,0.0288017588002204,0.1259358493093639,0.2189272143922503,0.5056514258121674,0.1450852779625719,0.8058714432383686
4581,2022-06-30,0.1459113573275653,0.1055233988287309,0.0460033116589683,0.1266946754787882,0.2101670065798077,0.500268700200153,0.1330457070632187,0.7838946404440214
4582,2022-07-01,0.1454535860127681,0.1051758486807631,0.0258775304498988,0.1257023536289435,0.2177598477015412,0.5066973903020973,0.1379091685116562,0.798491175822076
4583,2022-07-05,0.1321791239284302,0.0950967700944792,0.0621100221987008,0.1199528043133212,0.1965018085537787,0.5076725211841792,0.1309484710319388,0.7496720167317815
4584,2022-07-06,0.127315600516483,0.0914040005721309,0.0468215090683646,0.119631744273549,0.1954423601739376,0.5098755131753457,0.1034893195760617,0.7443691452544045
4585,2022-07-07,0.1376147677551034,0.0992239721228197,0.0450021107201771,0.1285625574214906,0.2125017399612261,0.5191347189612768,0.0923403046615336,0.7673300281937668
4586,2022-07-08,0.1373286763048169,0.0990067455118886,0.0300119137481519,0.1305763428517081,0.2103239264139861,0.5186133081773845,0.0897471548368193,0.7785917689666443
4587,2022-07-11,0.1312636437846827,0.0944016490826738,0.0227519242265975,0.1240387699690263,0.2068806952295891,0.5113800692927902,0.0891648897510339,0.7747649342889597
4588,2022-07-12,0.1205640047529234,0.0862775685630295,0.090621272856286,0.1146118237297159,0.2019364750574582,0.5056465935693691,0.0706114846472809,0.7296632491007192
4589,2022-07-13,0.1182752731506313,0.0845397971073208,0.0436945927258023,0.1148744889742179,0.1950793752827886,0.5029077726389691,0.0683560933332512,0.7321780464332422
4590,2022-07-14,0.1058018483813416,0.0750689364589479,0.0533958298094454,0.1073738055561033,0.1812866679165329,0.5010732882693298,0.0682930550247966,0.7293352501916577
4591,2022-07-15,0.1135834296031948,0.0809773511220093,0.050932278599987,0.1132984696736525,0.1951774741290638,0.5127848769186508,0.0671915631616806,0.7392302732315581
4592,2022-07-18,0.1143272611253551,0.0815421278809081,0.0500313149596298,0.1132401027119358,0.1968647934449278,0.5075856586733907,0.0782452745980422,0.7666193082789131
4593,2022-07-19,0.1258279999580095,0.0902744470543333,0.0520346938931695,0.1226086819895296,0.2127568065415069,0.5246171537783483,0.0858893222617174,0.7754756542038134
4594,2022-07-20,0.1199345535736155,0.0857996741621552,0.0436122249060086,0.1173260962011945,0.2033196783699037,0.5283520453096228,0.0993679570309999,0.7647605921823437
4595,2022-07-21,0.119076279222756,0.0851480150452319,0.0583849557826897,0.1191064137845451,0.2017305058001421,0.5346358859871991,0.0917724003738282,0.7324513649544886
4596,2022-07-22,0.1167304043134229,0.083366802410511,0.0445252810630839,0.1160419117092127,0.2055465413402812,0.5286304296386358,0.0977645832505722,0.7234310195750574
4597,2022-07-25,0.1193051961230781,0.0853217797612808,0.0382852641810747,0.1189021155017598,0.2088819021136374,0.5294688434074006,0.0945024440399797,0.7343647614388733
4598,2022-07-26,0.1172453814211081,0.083757793737491,0.0226777291057171,0.1135903323157896,0.2073123205732345,0.5221004195840351,0.0983696018086399,0.7249617784714805
4599,2022-07-27,0.1230814970409202,0.0881891254506569,0.0256677163785567,0.1167423709169203,0.2126881181891834,0.5386041394877563,0.0834455620378085,0.7374262375228041
4600,2022-07-28,0.1162726329986258,0.0830192315466734,0.0680055620349074,0.117209362277761,0.2088132137613139,0.5464601091088994,0.0959198734608535,0.7328340442513656
4601,2022-07-29,0.1175314416284711,0.083975020348422,0.067697277165438,0.131743765586703,0.2158076902406305,0.5557708195314853,0.0932661098780096,0.744861185326912
4602,2022-08-01,0.1121529411088388,0.0798912387832239,0.0414958531927027,0.1287376583066408,0.2088328526904997,0.5538944950107879,0.0957566825735818,0.7190028674670649
4603,2022-08-02,0.1111802864151269,0.0791526973082762,0.0388136248444321,0.1316562290609046,0.209990399916616,0.5494789251159119,0.1040656165379696,0.7219003023875497
4604,2022-08-03,0.1167876101063109,0.0834102435895232,0.0346633050994973,0.1400032890910186,0.214424486928185,0.5597744309061764,0.0875335403899311,0.7013448977139949
4605,2022-08-04,0.1197628737091049,0.0856693506251184,0.053291322765938,0.1429802268069991,0.2162883650074134,0.5592546701564103,0.0878399662502593,0.6897551163231406
4606,2022-08-05,0.1245119542923528,0.0892752170735724,0.0339917978334162,0.1436514886170716,0.2169652374667467,0.5581684762630216,0.1019433889879535,0.6923245523345637
4607,2022-08-08,0.1305770180554104,0.0938803135027873,0.0431208595653051,0.1451399713918386,0.2272165669025031,0.557342987761579,0.0899090401969928,0.7018915764654026
4608,2022-08-09,0.1308059349557325,0.094054098934706,0.0614803818330886,0.1469786559369059,0.231081699765607,0.5545124720775921,0.0940954925930919,0.7004701783446102
4609,2022-08-10,0.1375003561693276,0.0991370897647952,0.0388702266340949,0.1487881709178917,0.2350938850984691,0.5686362141868442,0.0957404567367903,0.7082878054455952
4610,2022-08-11,0.1400179421860948,0.1010486259365528,0.041403193084427,0.1499555936528865,0.237762192877085,0.5681582543016095,0.1102338590690956,0.7214629427028574
4611,2022-08-12,0.1434510083466094,0.1036553038359855,0.0375261085662398,0.1527574026501634,0.2397634476609604,0.5798859111403979,0.1127277888343489,0.7091624831060646
4612,2022-08-15,0.1402467966005699,0.1012224113684716,0.0221219465816905,0.1539248253851582,0.2423728386520184,0.5826199391145265,0.1032916254726241,0.69451130904911
4613,2022-08-16,0.1426498773027909,0.1030470651822047,0.0223221703270831,0.1574270935901427,0.250701469020643,0.5839169445108059,0.088518280829696,0.6787666940715094
4614,2022-08-17,0.1383013934843757,0.0997453077027062,0.02077525781321,0.1555008446857236,0.2431379904930338,0.5789027265203188,0.0898765885234096,0.6874043601540636
4615,2022-08-18,0.1381869506556765,0.0996584253446817,0.0179589662152252,0.1574854605518595,0.2426965456847956,0.5804636588037433,0.0913669409579098,0.7004701783446102
4616,2022-08-19,0.1280594632815667,0.0919687773310297,0.038681937305751,0.1479709777867507,0.233651812898293,0.5715713106052133,0.0772411377556758,0.7019462151443028
4617,2022-08-22,0.124054214220479,0.0889276669256046,0.0298695544817821,0.1395655229613665,0.2284231635517568,0.5570099165872391,0.0686869512007026,0.6989941415449178
4618,2022-08-23,0.124054214220479,0.0889276669256046,0.0223191832973281,0.1415793083915839,0.2226843810446588,0.5555197786251358,0.0537058412452937,0.7181828284854956
4619,2022-08-24,0.1213650108250481,0.0868857865009405,0.0188709441325548,0.1391860959598776,0.2200455795596492,0.5574572329815578,0.0579991603595719,0.7244697383989728
4620,2022-08-25,0.1181608303219321,0.0844528940334265,0.0266364088633132,0.1378435723397326,0.2188781649691128,0.5668467914634621,0.0583411152073578,0.7115132392751415
4621,2022-08-26,0.1138122840176699,0.0811511365539281,0.0269652393118281,0.1338451432098258,0.2067531379895351,0.544083352809629,0.0586833498109502,0.7144653545834416
4622,2022-08-29,0.1136978724318941,0.0810642541959036,0.0229567992642656,0.1327068900389125,0.19946441287122,0.5397305627846039,0.0535822824306453,0.7360595197898271
4623,2022-08-30,0.1183897159793307,0.0846266794653453,0.0349056318408653,0.1358005616783265,0.198503015437827,0.5325777434204005,0.0653694203403731,0.706702407870272
4624,2022-08-31,0.1148994127830046,0.0819765811027702,0.0727851680021948,0.1360924243204636,0.1893111822817389,0.5275635647164403,0.06709719220287,0.6952766676428638
4625,2022-09-01,0.1107225775861767,0.0788051471603084,0.0290182973775037,0.1328236517958994,0.1814534551151315,0.529470454155,0.0692858151310218,0.6792040537562016
4626,2022-09-02,0.1162154272057378,0.0829757903676612,0.0283632967709121,0.1401200508480055,0.1938335486749902,0.5226169588386023,0.0557179382593855,0.680625451876994
4627,2022-09-06,0.114098344225033,0.0813683631648591,0.0218790296015565,0.1361507912821803,0.185004652510224,0.5200310017840405,0.0557024584380785,0.6806800905558942
4628,2022-09-07,0.1111802864151269,0.0791526973082762,0.0302550299338694,0.1360340573587468,0.1863485779642976,0.5315656046300586,0.0472105641760753,0.6536737765143313
4629,2022-09-08,0.1187329819795816,0.0848873472552886,0.044048822413215,0.143884984297492,0.1923227881224906,0.5357993171923067,0.0625036951079474,0.662420761663601
4630,2022-09-09,0.1284027917676646,0.0922294451209729,0.0447762916922965,0.1571352587815591,0.2037317126841904,0.5456442850930535,0.0650559073329404,0.6801880921923017
4631,2022-09-12,0.1401895908076821,0.1011789701894593,0.0591089995689328,0.1632058403034002,0.219545217963853,0.5525717962259712,0.0743477166983817,0.6856002827363943
4632,2022-09-13,0.1329801612434783,0.0957049880323902,0.043713816591611,0.1591782416094117,0.2067629574541281,0.5239734833230069,0.0834455620378085,0.6830308467249712
4633,2022-09-14,0.1341817640804357,0.0966173149392568,0.0322710304910211,0.1586528832868543,0.205938936725382,0.5261169169395215,0.0603651484692042,0.6894271174140789
4634,2022-09-15,0.1445953741477555,0.1045241895638399,0.0739467452456876,0.1650153552843859,0.2088720826490444,0.5189303504487838,0.0606768896898608,0.6709490669705245
4635,2022-09-16,0.1416200168161911,0.1022650825282447,0.0981050145160423,0.161542256643483,0.1989837381044371,0.5144214357661947,0.0613477441144507,0.6710037473583398
4636,2022-09-19,0.1404184452221572,0.1013527556213781,0.0283814213170192,0.1607250635123419,0.1998175782977762,0.5186953777319016,0.0666727093920924,0.6743932223513321
4637,2022-09-20,0.1400751479789827,0.1010920878314348,0.036567015893413,0.1605791321912734,0.1880358972801615,0.5116214457135433,0.067805160897822,0.6673955925230013
4638,2022-09-21,0.1337239615227151,0.096269764791289,0.0355033160472881,0.1617465827598218,0.1879476178984794,0.5010008832004094,0.0586054844447379,0.6591406474462392
4639,2022-09-22,0.1361271359537064,0.0980944186050221,0.0345290426441996,0.159937067778836,0.1783829803866493,0.4958611840432743,0.0366913728344802,0.6621474014334395
4640,2022-09-23,0.1272011889307072,0.0913170974982366,0.0542979791973234,0.1516483468768853,0.159626461818904,0.485440157799835,0.038386599771458,0.6361797645068769
4641,2022-09-26,0.1239970084275911,0.0888842257465924,0.0582781225660457,0.1506852224246757,0.1522690483482655,0.4792947235562289,0.0146643331302305,0.6250820231885302
4642,2022-09-27,0.1165014874131009,0.0831930169785922,0.0395749949086373,0.1448773061473367,0.146108459962115,0.4780476120490049,0.0043056283697753,0.6348677271617152
4643,2022-09-28,0.1173025559710725,0.0838012349165032,0.0486994622641316,0.144964842673135,0.145765114000152,0.4895934508416922,0.0,0.6548218144049621
4644,2022-09-29,0.110836957929029,0.0788920295183329,0.0430580065147119,0.1396530594871648,0.1318252583644834,0.4769501429224202,0.0175194276419998,0.6497923031577465
4645,2022-09-30,0.1126679182165239,0.0802822508260737,0.0349696622069971,0.14362231905299,0.1383684226711415,0.4681238353754666,0.0365099978197696,0.6402799177058078
4646,2022-10-03,0.1203350253667544,0.0861037831311107,0.0370264503708742,0.1472413211814079,0.1477074519964696,0.4830585692577663,0.0307420858481048,0.6629127600271933
4647,2022-10-04,0.1400179421860948,0.1010486259365528,0.0624956726144222,0.1600538017022695,0.1707214509125924,0.5011618008142447,0.0369031479801911,0.678712013683694
4648,2022-10-05,0.1330373670363663,0.0957484292114024,0.0382425488123796,0.1552673768388567,0.1592732963923478,0.4999307967830149,0.0607237021615238,0.6854909636696789
4649,2022-10-06,0.1301192779835367,0.0935327633548195,0.0197905709118929,0.1540707567062268,0.1525241149285464,0.4936936284992951,0.0492518490460047,0.689263076250633
4650,2022-10-07,0.1274300121022588,0.0914908829301553,0.0306033646116068,0.1435931216553549,0.1452451613749971,0.4768197902264471,0.0301721300178166,0.71216927880218
4651,2022-10-10,0.1242258628420663,0.0890580111785112,0.0652068943340764,0.1435931216553549,0.1429496579521234,0.4724315637542347,0.021718655553274,0.7039142920165028
4652,2022-10-11,0.1195912875733646,0.0855390063722119,0.0306314515448855,0.1411123448642967,0.1372991548267075,0.4686419853776332,0.0178143835142514,0.6941832684311331
4653,2022-10-12,0.1148422382330402,0.0819331399237579,0.0335900317913877,0.1414334049040689,0.1279994033597513,0.4667415389294712,0.016267147399045,0.682812166882625
4654,2022-10-13,0.124054214220479,0.0889276669256046,0.0430469342678606,0.1494886301255993,0.1366026434381883,0.4816875480449668,0.017490053282291,0.6928712310859715
4655,2022-10-14,0.127887783417056,0.0918384330781231,0.0398921333595965,0.1509770850668128,0.1399085937175928,0.4677134876028811,0.0242731058247209,0.6737371828242937
4656,2022-10-17,0.132007475306843,0.0949664258415726,0.0863741550077268,0.1574854605518595,0.1570366618572046,0.4829813319460475,0.0224010732178763,0.6729171438427245
4657,2022-10-18,0.1382441876914879,0.099701866523694,0.0435291266657419,0.162476211531611,0.1623535905854231,0.4897447039699311,0.0391447380077545,0.6584846079192008
4658,2022-10-19,0.1397890877716197,0.1008748612205038,0.3209844393804745,0.1637311986259576,0.1596362812834969,0.4857507177943098,0.0418798172784273,0.6734091839152322
4659,2022-10-20,0.1436798315181611,0.1038290685520345,0.1001567529764768,0.1685176234893704,0.165600671977097,0.4810229771573597,0.0266421712482274,0.6757599400843092
4660,2022-10-21,0.1424782599241272,0.102916741645168,0.0660459682778262,0.1657449840561751,0.1559085251250401,0.495017977318238,0.0285847955703091,0.6706757484492781
4661,2022-10-24,0.1500309867315053,0.1086513915921804,0.0437688500325527,0.1768063443913211,0.1691420499075965,0.5021933078623065,0.0412864552123075,0.668106312437855
4662,2022-10-25,0.151690298397413,0.1099112893628845,0.0396584451841679,0.1791995568230275,0.1803645483415116,0.512133192011839,0.0454194742493172,0.6721517852489707
4663,2022-10-26,0.1414483681946039,0.1021347382753381,0.0777084791910379,0.1786742263340236,0.1877906501644737,0.5075454292699317,0.0575018477871036,0.686311002651248
4664,2022-10-27,0.1387018965204381,0.1000494166716617,0.0538865616974732,0.1808339430853096,0.1927446419013703,0.5037960410102624,0.0775598728715012,0.6927072316314407
4665,2022-10-28,0.1424782599241272,0.102916741645168,0.0396840583846185,0.180133483877602,0.1922933776285389,0.5188836780549272,0.0581390382629476,0.6862563222634327
4666,2022-10-31,0.1450874189496079,0.0997887488817185,0.0357449692840642,0.177973767126316,0.1962173314795462,0.5142041812729062,0.0561362664424143,0.6787666940715094
4667,2022-11-01,0.1476029429334256,0.1016568645903336,0.0286005000289917,0.1806588422001594,0.2003865324462413,0.5116488284227335,0.0453888876144457,0.6888257582748559
4668,2022-11-02,0.1450288697110104,0.0997453077027062,0.1029763889094696,0.1824683293475916,0.1974043370994412,0.496134736129489,0.0440749678420699,0.6977367428786563
4669,2022-11-03,0.1413433607287949,0.0970083062662368,0.1387613974618238,0.1790244559378773,0.1876238629658749,0.4897302072415361,0.0341402796327141,0.6877323590631251
4670,2022-11-04,0.1505864546680177,0.1038725097310468,0.0523482318876562,0.183519018159153,0.1948635865608796,0.4978823187018129,0.024005566021531,0.7120052793476492
4671,2022-11-07,0.1495919611707948,0.103133968256099,0.0696407563502099,0.1854452670635722,0.1967862856280113,0.5037155822033448,0.0520384966370555,0.7075224468518413
4672,2022-11-08,0.147778465677524,0.1017871881273704,0.0713716852853603,0.184452973047281,0.2003767129816483,0.5071447459829428,0.0660915633295342,0.691777873583156
4673,2022-11-09,0.1439759207039605,0.0989633043328764,0.037861351537348,0.1825267241428619,0.2044478151020683,0.4943453526926337,0.075824827358029,0.6749399011027399
4674,2022-11-10,0.13707276551861,0.093836872323775,0.0796489576440835,0.18363577991614,0.2135514167763014,0.5277840407049276,0.0662329332638793,0.6784386951624478
4675,2022-11-11,0.1340307670312674,0.0915777652881798,0.0661354706087038,0.1831104215935825,0.2135514167763014,0.5336671588089881,0.0932498840412181,0.6920511921044022
4676,2022-11-14,0.1392373377430012,0.0954443202424469,0.034331805928562,0.1873131490062746,0.216818089197334,0.5279256293475698,0.1145782802440738,0.6751585809450861
4677,2022-11-15,0.1435079017102626,0.0986157541849086,0.0334879067829002,0.1897647283996977,0.218966444350795,0.533474065529691,0.113127466630261,0.6808987703982403
4678,2022-11-16,0.1396468387410251,0.0957484292114024,0.033179734691195,0.1869045524407041,0.2104318447248543,0.5281734487587205,0.1191642239322139,0.6736278220486631
4679,2022-11-17,0.1342647765281164,0.0917515507200986,0.0852067069965081,0.1851534044214351,0.2044772734958472,0.5262054294844363,0.1249758710616677,0.6520336985511929
4680,2022-11-18,0.1432153429748162,0.0983985275739776,0.0527788996032601,0.1919244729845372,0.2130216446865536,0.5292274669866476,0.1197688694825394,0.6435053932442694
4681,2022-11-21,0.1528679691549863,0.1055668400077431,0.0605727600886516,0.1923330695501077,0.218966444350795,0.5267493121616669,0.1149455063664028,0.6415919967598847
4682,2022-11-22,0.1632226550686269,0.1132564880213952,0.0885189024497077,0.1960688334355126,0.23236675633195,0.5353809549682508,0.1016147691669562,0.6482615442613235
4683,2022-11-23,0.16287160958043,0.112995820231452,0.0650115505984812,0.1970611274518038,0.232974988338787,0.5391914730636447,0.1118458120275973,0.6318062927866996
4684,2022-11-25,0.1698331890326841,0.1181656934195656,0.0482820496248154,0.203190103768915,0.2413525723308947,0.5390080442699442,0.1270240565748301,0.6227312670194531
4685,2022-11-28,0.166206166803219,0.1154721538779782,0.0385480985575674,0.1972946231322241,0.2321901975685856,0.5290021587553619,0.1206762108157697,0.627979458109015
4686,2022-11-29,0.1700671672866096,0.1183394788514844,0.0412524650755537,0.2021978097526238,0.2320822313578902,0.5279867591832944,0.1172363334159545,0.6332276491985768
4687,2022-11-30,0.1718222072700533,0.1196428178012008,0.0781087222062507,0.2014973505449162,0.2361141514195928,0.5476959846694543,0.1139443535859752,0.6460748292556925
4688,2022-12-01,0.1678441707953148,0.1166885897538002,0.0723458870165987,0.1988122754710728,0.2404991890080243,0.5471263300306329,0.1297231405983678,0.6497376227699312
4689,2022-12-02,0.1673761830445404,0.1163410396058325,0.0399537553407636,0.2014973505449162,0.2380172115575386,0.5463426423937218,0.1458480787956475,0.6429587144928616
4690,2022-12-05,0.1670251687992669,0.1160803718158892,0.0274427962274008,0.1981118162633652,0.2367909759790988,0.5346182070501322,0.1483144059879679,0.6262847414669763
4691,2022-12-06,0.1672591470531924,0.116254157247808,0.0381429786945507,0.1974697518509278,0.2330436766911106,0.5253525582738034,0.140920273511657,0.6116335257011065
4692,2022-12-07,0.1655626250654227,0.1149942594771039,0.0370124121742238,0.1959520995120791,0.2289823461354563,0.5241714088451023,0.1365532853682678,0.599387746492129
4693,2022-12-08,0.162696118079255,0.1128654966944152,0.0277759586068588,0.195660236869942,0.2225765106336179,0.5289329751816403,0.1434757495543956,0.5963809507960136
4694,2022-12-09,0.1642756040756768,0.1140384913912251,0.0352787597087676,0.1968860265666536,0.2288548367952295,0.5242454246616222,0.1507355992434655,0.5939755142391212
4695,2022-12-12,0.1628131228276795,0.1129523790524397,0.046940211354194,0.1943176854162436,0.2258824609130224,0.5332858044931922,0.1448775126500912,0.6057292950845063
4696,2022-12-13,0.1657381478095211,0.1151246037300104,0.0544841731780481,0.1982285780203521,0.232631642376824,0.5379668727362857,0.1479317000443318,0.6178657552267683
4697,2022-12-14,0.1618185980875331,0.1122138375774919,0.0401023121141762,0.197119522247074,0.2358590369394846,0.5340517739065096,0.1612165572914714,0.6281981379513611
4698,2022-12-15,0.1538040071423822,0.1062619610195485,0.0740255516069273,0.1853869001018555,0.221948639697595,0.518029196096695,0.1689911576649641,0.6218019089711685
4699,2022-12-16,0.1569630416210728,0.1086079504131682,0.1718984347022863,0.1890059022302734,0.2115207514984742,0.5110469981184503,0.1633924979563839,0.6118522055434527
4700,2022-12-19,0.1562025576206989,0.1080431736542694,0.0718652566434516,0.1893561318341272,0.2139045343030302,0.5054631254891419,0.154705334141268,0.6167723977239529
4701,2022-12-20,0.1673761830445404,0.1163410396058325,0.0564333313029471,0.1982869449820688,0.2186525567826107,0.5061003922406123,0.1593283920997705,0.6216925481955379
4702,2022-12-21,0.1715881977732043,0.119469032369282,0.0416357324022575,0.2058751788427585,0.2301398933615726,0.5152437027724384,0.161269710894754,0.6337196892710844
4703,2022-12-22,0.1670251687992669,0.1160803718158892,0.0503137009952459,0.203190103768915,0.2271772890441311,0.5062242626596609,0.1586235939706282,0.6293461758419919
4704,2022-12-23,0.1653286780544206,0.1148204947610549,0.0229888397432787,0.2046493891460469,0.2268829925053056,0.5098336730242874,0.1575676090520772,0.6406625970026848
4705,2022-12-27,0.1676686480512164,0.1165582662167635,0.0222017236749007,0.2036570951297558,0.2269810913515808,0.5073281747766433,0.163339344353101,0.640498597548154
4706,2022-12-28,0.1656796610567706,0.1150811625509982,0.0195017607597077,0.2040073247336095,0.2258431830546505,0.4999211322974183,0.1628613349312984,0.6373824827853231
4707,2022-12-29,0.1680197247823368,0.1168189340067068,0.0271514016726188,0.2067507667691697,0.2317094749019754,0.5105513592961489,0.1616229492267455,0.6343210484103075
4708,2022-12-30,0.166206166803219,0.1154721538779782,0.0424405250676791,0.2027815072033445,0.2229590386542984,0.5089775803184557,0.1665515005262205,0.6444894316803694
4709,2023-01-03,0.1725827225133507,0.1202075945600996,0.0396148381333371,0.2164987452146989,0.2394691511221349,0.5065058684838728,0.1692050776051932,0.6262847414669763
4710,2023-01-04,0.184984850931264,0.1294177874185292,0.0566194504498281,0.2299824875456329,0.2554003462774314,0.5111451358624349,0.148731988155512,0.603925217666837
4711,2023-01-05,0.1862718719210098,0.1303735555044081,0.0380955888456285,0.2331345261467636,0.2600894519694541,0.5039247829586361,0.1580424479080699,0.6084627305504603
4712,2023-01-06,0.1947544506169352,0.1366729822103193,0.0428481713634138,0.2364033265048812,0.2692616940961835,0.5179213938671139,0.1448775126500912,0.6090094093018681
4713,2023-01-09,0.1915954473811681,0.1343269928166996,0.0532237741551618,0.2403141912754362,0.268653557889001,0.5174402517732072,0.1658584521409618,0.6137109216400221
4714,2023-01-10,0.1935259788657869,0.1357606553034527,0.0306712389077021,0.2422404401798553,0.2703996981927683,0.521810760021826,0.177883289234493,0.6163897184270759
4715,2023-01-11,0.1910103923961223,0.1338925395948376,0.0405376796059543,0.2400806955950159,0.2717338041822489,0.5299145883406468,0.178784848947717,0.6289088578662149
4716,2023-01-12,0.1990250458271202,0.139844416152781,0.0438542217460663,0.2428825324258463,0.2817202475731313,0.5320966013264938,0.1830175543038659,0.6342663680224921
4717,2023-01-13,0.2052845655459038,0.1444929537610081,0.0581300063637119,0.2452757448575526,0.2869784032132737,0.5346584364535911,0.1977612448312782,0.6423026749658232
4718,2023-01-17,0.2018915840562113,0.1419731996513394,0.0605882654502346,0.2483694164969666,0.2878318823357987,0.533351766571715,0.1930505300533269,0.6440520719956772
4719,2023-01-18,0.2050506185349018,0.1443191890449591,0.0431207394095563,0.2500038027592487,0.2920402653612112,0.5233571955768557,0.187289798480702,0.6402252790269076
4720,2023-01-19,0.1948714866082832,0.1367598645683437,0.0711722214723789,0.2422404401798553,0.2782867879535,0.5185280564141953,0.1880009377414642,0.6448721109772464
4721,2023-01-20,0.2006630498192159,0.1410608520286031,0.0495926832366763,0.2455676074996897,0.2905590111023177,0.5303973411821528,0.1936378307436337,0.6502296211335236
4722,2023-01-23,0.2004875583180409,0.1409305284915664,0.0319184914160738,0.2504123993248192,0.2930997137410522,0.5379926446978766,0.1985182640443477,0.6519243794844773
4723,2023-01-24,0.2014820518152638,0.1416690906823839,0.0320673833607857,0.2493033713850946,0.2953559872053813,0.5375324030362356,0.1999599389684732,0.6437787117655156
4724,2023-01-25,0.2002535175782685,0.1407567430596475,0.0928891019449403,0.241189751368294,0.2944142766010015,0.537414936321058,0.2021273004553119,0.6438880725411463
4725,2023-01-26,0.2120121979871559,0.1494890622330728,0.0646115057348541,0.2484861504204001,0.3020757581752312,0.5445290977428751,0.207429792016478,0.6485895848793003
4726,2023-01-27,0.2093796380119903,0.1475340641664331,0.0522621076197161,0.2494784722702447,0.3044890472733933,0.5461592136000213,0.2031107353679786,0.6413186365297232
4727,2023-01-30,0.2121291714926569,0.1495759445910973,0.0317108949560953,0.2497703349123818,0.303419731529132,0.5376643664798082,0.1995160597550942,0.6315876129443535
4728,2023-01-31,0.2130652094800527,0.1502710656029026,0.0458322541405979,0.2511712254942435,0.3019188383410527,0.5471311622734312,0.1962679083348393,0.6368904844217306
4729,2023-02-01,0.2183887536972875,0.1542245029151941,0.0672800458137427,0.2689160900331399,0.30820693606743,0.553987839798501,0.1978720281307517,0.623441986934307
4730,2023-02-02,0.2401509808028481,0.1703857815964583,0.1509486654199271,0.2707255771805721,0.3211168017170364,0.5637313698870108,0.2216376569220259,0.620544510304907
4731,2023-02-03,0.2476390972444741,0.1759466668274218,0.1059441705567345,0.2770880491781037,0.3207145389675154,0.5567668901323598,0.2047836750923519,0.6069320133629525
4732,2023-02-06,0.2414380017925939,0.1713415496823371,0.0388206054718377,0.2702586136532848,0.3142008330546362,0.5526795984555524,0.1869070925370661,0.6108681671073526
4733,2023-02-07,0.2501546212282918,0.1778147618201672,0.0464310302887378,0.2694997874838605,0.3154957569853994,0.5611953460080312,0.1775048728798938,0.6274327793576072
4734,2023-02-08,0.2511491459684382,0.1785533240109847,0.0408857708102007,0.2680988690684454,0.3208813261661141,0.5537705853052125,0.1773428010158493,0.6347037277071844
4735,2023-02-09,0.248048598242498,0.1762507757963773,0.0448531154836811,0.270842338937559,0.3224705466357029,0.5479196428666138,0.1751661143354521,0.6324622906048228
4736,2023-02-10,0.2417890160378674,0.1716022174722804,0.0439470230900467,0.267340042899021,0.3101003204402646,0.5493614584007342,0.1793083653140845,0.6415373163720693
4737,2023-02-13,0.2455330430157569,0.1743826600877621,0.01955211128844,0.2726518260849911,0.3192136457794361,0.556897242828333,0.1692050776051932,0.643833392153331
4738,2023-02-14,0.2478731067413231,0.1761204315434708,0.027040741389976,0.2752201672354012,0.3244031130672549,0.5567105532529067,0.1774507867572552,0.6379291615367307
4739,2023-02-15,0.244421513527186,0.1735572155389201,0.037338160733182,0.2756287638009718,0.3275029982896887,0.5585563128557419,0.1782799829684664,0.6353597255253076
4740,2023-02-16,0.2541326577030303,0.1807689691516978,0.0555967679819483,0.2831002915717815,0.3306912107936322,0.5493534046627372,0.1714020932075477,0.6348130467738998
4741,2023-02-17,0.2506226089790663,0.1781623119681349,0.0695747297122517,0.2811156478720921,0.3312503933773316,0.5475318455604201,0.167334257273511,0.6230592659285148
4742,2023-02-21,0.2505056354735653,0.1780754296101104,0.0406112233561965,0.2806486843448049,0.3233141583938077,0.5343768306293792,0.1699725410350478,0.6220752692013299
4743,2023-02-22,0.2439535570193351,0.1732096653909523,0.0314257769581909,0.2794228946480933,0.3155251674793511,0.5333646525525104,0.1651834946312063,0.609993447737968
4744,2023-02-23,0.2501546212282918,0.1778147618201672,0.0420508536503643,0.2844428151919265,0.3213031320451665,0.5367873733417108,0.1579546045847499,0.6178657552267683
4745,2023-02-24,0.2454745875059299,0.1743392189087499,0.0605596841919893,0.2841509525497894,0.3183503950921453,0.5299837719143684,0.1567412103989336,0.6229499468617993
4746,2023-02-27,0.2539571662018552,0.1806386456146611,0.0397880331592386,0.2934319674680313,0.3294159257920548,0.5319469589458545,0.1499685088213533,0.6194511528020915
4747,2023-02-28,0.2738474110613946,0.1954097237040543,0.0875342334663531,0.304289029520392,0.3372932439880208,0.5300014508514352,0.1587996536250104,0.6269407809940148
4748,2023-03-01,0.270044866087831,0.1925858399095603,0.044345627138686,0.2956500790145875,0.3302596333498141,0.5269826348444228,0.1534966025522308,0.6304395750537226
4749,2023-03-02,0.2692842883586868,0.1920210631506615,0.043552811050225,0.2976930896759936,0.3306912107936322,0.5318037595556128,0.167832782121142,0.6330090110651458
4750,2023-03-03,0.2825639680112455,0.2018829151260144,0.0448479920003928,0.3045808643289757,0.3441209811685661,0.5421491199484058,0.1570047403688934,0.6413186365297232
4751,2023-03-06,0.2897010702075979,0.2071831325670347,0.0374278211637291,0.3085501238948008,0.3487119880143137,0.5425964756292513,0.1611458723242989,0.6455827891831849
4752,2023-03-07,0.2788784277861065,0.1991459344054148,0.0771181740231878,0.299269108976559,0.3389118749515613,0.5326115691199885,0.1708657080740696,0.6298382159144995
4753,2023-03-08,0.2851380412336606,0.2037944720136419,0.0524715823037678,0.3012537248426948,0.3443073114966962,0.5335191271759481,0.1493412963026166,0.6248087046672839
4754,2023-03-09,0.2792294732743033,0.1994066021953581,0.0310251871777032,0.2999695403507131,0.3400989284712837,0.5216611176411866,0.1491497568269275,0.6196698326444376
4755,2023-03-10,0.2606847361572604,0.185634733370856,0.0984685467880061,0.2854351370417711,0.3265416487561229,0.5125322645512286,0.1546527400495987,0.6249180237339994
4756,2023-03-13,0.2296208658738795,0.1625658100457695,0.1252676602371532,0.2515214550980973,0.2945516533056486,0.5115941022908799,0.1701331208681233,0.614640321397222
4757,2023-03-14,0.2414380017925939,0.1713415496823371,0.0849860989337329,0.2644214999783106,0.3141811941254502,0.5218172030122237,0.1766046186937679,0.5956702725900751
4758,2023-03-15,0.2136502019792517,0.1507054981088949,0.1218827547459684,0.2269471828679356,0.2749514271801438,0.5174144798116164,0.1770186572877599,0.5753335060499511
4759,2023-03-16,0.2234198329078463,0.1579607136165547,0.123637320635701,0.2389716676552913,0.2878122434066127,0.5284132144318742,0.1544423636829217,0.5793789788610667
4760,2023-03-17,0.2055185750427528,0.1446667391929269,0.2218539883003104,0.226246723660228,0.2710471122583227,0.5213907477636439,0.1592578936364692,0.5705773133239818
4761,2023-03-20,0.2156977382122949,0.1522260636695422,0.1250325765686422,0.2376291162015928,0.2822107418045072,0.5270116283012125,0.1693835618099006,0.575497505504482
4762,2023-03-21,0.2333064060990185,0.1653027907663692,0.0716558357132876,0.257241834849638,0.3034295988935523,0.535266709748272,0.1756873926553657,0.5847365307262592
4763,2023-03-22,0.2341838948478169,0.1659544705991623,0.0966354960063617,0.2582925236611995,0.2994957776781248,0.5246622154246054,0.1843061095497629,0.593319516420998
4764,2023-03-23,0.2266958408920379,0.1603935853681988,0.04116614160203,0.2482526825735332,0.2956405121794412,0.526552997387171,0.1993496983020128,0.5881806443981518
4765,2023-03-24,0.2150541964744985,0.1517481692686679,0.0990392444348497,0.2316752686031852,0.2782279669655967,0.5301366357902066,0.193821537056734,0.5843538514293822
4766,2023-03-27,0.2232443101637479,0.1578303693636481,0.0791951325428947,0.2390884015787247,0.2893719575825954,0.5311890432705342,0.1849238103710699,0.6037612182123062
4767,2023-03-28,0.2271638598857358,0.1607411355161666,0.0496630059696527,0.2442250560459913,0.2931193526702381,0.5301816974364638,0.1894431721772032,0.6058932945390372
4768,2023-03-29,0.233891429841141,0.1657372439882313,0.0405898978187818,0.252221914305805,0.3055190851592827,0.5392799856085595,0.1945198075503853,0.6046359375816909
4769,2023-03-30,0.2421985170358913,0.1719063264412359,0.0521104204728481,0.2602771395273353,0.3188997103114246,0.5429843122219717,0.1951634324097848,0.6122895652281449
4770,2023-03-31,0.2391565185485487,0.1696472401215106,0.0526895933159726,0.2574753305300584,0.321391459326676,0.5523947711361415,0.2047092600477562,0.6193964724142761
4771,2023-04-03,0.2405605130437955,0.1706898905654139,0.02713103948919,0.2402558243137195,0.3140242742912718,0.554840671722607,0.188858669044964,0.6453641093408388
4772,2023-04-04,0.2414965510311914,0.1713850115772192,0.0383457004147208,0.2466766632729678,0.3165552053652405,0.5509931850054799,0.205900833280646,0.6469495069161619
4773,2023-04-05,0.2382204805611529,0.1689521191097052,0.0296579876121046,0.2509961246090934,0.3235594055094957,0.5493485724199388,0.2133854201344729,0.6464028281647541
4774,2023-04-06,0.2506226089790663,0.1781623119681349,0.030620437267913,0.2580006610190624,0.3292197280995044,0.5517044282869437,0.2045046653010853,0.6468948265283465
4775,2023-04-11,0.2389225090516998,0.1694734546895918,0.0597317868408727,0.2522802812675216,0.3219015924872378,0.5523352127614897,0.1991833368489313,0.6514323394119698
4776,2023-04-12,0.2457670837555294,0.1745564455196809,0.0354759690204625,0.2590513498306237,0.3259236451845202,0.5496012240738879,0.2067208908021698,0.6608900444760931
4777,2023-04-13,0.2454160382673324,0.1742957777297377,0.0224717357763869,0.2608024700163392,0.3289941199130024,0.558334265406182,0.2196098003308204,0.6548764947927775
4778,2023-04-14,0.2607432853958579,0.1856781952657381,0.04220737759312,0.2711925685414128,0.3341835872008213,0.556953579707786,0.2281707010251559,0.6568445299560624
4779,2023-04-17,0.2524361669581839,0.1795090920968635,0.0469599021410265,0.2657056566367389,0.3357138908828523,0.5591548823782995,0.2175299091595595,0.6476055464432003
4780,2023-04-18,0.2595146886730155,0.1847658476430017,0.2365833650856318,0.2744613410659769,0.3399714191310569,0.5597261870512472,0.2079525623673608,0.6477695458977312
4781,2023-04-19,0.2639022573887014,0.1880241846593577,0.1753711550738768,0.2777301414240946,0.3471227675447248,0.559669850171794,0.2157754672434857,0.6384758819970537
4782,2023-04-20,0.2573501789344713,0.1831584204401996,0.070212129609641,0.2716595320687001,0.3428162856730371,0.5556903607245677,0.2121459154066931,0.6282528183391765
4783,2023-04-21,0.2530211594573829,0.1799435453187256,0.1214336610408877,0.2697916501259976,0.3393533197597996,0.5562905802812514,0.2150785022769326,0.6314236134898227
4784,2023-04-24,0.252670176455033,0.1796828775287823,0.0244483642458537,0.2716595320687001,0.3384508870137916,0.556857013424874,0.2184178540901884,0.6362891252825075
4785,2023-04-25,0.2279243438861098,0.1613059122750654,0.092037383189627,0.2619698927513341,0.3270615534814505,0.5463313671605258,0.2289357399046854,0.6270501000607303
4786,2023-04-26,0.2237122666715989,0.1581779195116159,0.0609026413729694,0.2639545364510235,0.3273951278786479,0.5438146329662126,0.2162467625259263,0.611906885931268
4787,2023-04-27,0.22949123898437,0.1572221514257371,0.058514281312309,0.276095727328259,0.3294453362860065,0.5565850720862587,0.2270242617290885,0.6144216415548758
4788,2023-04-28,0.2179929058568234,0.1488374031161495,0.1321665817335919,0.262086654508321,0.322225299520015,0.5620771713889269,0.2246409287594377,0.6254647024854072
4789,2023-05-02,0.2081627886283757,0.1416690906823839,0.09855500411925,0.2477273242509757,0.3066275829622613,0.554047398173153,0.2148147858031015,0.5974743500077443
4790,2023-05-03,0.210069169333146,0.143059291274255,0.1494430664576798,0.2410730174448605,0.3061076782369338,0.5494081307945908,0.2213340286197649,0.5807456965940437
4791,2023-05-04,0.2025625258378977,0.1375853091171858,0.0644023535741281,0.2346521784856122,0.3028605489454327,0.5446562289436493,0.2304104260140076,0.5805270167516976
4792,2023-05-05,0.2135246679127177,0.1455790660997934,0.0713353813852608,0.2410730174448605,0.3130334184640997,0.5567298822240998,0.2232139876411345,0.5957249112689752
4793,2023-05-08,0.2180525173548191,0.1488808442951617,0.0175778395580459,0.2467933971964012,0.3193117446257112,0.5570308170195049,0.2225489148365507,0.6056746564056061
4794,2023-05-09,0.2178141650916067,0.1487070588632429,0.0242881723907665,0.2422404401798553,0.3165552053652405,0.5539813968081033,0.2190230591521271,0.6086814103928064
4795,2023-05-10,0.2128693475927702,0.1451011924147889,0.0288278631636441,0.2417734766525681,0.3150346732479752,0.556953579707786,0.2140997299610449,0.6023945004793293
4796,2023-05-11,0.2123330940541967,0.1447101803719391,0.0312656472889737,0.2555490816256393,0.3165159275068686,0.5558239349157397,0.217133401929457,0.5931555169664672
4797,2023-05-12,0.2127501245967788,0.1450142893408946,0.0248369806113743,0.2590513498306237,0.3215483791608544,0.554771527435412,0.2058819963896581,0.588618004082844
4798,2023-05-15,0.2134055074025733,0.1454921837417689,0.0186032360702515,0.242940899387563,0.3183503950921453,0.5567346751803713,0.1965812348384008,0.5944675543116289
4799,2023-05-16,0.2123927055521924,0.1447536215509514,0.0183786965956957,0.2416567427291347,0.3173596350646279,0.5524896873849273,0.199867433048374,0.5931008365786519
4800,2023-05-17,0.2145970812610943,0.1463610694696233,0.0187281716990488,0.2456259744614064,0.3193411551196629,0.5603537500305944,0.1986105834605755,0.603870578987937
4801,2023-05-18,0.2166822339740049,0.1478816143144009,0.0262690937932581,0.2512296202895138,0.3194883033890756,0.5666745593299038,0.1943361012372852,0.5985677075105598
4802,2023-05-19,0.21960154150085,0.1500103978129593,0.0571048512170017,0.2528640065517958,0.3232553374059044,0.5656978177002225,0.184487577816409,0.5968729908685212
4803,2023-05-22,0.223116557849647,0.15257361381751,0.0214282178800677,0.2535644657595034,0.3285036256816265,0.5658023984346048,0.1918953250753148,0.5992783857164984
4804,2023-05-23,0.222580335553997,0.1521826017746602,0.0163779579266361,0.2528640065517958,0.3247758695231697,0.5582312561328724,0.1900647895798048,0.6043079386726292
4805,2023-05-24,0.2126310265724813,0.1449274069828702,0.0258584383338146,0.2439915881991244,0.3146226389336886,0.5533490408724846,0.1835981408548106,0.612125524064699
4806,2023-05-25,0.2142395684877375,0.14610040167968,0.0374292156028138,0.2484277834586833,0.3099727153003832,0.5591484393879018,0.1816586870985388,0.598403708056029
4807,2023-05-26,0.2192440287274932,0.149749730023016,0.0240866459040975,0.2521635473440882,0.3173301287710217,0.5678654125307284,0.176514723827865,0.6029958596185524
4808,2023-05-30,0.2089372694584676,0.1422338674412827,0.0295603990101329,0.2450422491771322,0.3150150343187893,0.5678766484773976,0.1738915468798927,0.5854472089321978
4809,2023-05-31,0.2011327246878582,0.1365426586732825,0.072916176766295,0.2311499102806277,0.3035080588106416,0.5637426844067336,0.1778653848628608,0.5779575807402745
4810,2023-06-01,0.2094138802561219,0.1425814175892505,0.0252943566311391,0.2390884015787247,0.3150150343187893,0.5703708714918457,0.1719386648448968,0.5889460029919056
4811,2023-06-02,0.2207930528735241,0.1508792835408136,0.0282666483349748,0.2527472447948089,0.3297102223308803,0.580243182815256,0.1822019728752499,0.5979116679835214
4812,2023-06-05,0.2175759065571648,0.148533294147194,0.0236225706743387,0.2512296202895138,0.3269438157059894,0.57886249711686,0.1724757959938594,0.6001531050858829
4813,2023-06-06,0.2206738923633797,0.1507924011827892,0.02193384697295,0.2520468134206548,0.3290725798300916,0.5804813377408102,0.1745375962896174,0.5979116679835214
4814,2023-06-07,0.2209122133836686,0.1509661658988381,0.0187320799228779,0.2526305108713754,0.3338794232975755,0.5778535405351901,0.1723862741356991,0.6022305010247985
4815,2023-06-08,0.2228186565742859,0.152356387206579,0.0242223692003411,0.2583508906229161,0.3317702981026591,0.5821033998599593,0.1738557381366285,0.5954515927477289
4816,2023-06-09,0.2197802197802198,0.150140721349996,0.0188551952974809,0.2539146953633572,0.3289647094190507,0.5828966734094133,0.1856328980892492,0.5893286822887825
4817,2023-06-12,0.2182908071321845,0.1490546090112107,0.0436760824165018,0.2564830086802138,0.3323687585447304,0.5893446924825506,0.1806635024419884,0.5726547509718125
4818,2023-06-13,0.2186482574196944,0.149315276801154,0.0274271053622056,0.2551988520217855,0.3313190817296551,0.5941850283053532,0.1825462590214253,0.5852285290898516
4819,2023-06-14,0.2255591920929909,0.1543548264522309,0.0379828289993753,0.2694414205221438,0.3410406390756636,0.5947611259345724,0.1866704191245545,0.5789416191763744
4820,2023-06-15,0.2188866096829068,0.1494890622330728,0.0407164787381393,0.2669898411287207,0.3408444413831133,0.6033299888713055,0.1950714860012992,0.5917887992334903
4821,2023-06-16,0.2220441445012705,0.1517916104476802,0.1181906763529893,0.2702586136532848,0.3471424064739108,0.6007150776464809,0.2111705001604866,0.5981303478258675
4822,2023-06-20,0.2187674491727624,0.1494021798750482,0.0218739957080809,0.267340042899021,0.3417273309995899,0.5973551367271314,0.2077843358755675,0.5911327597064518
4823,2023-06-21,0.2200781210555809,0.1503579479609271,0.0220996914182193,0.26909119091829,0.341393852402047,0.5936508101137191,0.2071685000929721,0.6022305010247985
4824,2023-06-22,0.2143587289978819,0.1461872840377045,0.0278852107484456,0.2668730793717337,0.3343601459641857,0.5962577068870735,0.2184747377708944,0.5857205691623593
4825,2023-06-23,0.2036349079433508,0.1383673124870156,0.0485011146348166,0.2622033884317545,0.3246581317477085,0.5908573023379923,0.213197424232336,0.5838071726779746
4826,2023-06-26,0.2057201231421083,0.1398878573317932,0.0280969093678477,0.2678070342598617,0.3254625614470959,0.5877177588340765,0.2050255706132564,0.5849552105686053
4827,2023-06-27,0.2190653192052,0.1496193857701095,0.0371882664365657,0.269908384049431,0.3371363241538424,0.5956977167338486,0.2056214504816369,0.5758255044135435
4828,2023-06-28,0.2327084165436528,0.1595681408193567,0.0587115001099841,0.2739943775386897,0.3457984331200099,0.5954482472885716,0.2129344537739896,0.5859938876836055
4829,2023-06-29,0.2364617539127388,0.1623051422558262,0.0367730988125558,0.2800649868940842,0.3486727101559417,0.5985990267391565,0.2064597853825351,0.587633965646744
4830,2023-06-30,0.2416449236747876,0.166084794136199,0.0680998642717499,0.2843844482302097,0.3567560934088783,0.6072789134006696,0.1989800476293586,0.5918981183002057
4831,2023-07-03,0.2481983768176508,0.1708636759973326,0.0399215240881494,0.2877699825117608,0.3618375944860018,0.6081172878829076,0.2051559368192026,0.587251286349867
4832,2023-07-05,0.2371766857306819,0.1628264778357128,0.0263382813706078,0.2800649868940842,0.3462889273513858,0.6067060372666493,0.2016267240650979,0.5981850282136829
4833,2023-07-06,0.2249038092871964,0.1538769320513566,0.0303457949541071,0.2731771844075487,0.3265416487561229,0.6010369128741516,0.1971894239622784,0.5982397086014982
4834,2023-07-07,0.2272273142633193,0.1555712623280529,0.0224614308399314,0.2763292230086793,0.3229904513610305,0.5990029708078712,0.202516907042181,0.6095014493743757
4835,2023-07-10,0.2286572091421293,0.1566139334878261,0.0169936802513466,0.2753952681205514,0.3233927141105515,0.6007054131608843,0.2148901333670532,0.6047452566484063
4836,2023-07-11,0.235627661584651,0.1616969243179152,0.0186789542179477,0.2791310320059562,0.3310639672495469,0.6054894906772875,0.2205568669886095,0.6148043208517527
4837,2023-07-12,0.2521900039641022,0.1737744421498511,0.0610134502693015,0.2887039095663353,0.3430909432826767,0.6107837430309139,0.2218273313590033,0.6198338320989685
4838,2023-07-13,0.2542156076648639,0.1752515458156164,0.0382909768491312,0.2878867164351942,0.3455434144395563,0.6168792833854646,0.2422411125776531,0.6260660616246302
4839,2023-07-14,0.2506410423039181,0.1726448886320535,0.0298615525305118,0.2871862572274867,0.3415801827301771,0.6161358251520124,0.2545889743760465,0.6180297546812992
4840,2023-07-17,0.2492111786680317,0.1716022174722804,0.0166297643241849,0.288236946039048,0.3415507722362255,0.6189309829618654,0.2552594557928942,0.6110868469496987
4841,2023-07-18,0.2565391126409868,0.1769458760923128,0.0188869891410095,0.2919727099244529,0.343287140975227,0.6241109115224593,0.2567990452493827,0.6198338320989685
4842,2023-07-19,0.2551092490051003,0.1759032049325397,0.0188052168299707,0.2885871756429018,0.3429045171548921,0.625839204410117,0.2554370074782457,0.6176470753844222
4843,2023-07-20,0.2583264265643832,0.1782492150420292,0.0238337169988955,0.2938405640336018,0.3495555997724183,0.6208748803086852,0.2517360246587958,0.61917779257193
4844,2023-07-21,0.2587434883498888,0.1785533240109847,0.0296400000857111,0.2898713323013301,0.354646968213962,0.6211113852001132,0.2410760228944692,0.6270501000607303
4845,2023-07-24,0.2577306864995079,0.1778147618201672,0.0239441243220671,0.2894043687740428,0.351900200518257,0.6240562246771325,0.2392342971666892,0.6361797645068769
4846,2023-07-25,0.2598754194674906,0.1793787685598268,0.0180771488801409,0.2901048279817505,0.349516417713701,0.6261191602002025,0.2295099853240103,0.6410452762995617
4847,2023-07-26,0.2731015175062848,0.1890233939242487,0.0717101060598246,0.2890541391701891,0.3574918347559422,0.6260049149802237,0.2275209215380078,0.636398444349223
4848,2023-07-27,0.2801315189609553,0.1941498259333501,0.0797840611896228,0.2953582163724504,0.3667327652349951,0.6212836173336713,0.231887723177526,0.6435600319231695
4849,2023-07-28,0.2764973733449374,0.191499727570775,0.0448633687742446,0.3018957892551321,0.3657909588309607,0.628495916499473,0.2163032731988901,0.6462388287102233
4850,2023-07-31,0.2772122739199572,0.1920210631506615,0.0261778007201243,0.2947745189217298,0.3615138874532246,0.6295788888976629,0.2234230584807133,0.6529084179205774
4851,2023-08-01,0.2671437731853735,0.1846789652849771,0.0242622956908669,0.2825165662875073,0.3479174256793464,0.6276108696233785,0.2192500343633383,0.6505576617515004
4852,2023-08-02,0.2586243278397443,0.1784664209370904,0.0529952031390347,0.2753952681205514,0.3308285874982792,0.6174183731064238,0.2208599357792569,0.6402799177058078
4853,2023-08-03,0.2655352312701173,0.1835059705881673,0.0372825792133862,0.275045066350251,0.3287095949389426,0.6155678205473171,0.2108894388266369,0.6515417001876005
4854,2023-08-04,0.2682757667888223,0.1855044098338192,0.0243921229234373,0.2780803431943949,0.3347231308553348,0.6117282697086067,0.2120521039594958,0.6584846079192008
4855,2023-08-07,0.269765210679781,0.1865905221726046,0.0126893598343807,0.2806486843448049,0.3337616855221144,0.618230975627071,0.2200452868699969,0.6536737765143313
4856,2023-08-08,0.2580881367870178,0.1780754296101104,0.0363672833109935,0.2728269548036949,0.3281896902136151,0.6151638764786025,0.2201210074416908,0.6590312866706086
4857,2023-08-09,0.2612457028483048,0.1803779778247178,0.0193878457318697,0.2772631500632538,0.3333497470074823,0.6100676282201251,0.213197424232336,0.667122274001755
4858,2023-08-10,0.2729227767410681,0.188893070387212,0.0326140393178932,0.2922061777713197,0.3478487373270229,0.6102478748051535,0.2161335546761276,0.6584846079192008
4859,2023-08-11,0.266369323598205,0.1841141885260784,0.0160757915143748,0.2930233709024608,0.3411877873450764,0.6094786446101105,0.2167559180942138,0.6605073651792163
4860,2023-08-14,0.2668459031529359,0.1844617386740462,0.015863469982275,0.2943075553944425,0.3407267036076521,0.6136094657586293,0.2109269261047417,0.6567898912771623
4861,2023-08-15,0.2633308555612154,0.1818985226694954,0.0137431268052722,0.2890541391701891,0.3326728266483216,0.6052642217325288,0.2055281985460531,0.6484802241036697
4862,2023-08-16,0.2620797326905456,0.1809861957626289,0.0118763607421163,0.2877699825117608,0.3329671231871473,0.5998686887127727,0.2046348450031603,0.6396785585665847
4863,2023-08-17,0.2621393441885413,0.1810296369416411,0.022942658829829,0.2870695233040532,0.3258549568321967,0.5944022827986417,0.2000524448885723,0.6452001098863079
4864,2023-08-18,0.2614840238685938,0.1805517632566367,0.0189616185089821,0.2860188344924917,0.3248445578754932,0.5942977020642595,0.2000155171220812,0.649901622224462
4865,2023-08-21,0.2626159862291191,0.1813772078054787,0.0160345053666917,0.2881202121156145,0.324363835208883,0.5991348949649169,0.2001636011957881,0.6470041873039772
4866,2023-08-22,0.2644628491646642,0.1827239672183375,0.0182072859880636,0.2899880662247636,0.3293865152981031,0.5971684471517053,0.2037239600963776,0.6449814300439618
4867,2023-08-23,0.2593988086698363,0.1790311976959892,0.0189880801776587,0.2870695233040532,0.3295434351322817,0.6049665084323226,0.1956418148393297,0.6369998034884461
4868,2023-08-24,0.2596371296901252,0.179204983127908,0.0206964092920584,0.2925564073751735,0.3304361921131785,0.5953597740301836,0.1986290473438212,0.6378745228578306
4869,2023-08-25,0.2598754194674906,0.1793787685598268,0.0171242610923415,0.2912722507167453,0.331829214890217,0.6000907361623325,0.1882016159068404,0.6421386755112923
4870,2023-08-28,0.2642245281443753,0.1825502025022886,0.0020445206835246,0.2988605124109884,0.3466616838073005,0.6045320780187993,0.1879278282239664,0.6436147123109849
4871,2023-08-29,0.2710162710646039,0.1875028490794711,0.0256403777837134,0.3029464780666936,0.3555985461827622,0.6148822706543906,0.1923351012035281,0.6494096238608695
4872,2023-08-30,0.2706588520200175,0.1872421812895279,0.0186696263374495,0.3055148192171036,0.3526457134300865,0.617656528031978,0.1991648729656856,0.6519790181633776
4873,2023-08-31,0.2675012859587303,0.1849396330749204,0.0581918528464096,0.2980432914462939,0.3482117222181721,0.6164963183220693,0.2090738236408202,0.6629127600271933
4874,2023-09-01,0.2576711062444357,0.1777713206411549,0.0312709689238478,0.2979265575228604,0.3426886805331557,0.6178013381698191,0.1952369149350248,0.6734091839152322
4875,2023-09-05,0.2557051140416696,0.1763376581544018,0.0224646054812942,0.2916224803205991,0.3370382253075672,0.6147535679925438,0.1874720127628328,0.6796414134408939
4876,2023-09-06,0.2442663299262717,0.1679963510238264,0.0345232467103171,0.2836839890225021,0.329425793156475,0.6097087850841943,0.1767845949294446,0.6842882453912327
4877,2023-09-07,0.2405725415693345,0.1653027907663692,0.022865929898246,0.2792477659293897,0.3289941199130024,0.6074012516451724,0.1764785420768586,0.680625451876994
4878,2023-09-08,0.2443854904364161,0.1680832333818509,0.0245208666462731,0.2807654182682383,0.3343502785997654,0.6084230942076377,0.1723504653924348,0.6841242459367018
4879,2023-09-11,0.2474834449997075,0.1703423404174461,0.0193250706771133,0.2866025597767659,0.3412761146265859,0.6132457510933735,0.1755255072951922,0.6829215276582556
4880,2023-09-12,0.248913308635594,0.1713850115772192,0.05196721379225,0.2878867164351942,0.3432577304812755,0.6091326874549752,0.180573048064472,0.6913951525773638
4881,2023-09-13,0.2498664989879792,0.1720801118731547,0.0201754909071415,0.2894043687740428,0.3401871599531386,0.6100241773214674,0.1810253199520535,0.68964575554751
4882,2023-09-14,0.2583860380623789,0.1782926562210415,0.0318299482231909,0.2967591347878656,0.3524397441727704,0.6160843598018844,0.1780455476024087,0.6986114622480408
4883,2023-09-15,0.2543347994179318,0.1753384281736409,0.0731929481556496,0.2947745189217298,0.352508432525094,0.6072692489150731,0.1628613349312984,0.7019462151443028
4884,2023-09-18,0.2488536971375983,0.1713415496823371,0.0213450205640081,0.2916224803205991,0.3458768930370991,0.6077857881696404,0.1677259154029631,0.7058277302098027
4885,2023-09-19,0.2510580728465003,0.172948997601009,0.0169639617294791,0.3008451282771243,0.3503012084839024,0.6062442634304626,0.1715451416767333,0.7042969713133798
4886,2023-09-20,0.2580881367870178,0.1780754296101104,0.0233296299047894,0.3113519328920777,0.361935693332277,0.5995259530528362,0.1698832056807586,0.6992674600661641
4887,2023-09-21,0.2561221133413282,0.1766417671233573,0.0365710948648851,0.3112351989686444,0.3524299726080048,0.5879076699047014,0.1653433284487968,0.695713985618641
4888,2023-09-22,0.25320286830033,0.1745130043406687,0.0351576247960241,0.3097175466297958,0.347829098397837,0.5863081582519444,0.1666758986082894,0.6979007423331871
4889,2023-09-25,0.2493899194332483,0.1717325617251869,0.0281603895471298,0.3052813235366832,0.3364496322299161,0.5891048875228702,0.1646333082112618,0.6959873458488024
4890,2023-09-26,0.2475429940118563,0.1703857815964583,0.0301694590147723,0.3041139008016884,0.334575982585922,0.578820617679275,0.1557400576185059,0.6998688192053872
4891,2023-09-27,0.2546922497054417,0.1755990959635842,0.0237710030760114,0.3085501238948008,0.3311425229662907,0.5789783137979114,0.1522722046380156,0.7178548295764341
4892,2023-09-28,0.2732206155305823,0.189110296998143,0.0560432846624168,0.3226759584717258,0.3404520459980126,0.5830318976347114,0.1422315822298365,0.707085087167149
4893,2023-09-29,0.2694673094044199,0.1863732955616736,0.0443648942184043,0.3239601151301541,0.3405697837734737,0.5811571445750866,0.1511720183019977,0.7020555759199334
4894,2023-10-02,0.2639862696099333,0.1823764170703697,0.0381190360806075,0.3229094263185926,0.329877009529479,0.5812119099934671,0.1516084373605299,0.6912858335106483
4895,2023-10-03,0.2619010544111758,0.1808558722255921,0.0318066453859101,0.3252442717885823,0.3148188366262389,0.5717274352627771,0.1383901619953973,0.6935272706130099
4896,2023-10-04,0.2580285565319455,0.1780319884310982,0.0385278459899094,0.3190569285097544,0.3086778871692744,0.5772468779881087,0.1370678495488191,0.666138235565655
4897,2023-10-05,0.2613648321155258,0.1804648601827423,0.0296358304704285,0.3199908833978824,0.3140536847852234,0.5763521666264176,0.1425077944630357,0.6556964920654316
4898,2023-10-06,0.2683949272989667,0.1855912921918437,0.025031405260891,0.3219754992640182,0.3217151663594532,0.5844479412072412,0.1486971119316038,0.65832060846467
4899,2023-10-09,0.2568370139163479,0.1771631027032439,0.0336160096750758,0.3071492054793857,0.3134258138492004,0.5888184887423868,0.1519577591112269,0.6779466550899401
4900,2023-10-10,0.2680970260236056,0.1853740862967825,0.0310191035024223,0.3204578469251695,0.3331240430213257,0.5924520210344779,0.153741668638945,0.6757052596964939
4901,2023-10-11,0.2685140878091112,0.1856781952657381,0.0291338914238314,0.3281628425428461,0.3339383400851333,0.5954627833034932,0.1577962627981286,0.6621474014334395
4902,2023-10-12,0.265713972035334,0.1836362941252041,0.0225215571982254,0.3290967695974206,0.3315446899161571,0.5910632423115579,0.1608456010917189,0.6589766479917084
4903,2023-10-13,0.2568966254143436,0.1772065438822561,0.0436283152363685,0.322325728867872,0.3214307371850479,0.5875503982298433,0.1471496893125261,0.6851082843728019
4904,2023-10-16,0.2644033001525154,0.1826805260393252,0.0283068709988814,0.3233763898458799,0.326747618013439,0.5949284865388055,0.1447736299938509,0.6794774139863632
4905,2023-10-17,0.2639266581119376,0.1823329758913575,0.0170909273580323,0.3259447309962899,0.3278659831808379,0.5948593422516106,0.1498987563735365,0.6794774139863632
4906,2023-10-18,0.2566582419082078,0.1770327584503373,0.0368782161207873,0.3226759584717258,0.3194491213303583,0.5854295543662477,0.1528317162515182,0.6885523980446944
4907,2023-10-19,0.2563604343616171,0.1768155525552761,0.0330146733662884,0.3189401945863209,0.3129843690409621,0.5795399539852626,0.147427766584437,0.6942926292067638
4908,2023-10-20,0.2501644315062639,0.1722973384840858,0.0688588575709241,0.3140370079659212,0.3014381156744425,0.5708761747997438,0.154933241871835,0.6909031542137715
4909,2023-10-23,0.2459940323516723,0.1692562280786607,0.1878020620006046,0.3129863191543598,0.2981420327594583,0.5697304225317031,0.1554769006562883,0.6730811432972553
4910,2023-10-24,0.2412278931322055,0.1657806851672435,0.1798132435428113,0.3053980852936702,0.2962094663279063,0.5746609602200737,0.1679752710787141,0.6635141191664164
4911,2023-10-25,0.2507005913160669,0.1726883298110658,0.0920038607897122,0.3076161690066729,0.297092355944383,0.5648594432179845,0.1563195251462237,0.6725344645458475
4912,2023-10-26,0.2566582419082078,0.1770327584503373,0.033914127681801,0.3094840509493753,0.294934181326329,0.5568875783427364,0.1519228828873187,0.6606166842459317
4913,2023-10-27,0.253083676547262,0.1744261012667744,0.0560610550652643,0.3083166282143805,0.2905687826670835,0.5536917765324211,0.1514862773249152,0.6733545035274168
4914,2023-10-30,0.2636287880794999,0.1821157492804265,0.0745489626966327,0.3119356581763519,0.2999470898507834,0.5616491053927476,0.1511720183019977,0.6556964920654316
4915,2023-10-31,0.2608855656693759,0.1731227830329278,0.0580782023720184,0.3071492054793857,0.3002805684483263,0.5659906594711036,0.1593988905630718,0.6486442235582005
4916,2023-11-01,0.2650918004571965,0.1761204315434708,0.0434905598323735,0.3169555787201851,0.3059408910383351,0.5730806989654561,0.1537767313667246,0.6454734701164694
4917,2023-11-02,0.2753940607452412,0.1834625294091551,0.0407915760811334,0.3196406537940285,0.3241284554576153,0.5859412220914898,0.1550208986912835,0.6565165310470008
4918,2023-11-03,0.2744796741038154,0.1828108702922318,0.0501259723937297,0.3253610335455692,0.3274147668078339,0.5924680499374185,0.1600337497405264,0.6458561494133463
4919,2023-11-06,0.2699076471679165,0.1795525332758758,0.0537162735974942,0.3244270786574412,0.3222743489431526,0.5936974825075757,0.1777212173704483,0.647550866055385
4920,2023-11-07,0.267591171849576,0.1779016441781916,0.1363084062562876,0.3247773082612951,0.3217250337238734,0.5956928452045235,0.1760648764906087,0.6286901780238687
4921,2023-11-08,0.2709440061825996,0.1802910954666934,0.0369478927531145,0.3310813854635565,0.3264239109806618,0.5964008669907884,0.1720818998179536,0.6175377563177067
4922,2023-11-09,0.2768571356087846,0.1845051798530584,0.0261821990529288,0.3392533724420737,0.3383331492383304,0.5906996062193558,0.1743223708222898,0.619779151711153
4923,2023-11-10,0.2783201792294045,0.1855478510128315,0.0449573959176622,0.3350506450293817,0.3350468378881119,0.6016243250230936,0.1676190486847839,0.627596778812138
4924,2023-11-13,0.2833189220141637,0.189110296998143,0.0276212391083306,0.3411212265512227,0.3438757340528782,0.601030469883754,0.1711516185085695,0.6335556898165535
4925,2023-11-14,0.2874032469145738,0.1920210631506615,0.0423168605602242,0.3536127026994191,0.3597284692910855,0.6145717499464426,0.1729773049034291,0.6335556898165535
4926,2023-11-15,0.2857573384628381,0.1908480684538517,0.0421423775490155,0.353846170546286,0.3614354275361354,0.6157270881270263,0.2005892030297926,0.6248087046672839
4927,2023-11-16,0.288195723668589,0.1925858399095603,0.0367325704892883,0.3506941319451552,0.3640546858916136,0.6165896631097824,0.1968760974587169,0.6042532582848139
4928,2023-11-17,0.2922800485689991,0.1954966060620788,0.0691145247624013,0.3574652005082573,0.3732759774414805,0.6175197323456072,0.1967470367798689,0.6205991906927223
4929,2023-11-20,0.2935601961155798,0.1964089329689453,0.0289444363739247,0.3575819344316908,0.3808884095925727,0.6228879219426999,0.2050813352707354,0.629947534981215
4930,2023-11-21,0.2925848545304489,0.1957138326730098,0.018029923454875,0.358165604048858,0.3797602728604081,0.6214090985003193,0.2111705001604866,0.6308768930294998
4931,2023-11-22,0.2950842259228284,0.1974950453077307,0.0288117001074362,0.3626018271419704,0.3856364320721532,0.6243748384096044,0.2068327931248705,0.6272140995152611
4932,2023-11-24,0.2977054447167716,0.199363140300476,0.0213457509844811,0.3636525437870853,0.3906982942200907,0.6248124903183265,0.2049698059557774,0.6186857942083376
4933,2023-11-27,0.2917923465335101,0.195149055914111,0.0305876674224248,0.3642362134042525,0.3904137692460309,0.6233787678087299,0.2103086657718211,0.6149683203062836
4934,2023-11-28,0.2991075958795333,0.2003623702812368,0.0329317332256912,0.3750933032901667,0.3970158982400741,0.6240964540805913,0.2131222631722555,0.623441986934307
4935,2023-11-29,0.3013631474970919,0.2019698181999087,0.0479185141908582,0.3815141144158616,0.4028232732998411,0.6234028897361945,0.2205568669886095,0.6313689331020074
4936,2023-11-30,0.3017288771593234,0.202230485989852,0.0701527115378663,0.3704235566830804,0.4023916958560231,0.6261738470455295,0.2155115642657836,0.6209818699895993
4937,2023-12-01,0.3061179767782597,0.2053584580374317,0.0390595836622065,0.3733421274373443,0.4104946222384912,0.6304912791964208,0.2027395926643551,0.6106494872650065
4938,2023-12-04,0.3074591105114691,0.2063142468391803,0.0246863748662454,0.3794127367927388,0.4141733289738104,0.6264924607780014,0.2021273004553119,0.6050186168785677
4939,2023-12-05,0.3162374034781122,0.2125702323660793,0.0426620279745834,0.3775448826835899,0.4200691271147415,0.6260741378404723,0.1942441548287996,0.6010824631341677
4940,2023-12-06,0.3206874580407538,0.215741666308541,0.0381043233253674,0.3763774321150415,0.4220015977466388,0.6232033141799729,0.1873444441149543,0.5850098492475054
4941,2023-12-07,0.3095927209986938,0.2078347916839579,0.0514364194479807,0.367621775519357,0.411004755399053,0.6290365776815048,0.1831264725646277,0.5847911694051593
4942,2023-12-08,0.3186758199267866,0.214308003821788,0.0306921839519123,0.3704235566830804,0.4185976444206137,0.632058654470243,0.1871075841985714,0.5951235938386673
4943,2023-12-11,0.3187976985712736,0.2143948861798124,0.0293557727159446,0.3696063635519394,0.4161058954053623,0.6349664074659487,0.1829813725528593,0.5956155922022597
4944,2023-12-12,0.3108119136015692,0.2087036774118122,0.0552678953735216,0.3654036639728008,0.4083266760556715,0.6383875567940764,0.1831081951852533,0.580800376981859
4945,2023-12-13,0.3062399179085937,0.205445361111326,0.0403331471175699,0.3657538657431011,0.4061095846500596,0.6485880677625014,0.188128692893214,0.5855018893200131
4946,2023-12-14,0.311848241373329,0.2094422396026298,0.0416444573960162,0.3626018271419704,0.4135259149082561,0.6505930949450458,0.2018119224091674,0.597036990323052
4947,2023-12-15,0.3015460123282076,0.2021001417369455,0.1172151697724789,0.3574652005082573,0.4060605352269221,0.6505351866045201,0.2186259924104114,0.5962169513414828
4948,2023-12-18,0.3001438924083695,0.2011009324720544,0.0514616342372642,0.355480556808568,0.4020679888232459,0.6539740148697147,0.2032409150700536,0.6019025021157368
4949,2023-12-19,0.3006925493875637,0.2014919237990344,0.0269171432843823,0.3561810160162756,0.4071494899003693,0.6584491431392425,0.2077097343271006,0.607205373593114
4950,2023-12-20,0.3002658335387035,0.2011878148300789,0.0288189010203812,0.3508108658685887,0.4065903073166699,0.6471816886755682,0.2166615471354032,0.6114695262465757
4951,2023-12-21,0.300753504331269,0.2015353649780467,0.016670714246571,0.35442989583056,0.4069140143494471,0.6549700854705891,0.2111330128823818,0.6096654488289065
4952,2023-12-22,0.3025823088570438,0.2028387039277631,0.0221162708035568,0.3547800976008604,0.4076596230609312,0.656238097410079,0.2205947272744566,0.6078613714112372
4953,2023-12-27,0.3028261598747883,0.203012468643812,0.0353243535454446,0.3550135654477272,0.4086307441592627,0.6605748585321635,0.2263562048625662,0.6108681671073526
4954,2023-12-28,0.3000829062217408,0.2010574705771724,0.0184503515818868,0.3520950503605704,0.4051384635517281,0.6608596858515742,0.2366241754896985,0.5980756674380522
4955,2023-12-29,0.2991075958795333,0.2003623702812368,0.0167045233338864,0.3540796383931528,0.4066981777277108,0.6586840765695979,0.2302955396293682,0.597419669619929
4956,2024-01-02,0.3081296773780738,0.2067921205241848,0.0348155234612547,0.3657538657431011,0.4145460854297251,0.6543393009960431,0.2256887075076574,0.5904767201794134
4957,2024-01-03,0.3015460123282076,0.2021001417369455,0.0264375595310471,0.3595665224642731,0.4019208405538331,0.6482212101751005,0.2105147525494612,0.6031598590730832
4958,2024-01-04,0.3113605705807635,0.209094689454662,0.0241909316080676,0.3677385094427905,0.4145755917233313,0.6456256279214689,0.2083261296213094,0.6003717849282291
4959,2024-01-05,0.3153229543508395,0.2119185525332862,0.0324343569355548,0.3708905480439212,0.4128195840551438,0.647003092124666,0.2113956103329859,0.6092280891442142
4960,2024-01-08,0.3173956098943589,0.2133956769149214,0.0206760534326164,0.3760272303447411,0.4171849827143893,0.6576718984927292,0.2105897271056707,0.5926087965061443
4961,2024-01-09,0.3127626592576781,0.2100938987195531,0.0260345423936342,0.3650534065353935,0.4025976651133391,0.6565390322054839,0.2120707543466125,0.6006451034494753
4962,2024-01-10,0.3075810203988797,0.2064011291972048,0.0246708695046624,0.3643530029947929,0.4032647181080795,0.6608757933275684,0.2090549867498323,0.5958889524324212
4963,2024-01-11,0.300753504331269,0.2015353649780467,0.0350675764942879,0.3572316769942835,0.3971630465094869,0.6603592540730012,0.2157377934615099,0.5994423851710292
4964,2024-01-12,0.3017898321030287,0.2022739271688643,0.0269203379517032,0.3576986683551242,0.4059820753098329,0.660936923163293,0.2167559180942138,0.6030505400063677
4965,2024-01-16,0.2911827346106107,0.1947146026922489,0.031264455217466,0.3491764796063066,0.3961035023299913,0.658064528041721,0.2111330128823818,0.60151982281886
4966,2024-01-17,0.2850867715962334,0.1903701740529774,0.0312424856873976,0.3463746427754762,0.383713637205367,0.6537567603764263,0.2006634315705173,0.6023945004793293
4967,2024-01-18,0.2915485267586891,0.1949752704821922,0.0466945076038863,0.345790917491202,0.3849398727838067,0.6604718492588538,0.2017563442555594,0.6107041676528219
4968,2024-01-19,0.2906341401172634,0.1943236113652689,0.0279618785481564,0.3406542630239355,0.3827816981657528,0.6699450880428744,0.2007188232202541,0.6070413741385832
4969,2024-01-22,0.2935601961155798,0.1964089329689453,0.0266883677926828,0.3509275997920221,0.3935529323268366,0.6716540519593389,0.2027767069347175,0.6167723977239529
4970,2024-01-23,0.2858182934065434,0.1908915096328639,0.0262395259930754,0.3487094882454659,0.3828700254472622,0.6739342419756974,0.2008855576810779,0.6122895652281449
4971,2024-01-24,0.2928896292489751,0.195931038568071,0.050693006344233,0.3540796383931528,0.394131753839722,0.674569819406515,0.1973923401741089,0.6162256772636299
4972,2024-01-25,0.2808805368084129,0.1873725255424344,0.0442272705641338,0.3461411749286094,0.3885008417436648,0.6786909760694372,0.2011263341787552,0.6286354976360534
4973,2024-01-26,0.2830141160527141,0.188893070387212,0.0236506839575623,0.3462579088520428,0.3904628186691684,0.6781776583100688,0.1956972064890665,0.6321889720835766
4974,2024-01-29,0.2738091072372107,0.1823329758913575,0.0428507062281141,0.3475420933440245,0.3859208612465585,0.6841251670315796,0.1951451550304104,0.6254647024854072
4975,2024-01-30,0.284477097187487,0.1899357208311153,0.0330261893462119,0.3767276895524488,0.4005375893415603,0.6836488571804712,0.1937297771521193,0.6311502532596612
4976,2024-01-31,0.293743092189619,0.1965392772218518,0.0616694627137776,0.3803466638473132,0.4043046233583891,0.6708848217642959,0.1951266911471647,0.6203805108503762
4977,2024-02-01,0.2942917179258898,0.1969302685488319,0.053395805567496,0.3802299299238798,0.3980557076907293,0.6806267803917331,0.1889500559418362,0.6092827695320295
4978,2024-02-02,0.3111776745067243,0.2089643452017555,0.0413961776750941,0.3970408395746482,0.4028135017350754,0.6890620691372942,0.2000155171220812,0.6008637832918214
4979,2024-02-05,0.2875251880449078,0.192107945508686,0.1005538603482452,0.3954064533123661,0.3909239024065927,0.6865196022679169,0.1852145699062202,0.6035972187577755
4980,2024-02-06,0.295206135810239,0.1975819276657551,0.0526635469224277,0.4053295604765988,0.3969766203817022,0.6883572688462282,0.1792361883159428,0.6064946536782603
4981,2024-02-07,0.2864888602731481,0.1913694040337382,0.0387722491069363,0.3984417579900633,0.3888540550700482,0.6949275475908147,0.1816405962230354,0.6095014493743757
4982,2024-02-08,0.2839285026941398,0.1895447295041353,0.0431722451198734,0.4060300196843065,0.3874022113051065,0.6953861785048562,0.184542223450661,0.6224032681103916
4983,2024-02-09,0.2863668878998907,0.1912825009598439,0.0346438525161668,0.4081313973074293,0.3865388648181612,0.7000044668780989,0.1847783373515592,0.6257927013944687
4984,2024-02-12,0.2900244969514405,0.1938891581434069,0.015557062282881,0.4138517492254165,0.3951814306547974,0.6992368867171821,0.1880555833757162,0.626230061079161
4985,2024-02-13,0.284720979448155,0.1901095062630341,0.0243360165127389,0.4152526676408317,0.3893641882306101,0.6881866867467963,0.1839974456429804,0.6314236134898227
4986,2024-02-14,0.2856353660895807,0.1907611653799574,0.0279095401795801,0.4101159853400117,0.3885008417436648,0.6958222589525057,0.1740890544794593,0.6246993438916533
4987,2024-02-15,0.2858182934065434,0.1908915096328639,0.030171143303251,0.4017105305146274,0.3895505185587402,0.7005065486907981,0.1777212173704483,0.632298291150292
4988,2024-02-16,0.2861230681250697,0.1911087362437949,0.0415982005947252,0.4001928781757788,0.385538333225878,0.6966187539971586,0.1842514639155108,0.6386398814515846
4989,2024-02-20,0.3016069360289894,0.2021435829159577,0.0359996225296611,0.4049793030391916,0.4004297189305195,0.6917815610965011,0.184487577816409,0.6331183301318613
4990,2024-02-21,0.3036186053858801,0.2035772454027108,0.0258374890736132,0.416420062542273,0.4071985393235069,0.6927937391733698,0.1903939689124156,0.6316422933321688
4991,2024-02-22,0.3063618277960042,0.2055322434693505,0.0406271292369421,0.4186381740888293,0.410308291910361,0.709727096534343,0.1915288449684706,0.6354690863009383
4992,2024-02-23,0.30581317081681,0.2051412521423705,0.0364372034168116,0.4243585816739235,0.4094939948465533,0.7100119238537537,0.1923535650867736,0.623879304910084
4993,2024-02-26,0.3041063386642926,0.2039247955506786,0.0215354558318655,0.4258762340127721,0.4102592424872234,0.7069110382922241,0.1914738263264761,0.6298382159144995
4994,2024-02-27,0.3041672623650743,0.2039682574455606,0.0263903362137768,0.4208562856353854,0.4078459533890612,0.7083030385103429,0.1963048361013304,0.6368904844217306
4995,2024-02-28,0.3088002130017551,0.2072700149250591,0.027324334253069,0.4179377148811216,0.4034118663774922,0.7069480462004841,0.1953475117306271,0.6350864070040614
4996,2024-02-29,0.3071543045500194,0.2060970202282493,0.0508716726726956,0.4101159853400117,0.3968098331831035,0.7112140130012474,0.1944095837625252,0.6335556898165535
4997,2024-03-01,0.3103852289956325,0.2083995684428567,0.0303024788066681,0.4203893499416518,0.4030293383568117,0.7177810702506351,0.1891143658523348,0.6429040341050463
4998,2024-03-04,0.3084344520966001,0.2070093471351158,0.0188699554826218,0.423424598952242,0.4035296041529533,0.7167946641353572,0.1950162808554336,0.6361797645068769
4999,2024-03-05,0.3095317348120651,0.2077913505049457,0.0311852789029997,0.4277440881219211,0.4081696604218384,0.7083786257879355,0.1969682303710735,0.6329543306773304
5000,2024-03-06,0.3146524187271583,0.2114406788482817,0.0377155151322479,0.4379006631330207,0.416027435488273,0.7125801626847218,0.1970972910499215,0.6383118408336077
5001,2024-03-07,0.323613576524917,0.2178269879122174,0.0454858008489271,0.448757697351828,0.4280346767925623,0.7210444448870726,0.2039097179520606,0.6372184833307922
5002,2024-03-08,0.3250765889026136,0.2188696590719905,0.0430824824515401,0.4516762681060918,0.4266711603091301,0.7156263614009245,0.2118269937869965,0.6321889720835766
5003,2024-03-11,0.3240402611308538,0.218131096881173,0.0352729205609755,0.4538943796526481,0.4286331372346338,0.7147010851213712,0.2107021889399847,0.6317516123988843
5004,2024-03-12,0.3330623738723179,0.2245608678399907,0.0454436778269936,0.4690125082458641,0.434833003479156,0.7239265044942411,0.2088867602580393,0.6297288551388689
5005,2024-03-13,0.3373295948467671,0.2276019575295459,0.038758847524955,0.4733903922108133,0.4516667271801152,0.7223237713462852,0.2083261296213094,0.6415373163720693
5006,2024-03-14,0.3319041674560712,0.2237354232911487,0.0442394041867661,0.468720645603727,0.4447998079408525,0.7199373505614183,0.2126339960375387,0.6499563026122773
5007,2024-03-15,0.3403166057887888,0.2297307203122345,0.1078122604411227,0.4818541861643608,0.4553356623506687,0.7145642894350004,0.2013857610635494,0.6487535843338311
5008,2024-03-18,0.3427549909945397,0.2314684917679432,0.0250536351284151,0.4801030659786452,0.4552179245752076,0.7197667684619863,0.2012559543692169,0.657937929167793
5009,2024-03-19,0.3490339438117266,0.2359432853759911,0.0331873319073115,0.4871076023886143,0.4654888929401498,0.7244478367050798,0.1999045473187364,0.662038082366724
5010,2024-03-20,0.3491558849420606,0.2360301677340156,0.0241047493702487,0.4882749972900556,0.4705017056649497,0.731867804451627,0.1982411192917925,0.652252378393539
5011,2024-03-21,0.3598848298360421,0.2436763538527856,0.0398204014315663,0.5043271086049531,0.4817830729865954,0.7345888678719066,0.2098034267848281,0.648917583788362
5012,2024-03-22,0.3706747296737289,0.2513660018664377,0.0462497721796938,0.5101641944463738,0.4892091748095574,0.7334061862686596,0.1980934082258278,0.6465121472314697
5013,2024-03-25,0.3764050567546451,0.255449762715766,0.0282706935785174,0.5075374863342471,0.4900920644260341,0.7308330759083664,0.1895162816947009,0.6537284151932314
5014,2024-03-26,0.3820743351630855,0.2594901031019518,0.0348377701927435,0.5066619540749429,0.4939473299247178,0.7284820915706868,0.1943176373540396,0.6519243794844773
5015,2024-03-27,0.3873168352368188,0.2632262930874426,0.0375882912742346,0.5104560570885109,0.5056995525485534,0.7357089267514101,0.1933992922924103,0.6504483009758697
5016,2024-03-28,0.3895724493402244,0.2648337617219843,0.042743035083222,0.5183361814248911,0.5020993057303235,0.7366518819680303,0.1904305236711645,0.6603980044035855
5017,2024-04-02,0.3887798788574388,0.2642689642472157,0.0323182464303068,0.514250215769186,0.4923875199490805,0.7288409347066175,0.1785144183345242,0.6712224272006859
5018,2024-04-03,0.397131487218145,0.2702208408051592,0.0253063932859741,0.5189199067091653,0.4979497436928143,0.7297549750395016,0.1834166725881645,0.6727531443881937
5019,2024-04-04,0.4083481966334625,0.2782145977877667,0.0765137589868371,0.5297185461327023,0.5036983935643325,0.7194111468212544,0.1943361012372852,0.679094692980571
5020,2024-04-05,0.3974972793662236,0.2704815293109722,0.0412812982392723,0.5162931985970386,0.4865408670309415,0.7286043512421359,0.1941339310409395,0.6808441317193401
5021,2024-04-08,0.4041418993597949,0.275216928561354,0.0220842925104138,0.4955713963421616,0.4861288327166549,0.7282906090389891,0.1931055486953214,0.6782200153201017
5022,2024-04-09,0.3949369217872152,0.2686568340654995,0.0250519729738902,0.4856482891779289,0.4767309824034237,0.7295007126379531,0.1982966974454005,0.6716597868853782
5023,2024-04-10,0.3962780555204246,0.2696126228672481,0.0411257134085532,0.482437911448635,0.4727089297061412,0.7215722986613626,0.1976137202691847,0.6770172970416555
5024,2024-04-11,0.3815866331275965,0.2591425322381143,0.0421444233587383,0.4646346799480219,0.4604269349925579,0.7277547408132288,0.1792180974404396,0.6705117072858322
5025,2024-04-12,0.3806112290566187,0.2584474319421788,0.027810913389779,0.4605487142923168,0.4639781323876503,0.7155813390411943,0.1768925806708505,0.6740105430544552
5026,2024-04-15,0.3833545451955131,0.2604024300088184,0.0302109559620147,0.4675532507022857,0.4640958701631114,0.7056703697753978,0.1648108598966133,0.6726438253214783
5027,2024-04-16,0.3695164920145587,0.2505405573175956,0.042920845565474,0.4554120319914967,0.4483706442651308,0.7039952708450481,0.1610751873571263,0.6723704650913168
5028,2024-04-17,0.3769536824909157,0.2558407954744857,0.0229534612532444,0.4704718214565495,0.4588672208165752,0.699296445091834,0.1604043329325364,0.6577739297132623
5029,2024-04-18,0.3923765642082069,0.2668321802517664,0.0361980323448461,0.4821460488064979,0.4717279412433895,0.697511893897777,0.1679040265999281,0.6579926095556085
5030,2024-04-19,0.3883531630085786,0.2639648552782602,0.037516007051359,0.4695962335301383,0.4682454322006205,0.6904491978260879,0.1639594697247333,0.6602340049490547
5031,2024-04-22,0.4073118688617028,0.2774760355969491,0.0453294950837152,0.482729774090772,0.4840099359569728,0.6974282135956604,0.1661604019083822,0.6586486073737317
5032,2024-04-23,0.4171263958713351,0.2844705833146657,0.1239427797370782,0.4961551216264358,0.5021778614470672,0.7070751774012584,0.1655031622663876,0.6614367232275009
5033,2024-04-24,0.4210278871835529,0.2872510259301475,0.0365472386787611,0.489734310500741,0.4975082988845759,0.7072489809958891,0.1733715740870776,0.6584299275313855
5034,2024-04-25,0.4171873820579639,0.2845140452095478,0.034171353736019,0.4871076023886143,0.4931821780837023,0.7035140894646146,0.1726727440818125,0.6625847611181318
5035,2024-04-26,0.4296842390198619,0.293420129099022,0.0534848251673829,0.5151257480284902,0.5099472134323378,0.7118077895675335,0.1773248966442171,0.6641154783056396
5036,2024-04-29,0.4290624423568061,0.2847312718204788,0.0474993065932947,0.5101641944463738,0.504669514662664,0.7144162578019605,0.1737660297745971,0.6574458890952855
5037,2024-04-30,0.4069892544338707,0.2693085138982926,0.0601976464889008,0.4678451133444228,0.4804980164202524,0.7014656113834126,0.1751482099638202,0.653619096126516
5038,2024-05-02,0.4060565906822104,0.2686568340654995,0.0358954875473759,0.4450219891335302,0.4822245177948338,0.7060534134118467,0.1760648764906087,0.6373278023975077
5039,2024-05-03,0.4017040765266667,0.2656157443759443,0.0277439096958634,0.4488744869423684,0.480527426914204,0.7162861393322603,0.1778653848628608,0.6327356508349843
5040,2024-05-06,0.4066783248594193,0.2690912872873616,0.0240725718715221,0.4482907616580942,0.4866880153003544,0.7248067584140642,0.1817853232270616,0.6347584080949997
5041,2024-05-07,0.4262644511018254,0.2827762737538392,0.0516187758227286,0.4690125082458641,0.5027174051015807,0.725926738720514,0.1832532951970218,0.6342116876346768
5042,2024-05-08,0.4316739758444712,0.2865559256342119,0.0399168011240237,0.4745577871122547,0.5097902935981594,0.7259218671911889,0.1805911389399754,0.6375464822398539
5043,2024-05-09,0.4314873931054616,0.2864255813813054,0.0201112792533886,0.4342816888381563,0.4996958839965816,0.7301717265159581,0.1800308813109878,0.6390225607484615
5044,2024-05-10,0.4270727055321969,0.2833410297968681,0.0212056177614573,0.4407024999638511,0.5051305984000883,0.7315556337095529,0.1860148580174003,0.6335556898165535
5045,2024-05-13,0.429684176534015,0.2851656836106013,0.0162576430241782,0.4415196930949921,0.5096921947518841,0.7313528366581324,0.1837068726117012,0.6382572021547076
5046,2024-05-14,0.4293111360276896,0.2849050365365278,0.023267114133491,0.4517930020295252,0.5182562048717766,0.7354176564416016,0.1873263532394509,0.6322436107624767
5047,2024-05-15,0.4367102726232508,0.2900748890087716,0.0389074527822662,0.4693043708880012,0.5303714123867612,0.7453092181631513,0.19061348396878,0.6355784053676538
5048,2024-05-16,0.4357776088715905,0.2894232506077182,0.0209772406809248,0.4561124911992043,0.5241421356482873,0.743531109959492,0.2023869138439771,0.6388585612939307
5049,2024-05-17,0.4427415315431054,0.2942889941110064,0.0405216999453629,0.4587975941066012,0.5269281812023642,0.7445239590651677,0.1989431198628675,0.6433960324686387
5050,2024-05-20,0.4449177261350304,0.295809538955784,0.0164999781975285,0.4536609118057811,0.5280857284284804,0.7453059966679525,0.2001449508086714,0.6419746760567616
5051,2024-05-21,0.4404409901157388,0.2926815669082044,0.025508360343722,0.4568129504069119,0.5276345120554765,0.7474430265805961,0.1978535642475063,0.6390225607484615
5052,2024-05-22,0.4358397822893114,0.2894666710708606,0.0204037931538304,0.458213868822327,0.527055690542591,0.745125750082924,0.1969682303710735,0.6297835355266842
5053,2024-05-23,0.4331662003556195,0.2875985967939851,0.0197353424813589,0.4596731263659055,0.5252996828744035,0.7388226197206814,0.1922800825615336,0.6259567425579148
5054,2024-05-24,0.4293111360276896,0.2849050365365278,0.0234739011231618,0.4555287659149301,0.5189134863017512,0.7447573210344504,0.1903208593949179,0.6306035745082534
5055,2024-05-28,0.4304302575466656,0.2856870191904878,0.0172015222928117,0.4538943796526481,0.5218564516900065,0.7449697039984138,0.1980197391967166,0.6421386755112923
5056,2024-05-29,0.4214145496045145,0.2793876132004464,0.0204511745707702,0.4439712724884153,0.5090152743927235,0.7386794596169666,0.1964521741595528,0.6388585612939307
5057,2024-05-30,0.4337257611151074,0.2879895881209651,0.023727326461326,0.4558790233523374,0.5279582190882536,0.7336153477374241,0.1886214361208389,0.6316422933321688
5058,2024-05-31,0.4395083263640785,0.2920298870754113,0.0641342597486314,0.4541278474995149,0.5263689986186647,0.7403786804747808,0.1938767422025995,0.626612740376038
5059,2024-06-03,0.4415601741205617,0.2934635495621644,0.0215285099863872,0.4440880064118486,0.5337460510184892,0.7413265072207261,0.1966364399842666,0.6114695262465757
5060,2024-06-04,0.4278188490306945,0.2838623653767547,0.0409458044166886,0.4258762340127721,0.5228767180111301,0.7426041836458125,0.2051372864320857,0.6061666547691986
5061,2024-06-05,0.4202953031138446,0.2786055891147467,0.0244032910840881,0.4313631180838925,0.5294198344179611,0.752692099428385,0.2011447980620009,0.6106494872650065
5062,2024-06-06,0.4281920145087138,0.2841230538825678,0.0255158416200809,0.4458391822646712,0.5383370578642367,0.7525199458678804,0.1999970532388355,0.6187404745961529
5063,2024-06-07,0.427010594600323,0.2832976093337257,0.0227235295259622,0.451442800259225,0.534501431294739,0.7515593117141933,0.2031107353679786,0.6186311138205223
5064,2024-06-10,0.4241503049559274,0.281299149372204,0.0317259534226126,0.4436210707181149,0.529822097167482,0.7537799433558999,0.185032915135703,0.630712893574969
5065,2024-06-11,0.4111552483362518,0.2722193007666809,0.0350549738426363,0.4335812296304487,0.5119975176393509,0.7561180417127842,0.1827456316597036,0.6315876129443535
5066,2024-06-12,0.4103468689341863,0.2716545032919122,0.0409955773546284,0.4193386332965368,0.5188546653138478,0.7634735795553543,0.1790013799421428,0.6348677271617152
5067,2024-06-13,0.3856000990775589,0.2543636710928505,0.0669068800019198,0.4060300196843065,0.5012654655369845,0.7655189147144111,0.1903939689124156,0.6355237666887537
5068,2024-06-14,0.3828019828508843,0.2524086730262108,0.0731951847389736,0.4004264016897527,0.4940257898418071,0.7651745290203484,0.1787669445760851,0.6345943669315537
5069,2024-06-17,0.3867192205965348,0.2551456537468105,0.0316034156388021,0.4035784402908834,0.490808166843912,0.7718735104267818,0.1730310180183254,0.6448721109772464
5070,2024-06-18,0.391942225086018,0.2587950028060163,0.023510781560056,0.4122173629631345,0.5014224811708173,0.7740941420684883,0.1790556525686524,0.6516510192543159
5071,2024-06-20,0.3905742849244645,0.2578392140042677,0.02438900308996,0.4196888907339442,0.5105260349452233,0.7718638459411852,0.1807539568195046,0.6549311334716776
5072,2024-06-21,0.3773925830799324,0.248629021145838,0.0847289909272681,0.4103494531868785,0.4979497436928143,0.7704880317721142,0.1736944122880686,0.6470588676917925
5073,2024-06-24,0.3865948737610931,0.255058771388786,0.0251248948654325,0.4221404701273672,0.5116639432421536,0.767792661740372,0.1707763727197804,0.6519790181633776
5074,2024-06-25,0.3830507390076147,0.2525824377422598,0.0296395141927269,0.415602869411132,0.5064451612600375,0.7712410759181094,0.1778112987402222,0.6476055464432003
5075,2024-06-26,0.3785739405024761,0.2494544656946801,0.0200701986352758,0.4109331784711527,0.4977731849294499,0.7726249831117042,0.174196667213123,0.6479882257400773
5076,2024-06-27,0.3776412767508159,0.248802785861887,0.0247970962807604,0.4132680239411423,0.4900233760737106,0.7734247782246096,0.169579763882369,0.6525803773026007
5077,2024-06-28,0.3768329598345974,0.248238029818858,0.025201357135573,0.4198056246573776,0.4892582242326951,0.7698218108503808,0.1740172504890598,0.6514870197997851
5078,2024-07-01,0.3913826018406831,0.2584040114790363,0.0293950309718675,0.4284445473296286,0.5003728043557422,0.7721727951880605,0.1782078059703247,0.6615460422942164
5079,2024-07-02,0.375962469500658,0.247629811880947,0.0278415467817338,0.422607405821101,0.4862269315629303,0.7776311080776674,0.1784963274590207,0.6584299275313855
5080,2024-07-03,0.3877762311836369,0.2558842159376281,0.0206987502211643,0.4339314314007489,0.5003531654265562,0.7821384512991838,0.180265876188659,0.6642794777601704
5081,2024-07-05,0.3910716722662317,0.2581867848681053,0.0190871074866225,0.4350988819692973,0.4970864930055235,0.7869933231369082,0.1900097709378103,0.6603433657246854
5082,2024-07-08,0.3913826018406831,0.2584040114790363,0.0337982922699779,0.4327640364993077,0.4969491163008764,0.7879041419745935,0.1924085837287681,0.6558058528410622
5083,2024-07-09,0.3835481888352288,0.2529300086060974,0.022802832320164,0.4284445473296286,0.4848535477150776,0.7885687128622006,0.1931790312205614,0.6507763415938466
5084,2024-07-10,0.3976003810137004,0.2627484194024381,0.0234381337079407,0.4379006631330207,0.501805009191498,0.7977297809041473,0.1906500387275287,0.6545484541748007
5085,2024-07-11,0.3932479293440035,0.2597073297128829,0.0310813505042826,0.4407024999638511,0.5114579739848374,0.7897852594515624,0.1935460708390193,0.6573912504163854
5086,2024-07-12,0.3990304321071277,0.2637476286673291,0.0158620365452719,0.4451387230569635,0.5193647026747551,0.7947431405625964,0.1997195354785381,0.6551498133140238
5087,2024-07-15,0.3918178782505762,0.2587081204479919,0.0146561618823916,0.4467731093192456,0.5088093051354076,0.7972969219516965,0.2017194164890683,0.6535097770598005
5088,2024-07-16,0.3905121115067437,0.2577957521093857,0.0148700949771221,0.4389513797781356,0.5036591157059606,0.8030867345545707,0.2042258420136897,0.6472228671463234
5089,2024-07-17,0.3946779804374309,0.2607065389777739,0.0310001009761508,0.4470065771661125,0.5051011879061366,0.7903854790082462,0.2043744855990104,0.6586486073737317
5090,2024-07-18,0.3964189611053096,0.261922974853596,0.0150421116334872,0.4545948388603557,0.5092507499436459,0.7833565693496183,0.2102713649975875,0.6584846079192008
5091,2024-07-19,0.3897659680082461,0.2572744579612387,0.0438114420835056,0.4506256071280839,0.503364819167135,0.7769858661612533,0.2042258420136897,0.6437787117655156
5092,2024-07-22,0.4017663124302345,0.2656592062708264,0.0229897704233329,0.4625916971201693,0.5088877650524969,0.7865460067425895,0.2038539532945815,0.6418653152811309
5093,2024-07-23,0.4061810000034992,0.2687437578552636,0.0293779941514863,0.4690125082458641,0.5156468138807185,0.7851508636023254,0.2023869138439771,0.6264487409215072
5094,2024-07-24,0.4234042864291237,0.2807778137923175,0.0491946631028162,0.4634672850465806,0.5153916994006104,0.7644551927143608,0.1962679083348393,0.6298928545933997
5095,2024-07-25,0.4046264771029362,0.2676576248006084,0.0341761304540324,0.4590894010816313,0.5090643238158613,0.7599640355418922,0.1945198075503853,0.633665008883269
5096,2024-07-26,0.4016419655947928,0.2655723239128019,0.0185334498221535,0.4596731263659055,0.511055807034971,0.7695997634008209,0.1963600412471962,0.6275421401332378
5097,2024-07-29,0.3939318994247802,0.2601852033978874,0.0196763786826344,0.4593812637237684,0.5063371950493422,0.7703142281774835,0.1967470367798689,0.62016183100803
5098,2024-07-30,0.399403597585147,0.2640083171731422,0.0223459611653436,0.4678451133444228,0.5146559580535465,0.7659533451279344,0.1913822529257327,0.6142576421003451
5099,2024-07-31,0.3923152655923433,0.2590556498800898,0.0297012173317243,0.4403522981935508,0.5011575951259436,0.7797697094513837,0.1908512764045187,0.6316422933321688
5100,2024-08-01,0.3677550159888785,0.2418951619339346,0.0376333644360002,0.4115169037554268,0.4804881490558322,0.7676011792086743,0.1920784718768013,0.622895266473984
5101,2024-08-02,0.3418267324950899,0.2237788437542911,0.0587319824491617,0.3919041572738281,0.4626930758213071,0.7514900888539449,0.186397190953294,0.6076426915688911
5102,2024-08-05,0.3338680038971173,0.2182179792391974,0.0497747750579773,0.3813973804924281,0.4382174136756497,0.7257062627320268,0.2056772151391159,0.60447193812716
5103,2024-08-06,0.3312565641382227,0.2163933254254643,0.0292784377356287,0.377077891322749,0.4349899233133346,0.7343474914511535,0.2119581060084272,0.6058932945390372
5104,2024-08-07,0.3443138254185427,0.2255166152099997,0.0332960939399229,0.391086964142687,0.4554435327617095,0.7278255351345498,0.2080833015810492,0.616991077566299
5105,2024-08-08,0.3438165005626226,0.2251690857779018,0.0180516589974326,0.3885186508258306,0.4514214800644273,0.7471050838769312,0.2083820807826597,0.6222392686558608
5106,2024-08-09,0.348044574153954,0.2281232931094324,0.0149176924636102,0.3933050756892433,0.4593184371895792,0.7511039022953507,0.2064413214992897,0.6257927013944687
5107,2024-08-12,0.3468010120707659,0.227254428097448,0.0193177822823512,0.3948227280280919,0.4600738174658291,0.7511409102036107,0.2061429153054215,0.6433960324686387
5108,2024-08-13,0.3497855548218328,0.2293397289852545,0.0111580717838416,0.3975078309354889,0.467686249616921,0.7656299384391911,0.2096534776724092,0.634047688180146
5109,2024-08-14,0.3481689209893959,0.2282101754674569,0.0117672129463114,0.3968073717277812,0.4705507550880873,0.7689737718825463,0.2191554769006563,0.6265581016971379
5110,2024-08-15,0.3636511955042183,0.2390278369604284,0.0265041237078815,0.4098825174931447,0.4835586237843144,0.7831361719341845,0.2216945406027319,0.6330090110651458
5111,2024-08-16,0.3640864719141115,0.2393319459293839,0.0144890526397666,0.4128010882474086,0.4898468173103462,0.784911058642645,0.2153608691378803,0.6247540242794686
5112,2024-08-19,0.3711747414210681,0.2442845717906966,0.0142056189303409,0.422607405821101,0.5048363018612628,0.7936006097897547,0.223537198849868,0.6122895652281449
5113,2024-08-20,0.3655786964252596,0.2403745756574173,0.0147128680178362,0.4188716976028032,0.5033942296610866,0.7918096156052999,0.2331559495014659,0.6104854878104757
5114,2024-08-21,0.367506259832148,0.241721355786146,0.011987383600001,0.4202725603511114,0.5060527658749369,0.7956281874386909,0.2396412486135768,0.5989503868074367
5115,2024-08-22,0.3701177933198131,0.2435460510316187,0.01587708025582,0.4195721011434037,0.5101140006309365,0.7875485203338616,0.2439332622007568,0.604854617424037
5116,2024-08-23,0.3794443683505686,0.2500626836325911,0.0170456665846589,0.4249422512910906,0.5220624209473225,0.7978423760899997,0.2379573051608046,0.6148043208517527
5117,2024-08-26,0.3763976834247042,0.2479339208499025,0.0129436410187556,0.4235413885427824,0.5208264138041171,0.7949828669492233,0.2490294804804116,0.628963496545115
5118,2024-08-27,0.3900147241649766,0.2574482226772877,0.0276181234908444,0.4264599036299392,0.5268497212852751,0.7964246824833437,0.2453945200313549,0.6186311138205223
5119,2024-08-28,0.3936832057538967,0.2600114386818384,0.0276281217139411,0.4265766932204797,0.5273499870814166,0.7910146920217196,0.2474643399935729,0.613109562500799
5120,2024-08-29,0.3964811970088775,0.2619664367484781,0.0214545383130396,0.4291450065373362,0.5299593780724746,0.7909792555745323,0.239176294462756,0.620708551468353
5121,2024-08-30,0.3974138607605377,0.2626180751495315,0.0377435883635553,0.4336979635538821,0.5342071347559135,0.8000614362706338,0.2322141049520694,0.6078067327323371
5122,2024-09-03,0.3819315550027918,0.2518004550882998,0.0304669583247911,0.4153694015642651,0.522170387158018,0.780836652946633,0.2301804667408578,0.5902580403370673
5123,2024-09-04,0.3798174713427409,0.2503233307066646,0.0215533506064529,0.4019439983614943,0.5157645516561796,0.779410866315453,0.2272724983816125,0.5840258108114055
5124,2024-09-05,0.3839212918274011,0.2531906556801708,0.0163691960429545,0.4054462944000323,0.5216112045743185,0.7767300322986322,0.2322141049520694,0.5837524922901591
5125,2024-09-06,0.3721074051727283,0.2449362516234898,0.0233749265140878,0.3941222688203843,0.5117522705236629,0.7614444304453454,0.2370104250068867,0.5756615049590128
5126,2024-09-09,0.3782630734138718,0.2492372390837491,0.0139337844666646,0.4012435948208938,0.521542516221995,0.7715226817423213,0.2332713953977185,0.5813470557332668
5127,2024-09-10,0.3663870758273251,0.240939373132186,0.0378293279222997,0.3947059941046584,0.514744285335056,0.7754603703250162,0.2254981005513241,0.5651651227798892
5128,2024-09-11,0.3663249024096042,0.2408959112373039,0.022489611579014,0.3930716078423764,0.5221409766640664,0.7848917296714519,0.22290979982726,0.5736934280868127
5129,2024-09-12,0.3763355100069834,0.2478904589550205,0.0204461438392879,0.403228182853476,0.5340403475573149,0.7915907110778851,0.2213340286197649,0.5827684538540592
5130,2024-09-13,0.3861595973512,0.2547546624198305,0.0277745430878183,0.4139684831488499,0.5477741860358399,0.7964601189305311,0.2318108835826051,0.5810190568242052
5131,2024-09-16,0.3905121115067437,0.2577957521093857,0.0166289063699787,0.4180544488045551,0.5517765998039365,0.7975977781740479,0.2334636808888923,0.5888913226040903
5132,2024-09-17,0.3992792507497051,0.2639214348151177,0.0263702670417354,0.4231911311053752,0.5637839369078804,0.7978375831337283,0.239893028839653,0.5949049139963212
5133,2024-09-18,0.3989683211752538,0.2637042082041867,0.0173775125208693,0.4262264357830724,0.5619494693226036,0.7952113573891809,0.238885907935348,0.5933741968088133
5134,2024-09-19,0.4103468689341863,0.2716545032919122,0.0381584787861447,0.4443215299258225,0.5711118440849127,0.8105597391123186,0.2375900790384755,0.5990597058741522
5135,2024-09-20,0.4051860378624241,0.2680486161275884,0.0747929305125697,0.4424536201495666,0.568679011857219,0.8087751093452079,0.2449657476315407,0.5988957064196214
5136,2024-09-23,0.3964811970088775,0.2619664367484781,0.023961840971027,0.4424536201495666,0.5730542778808848,0.8113530126617726,0.2447902474887719,0.5904220815005132
5137,2024-09-24,0.4046264771029362,0.2676576248006084,0.0194360387271127,0.4415196930949921,0.5768899044503825,0.8136638461690471,0.2371068475082802,0.5969276295474214
5138,2024-09-25,0.4004606081722489,0.2647468793639598,0.0192987966200445,0.4380173970564541,0.5725342773559027,0.8119467892280586,0.2495388225525703,0.5867046075984592
5139,2024-09-26,0.4147614940216041,0.2747390548763495,0.0257786074867168,0.454945096297763,0.5882890095474894,0.8156656518563925,0.240125599166999,0.5756615049590128
5140,2024-09-27,0.4171864447702595,0.2764334058689157,0.0256794220780836,0.4538943796526481,0.5897310817476654,0.8145070136075564,0.2473468425547373,0.5784496208127821
5141,2024-09-30,0.4104090423519072,0.2716979651867943,0.02604071460473,0.4405857660404176,0.5808432687953414,0.8184189302286605,0.2461946216386641,0.5783949404249668
5142,2024-10-01,0.3824911157622798,0.2521914464152798,0.0418986542605673,0.4167703199796804,0.5608507430843906,0.8097728299802086,0.2409984372840634,0.5874699661922131
5143,2024-10-02,0.388709019906991,0.2565358957704212,0.0259479691226328,0.4140852170722834,0.5546018274167307,0.8098999611809828,0.2296248717086495,0.5889460029919056
5144,2024-10-03,0.3888333667424328,0.2566227781284457,0.0257211709307993,0.4187549080122626,0.5554062571161181,0.8083551363735526,0.2272152416931641,0.6086814103928064
5145,2024-10-04,0.3954241239359285,0.2612278745576605,0.0294588979683409,0.4314798520073258,0.5594479487425864,0.8165828351114219,0.2251931667219651,0.6123442039070451
5146,2024-10-07,0.4053726206014337,0.268178960380495,0.0282152100805167,0.4373169935158536,0.5651670923204984,0.8077114659182112,0.2156436090065703,0.6274327793576072
5147,2024-10-08,0.4056213142723173,0.268352725096544,0.0174016638263762,0.4174707791873879,0.5668544116363626,0.8165924995970184,0.2158319779164497,0.6079160517990525
5148,2024-10-09,0.4022015888401277,0.2659633152397819,0.018267565176038,0.4151359337173983,0.5675214646311028,0.8231756643224003,0.2158319779164497,0.6061119743813833
5149,2024-10-10,0.4022636997720016,0.2660067357029243,0.0192552812670219,0.4126842986568682,0.5592027016268984,0.8212462244174485,0.2107583266052062,0.6203805108503762
5150,2024-10-11,0.4069270810161498,0.2692650934351502,0.017003390733045,0.4160698607719727,0.5654123394361864,0.8268751194064875,0.2092793509068471,0.6187951132750531
5151,2024-10-14,0.411093012432684,0.2721758388717988,0.0155056250824206,0.422607405821101,0.5782535167334694,0.8340874971453428,0.2079525623673608,0.6093374499198448
5152,2024-10-15,0.4145749112825945,0.274608710623443,0.0236208315779746,0.4250590408816311,0.5860327360831602,0.8269121273147474,0.2054164827272238,0.5915701193911441
5153,2024-10-16,0.4115903997744511,0.2725234097356364,0.023458938570444,0.4160698607719727,0.5925563093604597,0.831290767874417,0.2014969173707654,0.5905314005672287
5154,2024-10-17,0.4080462650209727,0.2700470760891102,0.0232772135403762,0.405096092629732,0.5835115765739572,0.8311298502605816,0.1981120586129445,0.5920621177547365
5155,2024-10-18,0.415321054781092,0.2751300462033295,0.0303879864858974,0.4161865946954062,0.5855422418517843,0.8348630917577299,0.1929587701487125,0.5841351715870361
5156,2024-10-21,0.407859807253657,0.2699167318362036,0.0153278093301796,0.4035784402908834,0.5772920714002489,0.8331428918945963,0.1990723670455865,0.5914607586155134
5157,2024-10-22,0.4122743698552278,0.2730012834206409,0.0174387150109134,0.4075476720231551,0.5764680985713301,0.8326955755002776,0.1911259966067484,0.5998250644679062
5158,2024-10-23,0.4117147466098928,0.2726102920936609,0.017826057093098,0.4083648651542961,0.5796563110752736,0.8240413822273017,0.1879097373484632,0.5926087965061443
5159,2024-10-24,0.4058078970113269,0.2684830693494505,0.0543526310910628,0.4010100713069199,0.5771645620600222,0.8260431879146471,0.1852873064159756,0.5894380430644133
5160,2024-10-25,0.4073001840083221,0.2695257405092236,0.0326183206569422,0.4017105305146274,0.5744864827166406,0.8257632321245616,0.1921152131394214,0.5981303478258675
5161,2024-10-28,0.4143884535152787,0.274478407802276,0.0259381490251637,0.402644457569202,0.5834625271508197,0.8282413476630154,0.1878002595760879,0.5740761073836896
5162,2024-10-29,0.3970407577683654,0.2623574280754581,0.0718302923745514,0.4003096120992122,0.5727991634007766,0.8297539575184572,0.1909611271846363,0.5731467493354049
5163,2024-10-30,0.3992029555305723,0.2551456537468105,0.0382022059927243,0.4047458351923247,0.5649218452048105,0.8266562934521263,0.1915653997272193,0.580800376981859
5164,2024-10-31,0.4096322807884014,0.2622705457174336,0.0386561227917213,0.4080146077168888,0.5607624158028811,0.8092418332837734,0.1975952563859391,0.5843538514293822
5165,2024-11-01,0.4247674776663086,0.2726102920936609,0.0319667550291691,0.4235413885427824,0.5774784975280337,0.8129991967083862,0.2018119224091674,0.5856112083867285
5166,2024-11-04,0.4239407899110851,0.2720454946188922,0.0291585128123555,0.4314798520073258,0.5737605129343425,0.8104068359499536,0.1999970532388355,0.5964356311838289
5167,2024-11-05,0.4273748246022275,0.2743914840125119,0.0253257699814633,0.4346318906084566,0.5771057410721189,0.8216823048650981,0.199923011201982,0.5992783857164984
5168,2024-11-06,0.3992029555305723,0.2551456537468105,0.0802824725055953,0.3975078309354889,0.5433695095182226,0.8452213774178451,0.2093729758501732,0.5976383494622751
5169,2024-11-07,0.4131298635858977,0.2646599555741957,0.0541787478046003,0.4192218993731034,0.5507072840596751,0.8523114169121977,0.1778653848628608,0.6013011429765138
5170,2024-11-08,0.4023190622324043,0.2572744579612387,0.038727609138265,0.4052128265531655,0.5488924554035842,0.8559223987378968,0.1875814905352082,0.5904767201794134
5171,2024-11-11,0.414083772525523,0.2653116354069888,0.0218093202952976,0.4064969553780402,0.5533755918382909,0.8568573395030467,0.1750225063546531,0.5776842622190281
5172,2024-11-12,0.3982491090767941,0.254494015345757,0.0333874576309091,0.3942390027438177,0.5323137503830789,0.8540638317273198,0.1671207103410241,0.5781216219037204
5173,2024-11-13,0.3983762677753488,0.2545808977037815,0.0299435145611539,0.392137680787802,0.5317742067285655,0.8542874506379523,0.1596633530523876,0.579816338545759
5174,2024-11-14,0.4103954204372709,0.2627918812973202,0.0368489023340735,0.4042788994985909,0.5462143760602028,0.848460630126818,0.1514338697371171,0.5812923753454515
5175,2024-11-15,0.4203795340355409,0.2696126228672481,0.0300664834300632,0.4212065430727928,0.5571622647843056,0.8358205829892718,0.1461082516959262,0.5721080305114896
5176,2024-11-18,0.4259120934108424,0.2733922747476209,0.0210613117611576,0.4242418477504901,0.5609782524246175,0.8395216881074851,0.1466810050842819,0.5838071726779746
5177,2024-11-19,0.416691119461442,0.2670928687575795,0.0340581849386208,0.4184047062419623,0.5525025695862346,0.8432807015662241,0.1562493996906646,0.5850645296353209
5178,2024-11-20,0.41141287748325,0.2634869815932557,0.0279698162055612,0.4126842986568682,0.5526104399972754,0.8433016019984899,0.1582362254302132,0.5822217751026514
5179,2024-11-21,0.4141474456035707,0.2653550973018708,0.0216007309693949,0.4140852170722834,0.5547882535445153,0.8483866143102982,0.1486275459876582,0.5889460029919056
5180,2024-11-22,0.3938611029601795,0.2514963461193443,0.0627902397025714,0.4091820582854372,0.5591928342624782,0.8517063258261888,0.1366049469405812,0.5951782325175674
5181,2024-11-25,0.402509769037313,0.2574047607824057,0.0440669901732317,0.4139684831488499,0.5646079097367992,0.8546077144045504,0.1382527086423468,0.5826044543995283
5182,2024-11-26,0.3968499884776097,0.2535382265440084,0.023737370006328,0.3961069125200737,0.5553964855513523,0.8601207141394842,0.1326872466228346,0.5816750546423284
5183,2024-11-27,0.3948150743856516,0.2521480259521373,0.0274742728175927,0.3872344663338487,0.5516294515345236,0.8564373665313914,0.1400244954184391,0.5814017361210821
5184,2024-11-29,0.3948150743856516,0.2521480259521373,0.0385408902666378,0.3955231872357995,0.5576919410743989,0.8618505784882143,0.1512593021137043,0.577465582376682
5185,2024-12-02,0.3948150743856516,0.2521480259521373,0.0232368380467891,0.3978580327057892,0.5669132326242657,0.8642273347874848,0.1484535378758589,0.5780122611280898
5186,2024-12-03,0.4028913701046712,0.2576654492882188,0.0216701662362267,0.4080146077168888,0.5804802839041924,0.8646666367303333,0.1415929929749586,0.5880713253314362
5187,2024-12-04,0.4074700830261946,0.2607934213357984,0.021727914775492,0.4133847578645757,0.5861700169881529,0.8705578871454445,0.1430952816572137,0.5804176976849821
5188,2024-12-05,0.4335433024419969,0.2786055891147467,0.0461444198299537,0.4361495429473052,0.6045243686060316,0.8687265849844773,0.1436139489229309,0.5791056603398205
5189,2024-12-06,0.4288374933077657,0.2753907347091426,0.0183879106444319,0.4315965859307593,0.5999431333250499,0.8711661211535986,0.1547929909607168,0.5730920689475896
5190,2024-12-09,0.4299185609459457,0.2761292968999602,0.0197919221370679,0.4332309721930414,0.5940081531254015,0.8651445966155679,0.1516433135844384,0.5794883396366974
5191,2024-12-10,0.4330981532682847,0.2783014801457912,0.0223505787296897,0.4338146974773156,0.5894956061967432,0.8622577440521279,0.1500382612691699,0.5806910162062284
5192,2024-12-11,0.4281379017652501,0.2749128195923985,0.0233593399946745,0.4289115386904694,0.5722105703231256,0.870187729489791,0.1465594045602807,0.589984721815821
5193,2024-12-12,0.4312540084670822,0.2770416238068268,0.0301679897418441,0.4381341866469946,0.5698071485893835,0.8648871127188206,0.1424732912468698,0.5885086433072133
5194,2024-12-13,0.4339249035093551,0.2788662776205599,0.0203649501730394,0.4403522981935508,0.5685612740817579,0.8648613407572298,0.137342569751049,0.5954515927477289
5195,2024-12-16,0.4324622972896639,0.2778670683556688,0.0216196428518559,0.4440880064118486,0.5711608935080502,0.8685608744143705,0.142974240644826,0.5922807975970826
5196,2024-12-17,0.4055622651469441,0.2594901031019518,0.0403975031690209,0.4296119978981769,0.5524730632926284,0.8647841034455109,0.1441156443363715,0.5888366839251902
5197,2024-12-18,0.4113492668910491,0.2634435196983736,0.0320599200023893,0.4319468433681667,0.5553964855513523,0.8360684024004225,0.1406272759300528,0.5915701193911441
5198,2024-12-19,0.3977402868250341,0.2541464444819195,0.0445426836207004,0.4210897534822523,0.5379348909143703,0.8352509283504503,0.1179733967148088,0.5879073258769054
5199,2024-12-20,0.3923984967404883,0.2504971368544532,0.0698745183054843,0.4168870539031137,0.5406227418225175,0.8455126477276536,0.1202728029424342,0.5854472089321978
5200,2024-12-23,0.3892188419323023,0.2483249121768825,0.0360425434279265,0.4167703199796804,0.5375228566000837,0.852467462996708,0.1309313126757916,0.5842444906537516
5201,2024-12-24,0.3878833944111658,0.2474125852700159,0.0099688671501093,0.4147856762799909,0.5412702516877265,0.8630832325535704,0.1266680206847712,0.5889460029919056
5202,2024-12-27,0.3964048393038977,0.2532341175750529,0.0192206532234187,0.42179021268996,0.5469304784780807,0.8519477022469418,0.1293831440412292,0.5916794384578595
5203,2024-12-30,0.3974859694279246,0.2539726797658705,0.0207144821922735,0.4208562856353854,0.5474406116386427,0.8416650824374728,0.1303525911635583,0.5938115147845905
5204,2024-12-31,0.4061346355050581,0.2598810944289318,0.0135792849558161,0.4256427104987982,0.5531499836517889,0.8375922482025334,0.1267189362416001,0.597802348916806
5205,2025-01-02,0.398312594697301,0.2545374358088995,0.027834329004824,0.4166535860562469,0.5611843174815881,0.8354874332418782,0.118224990437014,0.6055106152421602
5206,2025-01-03,0.3977402868250341,0.2541464444819195,0.0239319685654811,0.4178209809576882,0.5587023400311023,0.8473825292579533,0.1051370812778276,0.6100481281257835
5207,2025-01-06,0.4170091099365993,0.2673100953685105,0.0247872540493375,0.4426871436635404,0.5740646768375882,0.8526782744995987,0.1109479823917964,0.6078613714112372
5208,2025-01-07,0.4226052799041017,0.2711331677120257,0.030952745909156,0.4502753496906766,0.5744276617287373,0.8420013751070116,0.1236244640111872,0.6116335257011065
5209,2025-01-08,0.4194892356881166,0.2690044049293371,0.0243182260839333,0.4519097916200657,0.5730738210104162,0.8434850700787172,0.1172363334159545,0.6065493340660756
5210,2025-01-10,0.4193620769895618,0.2689175225713126,0.0240920645067689,0.4538943796526481,0.5655006667176959,0.8288077808066381,0.1097360802369493,0.6243166645947763
5211,2025-01-13,0.4218422027410791,0.2706118321321392,0.0189754343120974,0.471931079000128,0.5622928152845666,0.830285032787946,0.101417634575132,0.6366171241915691
5212,2025-01-14,0.4343064420908664,0.2791269246946333,0.0338472156856938,0.4777682205086556,0.5685612740817579,0.8313615621957381,0.1046752976928164,0.6294008562298072
5213,2025-01-15,0.444417839359385,0.2860345900543254,0.0336573864665694,0.4815623235222237,0.5829229834963062,0.848579746876122,0.1111807392230137,0.6432867134019232
5214,2025-01-16,0.4465799746357449,0.2875116730042209,0.0276425656997431,0.4768926325822443,0.5772430219771113,0.8465569621834572,0.1093710921610744,0.6358517655978152
5215,2025-01-17,0.4487421723979519,0.2889887973858561,0.0291996556163384,0.4771844952243814,0.5846691238000735,0.8561026453229252,0.1104164463589687,0.6314782521687228
5216,2025-01-21,0.4474703354690162,0.2881199323738716,0.0251272779544502,0.4833134437079391,0.5857580784735207,0.8645637060300773,0.128992231927262,0.6205991906927223
5217,2025-01-22,0.4409201315901948,0.2836451387658237,0.0284659635342669,0.4783518901258228,0.5813730408850891,0.8705385581742514,0.1266849925370474,0.6181391154569298
5218,2025-01-23,0.4556738523724376,0.2937242380679775,0.0186333814612266,0.4946958640828575,0.592046176199898,0.8757426086623099,0.1273459622564654,0.613656282961122
5219,2025-01-24,0.4592987188401827,0.2962005717145037,0.0219550302206622,0.4996574176649738,0.591173058148187,0.8729314219495161,0.1282620692716407,0.6138749628034681
5220,2025-01-27,0.461778782105853,0.2978948812753302,0.0250338104838624,0.5034515206785419,0.592595491419177,0.8586161187355129,0.1363304132422225,0.6057292950845063
5221,2025-01-28,0.463305061403592,0.2989375524351034,0.0304573058129716,0.5124990399163635,0.6080068776488007,0.8675342388956337,0.1328067956042529,0.6090094093018681
5222,2025-01-29,0.4751333822889115,0.3070181917757354,0.0365302851242059,0.5197954389684696,0.6209853358510761,0.8629657658383928,0.1303014891028584,0.602722541097306
5223,2025-01-30,0.4776771186326297,0.3087559632314441,0.0263684193835983,0.5285511512312611,0.6340422539704406,0.8680925790147325,0.1297061687460916,0.6033239002365292
5224,2025-01-31,0.4696644335058109,0.3032820017902448,0.0208908191856061,0.5189199067091653,0.6290687191040126,0.8631620413263619,0.1253307879284995,0.6022305010247985
5225,2025-02-03,0.4540840249683446,0.2926381050133223,0.0366922656135536,0.5011166752085523,0.6130687397967381,0.8557662740803329,0.1019433889879535,0.6056746564056061
5226,2025-02-04,0.472780477721796,0.3054107645729333,0.0272224600960571,0.5160013359549015,0.629451247124693,0.8627356253643089,0.1143947604348449,0.6031598590730832
5227,2025-02-05,0.5253721282129598,0.3413392090997855,0.1164379781473519,0.5177524561406169,0.645529686349057,0.8665332967654342,0.1215007444302016,0.5940301946269366
5228,2025-02-06,0.554116242671035,0.360976030692467,0.0696253890623383,0.553067056499706,0.6645902730203935,0.8700879417116802,0.1258891805187754,0.591734118845675
5229,2025-02-07,0.5412704022538894,0.3522002910558994,0.0438407959221356,0.5539425887590103,0.6604603499120704,0.860822371508405,0.1235231924091431,0.5938661951724058
5230,2025-02-10,0.5358014534707889,0.3484641010704087,0.0288320549128804,0.5454787948054628,0.6624124594731536,0.8673314418442133,0.1119288062502668,0.6010824631341677
5231,2025-02-11,0.5576775610324262,0.3634089438758508,0.0416296814009083,0.5571530221554112,0.6688869833273156,0.8676629415574806,0.110350050980833,0.6065493340660756
5232,2025-02-12,0.5717952383785072,0.3730535899561425,0.046547388483468,0.5720376829017604,0.6822971147730635,0.8650030079729256,0.1202728029424342,0.5958889524324212
5233,2025-02-13,0.5659446885280484,0.3690567114648387,0.031386777985726,0.5717458202596233,0.6847299470007572,0.8751568465474941,0.1245027107405154,0.5954515927477289
5234,2025-02-14,0.5749748307008462,0.3752257732019736,0.0440178622819433,0.5772910991260138,0.6866625134323091,0.875086052226173,0.1354053540412312,0.5924447970516135
5235,2025-02-18,0.5964694621668192,0.3899099689333422,0.042813246092432,0.6006395538259105,0.7050953249672772,0.8774918019822332,0.1391123049845584,0.5985130271227445
5236,2025-02-19,0.5766282686971401,0.3763553267197712,0.0337905063882558,0.5816689274238561,0.684053122441251,0.8798363433295151,0.1333189352344792,0.6006997838372907
5237,2025-02-20,0.5784088653919887,0.3775717625955933,0.0415420309441589,0.5842956355359828,0.6877513723061018,0.8755511261306123,0.1290433339879619,0.6024491808671446
5238,2025-02-21,0.5866760553734579,0.3832195301845811,0.0358874044382753,0.5913001719459519,0.6862701180472083,0.8587529144218836,0.1414894833264606,0.5905860809550441
5239,2025-02-24,0.5957063225179496,0.3893886333534557,0.0518588196048695,0.5980128457137837,0.6922443761052287,0.8539447149780158,0.1374626782440808,0.5922261172092673
5240,2025-02-25,0.6071531673076048,0.3972086256200143,0.0494944095361369,0.6079359528780165,0.7024367887534272,0.8494390217906257,0.1353538789727888,0.582549774011713
5241,2025-02-26,0.6309370302626455,0.413456786659303,0.0351780670832855,0.6289496177750304,0.7235476796317767,0.8495693744865987,0.145172002262665,0.5808550573696744
5242,2025-02-27,0.6266126972240788,0.4105025793277723,0.058537707467332,0.6263229096629037,0.7175243721506189,0.8343642314402295,0.1396457060560978,0.5903127207248826
5243,2025-02-28,0.62966519333371,0.4125879216473185,0.0658245507447434,0.6225287509822287,0.7250485728198562,0.8493183335802492,0.1249926564100727,0.5870872868953362
5244,2025-03-03,0.6392041577582678,0.4191045542482909,0.0336856768214228,0.6286577551328935,0.727579503893825,0.8324574205747234,0.127922818729987,0.5794883396366974
5245,2025-03-04,0.5907460085290681,0.385999972800063,0.054121936269376,0.5889653264759621,0.6940886152552711,0.8209404966657721,0.139060643412245,0.5788869804974743
5246,2025-03-05,0.621779541933752,0.407200801132404,0.0410733697699879,0.6234043389086399,0.7119720157713055,0.8313164612629542,0.161269710894754,0.5682265571549048
5247,2025-03-06,0.6409847544531163,0.420320990124113,0.0518268223397661,0.6403319824828417,0.713953631625995,0.8145633504870096,0.1875449357764593,0.5684999173850662
5248,2025-03-07,0.6297923520322647,0.412674804005343,0.032285143521515,0.6420831026685572,0.716200037725904,0.8196612487796132,0.186451836587546,0.5722173912871202
5249,2025-03-10,0.5951975627520366,0.3890411039213577,0.0475244992486244,0.6187346479686606,0.6990916564153052,0.7946160093618222,0.197816636481015,0.566695839967397
5250,2025-03-11,0.5838779391467832,0.3813079940128236,0.0431679321608905,0.6056011074080269,0.6789421150705214,0.7877785822348918,0.1945015301710109,0.5678985582458431
5251,2025-03-12,0.6016840935528103,0.3934723942027839,0.0340646217031635,0.6254473217364925,0.6717514887984818,0.7921603657167067,0.2061988664667717,0.5757161853468281
5252,2025-03-13,0.6021928533187233,0.3938199650666216,0.0279151969857534,0.6193183732529348,0.6734485796791113,0.7796442282847357,0.2018305727962841,0.5695386362089816
5253,2025-03-14,0.6286476738018839,0.411892821351383,0.0396620340466647,0.6432505532371056,0.6914889958289788,0.7985391619295955,0.1970418994001848,0.5729827498808742
5254,2025-03-17,0.6430197935167684,0.4217112321477237,0.0387612411539506,0.6487957764363891,0.7054190320000545,0.8043611894844582,0.2010522921419018,0.5751695065954203
5255,2025-03-18,0.6751979426659862,0.4436940431340248,0.0603568770979977,0.6668908705791392,0.7257745426021543,0.7946321168378164,0.2069819962218044,0.5714520326933663
5256,2025-03-19,0.6727814275066697,0.4420431540363407,0.0433443408260733,0.6587188836006219,0.7310129635134562,0.8043885329071216,0.2101589031632735,0.5728734308141586
5257,2025-03-20,0.6523044405442168,0.4280541000326471,0.0419991761384064,0.6374134117285779,0.7210265201225737,0.8023931702101739,0.2058448821192957,0.5788869804974743
5258,2025-03-21,0.6573918507458061,0.4315296429440644,0.1039434656156043,0.6371215490864408,0.725333097793916,0.8031446428950965,0.1972078878455241,0.5789962995641899
5259,2025-03-24,0.6652773771740701,0.4369167220272392,0.029931922693389,0.6406238451249788,0.7226942005092517,0.8192379757397054,0.1939317608445938,0.583533812447813
5260,2025-03-25,0.6801582566548676,0.4470827036874176,0.0285410650932522,0.6584270209584848,0.7384881147595558,0.8206991202450191,0.1888952238037129,0.5829324533085899
5261,2025-03-26,0.6652773771740701,0.4369167220272392,0.025683576937397,0.6517143471906529,0.7333772031884808,0.8103280271771621,0.1863791000777908,0.5864859277561131
5262,2025-03-27,0.6589180675576982,0.4325723141038375,0.0313239070171702,0.641499377384283,0.7324353967844462,0.8072882714513571,0.1792721835630781,0.5879619645558056
5263,2025-03-28,0.6418750528005407,0.4209292080620241,0.0317058420906593,0.616691665140808,0.7213208166613992,0.7892059403271444,0.1884934944652179,0.58490053018079
5264,2025-03-31,0.6263583173411222,0.4103288146117234,0.0332610411352078,0.6061848326923011,0.7042614847739382,0.7941799289141727,0.1920784718768013,0.5964903115716442
5265,2025-04-01,0.6425110337508554,0.4213636612838862,0.0268320519342826,0.6184427853265235,0.7201142200121454,0.797594556678849,0.1912906795249895,0.5949595526752213
5266,2025-04-02,0.6461994483249544,0.4238834568252944,0.0247191668456873,0.616983472115838,0.725333097793916,0.8036933971016522,0.187709059183087,0.5977476685289906
5267,2025-04-03,0.6042277674106815,0.3952101656584926,0.0571564096272087,0.6056011074080269,0.7097353812361623,0.7595295265553152,0.2053420676826278,0.5717253512146127
5268,2025-04-04,0.5370732903997244,0.3493329660823931,0.1065887249911658,0.5370149451848084,0.634277729521363,0.7076432605790072,0.2264707182394632,0.5446096972518767
5269,2025-04-07,0.5051494586476163,0.3275239198121411,0.1266158920584077,0.5049108338892273,0.5718672243611623,0.7057395926356462,0.2172089359972799,0.5375574287446457
5270,2025-04-08,0.538345189814507,0.3502018725261173,0.0650309504819219,0.5054945035063945,0.5993152623890269,0.6929498638309337,0.2063851838340682,0.5314345391401569
5271,2025-04-09,0.5206661316211878,0.3381243132624418,0.0543619505395787,0.4984899670964254,0.5730247715872786,0.7692457132211616,0.2165673626804634,0.5465777532696192
5272,2025-04-10,0.5584407006812957,0.3639302794557373,0.0672538729404623,0.5381823957533568,0.6230551831876204,0.7388564061337426,0.2121270785157052,0.5341132942182956
5273,2025-04-11,0.5490287699835987,0.3575004877810497,0.0280194289358359,0.5323452542448291,0.6209362864279383,0.7541934733371575,0.2599658809818086,0.5419309213192806
5274,2025-04-14,0.5757379703497157,0.3757471087818602,0.0251092040002374,0.5542344514011472,0.6527006736919109,0.7610502294352809,0.2733117249948198,0.5420949207738113
5275,2025-04-15,0.6021928533187233,0.3938199650666216,0.0793178147244034,0.5691191121474966,0.6791383127630718,0.7595472054923822,0.2727682527142374,0.5410015632709958
5276,2025-04-16,0.6046094309638866,0.3954708541643056,0.0345532076516778,0.5714539576174862,0.6852989011492222,0.740087488738026,0.2654157106011972,0.5472337927966576
5277,2025-04-17,0.5940528845216558,0.3882590798356581,0.0310302537451105,0.5664924040353698,0.6829347572738523,0.7412139120348735,0.2817051452128465,0.5593155725511043
5278,2025-04-22,0.6081706243535839,0.3979037259159498,0.0344688351280753,0.5694109747896337,0.6920186721190721,0.7420280860165933,0.2998515988697119,0.5572928152910889
5279,2025-04-23,0.6421294326834972,0.4211030142098127,0.0768010050062924,0.5950942749595198,0.7114128331876061,0.7562049435100995,0.2745806973342442,0.5461404144393845
5280,2025-04-24,0.6337351464893202,0.4153683642628002,0.0228089497233744,0.5889653264759621,0.7086072445039978,0.7737305059762861,0.2708390566708798,0.5489831898265115
5281,2025-04-25,0.6543393546361749,0.4294443006245182,0.0753627175053172,0.6009314164680475,0.7258333635900577,0.7802380048510218,0.2778120634060941,0.5502405676383155
5282,2025-04-28,0.6694745515140821,0.4397840470007455,0.0458596612452979,0.6091034034465649,0.7357217081346649,0.7808076594898432,0.2733117249948198,0.5449376961609383
5283,2025-04-29,0.6705095045972087,0.4309214250061534,0.0303486660441046,0.5942187427002157,0.7269713676866424,0.7859699091133703,0.2836376983258852,0.5360266907026803
5284,2025-04-30,0.6380391091417794,0.4091123787359013,0.0782311429963058,0.577874824410288,0.7192116914664829,0.7872942579323132,0.2805273732664231,0.5239449109482336
5285,2025-05-02,0.6580905674864643,0.4225800971597082,0.03794606871823,0.5872142062902467,0.7347996364594708,0.8062197564950352,0.2660143880276451,0.5243822706329259
5286,2025-05-05,0.6641706278527914,0.4266638580090365,0.023990241995649,0.6000558285416363,0.7417940650389604,0.8003800500031056,0.2701969238424497,0.518040701186091
5287,2025-05-06,0.6596429033823838,0.4236227683194813,0.0219644856348938,0.6044337125065855,0.7429908901234484,0.7933850053305924,0.2686537908124089,0.5287557632075607
5288,2025-05-07,0.6599016572746272,0.4237965330355303,0.0527742588509625,0.6064766953344382,0.7381055867388754,0.7973065078642394,0.2732512977405614,0.5231795523544798
5289,2025-05-08,0.6870681290687659,0.4420431540363407,0.0717367637720914,0.6213613560807874,0.7389394269322144,0.8025621022754795,0.2675330890505629,0.5332385957033686
5290,2025-05-09,0.6989696208808704,0.4500369110189483,0.0386806956963468,0.6219450256979545,0.7453353950696325,0.8019136388638667,0.2547074043342381,0.5393068257744996
5291,2025-05-12,0.7134584016720212,0.4597684394572645,0.0344744318563742,0.6353704289007253,0.7552630174726117,0.8315675021693038,0.255555250932566,0.5443910174095306
5292,2025-05-13,0.715786999244671,0.4613324461969242,0.0243259023498846,0.6461690683242624,0.7664266470187963,0.8383839502909147,0.2345800930617017,0.5537940212313811
5293,2025-05-14,0.7305344714422184,0.4712377393512894,0.0460494809784422,0.6563840381306323,0.7734015324687543,0.839354327503252,0.2486574052574321,0.5509512666987116
5294,2025-05-15,0.7270416375690906,0.4688917499576697,0.023223383764918,0.6528817977592013,0.7822304286335205,0.8432726871147539,0.2480900604813403,0.5425869399918614
5295,2025-05-16,0.7326043151226247,0.4726279813749001,0.0303890531316674,0.6560921754884952,0.7954050845283461,0.8499426750643975,0.2497740039341125,0.5473431327178307
5296,2025-05-19,0.7364851861053472,0.4752346178425932,0.0240723431540003,0.6598863341691703,0.7987894947248398,0.8507826995807617,0.2489707317609937,0.5484364902206462
5297,2025-05-20,0.7495510391896235,0.4840103989109004,0.0380925301440234,0.6776895656697833,0.8208029141488521,0.8470590439961564,0.2561472142196519,0.5477258120147076
5298,2025-05-21,0.7485160861064969,0.4833152571832252,0.0278057192886382,0.673311681704834,0.8192528757379806,0.8316350749954261,0.2646777147829868,0.5423136006161575
5299,2025-05-22,0.753431910172346,0.4866170353785935,0.026442105423543,0.6724361494455298,0.8158096445535837,0.8312166734848434,0.2714414641747511,0.5402908642105997
5300,2025-05-23,0.7399780199784749,0.4775806072362128,0.0464535605456338,0.6482121068192219,0.7992897605209816,0.824910321627402,0.2637215094355105,0.5420949207738113
5301,2025-05-27,0.7574422518299605,0.4893105956360508,0.0287502225239672,0.6645560251091496,0.8126116604848747,0.8440144953140799,0.2804055862385508,0.5385961267141035
5302,2025-05-28,0.7482573947001004,0.4831414924671763,0.0285343648292605,0.6467527936085365,0.7989464145590185,0.8387057855185855,0.2723661503680001,0.5437896582703076
5303,2025-05-29,0.7477399494014606,0.4827939630350783,0.0180846596684382,0.6473365188928107,0.8005159960994214,0.8425066784149097,0.2561867530403394,0.5388694660898073
5304,2025-05-30,0.7478692951046588,0.4828808453931029,0.0564841635086723,0.645001673422821,0.8040083725066104,0.8424294411031908,0.2788242199149207,0.5380494479626957
5305,2025-06-02,0.7491629395941819,0.4837497104050873,0.0236408122142011,0.6455853987070952,0.8089721358082728,0.8463316932386984,0.2749033490313641,0.5475071321723615
5306,2025-06-03,0.7438590159328912,0.4801872851356456,0.0245836090270977,0.6423749653106943,0.8016736391251921,0.8518721149693492,0.2905683686823446,0.5523726439650464
5307,2025-06-04,0.7373907309994286,0.4758428357805042,0.0182842215032146,0.6397482571985675,0.799015102911342,0.8519429092906704,0.2797766951849736,0.5493111887355732
5308,2025-06-05,0.7501978301914616,0.4844448107010229,0.0190203177542597,0.6444179481385469,0.8090604630897823,0.8468723544207302,0.2856560432196611,0.5521539641227002
5309,2025-06-06,0.7539494179568328,0.4869646062424311,0.0205901673681782,0.6467527936085365,0.8133669449614699,0.856697993350284,0.2906297284559587,0.5587688937996965
5310,2025-06-09,0.7545962714445178,0.4873990594642932,0.0145426157537823,0.6473365188928107,0.8137299298526189,0.8575862617215773,0.2834340360985703,0.5626503671562814
5311,2025-06-10,0.7360971489957525,0.4749739707685197,0.0230707901799451,0.6435424158792427,0.8107673255351776,0.862885307031475,0.2865954632187322,0.5609556505142428
5312,2025-06-11,0.7389431293811951,0.4768855069402773,0.022061683203683,0.6476283815349477,0.8022327259092369,0.8602189304565224,0.2880679112816005,0.5782856213582512
5313,2025-06-12,0.743729607743846,0.4801004027776211,0.0201616044861738,0.6452935360649581,0.7977987346973224,0.863923178496881,0.2993126026820376,0.5776842622190281
5314,2025-06-13,0.7256186473763693,0.4679360025876607,0.0265749228478619,0.6301170126764718,0.7803076337667342,0.8529341869352733,0.3135372529359905,0.6046906179695062
5315,2025-06-16,0.7604175779186014,0.4913090141658329,0.0332588003358926,0.645001673422821,0.7999470419509561,0.8619680452033921,0.3067207229486859,0.5980756674380522
5316,2025-06-17,0.7357090494003108,0.4747132822627066,0.0254357947034348,0.6356622915428624,0.7804155999774297,0.8538594632148268,0.3058853721097261,0.614858959530653
5317,2025-06-18,0.7389431293811951,0.4768855069402773,0.0219316862774673,0.6371215490864408,0.7815437367095942,0.8535617499146205,0.2951360349911103,0.6164990374937914
5318,2025-06-20,0.7328630065290211,0.472801746090949,0.0585921569934945,0.6274903045643451,0.7743922924962717,0.8514649494054357,0.2998515988697119,0.6153509996031605
5319,2025-06-23,0.7253598934841259,0.4677621964398721,0.0207724562870671,0.6204857681543761,0.773323072551665,0.8606903687783057,0.2979873061735205,0.5802536982304514
5320,2025-06-24,0.7531732187659496,0.4864432706625446,0.0286914853347689,0.6394563945564304,0.7925209401279941,0.8714734989394013,0.3133479515067554,0.5576208559090657
5321,2025-06-25,0.7313106706331016,0.4717590749311759,0.0209701999756448,0.6158160772143968,0.7706154869146772,0.8714702774442025,0.3154129223683231,0.5606276098962659
5322,2025-06-26,0.729111481249497,0.4702819919812804,0.0194490977598102,0.6187346479686606,0.7709784718058265,0.8793326900557433,0.3265992380570848,0.5623770069261199
5323,2025-06-27,0.7486454942955421,0.4834021809729894,0.0219716781158565,0.6333274460728727,0.7860366447090664,0.8844900681499452,0.3279243480617304,0.5639077241136277
5324,2025-06-30,0.7473517873201719,0.4825332745292652,0.0207307517022588,0.6359541541849995,0.7882831466086299,0.8896201813945374,0.333437588997316,0.5616663287201813
5325,2025-07-01,0.7393312914624838,0.4771461954460904,0.0164639335808869,0.6239880641929141,0.7878417018003917,0.8885033440102328,0.3427803139195859,0.5635250448167507
5326,2025-07-02,0.7593826873213217,0.4906139138698973,0.0377757005144184,0.6347867036164512,0.7934528791676082,0.893235956176508,0.3456541520704075,0.5744587866805666
5327,2025-07-03,0.775941311792879,0.5017356843318244,0.0268817363364076,0.6476283815349477,0.8070200262471893,0.9015924361492778,0.3448258883785522,0.5719987114447741
5328,2025-07-07,0.7825388174578458,0.5061669746132504,0.0225942830461776,0.641499377384283,0.7964154834850498,0.8936479146966929,0.3417810261778697,0.577082903079805
5329,2025-07-08,0.7923705280753909,0.5127705310039872,0.0314292256389808,0.6540491926606425,0.7968765672224739,0.8929302284248315,0.3348589349994844,0.5792696597943513
5330,2025-07-09,0.815009275399122,0.5279760623152423,0.0327307906538014,0.6677664585055505,0.8140340937558647,0.8990032183129901,0.332985876621348,0.5795429783155975
5331,2025-07-10,0.7879722117940287,0.5098163236724564,0.0255524827994753,0.6531736604013384,0.8029684672563008,0.90177103270018,0.3340189215637454,0.5696479552756971
5332,2025-07-11,0.7712841791334263,0.4986076708525049,0.017706918452181,0.6289496177750304,0.7899802374892596,0.8984384352034938,0.3295726692751097,0.5799256576124745
5333,2025-07-14,0.7737421224092743,0.5002585599501892,0.0188464955996693,0.6327437207885985,0.7926092674095037,0.8998561288101499,0.3263429817381005,0.5718893923780586
5334,2025-07-15,0.7624874215990078,0.4926992561894436,0.0154267048894189,0.6178590600422493,0.776785942665248,0.8958653248432007,0.3238697539025468,0.5693745950455356
5335,2025-07-16,0.7661096011753338,0.4951321279410877,0.0181364046362551,0.6149404892879855,0.777865029974275,0.8990740912073649,0.3146538516126709,0.5686092364517817
5336,2025-07-17,0.7813745811573679,0.5053849919592905,0.0153648320567763,0.6193183732529348,0.7885381652890836,0.9044905246593868,0.3190911517154906,0.5749508267530742
5337,2025-07-18,0.7767175109837622,0.5022570199117109,0.0190299238901761,0.6187346479686606,0.7879986216345701,0.9043988299058,0.3159194668824143,0.5738574275413435
5338,2025-07-21,0.7805983819664846,0.504863656379404,0.0149932788615818,0.6131893691022701,0.7921678226012653,0.905816523512456,0.3183076489527154,0.5730920689475896
5339,2025-07-22,0.7733540228138327,0.4999979128761156,0.0150124595134809,0.6108545236322803,0.7931488110640171,0.9064634154629962,0.3282880306105074,0.567679878403497
5340,2025-07-23,0.7934054811585176,0.5134656312999226,0.0242147846321982,0.6239880641929141,0.7957386589255436,0.9143950509347856,0.3352684975005684,0.5624316873139352
5341,2025-07-24,0.8185021092722499,0.530322051708862,0.0281082535461305,0.6324518581464614,0.8142400630131809,0.9151095157114482,0.3407612230103254,0.566695839967397
5342,2025-07-25,0.8205719529526563,0.5317122523007329,0.0171343130693259,0.6344948409743141,0.8123565460047665,0.9191791284511888,0.337924312625995,0.5619396889503429
5343,2025-07-28,0.8152680292913655,0.5281498270312912,0.0215777759513869,0.6432505532371056,0.8106790940533227,0.9193609464972898,0.3380322983674011,0.5704133138694509
5344,2025-07-29,0.8366130696397266,0.5424864518988224,0.0359310789449651,0.6619293169970228,0.8231866969534082,0.916317969276286,0.3129900505779848,0.5840804911992208
5345,2025-07-30,0.8336376810652387,0.5404879919373007,0.0329837522329351,0.6654316130355609,0.8264140915160688,0.9150370713560008,0.3058227068090138,0.5883993242404979
5346,2025-07-31,0.8131981231251122,0.5267595850076805,0.0376541524345388,0.7284724963923886,0.8280229509148437,0.9112539359697972,0.2867998714615321,0.5843538514293822
5347,2025-08-01,0.7690850522356686,0.4971305879026095,0.0453234377583793,0.711836659793217,0.8015068519265934,0.8949400485636472,0.2859214382283326,0.5738027888624434
5348,2025-08-04,0.8059537639724602,0.5218938415043923,0.0207474955112526,0.7378118782723473,0.8269536351705823,0.9097332330898316,0.311413533355005,0.5681172380881893
5349,2025-08-05,0.8073768166510286,0.522849630306141,0.0197765116352866,0.7454001399665905,0.8290529888007331,0.904785016464394,0.3110144150707064,0.5619396889503429
5350,2025-08-06,0.8225123884440174,0.5330155705345796,0.0180296852513731,0.7634951784422336,0.841717511534997,0.9121663262685552,0.3102379994550357,0.557511495133435
5351,2025-08-07,0.8441162451704689,0.5475260015498993,0.0257783260693052,0.7783798391885828,0.8568542401549809,0.9113520737137816,0.3233799947368607,0.5549420799764695
5352,2025-08-08,0.8674017834960381,0.5631659446512769,0.028569772831233,0.8043550020006062,0.8699994855558549,0.9193094811471618,0.3254893535197662,0.5549420799764695
5353,2025-08-11,0.8732231524559688,0.5670759407845563,0.0210290541585985,0.8113595384105752,0.8730405497903856,0.9167347993257962,0.3209996458291486,0.5553794188067042
5354,2025-08-12,0.8751636504331768,0.5683793004501423,0.0215276804901214,0.7938482252192062,0.8733446178939769,0.928370682837944,0.3163838615216217,0.5510605857654272
5355,2025-08-13,0.8908166050389588,0.578892770110679,0.0237244089954255,0.8093165555827226,0.8891287605795152,0.9317210378447508,0.3255533243475768,0.5482178312327577
5356,2025-08-14,0.901424577333234,0.5860177035130418,0.0219622290256117,0.8279953193426399,0.9074241954098362,0.9320364300820236,0.331159630714875,0.5553794188067042
5357,2025-08-15,0.9047880655031636,0.5882768105486369,0.0215922821230589,0.8358754436790201,0.914369574566188,0.9290207962836832,0.3215304358464916,0.5490378493598693
5358,2025-08-18,0.8994841418418729,0.5847143438474556,0.0165002416969776,0.8288709629361581,0.9118680539861708,0.9289162155493008,0.3301730252363983,0.5524273034984041
5359,2025-08-19,0.9042705577186768,0.5879291982530597,0.0186880628669043,0.8312057527390408,0.916978965557246,0.9228367826707444,0.3241890485299858,0.5465777532696192
5360,2025-08-20,0.8957324915906548,0.5821945483060473,0.0161171345779389,0.8224500961433563,0.9158311898958954,0.9203280236413748,0.320150866711465,0.5512792656077733
5361,2025-08-21,0.9064696846164344,0.5894063226346948,0.0168067969560632,0.8320813963325591,0.916978965557246,0.916206945551506,0.3215940336665597,0.5529740031042695
5362,2025-08-22,0.9141022058503748,0.5945327546437962,0.0159481281392803,0.8344161861354417,0.9261021582608376,0.9317741532290048,0.3155395584968459,0.5537393616980233
5363,2025-08-25,0.909962643461256,0.5917523534600542,0.0110009944922428,0.8163211476597986,0.9132217989048376,0.9273343828336108,0.3306446935265812,0.5599716120781427
5364,2025-08-26,0.8924984740956174,0.5800223650602163,0.0387237789102728,0.7988097788013226,0.8988797284194753,0.9316180285714408,0.3163838615216217,0.5514979454501194
5365,2025-08-27,0.881373056502702,0.5725499022257556,0.0217967756135248,0.7804228220164354,0.8892268594257903,0.9341058085954914,0.3196633455922328,0.5564181376306195
5366,2025-08-28,0.9036237042309916,0.5874947450311976,0.0201075143732599,0.7818821352271208,0.8941808511626869,0.9373981766887184,0.3209996458291486,0.558878212866412
5367,2025-08-29,0.8939214018024917,0.5809781124302251,0.02257625441387,0.7780879765464458,0.8808785901279798,0.9307039882385568,0.3262575629651056,0.5556527790368656
5368,2025-09-02,0.8796913749035844,0.5714203901396975,0.0192610266090101,0.775169405792182,0.8581589356505098,0.9235077965487491,0.3316320450205425,0.5642904034105046
5369,2025-09-03,0.8840896911849465,0.5743745560394886,0.0150901623390277,0.7745857361750148,0.8665169765130861,0.9287729768725324,0.3191336745981168,0.5554340991945195
5370,2025-09-04,0.8972848899724213,0.5832372194658204,0.0211860176184353,0.7967667959734701,0.879161860318164,0.937433613135906,0.3229545794067274,0.5527553232619233
5371,2025-09-05,0.8847365446726316,0.5748090092613507,0.0197717022433416,0.7848006503142776,0.8725500555590097,0.9341219160714856,0.3224015954287156,0.5439536577248383
5372,2025-09-08,0.9106093719772472,0.5921867238184371,0.021563072682127,0.7944319505034804,0.8873923918405134,0.9363184257857275,0.3312027131091146,0.5460857340515692
5373,2025-09-09,0.9150077507444564,0.5951409725817074,0.0187986029937983,0.8040631950255761,0.8895211559646158,0.9391280410374488,0.3399588833565623,0.5481084913115846
5374,2025-09-10,0.9346711719795466,0.6083480853631804,0.0314079327754977,0.8166129546348286,0.9085130542836288,0.9422546985605692,0.3295726692751097,0.5537940212313811
5375,2025-09-11,0.9432092381075688,0.614082735310193,0.0242389443696874,0.8201151950062596,0.9186956953670616,0.9511743901817626,0.3296799090010311,0.5466870931907923
5376,2025-09-12,0.936611607470908,0.6096513621652873,0.0250084955647883,0.8204071133155038,0.9174106388007188,0.9506626438834668,0.3345788061849906,0.5484364902206462
5377,2025-09-15,0.9521352163734912,0.6200779908995391,0.0218812092689995,0.8288709629361581,0.925935371062239,0.9556494398782368,0.3332870803732837,0.5517712848258233
5378,2025-09-16,0.9253569066606412,0.6020920584045417,0.0242572976333163,0.8186559374626813,0.9031960776555832,0.9542784186654374,0.3391142073240443,0.5584408531817198
5379,2025-09-17,0.9238045082788748,0.6010493872447686,0.0195101115842487,0.8110677314355451,0.8996547476249109,0.9532469901904292,0.3559594234717733,0.5558714588792117
5380,2025-09-18,0.9419155311321984,0.6132138288664688,0.0243659489961591,0.8206989202905338,0.9043831311753056,0.95833357396331,0.348908644622282,0.5532473424799733
5381,2025-09-19,0.9578273021160708,0.6239011461065336,0.1021701754550185,0.8317894780233149,0.9127509436026476,0.9635472889369652,0.3433892490589481,0.5483818306872885
5382,2025-09-22,0.9445028201112448,0.6149515588904377,0.0231658871311261,0.8063980404955657,0.8952697100364796,0.9682766796080416,0.3349234653389084,0.5481631508449424
5383,2025-09-23,0.9620963351800818,0.6267684710800399,0.022959101195453,0.8180722121784071,0.9026958118594416,0.9623500713187964,0.3449566275922406,0.5523726439650464
5384,2025-09-24,0.9686938408450484,0.6311997613614659,0.0329523915825008,0.8303302204797366,0.9062665523840656,0.9593007296804484,0.3470506930577104,0.5610102891931429
5385,2025-09-25,0.9649423155655245,0.6286799658200577,0.020818993451772,0.8139862465227019,0.9022543670512032,0.9539502190204228,0.3361312644085896,0.5609556505142428
5386,2025-09-26,0.9831826841220463,0.6409313312315219,0.0220439265028069,0.8349999114197159,0.921550429273462,0.960222784464803,0.3233162104129214,0.5650011233253583
5387,2025-09-29,0.9698582021172204,0.6319817440154261,0.0208487868074831,0.8218663708590822,0.9182052011356856,0.9630404141679944,0.3304302140747384,0.5525913238073925
5388,2025-09-30,0.9862873559138856,0.6430165906875889,0.0209831694185296,0.8277035123676099,0.9337735071994878,0.967425419145008,0.3340618174541139,0.5466870931907923
5389,2025-10-01,0.9794311588425222,0.6384115356901137,0.0240882827626754,0.8297464951954624,0.9400321944319132,0.97108472339869,0.3347511357619495,0.5434616385067883
5390,2025-10-02,0.9588621927133504,0.6245962049707294,0.0248123781948105,0.8271197870833357,0.9358532219004524,0.971752515781496,0.3344710069474557,0.5363547104661995
5391,2025-10-03,0.9698582021172204,0.6319817440154261,0.0162652402402947,0.8323732033075891,0.9445741518545232,0.9718233101028172,0.3330720414098276,0.5385414671807457
5392,2025-10-06,0.962872534370965,0.6272897652281868,0.0186311353919224,0.8180722121784071,0.9417882021001008,0.9757641416076572,0.331095286879322,0.5429696192887383
5393,2025-10-07,0.9504535972602206,0.6189484788134811,0.0209107671479009,0.8110677314355451,0.938874647205797,0.9716301775369932,0.3307519332525026,0.5431882991310845
5394,2025-10-08,0.9717986376085817,0.6332851036810123,0.0211061867713375,0.8288709629361581,0.9537169834873008,0.9779269434818918,0.3220401509263926,0.5476711316268923
5395,2025-10-09,0.9569217572219892,0.6232929281686226,0.0150754095318714,0.8116514567198193,0.9445447413605716,0.9749322101158172,0.3184982559090488,0.5419855808526383
5396,2025-10-10,0.9404926034253244,0.6122580814964598,0.0210269398390189,0.7955993454049217,0.9339206554689004,0.945548638114869,0.3082474436380638,0.5277170652381029
5397,2025-10-13,0.9535583940237536,0.6210338211330273,0.0140568323854086,0.800269036344901,0.9403068520415528,0.9619960997121908,0.3138742654311903,0.530942519922107
5398,2025-10-14,0.9407512948317208,0.6124318462125087,0.0237561280051106,0.8069817101127329,0.9447017569944046,0.9603209222087876,0.3083102954426473,0.5266236868808298
5399,2025-10-15,0.9357060625768264,0.6090431442273763,0.0192355441042864,0.7953074827627846,0.9431223080895816,0.9646254683788836,0.3138531904937485,0.5242729307117528
5400,2025-10-16,0.9481251246592646,0.6173845135055611,0.0197575322969667,0.7912215171070794,0.9505287709833576,0.9578685000588708,0.3207448815411338,0.5198447577493027
5401,2025-10-17,0.9108681883553376,0.5923605713979652,0.059816880298968,0.8460904691524971,0.9461437333949262,0.963490952057512,0.329080112551356,0.520282117433995
5402,2025-10-20,0.9301433225374454,0.605306912810146,0.0426907736564849,0.8834479966723315,0.968431810428578,0.974935431611016,0.3224866411939679,0.5201727775128219
5403,2025-10-21,0.9204410201089452,0.5987902802091736,0.0489707497029515,0.8700226491366678,0.962428141876606,0.9749708680582032,0.3204477808743637,0.5218128346215027
5404,2025-10-22,0.9235458168724784,0.6008756225287197,0.0314210023481732,0.8662284904559927,0.9638505751475962,0.9691858484116004,0.3135583278734324,0.5255303085235568
5405,2025-10-23,0.9241926703601636,0.6013100757505818,0.0139484266040523,0.863893589318896,0.9648904803979058,0.9754680783415774,0.3148224511122064,0.5435163188946036
5406,2025-10-24,0.9212173442715226,0.5993116572207997,0.0180290813106357,0.860391348947465,0.9716887112848448,0.9840369412783104,0.3163206367092959,0.5419309213192806
5407,2025-10-27,0.9393282421531524,0.6114760159790205,0.0289661276485748,0.8779027734730481,0.9852950404231432,0.997468769077292,0.3184559195302936,0.5408922233498228
5408,2025-10-28,0.9517473042355906,0.6198173852572053,0.0327066066743628,0.8773190481887739,0.993810001119898,1.0,0.3215940336665597,0.5345506539029878
5409,2025-10-29,1.0,0.6522267835460185,0.0613298182478716,0.9000837776043963,1.0,0.9999516775720172,0.3225504255179072,0.5363547104661995
5410,2025-10-30,0.9849301633180084,0.6322424325212392,0.0328080529082694,0.8825724644130274,0.9892287658389162,0.9889690504277536,0.314021789993284,0.5368467296842495
5411,2025-10-31,0.99488940754919,0.6388459889119757,0.0217155092214283,0.8916199279837419,0.9884733855626664,0.991843095583452,0.3091898476990737,0.5390881459321535
